002000046057050122231189129416284117
002000251134244022141209086210360717
002016169146199152013237522962571817
002017058032205035005005578565589517
002019043159199169214086142255155117
002019164255205184038218210555032117
002061124058205180085094541510016117
002061124058205180085175541510016117
002075176065199223121177278990126417
002075185127138056035086514300102417
002075187037199169214080514985881717
002076180207194086010226418442841317
002082234046194207240002118050935517
002082237138199168152106105622582817
002096191173202030252138088885501217
002104082150202030084129560076443117
002104167192205211043031499103491417
002111124066202024016010001233526117
002111124066212064145050001232623517
002117195159212194054094024963862317
002122106081050251141178288602190417
002130136195202028198214424645054917
002136068242199208057086568172197617
002136191241199168233018019106372217
002141102051251108156178303443491417
002141199001215160157150410581876717
002141214145202030178060568815141317
002141238105205032024094591341452017
002142169057251224230176010250102417
002143026160202028028028630231454217
002143096036205167059219011285869717
002154058251205249010141505092003517
002154181158050120063005622850102917
002156120173205249010089276293387717
002157023118212202075077024924028117
002168146097139130005232502010688117
002168147154202024004032048003696517
002168151038131115224148488924638217
002187040142193065050214266050012317
002190170131050255212237159441956917
002192040175202029119024494265307917
002193042066199192037078030740307417
002193102227050121229061572434343617
002195205212215006174101340982013717
002196167108202028028028514131454217
002197111177192029212125566682618217
002198212003202024005121068811681117
002199113242205239062025267884954717
002212165113193241063168237553355617
002222016073199137225065385780106117
002244151209205211042002286892694917
003130126205192182163016000535543017
003130126205199204078172000533137817
003130126206198209153101000535972617
003130126206198209176185000532710417
003157072048231225123077000531158817
003167197209231225123073000532694617
003167197209231225123074000535693717
003167197209231225123077000534489217
003167197209231225123090000532572717
003167197209231225123091000534335517
003167197209231225123092000531224417
003167197209231225123092000532574317
005063202121199169086101205131704417
005067067174194017238154070781453017
005072119183199137227061174710292117
005078135152199169214089148000701717
005079117015205239062170145420686917
005233110228192166213131138573583717
005241019033231225123072000530921017
007018029216251190160005068895032117
007020178242199169214080380114473417
007037152180202024004162137374514917
007088036001202024007180415431833317
007088052243244205153033601300105117
007088218038205032024094525851452017
007144246075205236086179304211713217
007156236094215163006231194140899917
007157222011202031167039103766213817
007163201102205212181001389210102717
007168085037202030022235503210899917
007169053196202029125165405004050017
007169187021202024004080296104456717
007171131139202030183087612543381517
007172095062205138232089474870560317
007173166217139130004219068820184717
007205217013240063017189636970235617
007207107138131115160069448595992017
007207201050199169214181572934631517
007219091169240063017189328810235617
007220250175212195128205443343558217
007227194225205187184235614931031517
007229024212194114087062595743830517
007232071009199224148156000534562717
007232071035116246215156464310904317
007232071059116246215156398800904317
007233079022116246215082000533519517
007234055044116246215243355760904317
007234225064231225123090000530988017
007234225066231225123072000530752117
007234225066231225123072000533060617
007234225066231225123072000534146517
007234225066231225123073000531822817
007234225066231225123073000533081617
007234225066231225123073000535930117
007234225066231225123074000533629317
007234225066231225123075000532499417
007234225066231225123075000535222117
007234225066231225123076000530498617
007234225066231225123077000533567817
007234225066231225123078000536214017
007234225066231225123078000536234817
007234225066231225123079000534358817
007234225066231225123080000530180117
007234225066231225123080000530427017
007234225066231225123080000535067617
007234225066231225123081000530448617
007234225066231225123081000531328917
007234225066231225123081000531696617
007234225066231225123081000531910517
007234225066231225123081000533203217
007234225066231225123081000533226717
007234225066231225123081000536427017
007234225066231225123090000535605017
007234225066231225123091000535293417
007234225066231225123092000532372417
007234225066231225123092000533944117
007234225066231225123093000533418217
007234225066231225123093000533706117
007234225066231225123095000531059717
007234225066231225123095000531460417
007234225066231225123095000536359617
007237234147194017228042519870148517
007237234147205098239108519870148517
007237234147205098239109519870148517
007238020030231225123092000530588117
007238020066231225123078000534886217
007238181052116246215242640710904317
007238181055116246215156508170904317
007238181109116246215156610970904217
007238181116116246215156597710904317
007238181119116246215242568460904317
007238181125116246215156603010904317
008101061161231225123080000534828617
008101061161231225123094000531617517
008105070152231225123079000532394617
008105070152231225123081000534194017
008109205050231225123077000535358717
009014137118205127001123000535504117
012130003168207001013203004435541617
013026045073205126037194240501752917
013034159041205236095037000532421517
013146093021251190156074133494659217
013147253052205211040133135252674717
013157052208205238230214240704941617
013157057228192182226135240701475117
013212121052202028148128001234499217
013216085009244205139197240401104017
013216124139199152011094242002676517
013216218173199153035028240203223617
013216219121205249053193240202711317
013217042121244127156120076304040617
013217123174199208048027241703832617
013217242148199152011094055012679217
013217245016199171106145240403704617
013217245214199177251097240305433017
013217248252199171108245240004273117
014170167116231225123074000530357017
015005197179202031057118010405130717
015006243065202167077056347696044417
015009186003205218157173505855785317
015039009239205148025127290355875817
015043032098199137225224527753343617
015043158073205166127236000535244717
015048118221212171082138514134079617
015048120208202030093077523234562417
015063032016251100165185037372628817
015063032222198033052058183506234817
015063039098202031147139065672297317
015068141022205218157155513790113517
015076166105202030185079401335968217
015100084048212197254099610822968617
015103027244202028003235038004247617
015116180100244212136155038000899917
015120080208205213165000038022788817
015122068209139180040160038001591917
015150024232251196146038052723776217
015157226217199221117214175915032117
015232236210199177188252311210260917
015252177079212195130251068815129617
015255138077050120193033426183344017
016000173246199137238005183480012317
016000173246199137238005592450012317
016000173246199153034218074480012317
016002248216139180033235004434487317
016002248216205217251113004434654217
016002248216219092011253004435629217
016003076028212195130077650755854717
016003076040207180012010654763979517
016003076044198209159121654045848717
016003076044198209159121654063966417
016003076058199169207056650814296817
016003076144199137234097655155190317
016003076146199204078068650823483217
016003076153050122184226651294045217
016003076153050122184226651315709417
016003076156192030028020652294913617
016003076164194017237222650036082817
016003076164194017237222650053733617
016003076165194102251049654696020217
016003076165199137226238650345174017
016003076166199177248013652492683717
016003076167192182191114651695861917
016003076169199153097129654666002717
016003076170205200146090652994064317
016003076173192182221166653212628417
016006238168138071031181348380038917
016006238168199169198062348380038917
016011104228199177248201654224860217
016012080219237042073248020010200117
016012080223237042073248020010200117
016012248154244003007143069761940017
016013243073240183007110020050120017
016020219082205148085179360024742817
016035125046194038152203000531319117
016035125046207001132218000535041417
016035125047138075190002000536417717
016035125081064005155219000536347217
016035125178231225123094000530535617
016035125209139136059143000534187917
016035125209139136059143000534236217
016035125209205184043229000531771617
016035125209207023231171000534874917
016043068168116246215232469960148517
016043068171064005155139375680148517
016043068171064005155175375680148517
016043068171244020056039375680148517
016048150183116246215246391510148517
016145222019194043149148493194994717
016149188226198209156153495295483617
016160248194240223012177643276098517
016175038146050254095245050562813817
016175038146192030218203050565253217
016181154223199224146018000533162617
016188229204116246215125485751164017
016188229209064005155226514981164017
016195143015231225123076000531293017
016195143015231225123076000535465417
016195143015231225123076000535506817
016195143015231225123080000532466917
016195143015231225123080000533604917
016195143015231225123090000531784917
016195143015231225123090000536541417
016195143015231225123094000532023117
016195143015231225123094000533693717
016195143020231225123076000531196617
016195143020231225123076000531564817
016195143020231225123076000532770517
016195143020231225123080000533688617
016195143020231225123080000535176517
016195143020231225123094000532113517
016195143020231225123094000535114917
016195143024231225123076000534244817
016195143024231225123080000530980817
016195143024231225123080000532601517
016195143024231225123080000532793117
016195143024231225123080000533113017
016195143024231225123080000535266317
016195143024231225123090000531026417
016195143024231225123090000533409717
016195143024231225123090000533700717
016195143024231225123090000534015617
016195143024231225123090000534996217
016195143024231225123094000531530117
016195143024231225123094000534206417
016195143024231225123094000535077217
016195143025231225123076000531412617
016195143025231225123076000531647117
016195143025231225123076000531666617
016195143025231225123080000530203917
016195143025231225123080000530929217
016195143025231225123080000533723117
016195143025231225123080000535639417
016195143025231225123080000535888817
016195143025231225123090000532669117
016195143025231225123090000534062217
016195143025231225123090000535762017
016195143025231225123094000530448117
016195143025231225123094000533506717
016195143026231225123080000532538817
016195143026231225123080000534630317
016195143026231225123080000535166817
016195143026231225123080000536292117
016195143026231225123090000531064717
016195143026231225123090000532578417
016195143026231225123090000533005517
016195143026231225123090000533374517
016195143026231225123094000533030117
016195143031231225123080000532779417
016211079229192182067052572663756517
016225186040064005155139395810148517
016241029072205113252249000536124517
016241029075205113252251000534994517
016242056115205071034224000533556717
016242056115205139032210000531569217
016242056115205203001093000530136517
016242056115231225123072000532133217
016242056115231225123072000532581717
016242056115231225123072000534067217
016242056115231225123072000534069217
016242056115231225123072000535039317
016242056115231225123073000532228117
016242056115231225123074000532247917
016242056115231225123074000532855817
016242056115231225123074000533927717
016242056115231225123075000535272817
016242056115231225123076000535858117
016242056115231225123077000530261717
016242056115231225123078000530112317
016242056115231225123078000531704817
016242056115231225123078000535569617
016242056115231225123079000531144117
016242056115231225123080000530873017
016242056115231225123081000535776117
016242056115231225123081000536349517
016242056115231225123090000530272817
016242056115231225123092000531755417
016242056115231225123092000532871617
016242056115231225123092000533282017
016242056115231225123092000534083617
016242056115231225123092000534921017
016242056115231225123092000535766317
016242056115231225123093000531552417
016242056115231225123093000534585817
016242056115231225123093000535493517
016242056115231225123093000536300517
016242056115231225123094000531337117
016242056115231225123094000533914217
016242056115231225123095000531638117
016242056158231225123076000532680617
016242056209194038152203000533754217
016242056209199153061043000533381217
016242056209231225123080000534626017
016242056209244158006133000535005417
016242056209251190010037000536182017
016242056209251190010041000535882317
016242056210205211122025000534331517
016242056211215106054008000535376317
016245219142064005155139387690148517
016245219142205211122024387690148517
016245219142205211122025387690148517
016245219151064005155067478100148417
016245219151116246215071478100148417
016249228148205236095024650980148517
016249228150205211122026559090148417
016249230244116246215232583260148417
016249230244192030007090583260148417
016249230245064005155137490850148517
016249230247116246215070400260148517
021022124077231225123076000533660217
021068188070207008082017034885590217
022194030048199208054063081040102717
022194030048205167104037081066539417
022195168199215177155093081081736117
022195187086207001170186081005499117
022196164235205217249233081082723217
022197001171199177248017081021033117
022197125189207012141215081125915817
022246087050205239062133364720167117
025000127214199177241169436115807717
025013203217205187185217351680891017
025065230074251215114118111612102517
025066186143240235109089388145892217
025088233138139130004142130153005817
025095142239205148025127237335875817
025129021082231225123092000536384717
025130058006205125086171583145473017
025132031184198209173218515850102417
025132167037205218158048630320257517
025167006039244089083051323910102617
025189156145192182025251184934958017
025189156179205199050125421514778317
025191241012050062046170423294087317
025202120118202029249060471485471617
025206023080202031152145314504542117
025224034240205180101137410243788817
025237210083202030189018394406345817
025242026013199169022142068892358217
025253009230231225123080000536439717
025254056179198254094106630046059017
027018088135202031058028601753597917
027035001253205250088192503215141317
027044009098244089149057030742677817
027050204128198243029005546224325917
027052033056212195069012642990420417
027054238061116246215015557980005317
027114093000205071020216299152254817
027118001168064005155197358291234717
027121118121194038144205217144379717
027121122210192029085115390273611517
027123006185215255019213451384372517
027123015188205066140058319080102417
027123067184205199053030600830102417
027136166076202030253210324604691017
027136167112215163005169386922797417
027159021210198192215047633850553117
027174213054193065033237386890899917
027176020134244089055095432450103617
027196140130194042198121137655085017
027223036234205180067030320466410117
027242027206199169197049569492834417
027246023217251224088150306160102417
030007090057240235108140607143271417
030013000029215027088065203860102517
030015071074199208059064400035293817
030015071074205126032236583824807217
030015071078198252033045034783939417
030015071078205126032236034782666417
030015071078205126033100034783668617
030015071078205126037089034782639317
030015071078207020029122034781087217
030015072241138154105125034785452717
030015077047050121086045034783735717
030015091113205151251147034785650617
030015091118199152011063537303595017
030015093048194042193012034782630017
030015093048205184077171034784866417
030015094049199152010018034783055717
030025174210050122228221239015695317
030032032174198247238220490432736317
030037228180199170237173397486011217
030048214219215007140194640030808017
030051028228050121196116010624568217
030053055045215019148157439060491117
030060039131198222245011263761608317
030060039131251224090093263760102617
030128166206139061080218438613800317
030128192139202028164040091054975917
030135024087207012138117177316460617
030146042016199224155194514130742017
030157206238199153100130187210102417
030170086241207020027127270324724217
030185107200199169202100205993494517
030200018248199153054042408630103317
030200024097205251205181359161751117
030201077100205249004179273696189117
030201229041240063017153424592749917
030202073082138152125013384952700917
030202122178202024005121562230661217
030202159083205032029215378162792017
030204030114244029048170486851990617
030211066069205239062013649565741717
030211131123194043109015299493101117
030211150025192030065180441804017417
030211150174205180050239065800688117
030220000167202024166143196656059217
032013003103199177255165519161361417
032023162010215163180066505104529017
032025125047237042073107000533203217
032025129023202029231130419725544617
032033195215198192215036106863693317
032042005180212227179009514133023017
032043055188199136087064503215032117
032047073031202029048051068813938817
032065047039202030157146497666010917
032083196083202024016106466335311617
032130171171205066158143567502765217
032135215089192132030066518680307417
032135252225205184032103545804789517
032152018166205071021003329334489617
032169158040139010250151532570005317
032179069248205211049098405002807717
032181132130138152126233069692038717
032181132130192182086012069692273817
032193025077202030111143648800102417
032207174011215161029125371662569717
032210210125050251141178136572190417
032212091068202030129156252833154917
032232156104116246215031617090005317
032239097068192167234243500670667617
032243075234205112115227563690102417
032248155050205200174016016096469617
032253118112192182168078068890102917
033038140189116246215083000534593617
033138059129205218158090068971676917
033182052213198255189120034785122517
033182052219199137234143034780971017
033182052235199170073036034784956317
033188198202193241060091153670038917
033188198202193241060091188250038917
033188198202198241226238392430038917
033244232098116246215156492530904317
034093192100244158005052408605873017
034104066178205126137133000533493817
034104066179139072051021000532486917
034104066179198193184093000531119217
034104066181231225123079000530518117
034120099237231225123080000532930817
034120099239231225123073000530650217
034120101215231225123080000533484017
034126072091231225123072000536467517
034183054135202030094144486304927017
034185017082193065033125473622727817
034185022136050056082029645561673317
034185022187202029072119142832462017
034185115162251073188242230850618417
034189196136207001171045075285987017
034217190183050062046170500433351817
035002084068215160157123118353186917
035014188070116246215163549260148517
035026094017215013072176395514995417
035118047149215255200002456825942217
035126158156215255200002577045942217
035135047216199169193248313711697017
035137130051205194223164068812210617
035162020018202028168131456326242417
035163163098205194214138093060930617
035182092215199170237185297131468017
035209021244212030170141479704966817
035210140045205187185217559360891017
035214042022205211043031308373491417
035216142066244158005052580516334117
036043241078139093092160000536436017
036050137081205164118209334460667217
036069235210192182207121033674428617
036114198175205200173191485514105617
036152191209240223014074643170117117
036153083188207020027073450382083317
036172079117050056082029309453491417
036237237144240223215108077391242417
037001244016212171168138129884571217
037011176169199137233223055812768917
037013175244205236085005301005371117
037041013025198247245249588921022717
037041053040199204095187493760102417
037043021202251108226175112954636117
037045231222205236228042173941385417
037162229247192182186075622240930617
037166126082192182191137012515618717
040110051155205071020216514132254817
040124096060205249014016551581975117
040216040120202030075193015254050017
040219157003202028017181012533934917
040219171201192029095211020625718617
041005114201251196145111541250899917
041055119110205250244146575990200517
041055167105212195130006560521284817
041145059124231225123073000534609017
041146223064205127096106059996484117
041146223064215006172212059992849717
041150230253192029185100050561251017
041155068095231225123074000534719517
041155068095231225123076000530949717
041155068095231225123079000536026617
041155068095231225123091000533042417
041155068095231225123091000534605417
041155068095231225123094000534618817
041155117093198209152144082536389317
041156046129215027184232068812766217
041162132224240063017146000530978717
041192076085202030178171313664087817
041225076226205187246050050565568817
041226223194205126032234213695497317
041234113206192031126139562010102417
041237237055192029211131089990104917
042005035032205164190013368610732317
042006103124202030070109010253688417
042006168050215167248173597686075917
042024011097215004032120263644948317
042038151094205187186044380314661017
042055000251199170229205377382608517
042055015051205180066111491992968017
042055017114212227179051462186393017
042055042178207183151219500820688117
042055052032205113246205128210899917
042059100020199169214136400482557117
042075107003202028188222220750190017
042088029105205216065165010881843417
042088036254202029011210560756273117
042089198114050122228221050806212917
042090104196202029108008168711050617
042090114014202118026206010471963317
042090144166202029101215010535783417
042090238078215177242002011460985617
042091147170202031044124417316221217
042091199188198063097122043412093317
042092166012207183151219565490102817
042093072165202028028028407571454217
042093128098205239062170222231936517
042093138041207180014074460805981117
042093160179212171014178266391251117
042093161025138056079079057351010517
042093162077207183151219015680102817
042093164090139180034162437533327617
042094044175205199051210010241483417
042094069128244212136155136560688117
042094074148202167077046351481129317
042094074209212230037228290046190317
042094076208139061080218215101799817
042094115176202028028028158481454217
042094123243205230082162174090104717
042095064133192182090041313115123417
042095107056199136068166604182733917
042095214199202024166184398183984017
042180104024212195028084119270688117
042204052222131115160236070083559617
042204052222215027223171070086208817
042204053160050121229061060086178217
042204053160205071021217060081168217
042204053160207022024194060086464417
042204053160212064070159060084395017
042204053175202167044253070083506317
042204053175205126032234070082696617
042204053175215013072176070080599917
042204053184248200034121070080639017
042204053233205185136196070082644417
042204053233205187246226070082012617
042204053233205218158048070084271117
042204053233240202062082060083723017
042204055065205218157165122800344517
042204056091205167104077070084894417
042204056091215167114145060082659617
042204056168198193188205070083351417
042204056219205071019171517005170017
042204057159199222137066060084032217
042204059034205071025061070085087617
042204059034205218158162060080135317
042204059170138145209075060080120417
042204059170198247225208060081674617
042204060035198228177145060082664817
042204060035205035005166070083372517
042204060035205200226102060086411017
042204060035205213162073070080718617
042204060035212230042064060080726817
042204060035215027220171060081770617
042204060035240235109162070082210017
042204060041205218156066070084521417
042204060041212230042065060082700217
042204063195205213189188070084754817
042204063195244038133045060084768717
042206249175198255185138122102301917
042206252107244038204221172945600617
042207226069207001131121301423653917
042207241235139072053034491606054517
042207243122202028195010393061968817
044000160036205032031185001236549217
044004242020231225123080000534927917
044008108211205236089082240105673117
044035021186205149045029081124315617
044035237077231225123074000531320317
044040181246215177241000081163487117
044042096007231225123073000531002217
044042096007231225123091000536305617
044048110157248200053002034792797217
044055062072199152013238040703175817
044059200045139096098160081162358117
044069043142138091023090634420005317
044073023188050255049114040501128117
044092119077138091023090445750005317
044093254193231225123090000535436917
044198159141231225123077000532400117
044198159141231225123078000535877017
044198159141231225123094000532309017
044200000012231225123095000530418517
044200000013231225123095000532819717
044200000014231225123081000535163317
044200000015231225123081000533126717
044202017032199168153244040704480817
044214128042199208054063081042302617
044218021163199224107050320992714117
044218021163202030167155321004115217
047001021235231225123090000535410717
047002121236205098239114451506466417
047010028176251224228062120000100117
047024033228231225123080000533952317
047025056093205236237157081024952817
047026082236205166056009081023491417
047026108114199152012217093392653217
047026125122205183046112093390182417
047026193076205032251054093390193217
047027063042207000066076093393764317
047027068147205071038233093395027217
047027068147215013072176093390743117
047027122052198229188048093390167117
047027228113231225123075000532894917
047036053113231225123076000535505717
047036134081205236095042384224306917
047037118172205098234023093394383017
047037118172205236254234093395757217
047037136053205250092216093390481317
047038016058199137231132093395785917
047038029046205126037146093393320317
047038029046215163115082093390328317
047038039194139143183029093392651117
047038054089215019149253093390172117
047038074042251224228059093394503417
047038078125205194242231093396157917
047038078125205239062133093390246417
047038099013205239062025093395666517
047038099013205250090194093393760917
047038101206212171082252093392642017
047038138172205251200174093395187417
047038167201139010250151249470005317
047038167201139010250152216860005317
047038169227205216060222093395133117
047038208044215177109138093392744317
047038231038205194245178093395691717
047038233202050121196096093393769017
047038234041251224229127093395269117
047038242010205180139218093390185817
047045013136205251202119093393590217
047045158197192022173005093395521317
047045178111215160157143093390880317
047045210082205249053099093394472917
047045211102138091017061093390581917
047045212235207001131121093395826317
047045231157050254094253093390523017
047048007179205126033101093390162617
047048030083194086003190093395200417
047048046167207022024194093396022317
047048064110244158083125093392659917
047048103149244158005053093395465817
047048122229139005155189081062787817
047048122229205139033072081081540017
047048130064205112188193093395877017
047048167097198193186238093393903817
047048195171205166055177093393317417
047048211089192167124058093395316917
047048223029205199050056093394351117
047049040211205098232191093390358217
047049040211244020135109093393535517
047049125210205071038075093396535917
047049125210205185134087093394207917
047049167169244248204037093392960617
047049190187138152125013093394345917
047049190187240235109109093393892617
047049217114205211053184093394969917
047049222065064005155229000534989017
047049222065064005155229000535484517
047049249052199152010075093393725617
047050131247205166254206093394158317
047050159204138152126210093393646917
047050177076199152012220093392417917
047051015164202167000210093392667617
047051015164205139035230093392667817
047051059159198254088028093394403317
047051254042251190082050093392753517
047054114103212202218040077815386217
047080081137248200243253055145937617
047081010202205199049150168160005317
047091053226215160090199093393969917
047091075213199171099206093395781717
047091215088244003240093093390398717
047097009194139010250152323560005317
047100019196199137227028030741533217
047100019241199137227028030741533217
047101061024198247238220068922736317
047112113240207183095040080001998817
047112113240251073160021087655563917
047113011130199169008238087652632817
047119020233215007246013055025304617
047122169043207012134057093393657817
047122232042131115182085093392644117
047122237229199153105028093392651217
047123008023205166057046093391022117
047123008040198231235160093393496217
047123015178244248042030093395414117
047123025074244248213082093394835117
047123033166139005144168093395139117
047123048087207012134015093394675217
047123050189252248203203093395783717
047123063087240223015137093395238017
047123106021205212228110093395290217
047123136195199137231132093395796117
047123136195212194251014093395090917
047123137096198254091182093393532317
047123165215205166043158081024115417
047123165215207183082178081005866317
047123172000138152126165093396041117
047123172000199208063006093393830717
047123172168215007246013093395550917
047123180151199208059010093393670217
047123201180205071047171093392882917
047124000129199208048030093393286117
047124006170198193177140093393567417
047124049093198253201122093391888817
047124087221205055205182093394049017
047124094072198193183082093390177917
047124096231205251202105093394432117
047124111128244127159190093394457917
047124146193205187184146093394229117
047124151089205251205173093395453117
047124152003240235108141093394940917
047124203179205251204051093394539617
047124224170205164097081093393392117
047124231125212195089178093394863817
047124240061205139035190093394227917
047124240061251190082050093392835417
047125182010205194216071093393654917
047125188161205200149026093395337117
047160077070131115052071040701595017
047160077070131115163180040602656117
047161043039138071026037420320005317
047161043039138091018030346080005317
047161043039198253202116479580005317
047161043039207022024128346080005317
047169069233199153049236079994709317
047230055048231225123095000534203017
048039050108192182239148626176018717
048164021061244212138160066634211017
048164034239205071019171080005188017
048165037068199177255225059990280217
048165149189050255212237100882052817
048166064031205127098066378590319117
048166085168199204065181080001131017
048166085168207180013224080000984717
048166085168251196218162080002746517
048166087132202028164248128493769017
048166115129198033104135000535637417
048166115129231225123092000531784917
048166249199215160089171080005188017
048167030099215160089171080005188017
048167030099215161111225080005188017
048167030099244003024127080005188017
048167030099244031072095080002720017
048167030099251100165146080002899217
048167030099251224004226080004077517
048167222100202029175151092100102417
048167222100202031100247092100910117
048180136105192182193067149390012317
048180136105192182193067180780012317
048180136105192182193067198190012317
048180136105192182193067495020012317
048180136105192182193067533990012317
048180136105252248025120240790012317
048180136105252248025120257530012317
048180136105252248025120434720012317
048180136105252248025120439790012317
048180136105252248025120495020012317
048180136105252248025120558270012317
048181223254198243186146050600506017
048196035061198241224056558264588417
048213152091231225123093000531568017
049006028246231225123094000531031217
049006038152215161031064514133490917
049020059038244089100204143886076617
049020102250199153054042159720103317
049025040052198247228194055401169517
049038109056205098232232406114229317
049040065215205200149026555152668017
049040158235240235109082450701557517
049041214191244127156184621660102717
049042125100244067210236558980243017
049058189134199137227109164953190717
049059203005215167248157327212477317
049076058083205113250126268061937117
049076214107212230042118514552702317
049076249124194039040082488991469017
049090149007205239055177581915158517
049093126122215255019061490013648117
049105203240194017239253091460038917
049112121031192029095201625895443917
049112246007215163006231442750899917
049116114196198247231061106905032117
049121104075205212176147157705356717
049121104075244031072068157706415217
049121106231205112117059590312724917
049122026050139180034162594353327617
049122026246205071020216313792254817
049123212162202030179252628022946617
049127242229205251205243332274257717
049139072024207023230146405004320417
049142161230205071047208357815210417
049142246218215163200054603120102617
049143045022251196218185456820902917
049146123073205071020216250592254817
049148153204199136091115285273348317
049148225118192132029193020441064817
049152098252131115224148258256050117
049152238161231225123078000533791017
049157250014248200053002584851296017
049169244060205212182061590194498217
049199050155194043113081514131776117
049206249002199152010025024843230917
049211154083244038133045001232788317
049224069019202031028056068810688117
049228094113199171105051088754800717
049234078211202028147230490016466517
049234080147212171170000244073625017
049234104155202028159017252651209817
049240242002244031072102150243945717
049249102020244001196059428660830917
050018030236205071020216591122254817
050018233034251196147123466524919317
050050074108231225123076000531745417
050063000090192182242239010300102617
050063123080219092207084439841560017
050067254114205180122202099875019317
050074105087231225123079000533467017
050074105087231225123079000536044717
050074113001199169198037000536018317
050074119033231225123076000534604117
050074119144231225123075000534636717
050074119144231225123093000532096317
050074119209231225123090000531206817
050075093021244212229162045003444717
050075116225215161044018000534582817
050079061060251196144199439760038917
050107036113205113201176089990103317
050230053018205218244149431893264017
050231000202251196147123298601683417
050238120109244248165126075503837617
050239104080202030185073286025141317
050239207201244001169249089994688117
053009005074138154105125093063711717
053015011004198209178067275085336617
053019074012205071041102448635111317
053030237065215106210091606880930617
053034030073139093087219599891008617
053034238063212195128205438574336717
053038234152138145213107326136470117
053039116173199225039208375473343517
053042118040205251207214264660103417
053045254255199153100146412475639117
053048171054205112117059391512724917
053055080157207020023006600551846817
053055092130199169214167567185823917
053075245141219092207084010301525317
053095144114198192229244102440103817
053111040066199169206186160910110217
053150095225199138218255239740102617
053151005225194017236149157870688217
053151151176192029095216623482830617
053153246082205249003138153193473817
053154213215050121119148112190827017
053157155178194042201154150970307417
053158059013199137141222372333023617
053164225146202030166060483195386217
053173086002202030240105377675312117
053173106002202029044062514136381617
053198032151199153108066152410102517
053200022136205180050239599800688117
053205075244199152010025010246472317
053216128219138145199253202842734817
053216131124138145199253321452734817
053220172198192022167005420894134317
053220217030199169214089200385813417
053221254214199137227109425133190717
053223168168231225123090000535294617
053241157007205249015076498056207017
054106023025207020018220268440106217
054109117233207020027073135432083317
054110009237251073161183133822697517
054112046161215167112210610143916117
054120255241192135131152533605048417
054125213163205166208250546795032117
054146019149050062046165040202710617
054146028196205251202126040304960717
054146029115251000115139040205080517
054146030217194041033077040505867017
054174221189193065117210520495542117
055225116181202031165238643300688117
055227216219199169197049427732834417
055230146086231225123074000532687617
055230146086231225123081000531801717
055230146086231225123093000532105717
055233058034194017230106531475861217
055233058034205249058184531476542617
055234087118202029008225505435785117
055238124102215007140194612541254917
055248036197205219217252505632681317
055249057091198247245249068821022717
055249088218192182183212607935040317
055249139035194017239252530880038917
055249139035199152015237530880038917
055249150114205212176237202330688117
056186124056244038204221617252113417
056231227017199170078210005000119417
057011225249215177165018089992980417
057013015145212230042113247685121217
057023032240050062046165150970466217
057027011166244003026016320264763717
057028104044244003006006126031883417
057028123250205239062099123086218417
057083013213240223012004117736475317
057104127189194017239044533770038917
057104127189194017239252507500038917
057105129041205212176179580426125417
057106106211244127157196514132566817
057150174031193065075131114702020717
057150230089192022173233079700117817
058016095194050255049114010240206317
058024242009194042201038474201047417
058024242153199177248203058150246317
058026242072205098234019291644042617
058034041070212194145033379143535217
058034126050199223113012178720106917
058037062003205071139253127551080017
058037252034205239052152342883527617
058060142117199152013237496422571817
058061217085205066136143416233490117
058101037038248200052157015685007517
058107166151205032024094334711444317
058107171196202030062012623080365817
058108202041251224032197564322952717
058112164220212196048209209462766017
058112226002207183128081127622678217
058118071188050121229090646315952217
058120163213212030144252593945128917
058120180102205066248225585930173717
058121102216205218157149537050651917
058121190203138145199250046655988217
058122003048205218157149564550613417
058122177137050123066195253482784517
058158106244199136086047599575344917
058158215171199221119051250725830417
058159018036205200026082624882752817
058176215069207183132053010386237017
058178079039212197255200270320102517
058193208106205251205181645781690617
058198031024212195128205204943708317
058214208132205217254132194445006817
058215080188205180066111405002968017
058215119082251224032197001234252317
058220082195205166050227514132864317
058226202246199137140191050562633017
058226202247212195128205050563523417
058231152082207180012223270326077617
058249233028252248201191505551058617
058254023121205098239253280505032117
059170032131251108225222202684050017
059170033129198243182158230053796417
059170226194202030240105047905312117
059173104109202024005082068824160217
059174143249215019235078166095061717
059175188122193065006234191562220517
059176149124207001164180115801812417
059177140002205070220141438415758617
059180061137202030129046620010688117
059181064074202028163031517864122117
059182037232202118024061013202440017
059182122067205167104077010246488217
059182209126202030240035570694916017
059183152198202024004032010274101317
059184018044202030006105244480688117
059184023061202024005178493524751517
059186099080202031016164612515701717
059187088206202029111184035890899917
059198127240202028203108568654050017
059206235193192029084219116751262417
059252155150138091022026001231685417
059252155150202029021194001234548917
059252155150215161085156001235435417
062193011046231225123073000530878317
062198045192231225123091000530275717
062199166086231225123077000533261617
062199166086231225123093000533991517
062200071067231225123075000536418517
062200071067231225123078000531935617
062201012208215013072176055140696517
062204109093199208052175055123939417
062204109093205126033114055042645117
062204109093205200247125055134218417
062204109093215162050050055132638017
062206176135138152152221055132651217
062206176135205236237226055133889517
062208188092244205128038081003885517
062209009231244248042018093394400417
062209014111138152125118093395738717
062209016255050252039173093394308117
062209018251205200149026093394624217
062209051219205239062137093393340917
062209183059131115180171093392689717
062209212061244067235079093390236717
062211226226205126033101093392672317
062212047093205139035237081046471217
062212136101199168234052093396386017
062213118122251196218162093393521317
062213120083205184041043093396015017
062213242242205066156125093392358117
062214113100215255118156081120857417
062215040221199224154038081040688217
062215223099205126032234093390171917
062224046148215022057243360001084117
062232046102199224110070081123852517
062233078050139219143248081184478017
062236134200205066246152081023042417
062236234012205066245181081020112717
062238225147199224099045081024704017
062245211073205250089102055125716717
062246018047192029170002041003565717
062246018047205126033114040104539717
062246136189205216103170526010005317
062246154137205098239114450046468217
062246203121212195125024040800192717
062246203121215022057063041104165617
062247008115244001198242040604409217
062247021110205250089102040105875817
062247021110212227179066041004755817
062247091202205126037152040204387017
062254027108205138232131241602092917
062254246053251108156219040305199517
063147235189240235108140069924854917
063165127222215163203224081080937117
063169092200205183123101091710005317
063171239097139096109012040913516617
063172004182205098229061102585835917
063175140090207001170186241701819617
063175153012205217251242240401930117
063175231215205126034214240104843217
064004253207207023231171000534511717
064004253207251190010041000532891917
064004255033251190010037000535621817
064004255034231225123080000533173117
064004255128231225123073000531649417
064004255129198253189124000531531817
064004255129205126137133000535280517
064004255129205180215253000531985317
064004255129205211048021000532291917
064004255129205211048021000534525817
064004255129231225123072000533019317
064004255129231225123072000535913217
064004255129231225123073000534210417
064004255129231225123073000534254917
064004255129231225123074000530188517
064004255129231225123074000531915417
064004255129231225123074000535785117
064004255129231225123076000532246917
064004255129231225123076000533738217
064004255129231225123076000535531917
064004255129231225123077000533982017
064004255129231225123077000536029417
064004255129231225123078000531732517
064004255129231225123079000531049417
064004255129231225123081000531720817
064004255129231225123081000532475617
064004255129231225123081000532791817
064004255129231225123081000535541517
064004255129231225123081000536185617
064004255129231225123090000532088117
064004255129231225123090000533402517
064004255129231225123090000533935917
064004255129231225123091000533065417
064004255129231225123091000536197117
064004255129231225123093000530386617
064004255129231225123093000530468017
064004255129231225123093000531652717
064004255129231225123093000532002217
064004255129231225123093000536478617
064004255129231225123094000531308617
064004255129231225123094000533692717
064004255129231225123095000532908017
064004255129231225123095000532930017
064004255129244029214120000536494317
064004255129251224119214000535763717
064004255193251190010037000534417017
064004255194199153056246000532482017
064005214194198243177249034785317817
064018064169202030130242248746234817
064018071170202029048051531403938817
064018108012202031021214565293919317
064024231079198240075167068814968717
064025055024212194146194228722680617
064030080055116246215243332700904317
064030207173116246215086449590005317
064048052139205113207083089996339617
064048178122205166210210068810291217
064049034207251190010041000535632417
064049067032192135131013000530111117
064051160250192030038001477192418217
064064066226199153053006586770114317
064089111202244248043249045005632517
064109239168116246215082000534642617
064109239168116246215082000534784217
064239213048251224116037089995675817
065003145161244248229162284075768917
065048028164205125068061197420307417
066002208246199224110070030740307417
066003026205199152006186537602632317
066003179044205230082162288184844417
066240135201139061080223068823678917
066252186056139180033116068815644917
066255002053199169197049145872834417
067000144085244158005051030740307417
067003106036205239062002649865700417
067014249139194078255064010244169617
067016065211202030242063010355651517
067016109185205203003077125030230717
067016255016202030102013068825032117
067024252213194017229137068820344017
067027119026202030094130591005554617
067027119026202031028194591004714317
067027119026202031157221591003409517
067027119026202031186235591005176017
067180091140139180033116068815644917
068081232065199138218122313903334817
068093101140240235109082333405697317
068093182060207022045042210722441917
068120183053212232088181174612017417
069000009082231225123076000533033217
069038087098192167233132000531579917
069070218239199169220096478602722717
069078130066205203028025391000115617
069078169109205236095112374886387417
069080025019205211049098339262807717
069095020254244003006174129282222617
069124147200202028023226441745151717
069128128082199192037162409595962317
069142040212202029062001512070930517
069142239182212230042118494214557917
069206029192205236095037000536213217
069226221221205127002169000533356717
069226221221231225123079000532562317
069226221221231225123094000534256317
069231032250199153098252051484900317
070029225069205032028230062195836617
070035002239199170229205066242608517
070039051044215162120191608864026217
070039104125199224145205634532823517
070042109079202118044098548223025817
070042224071198254091149154871915317
070044164053251100166226124671710817
070044232032205199053030456820102417
070045176232202030065098563724925917
070046093069199169214054143500111417
070047189204205219218041201271917617
070049041050193232166218179861359017
070054070155131115083205249272797117
070054138025139180046029642114587217
070058201225138091022109430373761917
070059142037192182220113433085591717
070061047026202029212020010244539817
070061183140199204112066512022815917
070068186254212194041172221264038217
070071044246231225123080000535660817
070071046017231225123072000533644917
070071046250231225123079000532906517
070080049041240183051070394564646017
070091179072212230060108579610190017
070093009072202028198214635005054917
070096073252205194245046106082292917
070100028023205032028230524405836617
070101100213192022167203600764916017
070105157153202031079148010652218217
070109174030251108226013238856113717
070111165065139212124083000533590017
070112130079251100165185591192628817
070114204038194017239044641980038917
070114204038194017239253641980038917
070114204038205211056089641980038917
070117042199202031036067566114902117
070117060218202031031171620025151317
070118218237251224117111334144103917
070192063154205251205198370384869017
070199015179198252033090128771419517
070199181106202030115185269106176017
070204058028205055132144126712392717
070211009090251224228010605532430617
070211040053205194245046293631372417
070211051150138146060070548145269717
070213068178202031016164554225701717
070213070160202030253242356811250917
070213071084251108156178148753491417
070214202141202030209173626641338217
070221146148231225123079000531787617
070233101104240183050076262790005317
070235052223193065055022122425975117
070235053001198254091122078280899917
070235066135205066253097388601974017
070248153229215018090044237011885317
070251197001205236085045084866097217
070254182217231225123091000530241317
070255076214202028064234246026477417
070255125233202031019241138495598817
071010139048212195133137066724019217
071082063105205239062153193935106817
072011004191198255177122000535738617
072011004191198255177122000535830317
072011141000231225123073000532276217
072011141000231225123076000530105217
072011141000231225123092000531120917
072011141000231225123092000534044717
072011141001231225123073000533123017
072011141001231225123090000535339517
072011141001231225123093000534735517
072011141002231225123072000531293917
072011141002231225123079000530930317
072011141006231225123090000533981917
072011141007231225123093000532947017
072011141008231225123080000533326917
072011141008231225123090000532923117
072011141009205211048023000531441217
072011141009231225123072000531761017
072011141009231225123093000536277317
072011141010205126137133000532474817
072011141010231225123073000533868217
072011141010231225123079000533460517
072011141010231225123080000535783717
072011141011231225123080000531752717
072011141011231225123095000534144417
072011141012205126137133000530495917
072011141012215163180216000532652617
072011141012219092051197000535098117
072011141012231225123078000531029217
072011141013199224100174000535334317
072011141013231225123072000533706617
072011141160231225123080000535793117
072011141160231225123094000530959917
072011141160231225123095000532113717
072011141161231225123080000530200217
072011141162231225123076000534035117
072011141167231225123078000530752017
072011141176231225123072000536114717
072011211056231225123091000535140017
072011211057231225123091000531452317
072011211059231225123074000534636017
072011211059231225123081000535718117
072011211060231225123095000530454317
072011211062199224100174000532510417
072011211069231225123081000532077517
072011211072231225123094000533173817
072011211072231225123095000534979517
072011211073231225123073000536054417
072011211074231225123080000533955417
072011211076231225123074000532781117
072011211076231225123077000531386417
072011211077231225123074000535887817
072011211078231225123077000535636217
072011211078231225123078000530342017
072011211083199224100173000532303817
072013035187198241161218418631121117
072013098076198253220163046740012317
072058192079231225123074000536396917
072067165041194031047101381062485717
072067228145192182220113361225591717
072069211016139180042149545982826517
072076073201202029177157426125860517
072165049076199153102059527120114917
072203091231215162049057293555032117
072218130227205194245046186332292917
073024131056231225123094000533997317
073024131056231225123094000535063917
073026236212205213185043399114425617
073131165156205249014218561184866617
073136109206205180122105499655957217
073136197202207000067229590104050017
073146022017202030159086050600507017
073155028235244001169249000536410917
073155112250205112118088004431204717
073155112250205180054158004435956317
073155112250205249012126004433165217
073155112250212196048209004434655917
073155112250244127067110004430820317
073161164058205251202236545065429517
073161165181050123200251622185120417
073161166002139072053034563185177417
073164070223215161044148095005788417
073164088201199137229130000535089317
073164088216205055142239000532680017
073164088216205055142239000535035317
073215245187198255185126492025938117
074053186173202031138220490972398817
074101086224194100113178214803698117
074103131137050121119139374450404717
074104221069212232020064396174262317
074105004243205126032070419984206017
074107231155199204099032172500102417
074107231155205219153077172500347217
074109063084244038061149293575374917
074109197214205217254181406855215017
074111156042205148018114547751964117
074136038164240183004155086686143017
074141130214207008086205508552949417
074144020027194100126165567430688117
074144069169194017012242494841645417
074144115206198192215078139682309317
074144202208240063103161010256519817
074146002205193241061248010263373417
074146030017199169014182591325495717
074146046154192030038001270192418217
074146188049202031131194437514050017
074146188049215163006049437510121117
074164165205199152012215228882392717
074224091150202030189018171486345817
074224206135251108224098405025032117
074225145154198228176162621712941517
074225212006202028062121155024050017
074226120038240183048189030745413117
074226147021205203028025405720115617
074227033097215161044174514970102417
074227052051202029176023279795635517
074227082057205139035237508634975117
074227239179215255202213093060930617
074230141035202029050060594436359717
074230149050198243029005379723920617
074231058238205216060231068823895617
074231063218244248213085514136143617
074231070221212194146194653012696617
074231081113244038133045654713901117
074231091091212230228014261035089417
074231118077199177248208491603031817
074231181016202028203202449834050017
074250100059215027088161093060930617
074250101244199153047033244264219917
075000222192205113250194568161459817
075009156051199169196006049500495517
075010149000244003007245366870899917
075010177186215007236204564722980617
075010177200202029110097544895118117
075010177249202029139040611925138117
075010192210207012132040100000910117
075010192210207180012160100000910117
075019104250251215148178000533615417
075023030033215018163151281711206917
075026139054202030121142537551575317
075048189110207012139067525242782617
075061128250205148094129092100910017
075061128250205148094129092100910117
075061128250205236159176092100910017
075062146152138030253018024260242617
075063140104194041038066000535991017
075063140118207000086042010532814417
075063141021205127140212000533016717
075063141021205127140212000533936617
075063141021205127140212000534601517
075064254195199169198037000533271217
075065173250139093087219133111008617
075065173250139180043208089991331617
075067074192192030007219000532862517
075067137204207000086021001192649717
075067155027231225123090000531357817
075067205097251196147156011941468917
075091210207237042073248020010200117
075091210218237042073248020010200117
075091210220237042073248020010200117
075091213058237042073248020010200117
075095164219202029176228100080365917
075095166032251196216074330002746817
075110154138212171014189000535953217
075110157002199224099214000532828917
075227179128064005155139381830148517
075227179128116246215070381830148517
075227179136064005155066633380148517
075227179137116246215071390510148517
075227179138207020029042532360148517
075227179139116246215246509090148417
075233084101116246215082000536183317
075233084101116246215082000536373617
075247165185116246215244371930148517
075247165186064005155174635040148517
075247165186116246215230635040148517
075249190049116246215082000535848317
076040025021212230228014526470120417
076067088176050062046165068896035617
076071154006193241061248514133373417
076084036044202031094115366366076117
076084087163192182061089557455804117
076084087177244067234160655005192917
076084087225202028118133613315455817
076084087232199152125214607666053917
076084107056244127067110270163463117
076084189038244205078224270152700517
076084201236194100114023001230371017
076084214083199168152226549734272417
076086061171205217251224510215235817
076094030009231225123079000532555917
076100146123244089149057653061042417
076122139087207009053128395400102617
076123171040205071032190010330113817
076188230178138056035109634615135917
077002164204199169214136514133731017
077003063034205070220062463926020117
077003189061251190163139456780175117
077013104056199221121052158025881117
077027055106205184032057206133938217
077067039156194038155067213484075117
077072254005199152014075192470102517
077075207006202028243109036586529617
077075207006202029005141036580365817
077079034248198247229117000534512317
077079034248202167047092000530294617
077079034248215013073071000534915317
077091007144244031008023360200111017
077091138144244248165189610452590517
077101098214199168152226529810102417
077127051195212230042069227421455017
077127093136202031092139145161764917
077136056184205187184235379131031517
077136221118199169220096646692722717
077137031098251224116037185455675817
077137220025202118049109356655141317
077140196087244212229107525980388317
077142058082199137231134068500103517
077143091231212194052220222912716617
077147162199193065004085119383636917
077152179081202028146044010345212617
077153138009202028229051082105579917
077156154129205212224015542993233617
077163219102138145213185054054325217
077167040038212195128205510511616917
077170174192251108156178644653491417
077170200246050057213170114681708817
077171193144050057213170270421708817
077174098123192030029180543765032117
077175212199215163006231345950102417
077178141074050062034042010240784417
077188068005192022167203010314916017
077189118204199137227109315653190717
077190023251205113250126389861943117
077190062077205236237154166744657317
077190078214244038067142294275725217
077190106160205112188193235293823217
077190172018219092207093110600933917
077191221175205187184009221235028217
077205075042215176008130651020105417
077205075042215176008130651020405717
077226133245215027187202228842645417
077238147180198247249100568566352317
077238183221205126037089628571990717
077238186170138091072018193780899917
077238187102192030097243068812806517
078010228135215177155093151041736117
078021131238192182068013062592676917
078023191162202030109042124944163717
078023247119138091016208552554916017
078027023061050123065253266393979117
078059045195205211040084511152773417
078141009232205249003138279373473817
078156083054205187185217089500891017
078169071149205219218041015751917617
078169078045205125126009274383521217
078179056228016198225222133532454217
078232050120202029162049089991094017
078233043011202029075133093050930517
079001012022198255170134489550493017
079001012082205230082162552985626417
079001015089205098029167307936001717
079001067127202030131127548356341517
079006050026198253172189410161818317
079011234060202029112105010245502117
079047118141202028159081460245077317
079049020077215007246013081313195217
079058079165139212113089516941332617
079059156232202028203202260854050017
079086227063231225123077000534741317
079102182097198033105216000535526617
079106252035199170068172300690005317
079108165051202030022235168730899917
079110062199193065062210198704007917
079111247242251224228042097102478117
079116076187199170068172497100005317
079202055245231225123078604890005317
079205153014199169198037000535464117
079214179168215177154198400045330417
080026126007198063096148057262688817
080041249174205216063065000535331517
080048214249198033182148239901240017
080050236050251108086076055313887717
080050251152198033182148354621240017
080051102001202030128038338031006517
080053050123220245006072121590730317
080072192244202031188221543124360717
080093146093251196217063027902050517
080101216024199169193205170334929017
080109245010231225123076000536257517
080109252140192167239170080002661917
080118049095198209155228253155454917
080185148248202167046207491830688117
080187012232215019014203327192093617
080197159085215163006049054705028917
080198090171212202096243038012479817
080199091123205236085045409515720617
080200012140199208054020490033145717
080200096105202030006130502080688117
080200196120202030175173180965595117
080201167024202029144113070801748417
080201169243212197210013143421201817
080201250049202030254056274655917317
080202025220199204084059651656312617
080202040049202030059238164611598017
080202167236193065118165574084953817
080202171238215163164237502634358617
080203091028205166054175641845173517
080203178174215255163163325580149717
080205077065198255185126369250693117
080206112252202028068172091121252917
080207001151205194242087418222608517
080207015033205211049098011202807717
080207021020202029062222015794602717
080207111251205066060067010260104317
080207151149251190163116225680108517
080207152006199136084220087484687917
080207152006215004018234087482752617
080208202210205113207253568505434517
080209102026215161044141068825430517
080209234209199136088086337240758817
080210021011192182207121600304428617
080210030008205126033241378653757617
080210143104199177190158010676038917
080210181046205180024034010862742617
080210207042202030158172013886530417
080210228162202028218195357234050017
080211197220212171043090106210380517
080215054037199204067111522493394817
081014067046205201186128394942861917
081015019162215019148157623480491117
081052184139205218041103189815479017
081059117059199169214136410486131217
081077109248205217249245333184070417
081078046093199220215254466754714117
081096181219199221121052471615881117
081105063017202024167092038006282217
081126132070202030099010522855432517
081147197244202031128112300780688117
081168040081205239053088405005112817
081175111182231225123081000532754217
081178232001016198225222436572454217
081205044105205055142214041335619517
081205149105215167248205148262689317
082029151080198252033090632731419517
082083199225131115049157065545196317
082085176130050248122112011116032817
082087147135205239062002276356533817
082093027159199224108164010240352717
082102239083198255189195121632932517
082150103140205184035163149134584617
082154121144215163175037334240182017
082162104131205071032190026700114217
082171120079198255178226611355151017
082175089200212194054215453901018117
082190233209199153102059545190114917
082212109047198254094106077885588217
082212109047199153061119088773301017
083014238159116246215082000535947117
083015067166139212115173000531236217
083016037176231225123072000534114717
083016037177231225123072000532856017
083016037178231225123073000533355317
083027125073251000112221493500005317
083027139255251000112221286650005317
083044235064016229044242018641671417
083047026051219092009247207515032117
083069246083199169214181394802203717
083070128219212202075077604234028117
083088168002205185131013000536355817
083100105016215027046162324952564017
083140176101205200026113011196259617
083230194045251000115141259400179517
083230238163205218158237320613403317
083233186146212171014050601613069517
084054064070199169206186500386027317
084068107059205180030144467194050017
084079212225212197210228477134276017
084084006029215013074091246284011017
084085074019192182207121068824428617
084105079238231225123074000536440217
084113197156202030242024540255667917
084118052246192022167203038064916017
084127230082215019148157038001631517
084193130108199224145205529922823517
084239035178116246215240412110904317
084240249034139180032249405002732217
084241136071240183051067430311350217
085006074137139130007123334543574417
085019189137205187246069010311761717
085029094127207001003108068814019517
085037026254205066246250142650688117
085044035194199169220069612395032117
085046109241199204126212462462657217
085054062207244038204221482052998517
085056194237212230228014197165089417
085056195224138056033185473906371817
085100013129202028216235093063483717
085106203170202030054147622790673717
085120085016231225123077000535147417
085239183022192022167254597293276117
086015198080207012134080375136380417
086038019075139061080218213203880217
086038150220198247235138279162177217
086038172083205164118209068813249917
086038172232192182253049269471965317
086038182214205180067216100376423617
086038184066205149042158197740105217
086039065055244022242188453810688117
086039250155205249006065572573720317
086051046174231225123076000534113517
086051046174231225123079000534461817
086051046190231225123090000531145217
086098173073194042197214514135458217
086106031244215177243203510044063517
086106177193205035005006510063316517
086117192184251224005137591414947217
086186014217198253172189157681818317
086195241185198247228194068890102817
086251046209050251141178178412190417
086252210054194042204020200155023517
087017084019244127020018507012708517
087049098065240223012031271945551317
087079084213193065104146603380175817
087089061089215163006039167620121417
087091121236202030130156117363456417
087101073025240223014074562170117117
087108014013215007236014080441426617
087108114032199153044089425941043317
087109108069139180046029106734587217
087121247081251000112221510650005317
087160001177205184042218456820122317
087167248081205126032071531662881517
087196223091199168152226038004341717
088051003213192135131115639472692817
088054103040139093095063304951121117
088088016232205201185030001233326217
088088016236199153109145001232649017
088094066050205219174006634022744317
088094067039193065004085068823636917
088094077135198247245249356321022717
088094078088205212178158068810553117
088094079102205098029246432242577717
088094090243215176008218638300115417
088094105141202118026206314930266417
088094110067202028203202520464050017
088094149116116246215156573990904317
088098142094217010236141000531001317
088102023161231225123080000532610117
088102023213231225123090000533844017
088110208067205187185093100005435817
088126062096016198225222521662454217
088141149013050120061111434475239117
088192159010231225123074000535487917
088193162154202028099012100180910017
088193162154202028099012100180910117
088193162154202031100247092100910117
088193167132205186046114100300910017
088193175089202030022235180890899917
088197096152244022028153537190012317
088228107059202030125150077754484917
088232086175193065075131057002020717
089073255237199177255241274682655217
089085103154205217248037518435937317
089128195253205126046216183703346917
089156134168199152015202000533983117
089171032071231225123095000531555917
089188023254207022045110130002662417
089216149074202024005124227835253817
089230008051205250082070572106447717
089232222155207183145239590555472317
089241213205050253170215068894701017
090007175141205217247056514135529617
090046192060215162049211619695141317
090051029223252248025120088830012317
090051029223252248025120145850012317
090051029223252248025120530190012317
090051200124198254094146000532454217
090054067023199208059068563203276117
090054075087199208051072107730102417
090054251178205167107229182941928717
090069248006202167047212152423695117
090130022010064005155194000535145917
090208238199202030068132024100379417
090217121218202029116051143114918717
090251102112192167239170087652655217
091002255075199208057086565872197617
091029119108139180047204094061986117
091070114063050120179022570242642917
091095225254198033059147176360936017
091097024018199169220096623482722717
091098105044202031151125430150899917
091114128167139212126037444821013817
091116076233205138176039189354975117
091122110201202029165171438603983717
091153065129244022110169078120102817
091157142062192135130167045005896417
091177248076192182193067053860012317
091177248076192182193067062360012317
091177248076192182193067147020012317
091177248076192182193067278910012317
091177248076192182193067332350012317
091177248076192182193067426280012317
091177248076192182193067439960012317
091177248076192182193067619510012317
091177248076252248025120002700012317
091177248076252248025120147020012317
091177248076252248025120278910012317
091177248076252248025120426280012317
091207161091199224102173356073672517
091221087186199152109172172140102417
091229067031244127140115611375503017
091233209225202031041184288853107217
092004016049207008191234082624034417
092016010102202118044098011263047917
092016062137251190074029350153227517
092016226035205098029246204342655917
092016233200205236254234314322157617
092016238048199137227109457393187217
092017151082138147091113186174138417
092018129195205166063097220090115217
092018137104202031165238313470688117
092018137155215176003156278605483017
092018140022215004232062273082941517
092018188098202031160026010934732417
092029093204215167248157124852603617
092149223206199169205015276220688117
092150063102207020027073514132083317
092181182015205071021003089994489617
093020177189212195071082233095169817
093021066204244212111214520723654117
093023010211212232088050283946476917
093100196204244038133045570593901117
093116166130202024166154407772567217
093116166130202031189115407775165717
093116203119192166172215565631444617
093124100221202031138220454062398817
093124169036202030116185010306100017
093127119040202029251078507353614417
093127125079244003026016303924763717
093188239076251000112221426520005317
093222082221212171083145107572707117
093228044070231225123079000531168417
093228044090231225123072000532393117
094019222136199171100223531050138617
094022102214199169014172218745835517
094031105004199171099206539183708617
094051239152215163041078564066218817
094054032238202030183053627181717217
094054037065192029215054514130102417
094098078034192132028209222063368417
094101044162215255200002135125942217
094117255156202030082080436114154417
094143096091207180012223068816101817
094189247167202029005161586994873417
094254055172202028186008500526172317
096001026160050123066147444634139417
096013168127139130006120301753594117
096016018001244022254242249900176417
096016119070205184066250497121684417
096016143220205166126205610672645417
096018091219205249001036342505472217
096018091219207180012223342505701017
096019033001215106052199635664988317
096019043176205167107229036580365817
096019110050215027215042068896053717
096019190018139061080218362813492217
096025145172202030067059481896431117
096040003190138165017001051250506017
096040003190138165017002051250506017
096040003190138165017003051250506017
096040003190138165017004051250506017
096040003190138165017005051250506017
096040003190138165017009051250506017
096040003190138165017012051250506017
096040003190138165017013051250506017
096040003190138165017015051250506017
096040003190138165017026051250506017
096040003190138165017030051250506017
096040003190138165017037051250506017
096040003190138165017039051250506017
096040003190138165017179051250506017
096040003190138165017183051250506017
096040003190138165017191051250506017
096042186237202024005121404875450317
096043043137198247238054237510102417
096043096239199208063032571576222017
096043144147205126032066496175067117
096043202014202028225081644374050017
096047115231215177139175393710116717
096049084121199136065245624752696117
096054244112194078242129524614319617
096061070210202024017093569760989817
096064152175193065040069270326539117
096065192087215163006231484260899917
096065245171207012143020107261281517
096069131064202030065098010424925917
096069208042202031037138405005032117
096070063028202030116185638696424117
096071021045138145199242068813942417
096071253052202030145004625751252517
096074073086205126037192010305773817
096108079130205217247072433141445917
096132201064212196048209374184474417
096142019133240063017189539142277817
096145095205244205010227089990103317
096146230168205194242087377664974517
096167009207205239062157620691917317
096186226185198247248208080804091317
096187194067205071044230542456398817
096189055102215161031008092121781217
096192061176215006172189030746531117
096194151209050254095210375961711517
096197134014244067211018087824963717
096205010180202028225081128464050017
096205120082202030068154260852382217
096205213251202028114089030740307417
096205244167202030190069514134099317
096230000024199224100173000533770617
096231009177199169214136593990484517
096236130027240183031034193022652017
096236223044240183031034279802652017
096239187013194100115016491600108417
096240252041205071020216581332254817
096242250161231225123077000535688617
096243152076219092051188124825117917
096246233065192029095211351925840417
097033020151205125113228607472191617
097036119067212195128205302606079217
097041219187199170226007228270165817
097045036106205071047204309553480317
097045163030244003007245163570899917
097081247145194207240002012770936117
097085238086207180012223036583941217
097086195083202024004125068811771517
097094152035205184066210531005372917
097101164210138030202064068815190517
097101221160202118049109041915141317
097118125242212195130141652274163317
097119020112202030209189635252759617
097132225250116246215082000534382317
097132228080231225123072000530260217
097132228080231225123072000533748317
097132228080231225123072000535983217
097132228080231225123073000531264117
097132228080231225123073000532044617
097132228080231225123073000533123117
097132228080231225123073000535461217
097132228080231225123074000530626617
097132228080231225123074000531889517
097132228080231225123075000535046117
097132228080231225123077000532229017
097132228080231225123077000535717217
097132228080231225123078000534516317
097132228080231225123079000530475217
097132228080231225123079000530959217
097132228080231225123079000535584617
097132228080231225123080000531095817
097132228080231225123080000531938417
097132228080231225123080000532449117
097132228080231225123080000532533817
097132228080231225123081000531663417
097132228080231225123081000532351017
097132228080231225123090000533028017
097132228080231225123090000533819017
097132228080231225123090000534904817
097132228080231225123090000536193817
097132228080231225123091000530924917
097132228080231225123092000535325317
097132228080231225123093000530857917
097132228080231225123093000531173317
097132228080231225123093000534594717
097132228080231225123094000530247117
097132228080231225123094000531067417
097132228080231225123095000532315717
097132228080231225123095000534207317
097132228080231225123095000535326717
097132228080231225123095000535379217
097132228083231225123078000530166517
097132228177205126137163000533417517
097133080176231225123075000530207817
097133080209205211048021000534199017
097133081019231225123072000535103617
097133081076231225123079000533455517
097133081076231225123081000535078617
097133081076251224119214000533707617
097133081078199223099141000530453717
097133081078231225123080000535778417
097133082094231225123072000530292217
097133082094231225123072000532262817
097133082094231225123072000534645317
097133082094231225123072000536382517
097133082094231225123073000532385917
097133082094231225123073000532885117
097133082094231225123073000533827417
097133082094231225123073000534380417
097133082094231225123074000534883717
097133082094231225123075000530565517
097133082094231225123075000533717417
097133082094231225123076000532126717
097133082094231225123076000533081117
097133082094231225123076000535669117
097133082094231225123077000531933317
097133082094231225123077000534123617
097133082094231225123077000535105517
097133082094231225123077000535123317
097133082094231225123079000534326317
097133082094231225123080000536138117
097133082094231225123081000532451317
097133082094231225123081000535749417
097133082094231225123081000536422717
097133082094231225123090000531828817
097133082094231225123091000532256717
097133082094231225123091000535114817
097133082094231225123092000534035217
097133082094231225123093000530757117
097133082094231225123093000532227517
097133082094231225123093000533095917
097133082094231225123093000535509517
097133082094231225123095000531200817
097133082094231225123095000533064417
097133082161231225123076000533611117
097133087045199224146018000536183017
097133087047212195089157000534590917
097133087047237042073106000536034117
097133087112251108087134000530139217
097133087114050120193109000531330617
097133087114199208061122000535582117
097133087114231225123072000533492317
097133087114231225123073000534297017
097133087114231225123074000533109317
097133087114231225123075000533877717
097133087114231225123075000535086817
097133087114231225123076000530760217
097133087114231225123076000531418317
097133087114231225123077000532034417
097133087114231225123077000534728417
097133087114231225123078000531134717
097133087114231225123078000535244917
097133087114231225123079000531914917
097133087114231225123079000535047217
097133087114231225123080000534990317
097133087114231225123081000535704217
097133087114231225123081000536501717
097133087114231225123090000535190417
097133087114231225123090000536321117
097133087114231225123091000531730517
097133087114231225123091000533823517
097133087114231225123091000534628217
097133087114231225123091000535051317
097133087114231225123092000533551717
097133087114231225123092000534273917
097133087114231225123092000536069617
097133087114231225123093000530110917
097133087114231225123093000531491817
097133087114231225123093000534961217
097133087114231225123095000530898017
097133087114231225123095000531604117
097133087114231225123095000532848217
097133087114231225123095000533317517
097133087114231225123095000533622717
097133087114231225123095000534573317
097133087114231225123095000534658617
097133087114244127074077000532635017
097133087114244127074077000534679217
097133087114251100023245000534518617
097134081196139180034162602503327617
097160054084205239062133036584982817
097160220026207022030231324640102817
097161018001192182252243268242568517
097161096059207001001127197895566617
097162040068139180038212520190782317
097162082132050056158046408043313817
097162174160198247241124030740102417
097165057197199177255009173641250617
097171172220202031026174320984916017
097180103214244212229038362540158917
097180107169212195069012618680796217
097180225201199136088086260850758817
097186130090199169206186161560110417
097188205171199169214059346782646817
097200093213205249010119512585039317
097223233204212195128205328081616917
097226118247244038134106093062671017
097228093024212194042216510385486717
097232113213252248203051180754596917
097237152112251224032197474135142217
097245104138199169015009317902204317
097245233036194043102144191201614217
097246131137251073188094333875041617
098001248242194038145242071745414017
098010064140199169206186342160110617
098013081175139218240154140235449917
098018186086205239062153204960102417
098076153102205218157173225475092417
098084044226205211049098526575317117
098091066032138145199250253035988217
098094000156212194090031114960102417
098095253154138152126210484985104217
098101053010207012143245575180188717
098101145118192182087218550424519517
098103244054251000115140010754844617
098106208135212194251014578635402617
098107134090202030136042015243687117
098122221061202030105017056852824317
098124056239244020130075027225365817
098135153040205098232229089994267917
098138124132202028017181010273934917
098142236231199169217247216815032117
098147042014244038133045275722916117
098169103025050062046165234920454217
098173073149215163004187030740102417
098173249161205184035221514140102417
098210228166199171090167068810102417
098226119063192029095208453402816617
098253145160199223127018599600114717
099009098087215163006231569550102417
099010117219050062046165572816035617
099012182140199168156020010254548217
099017136185205127141078089992344417
099017150030199137227017413431043617
099017203091202029119106561293677117
099017204018199137234143168810743617
099020128064207012130164380736157417
099020249013215007228045650262307517
099035101106231225123091000533949317
099051016066199204111197068894770917
099106236017240235109045030743450717
099113245225192022160239230261340217
099138028035212196232090319151040117
099140060250199177176098034785346817
099141080150116246215232503460148517
099141080151116246215163454740148517
099141080151116246215232454740148517
099141148210198192035231407800148517
099141148210205211122024407800148517
099141148218194017228043429190148517
099141148218198192035231429190148517
099141148219116246215244387030148517
099141148220116246215071620240148417
099141148220199170078234341990148517
099141148220205211122024620240148417
099141148220244020056039341990148517
099146210061205164116190010681257517
099146232189205167204169454210197317
099156161172207012138117194096460617
099158164219212230042069648541714817
099164014178194017012242198531645417
099173076062199169220096068812722717
099208026092192029095208010265356817
099233062013202031186106010284778317
099234076179202028225081290894050017
099244027145205071025208550720307417
099251170167202029231062036580365817
100114003039205239053088503215112817
100135102177251190157112336582651617
100197026150231225123091000536371817
100197072204139212124083071350005317
100206043109198247248002068813160317
100208217209231225123072000531311517
100208217209231225123072000533257617
100208217209231225123072000535609417
100208217209231225123073000531132717
100208217209231225123073000532298117
100208217209231225123073000532728317
100208217209231225123073000536503617
100208217209231225123074000530556717
100208217209231225123074000531303917
100208217209231225123074000531524817
100208217209231225123074000531739917
100208217209231225123075000532340717
100208217209231225123077000533818417
100208217209231225123077000534563317
100208217209231225123078000530566017
100208217209231225123078000531507517
100208217209231225123079000530729417
100208217209231225123079000531494617
100208217209231225123079000531537617
100208217209231225123079000532147017
100208217209231225123080000530140817
100208217209231225123080000530725617
100208217209231225123080000532805917
100208217209231225123080000534165417
100208217209231225123080000535279517
100208217209231225123080000535731317
100208217209231225123080000536534217
100208217209231225123081000534566617
100208217209231225123081000536251617
100208217209231225123090000532241317
100208217209231225123090000532457217
100208217209231225123090000535801117
100208217209231225123091000534018917
100208217209231225123091000535045517
100208217209231225123091000535124317
100208217209231225123091000536142217
100208217209231225123092000530605317
100208217209231225123092000531849917
100208217209231225123092000532923117
100208217209231225123092000533319017
100208217209231225123093000535851017
100208217209231225123093000536170317
100208217209231225123093000536359817
100208217209231225123094000532236517
100208217209231225123095000530490617
100208217209231225123095000533080917
100208217209231225123095000535496417
100208217209231225123095000536068817
100222214093231225123074000530630317
100222214098194114010089519006010217
100222214098198247238222519002813017
100224167213139180032057367791049817
100224191198138152126233343522050717
100225207210194114011250613160102417
100231044083192182096114373762291817
100239006199199171090167068810102417
100242008005240063017189632970235617
100243012141194078222208308612641117
100243127076194043189250084522101117
100247146074199208159124622402685117
100250091173138056078236070252976817
100255048141199138218122650364916417
101002037013138145213189130003138517
101003003172231225123090000536460017
101003044254240063115086208953449917
101018233026207012129086066723039617
101024026064205199053030373090102617
101039159082205071047204342583729217
101045116160251224228048594931550517
101055043186244001196059516935684617
101056244205205126168137197474928617
101063004189205071020216285012254817
101086166090138152125221268620103817
101088082182231225123077000533117217
101090004082215013072176092171843817
101091233006215013072176107614995417
101093040089205035005091608682837117
101101068056202028147230627576466517
101108213021205250089072546774526917
101132163136194043097251068815032117
101132216072194078241192379150104017
101133041224194114125249030746108217
101133043125205066245181214560112617
101133055050212064145050566474220117
101134045082192182159074446966088617
101134059184251224088150068810102417
101135122197251215148144151806003917
101136101140205180084151010242556517
101137105098215163006193601732713217
101137210139205249010089381083387717
101138189031205113201135372060500917
101140048196199136103080259033792317
101143187126205250036141497545032117
101152186126192182239148642696018717
101158134033207183158046254480105017
101160237152050123136248314240190017
101160237152194043104159510440190017
101160237152199137233104225170190017
101160237152205032029010014440190017
101160237152205071019168510440190017
101160237152205071029148014440190017
101160237152205236148042510440190017
101160237152205236157176510440190017
101160237152205249044202014440190017
101160237152251108224065046350190017
101172028223251000115139583960864317
101176170095199205175045262013450417
101177044205207001003108119244019517
101182213026205212234091505816272317
101185214218205032024094403381452017
101187081232192029095208140465356817
101205188126199153050218523140005317
101212021206251108224208072994975117
101213186181205200226102131330648017
101214090155231225123090000534335617
101214143049205251205243010704332117
101218003204199153111028030740102717
101223033195202029007253307832939217
101235241053251190010037000530968817
101243197170207022024166069692678317
101246137041202031031171089995151317
102010015004199177082117585495680417
102014205174199224156213068815717717
102016107031192029060090068813125417
102016207033205200149026068810688117
102018124244199171090167068810688117
102023016225212195133137631180192717
102030136231212230042120448220160617
102032196242205032024094355241444317
102032207073050123066195511592784517
102033018131198209152169452964050017
102050171031207022045042068892441917
102067190059194043182175629145873817
102077122060205164123023552020104417
102080169153212030145250361510108617
102099079017192182224042571172845717
102106040021205055130072579932822517
102113238120198254091123586610222417
102146069062050056082029604693491417
102150232107205200173197295445141317
102159095007205219153077634255245917
102162159249212195130182456820808017
102163100224215163005113164760102417
102175233018205236085028382404180517
102177029164050121119148358033115617
102192160237244031072095455531508617
102200033018192167232114585425102517
102200134183202029111184106530899917
102216058217199223124253468530104317
102220071177199177255001641156238517
102230035249205251205198239434745417
102231024195244038204221427762151517
102254154132199221119051443465830417
103038041026205125184128093060114717
103040058203194043117015270322703217
103067050076199169214054467616206417
103082105055205071021003249360104217
103091098154138030255162451250005317
103091098154138030255162616510005317
103091098154240183048030596930005317
103091098154240183050231323240005317
103091098154240183050239577040005317
103091250083199153107123182610105717
103105010219205200031217279364831517
103105010219205200031217533094831517
103110175051202031147139130152297317
103113005008244022111220149483559317
103125075153244003005017524355877017
103136021029244022028050453221361017
103140046157199169220096013582722717
103143197066215163006231371350899917
103161024162050255049114532786199817
103169074107199171090167382730102417
103171124113050123054030068811168017
103173174181202118095066001230012317
103174170204231225123076000534628717
103204215206205249010089455393387717
103211142168192029092010335132669017
103214230044231225123074000534699617
103214230044231225123078000531110017
103221255144205184032089000531539817
103223147097199223125104000532632917
103229100137231225123072000535969417
103229102084231225123076000532322617
103229102111231225123094000536333417
103229103016231225123090000531905117
103229103048231225123093000536131617
103229103081231225123072000536051717
103229103081231225123074000535606717
103229103185231225123090000531854217
103229103185231225123093000530428417
103237068023205187184009412090234917
103245144003139061080223199583678917
103245144024199224102173391743672517
103245144133219092009137629032168417
103245144183207001004123609534579717
103245144203205098029246381312153717
103245145030215177165018302676406317
103245145054205184078118569015787417
103245145065205126032199602232597617
103245145100219092009137619982168417
103245145102138056034226408563432617
103245145105205184078118104425787417
103245145135244001023161636040114517
103245145179205184078118361765787417
103245145203139061080223363263678917
103245145214139072053038622414511717
103245145237205211042002104872694917
103246014027202030178113184682608517
104048213088205251202108273070814617
104050203144192030004237291830005317
104053115061244158083033558530929717
104053124196207008085229068811456617
104072160203202028210174520344879317
104081092054205112117181155574615217
104088017222198240075071273821100017
104088017222199224099247326331101317
104089068229192135131013000530111117
104089068230192135131013000530111117
104098161066205187188205459382145617
104099048076194086010226557652841317
104099071208199177188018467482811717
104099115101212202176148636560102417
104100070174138145199250456475988217
104103132092205127001250514132253617
104103132092212195130182514130808017
104104210088205180066138482611499317
104109240244199177255182342981361417
104141142117050253202075585662048117
104151011059205239062061010286098417
104160174088231225123076000533003417
104160174088231225123076000533589917
104160174088231225123080000534890717
104160174088231225123090000531972517
104160174088231225123090000533243517
104160174088231225123090000533318217
104160174088231225123090000536371117
104160174088231225123094000533045517
104160174088231225123094000533384517
104160174090231225123076000534845517
104160174090231225123090000533055217
104160174090231225123090000534635717
104188108230199177248178151816190217
104210017147198254091122514130322617
104210017147212230228014514130120417
104210212168199169202100514133478517
104220089145231225123093000534102217
104220089152231225123075000535917117
104220089165231225123078000530719417
104220089165231225123094000533702717
104236017138192029095208539062739917
104236188126199170237173590246189517
105008067166205113255034143460231517
105008076232244127157143623480136917
105035187128205113202081601340103117
105085132075199169198250000534386217
105150095190205032024094339431444317
105150121007205167204207603342117017
105150137209212194146194354503705517
105158221128205249051081312850645717
105183178068205236086098068894818217
105186216159192133027111501061381617
105197029156131115160074171132741317
105197163132194114091045514135115017
105198227123207001129237318506192517
105198240036244127157143129760136917
105204000136202118024009526560926317
105204008069199169197049219982834417
105204017027215177165018010285260317
105204117030202031063241546223558417
105210111004198247243077000535429617
105213121232231225123075000536434317
105216178248194100117164157503408117
105217238162199137234143101530337017
105219183181251196218185433355581417
105237035080215004018234607451686517
105240114188050121119139198222799117
106006105098202030252138088885501617
106053198187194100113178411143698117
106068241246139143180197477834365317
106082231042244248041067647074893817
106096110037194017239252488900038917
106097169186199153100146011055639117
106103231003205239062157089991836217
106114206046207009053128257530102517
106115176043244001169249291854688117
106117005230205066140058451480102417
106117216228139072053034115212044017
106122022153198243139106491991345217
106122093234199208062059340910102417
106123167120215106055127030743836717
106131112088199169001219000535902017
106134255020139218240154011560899917
106164229182231225123079000531889617
106173121170205127002234514135601217
106188179107205211049098511572807717
106210248009212195028069068815969617
106222179179205166056009068895111717
106223176012192030009060241464233417
107036131236205180094121315485883817
107036246075139180038212294370782317
107042219077244248204037506405814417
107056185105199137227017335481043617
107059231180207180012223467226101817
107069036162207001007195598082996917
107069040027192182000226400162675217
107076149061207020027127064016407217
107078020249244029213135001233712517
107079205012217010239155461160514917
107096125198215106210073132660102417
107103001089207009053128514131264817
107108084152207180053046270322654417
107197174021205032028230345355836617
107199024037215162121126100001000017
107206018119205112118098068894305617
107211161141194017228076017900690317
107212193215192030011064266950114217
107215015253215167248068587801993717
107217100060251196145163615713234617
107218248183205126033102095933752717
107219039079215163006231416990102417
107221128182192166238235170143542217
108004125104205113246205077600899917
108060220108205216066184547900103117
108061036105050121228237603613966317
108061137064205113240244514133373917
108061199127199137141222537223023617
108062111210215163164051165111943917
108062148157212202162180156190102517
108073001230199153045144064682397617
108082049069215006005174222224417317
108095092199207008082059510775204317
108104074236194017229149611790000117
108116115079207001003110068894062017
108119192077205219058255275722807017
108120067196199153100146531895639117
108120070058198255185126434545938117
108120195062205071032190623480113817
108122050221205166059213600300258617
108123122021219092009137477832168417
108125019066205070223092598773391117
108126101115198193187025617420154417
108126247183205201186128574500102517
108127105068240063017146592060155817
108127168025205126037194400172964617
108162059171205249003219270322703217
108206060174192167127033000530199317
108206062215207180185095365530005317
108217029183199221119051180735830417
108229112031192135131152620285048417
108233213132202028158094089991144917
108233222200244031072095148881508617
108247089047215167112210610162333417
108249004148192135131152596195048417
108254005184244089100199558571384017
109010066170194017236189514133163417
109010076142205238171124389851870617
109019178025202030077129443623998817
109023136044205199053030402790102417
109023164247244029048153302745893317
109023179185050122228221182115695317
109024127042199169214080271314176917
109041151172199169206186203800110817
109053025111199221115099514131877317
109053025111202028141036514133732117
109056184092215163006193351172713217
109089110048198253220163618530012317
109092160018205249010057247012771917
109095211144205211049098514132807717
109099055180205167107197620570209717
109099103189199153107083093060115317
109110148172207022027126650636386717
109112198041199169214136353156131217
109117160127138030200133108963799817
109129144153192029080140523161782317
109132164002212064070171378520328317
109141044226194043181167000531170217
109146206179205211048021000535531117
109150111009138145212167602205153317
109153038059205249010057089992771917
109159255248205071047175490490828117
109163151123205218246037155981835517
109164019167207183143035361110103517
109165121253194100115016544090108417
109168249235194017012242415181645417
109171044102205236095113010632329817
109172224070215167149193548392734217
109174099213205251205218574341451817
109175220220215176003095467541100717
109192121074199137227109222223190717
109192243164199169214029633371583117
109193075101205218041103543885479017
109193140073199169220096456822722717
109193205132252248027066248794460017
109195136250207001003108524744017817
109204097010202028133024586435083417
109205036154205230095122538382295517
109205237119240063114123424880141217
109209061048231225123072000531616417
109209061048231225123074000533612117
109216041219215163007227379925772717
109216158089215013074081456324285017
109216158089215013074081501312723017
109237014135050062046165386460893317
109240189132199170068162000532536117
109241220074199136103089456323035417
109247000255251224032205246082837717
109252162246194043097251313085032117
109254061149240235109089068815487517
109255037085207180048009584153499417
110014079067199137227109491503190717
110017254052199170237070308123049617
110035155130205217251232377840105117
110038052187199171099193030740307417
110047228114205098029246359832673617
110059142227240223181066275163049717
110063044180198247229142654190105617
110063137154244158005051030740307417
110063233008215007140142386696338817
110097131172240063017189505840282617
110098013111050254094253562775622517
110101180248205218244149514135150917
110101193019138091020046150026171317
110101205156212030198220068810102417
110111038208231225123074000533356717
110120143248207022029156167760103717
110121013201202029070140253943377117
110121075213202028156149089994311617
110124241127202030130025011742039217
110127050137205138232164089990113517
110127065151202031027064399581174417
110132074051207001174149503214716217
110136060242050120062215623480103917
110142161107251224088150514130175317
110153096018194031112255414122445617
110160116178251224088150068810102417
110161226109215022243142591750102417
110163139090205249063235635601396417
110166230087194017239253643590038917
110166230087205166055032042870038917
110166230087205166055032607420038917
110169255012212232237246146043485317
110173121030198247231061068895032117
110178057187215013073186615361143817
110184250123205249010089537806385317
110187045053194114010089260853613617
110188247250199169214136068893731017
110202206210199138218122623484754717
110203090161192182205008093066408017
110207042107251190160005094915032117
110242229028205184066205594010968317
110245080012192182190021510255954917
111014239053205251202071419265482417
111022178108244205077097397364125417
111024143030199169220096494292722717
111024143128202029220029600323364417
111024143194202030214199539081510717
111026169198251224088150384830102417
111057099170215161111225568732705417
111057099170215161111225642494932617
111057224138251190163139495142260117
111061111207205071139068068812820917
111065120170205113194110458860102417
111073097022205113194110270172050217
111092046218251100096119508241046817
111095171190207008082059435780103317
111123230121199221116189243152125717
111140007075205218245058652132959317
111199133010251100096119108531046817
111199203062192022167048087665120917
111205241194202024005121522555818517
111208071002231225123091000533645817
111212091127205071137174405652799617
111212178096194043119095132372374217
111214135233138152125118163676096517
111226033252205251207214228030104217
111234250065231225123076000530237717
111252006050212195128205218941616917
112005044068199224155194574470742017
112013063078205251205181565881690617
112018245126205212182122068813401917
112035232070207180012205312223070517
112044114056205218245012575033878317
112073125181215163006231411410102417
112077009013199169202100409590252917
112078144100207008082059622791671717
112078181148199169220096390972722717
112079010130215163006231364680899917
112079055087194207240242622320103517
112081189113050120114001001234415517
112081189113138091022105001236349717
112081189113139218243138001234180517
112081189113194031029020001233728117
112081189113194114011085001235615817
112081189113198222247128001232649817
112081189113198222247163001232766217
112081189113199169214181001236404417
112081189113199224154086001235251617
112081189113205149040229001234730217
112081189113205184038096001233874317
112081189113205184047202001236021217
112081189113205236149062001234218417
112081189113205236239093001234072717
112081189113205236239093001235303817
112081189113205249015171001235534617
112081189113205249063132001233553317
112081189113205250089082001232630717
112081189113207023144005001231497417
112081189113212030170141001233426917
112081189113212197210084001234391117
112081189113212230175213001232822817
112081189113215006253045001234125517
112081189113240223181066001236051117
112081189113251108009012001233475017
112081189113251190082073001233360917
112097141177199169214054086213211217
112097142249205251206248623480111217
112105072213198193130094602564224617
112106211071205125079015514174623917
112109173001199223101193548390376717
112113071160215004018236291310415217
112113177023198209153030185161931017
112126014084244031127021402743168117
112128244054193065097194456826417217
112132238030192022167203114994916017
112133138035194043102144013221614217
112138236010244248205084433472513317
112143226184240235108140183583271417
112144053014207008087057358851018017
112146214211252248027066555294460017
112147245144194043097046506812641117
112148147033244248165093343180854517
112152084007240063103161260216519817
112153058177199168152210068816294017
112159119131192022167203226604916017
112173020212207020027062101980105117
112176210117207001000048050565950717
112188160237202030093060536642823117
112189123091193065095010019141433117
112192134025244038134106093062671017
113003192049244248204037612880102517
113035178073205184038253456820107117
113046183062199224102173533683672517
113053186149131115160069302335992017
113067043022202030065098263424925917
113073171150199169022007536614132217
113075029056202030157146247045006617
113097233109199152013237180852577017
113101217061244001019238489335236517
113104234221207008085229011164660317
113105073200205071021003625554489617
113105229114244212229038473420153817
113106002030244038133045611543901117
113106128192199152015184299832573917
113106213197050057215099068815114717
113107167163244212229038068810158617
113109254255202024005168130944605317
113110152221202030240171269202480517
113111066021194078242090089992271317
113111140233205184032120398631966217
113111205099139180034162490873327617
113111245195207001129237410795629217
113114211104139218240154073380899917
113115163012199169203084388070102617
113120001242244003007245514130899917
113129053200202024005070170595173817
113129113090193065033237542120899917
113129245208202029053031570180899917
113130193159198033052058385841352017
113130204070202031000155405004050117
113131251176202029170044171486154217
113136162010215027187202125152645417
113160042123192022167203272494916017
113165019069194100115016467914464417
113165191219251224088150295320102417
113168172249212232224018212176254217
113169044069199137229234294820102417
113170110036138145208190100210180917
113172230210205167204245206873290417
113175087035199223126180619550109517
113177221132212030170141478425262717
113187138047205212183115332406075417
113202209181198209155108515175585117
113205086079205212182122068814196717
113212142134193241063237491790365817
114029189116202029013031532144050017
114029237102215163004084306055218317
114043010034202031155001068810688117
114064185161199221119051266385830417
114071234217244205136250519004551117
114074174197202028168184535274693017
114075018246215177154201107532687017
114091103009251224032197010752952717
114093237032215027220118490010899917
114103012099240235109089187695892217
114103168129244212048047273892392317
114152228216205239062133036584982817
114205079160205055130072010262822517
114217080209231225123092000530376117
114218002061205167204207483032117017
114218011102050120061200524723831017
114218012219219092009140068812470817
114226021175050062046165504606470217
114226094090199153047033134044219917
114227079119202030252138088885502017
114228166056198247224113504992859917
114244047035219092009137239602168417
114255019085199153047033438204219917
115142149179202031037138068815032117
115156026224131115049056326380102717
115200237104064005155210494291234717
116033209110251224088150514130102417
116041042145205167107197485823065717
116055115195207022027044392304517117
116079152165199177248174145530961617
116209219142139180033116068815644917
116240166206199137227017401081043617
116246198149064005155066563560148517
116247099228064005155067599190148417
116247099244116246215162513530148517
116247141229116246215087644460005317
116255056074116246215082000534084717
117017113104215167248157110052603617
117026232038199169214029624166206317
117027110204252248203051247064596917
117038104222138091065014155535141317
117038104222192029092205622354947017
117060117212244003024027068890688417
117079156254207009053128603600102517
117081062196199169207063177400012317
117081062196251224090075047370012317
117089089132251224004214068813947717
117094086162251224119081068816425117
117112239160205112115008093060102517
117130148231205184032218405760618817
117184251224192029095208587452721317
117246140101198241226238156060038917
117246140101198241226238216570038917
119034045135202024004190069513395517
119046043156193065033154033894852617
119128009024116246215082000535386417
119142160229215177154201004432719717
119142160232215177154201004432631517
119142160249240063017146004434286017
119142160251205251200208004434646117
119143038013135079171148000531596517
119163139054240223013199099105158717
120013153063244089149057089991042417
120092230065202030067059299746431117
120101209129199153111028030750102717
120123102049205184035163223704584617
120200178051205113195104414850102417
121149058110205194217215480340821217
121149058199219092207095331821296517
121149058201215019070255283820204817
121152077235244001169249000531273717
121152145018231225123095000536160917
121155232029199170234221529005188217
121158058127231225123075000535290217
121158058127231225123095000534968017
121203185006202029241245533042076617
121210168158199137227028030741532917
121211213015251108226013473716113717
122009015060199223123197273950124017
122014194207231225123092000536171017
122022032153231225123072000533891017
122022032153231225123072000535087217
122030155099212030170206361293343517
122030155099212030199041361293343517
122039016247135079171156000530832617
122052194235194038152203000535694317
122058139021231225123080000535321917
122140000231198229187225034780155917
122163015178205071044196591665331817
122175173158207001003192551191880817
122183173026205218244149646386015017
122193198071205138164070034785456017
122193198087205055201232034785100217
122199012173192182090031537371250017
122202143046199136009078107880012317
122234250228231225123081000532637417
122234250228231225123081000533741217
123084094068205249062132655170102617
123104254166212197179133228382961417
123107132229205249004129089990688117
123126223247205211049098205082807717
123168179022116246215082000533746217
123190098116205148026065018535277417
123190098122199223125061018536543717
123190109103207183158128082004739617
123207180214251108226013160786113717
123217001159207020255001068896225317
123219104182198243028002617804270317
123242233165215007140142030740183017
123242245223198193178137549580102617
124037053000116246215082000536051717
124043007056231225123076000535818317
124044067215251073162224232806548917
124044067217050123066177189601039517
124045100138194042201194385973343717
124045100138207009251004385973344417
124045100166205213185193386393343517
124045100166212232088058385313344317
124045100200205127000237376263343717
124045100202192182089084377473343517
124045100202205066136044377473343517
124045100202215022004199377473343517
124045135104231225123075000534760017
124045135104231225123076000530920117
124045222043207008191216177710109317
124050187041202029087233365113344717
124050187041207009053137365693344417
124050187043138056034181365183344117
124071167153205164099210400264462817
124071167171215177154198400175330417
124071167172205164096177400192199817
124077229140116246215082000536241817
124085080227202118041058000532257217
124102074207205098225167200446255417
124156152161231225123072000533485517
124156152161231225123077000530219517
124208116058231225123094000533768117
124242046168205185131010048900005317
124242070147139072051021000530180017
124244081067231225123073000531388017
124244081067231225123075000534424017
124244081067231225123077000535796917
124244081067231225123093000532775217
124244081067231225123095000530900017
124244090109231225123080000533470317
124244090133231225123094000531547817
124244090133231225123094000532926717
124244090133231225123094000533140917
124244090226231225123081000535058617
124244090231231225123073000533886217
124244090231231225123073000534651517
124247185135205251202049004435217817
125001025024205249004194163931639317
125003118151244127141165089992898217
125006135017205238230214030742732217
125086187078205194246246000535636517
125103208149205164096177400322199817
125109057113237042073106000532790717
125205202153064005155146453571234717
125229017165135079171133000530564117
125229017165135079171196000531858317
125237208155231225123075000533860817
126003132062231225123075000532636917
126003239199139010250151249820005317
126047073125138145199242082005292117
126047086005199223125061082006543817
126047086179199223125061082006352917
126047092169205213167038082005217117
126052080184244248165154099985830117
126055167112202024016179000233153417
126060001059135079171128000530294917
126062019180199204107007444535518317
126070221020116246215030601950005317
126106076227205098234044161903121817
126117023166205249010089239153387717
126123198214205148081141204335148817
126126198199215019232002472751531317
126131173143194086010226151432841317
127004046058199204068237000535782117
127004046058251190010041000530865517
127043093235193065087106413800005317
127058076176116246215125363501164017
127058076176116246215125453951164017
127058076176116246215125533071164017
127058076176116246215125581281164017
127058076177116246215125567681164017
127058076178064005155220541321164017
127058076179064005155220423091164017
127088063014244003249073367813344217
127088253044205098227146341143343817
127089203084244031125098387173343517
127089203087139005154013387013343517
127101008018244205138029572242687517
127101008061212064145050617026341217
127101028050207183147109564186089817
127101028082215177139062638956199117
127101028217215177242182544982759317
127101029093192030106038521663049517
127107225022231225123072000533737217
127107225022231225123072000535566117
127107225022231225123072000535746517
127107225022231225123073000534128417
127107225022231225123075000532501217
127107225022231225123075000533927817
127107225022231225123077000531954317
127107225022231225123077000532604417
127107225022231225123077000533664017
127107225022231225123077000535971217
127107225023231225123074000533946717
127107225023231225123074000535221317
127107225023231225123078000533462317
127107225023231225123079000533267817
127107225023231225123079000533881617
127107225023231225123081000532694217
127107225023231225123081000533265617
127107225023231225123081000534986117
127107225023231225123081000536068317
127107225023231225123092000534546217
127107225023231225123092000535715217
127107225023231225123093000531109917
127107225023231225123093000534297917
127107225023231225123093000534921117
127107225023231225123095000532167817
127107225023231225123095000533450417
127107225023231225123095000535152117
127152047038244003004137588123685417
127153215239205236085015141481461617
127168130015207009054020316000102417
127176168134244089080123171992274017
127198129018050122120191362660012317
127198129018139180033164174180012317
127198129018199136009149362660012317
127198184157199177248203068812981917
127237105233199224153178090002760717
127238097070205201093217000533238417
127254177081135079171056000535599317
127254177081135079171179000533824517
127254177098135079171154000531614917
127254177233135079171147000535232517
127254177245135079171168000534257617
127254177245135079171189000531445517
127254177245135079171189000535930617
128012246224231225123079000535795717
128020062109231225123090000532722417
128037051104231225123092000533733617
128039019162199152015184278512573917
128058083168231225123094000534972517
128060056143231225123078000532987717
128064065049139136059148000533708217
128064103043231225123072000532976017
128101243093231225123092000532805517
128132104187207012130164503696157417
128155208122205249010141400602003517
128174229121205219174006630742744317
128202212194215006072091649160450017
128214000062202028196067046275821917
129047141152205250089013000535715917
129048012205205203255066092220930917
129048037255202028157200092120930917
129077083148205239062099261184392917
129090149079231225123094000535928617
129096208242199224110034490734268517
129101177193231225123080000533340017
129103216242202029247060632904975917
129115005115207180184225173590005317
129115005134207180184225016840005317
129121046151244001021237093060343217
129131040184215018160235334452694117
129161061229205249014187193104643017
129173081213231225123091000534140617
129179251203194102245234004435757617
129182250114212232020064001235391517
129217010129199224149081632132771917
130017166083205212178253596890005317
130017205010139212124083000535454917
130017205010198033105217000532597817
130017205010202118019090000533800117
130017205010202118019090000534987517
130017205134202118019090000534428517
130017205134202118019090000535787117
130017205134202118019090000536373217
130053076166231225123075000531349217
130055032170231225123078000532357417
130073084186138145199245001232683217
130078006018205218042237000531712917
130085225194139093089034001236250917
130117032109202167076184473830103817
130146030028207180053046270320102417
130150037145231225123072000534212017
130150037145231225123072000535013917
130150037145231225123072000536089217
130150037145231225123074000530524717
130150037145231225123075000536409817
130150037145231225123076000533428117
130150037145231225123076000534735217
130150037145231225123076000534868317
130150037145231225123077000534207717
130150037145231225123078000533336117
130150037145231225123078000534509617
130150037145231225123078000534773417
130150037145231225123078000534776117
130150037145231225123079000534701417
130150037145231225123079000535083417
130150037145231225123080000530798817
130150037145231225123080000532187217
130150037145231225123080000532478717
130150037145231225123081000531613617
130150037145231225123081000533287017
130150037145231225123081000534727617
130150037145231225123081000536279217
130150037145231225123090000531870217
130150037145231225123090000533447517
130150037145231225123091000531317717
130150037145231225123091000531803617
130150037145231225123091000532001917
130150037145231225123091000533348917
130150037145231225123092000534836617
130150037145231225123093000530240317
130150037145231225123093000533314317
130150037145231225123095000532788917
130150037147231225123092000534284917
130150039034135079171057000536476017
130150039039231225123077000533299917
130150039054231225123079000533582217
130150039061231225123081000532213617
130150039223231225123077000530601117
130150167217205211122026360590148417
130150167217207001132217354620148517
130150167218205148025181599940148517
130150167239064005155175455380148517
130180197013205216066184334650103017
130194152133205212179110001231431317
130211214173139093092165000535776217
130245028202231225123080000534990217
130253255023231225123073000531184717
130253255023231225123075000531472317
130253255023231225123080000535649817
130255206113199169218089000535302717
131000225039205166145025050600506017
131000246241231225123093000533867817
131000253054194114090178000253856017
131023017050231225123075000536103117
131031156247231225123080000531485617
131031158013202031002104034786053817
131040222060251190011213214346328917
131041069212198247231061089995032117
131051240070207001170180088015009117
131051240215139128098015088014099317
131051241093202030023071088015880617
131070032158202029238084068891630217
131091252179198247231061068895032117
131101122066198247235197527150005317
131128133046139136059148000531096817
131134146232207020021226001230163817
131134146233138030205149001235360717
131134146233138030207242001234399817
131134146233192030029080001234005917
131134146233192166168006001234971517
131134146233192182137092001233703317
131134146233192182157240001235637117
131134146233192254112253001234620917
131134146233193065078242001233557417
131134146233194078209071001232417217
131134146233194078241029001230209417
131134146233198061061125001235531117
131134146233198241227182001235703917
131134146233198255188057001235194517
131134146233199153033014001233568017
131134146233199153038202001234905017
131134146233199153048228001235935617
131134146233199169206216001234626217
131134146233199169214181001230739617
131134146233199169214181001230746717
131134146233199169214181001235240617
131134146233199171098187001234098917
131134146233199171104081001235545417
131134146233199208052138001230117317
131134146233199208061189001234527717
131134146233199220211038001233964817
131134146233199220211231001235302717
131134146233199221127255001235264217
131134146233199223112088001235657617
131134146233199224146017001234657517
131134146233202024004217001231479117
131134146233202024005234001232069317
131134146233202028000175001234222717
131134146233202028143138001235557117
131134146233202029038220001234769317
131134146233202029048141001234340017
131134146233202029105030001233911517
131134146233202029212060001234600617
131134146233202030082048001233746617
131134146233202030116055001234409817
131134146233202030153223001235067017
131134146233202030157027001233806917
131134146233202030174016001235442217
131134146233202030175123001235420517
131134146233202030191083001235104717
131134146233202030211031001234865217
131134146233202031006089001234301117
131134146233202031077089001234999417
131134146233202031132170001235316017
131134146233202031136224001235793517
131134146233205071033226001235571717
131134146233205098226072001234744817
131134146233205113199209001233317517
131134146233205184032095001235939817
131134146233205184040067001234238617
131134146233205194243000001230160117
131134146233205194243147001234998817
131134146233205199052149001235301417
131134146233205219153077001235675317
131134146233205236095118001235357417
131134146233205239050164001235769417
131134146233205239062170001235444917
131134146233205250243187001233914517
131134146233207001009023001234420517
131134146233212030170141001235873517
131134146233212195005146001233893817
131134146233215022056023001234060917
131134146233215161044141001235094617
131134146233215163175033001233929317
131134146233215163175046001234017717
131134146233244158005053001233491817
131134146233251108156145001235626817
131140062071016048144168000533585617
131143133229135079171057000535710117
131143133229135079171079000535493517
131143133229135079171202000536018517
131143133229198252174183000534860917
131143133229205066158112000530694317
131143133229205200226152000530998917
131143133229231225123073000531120017
131143133229231225123073000533755617
131143133229231225123093000530552917
131143133229251190010041000532032817
131143133229251190010041000532034317
131143133229251190010041000532565217
131148087034194043191104000532756017
131148087034198252174183000533877517
131148087034198253220165000535497817
131148087034205218158237000532693717
131148087034212195089157000533679617
131148087034231225123072000532379217
131148087034231225123074000533378117
131148087034231225123074000535460817
131148087034231225123080000531534517
131148087034231225123093000530270717
131148087034231225123093000532243417
131148087034231225123093000536142717
131148087034231225123095000530683017
131148087034251190010037000530919017
131148087034251190010041000534849817
131151065185198193188091000531744217
131151065185198252174183000534135617
131151065185205219222009000533905217
131151065185231225123092000534452617
131151065185251073188198000536014517
131151065185251190010041000533727417
131151065185251190010041000535733317
131170083102139136059143000533850917
131170083102205139032214000531629917
131170083102205185131013000536226917
131170083102205211056088000532564517
131170083102205219222009000531875617
131170083102231225123073000534241917
131170083102231225123091000532409417
131170083102231225123094000531163917
131170083102251224228178000534667017
131175084198231225123074000532795417
131175084198231225123076000535488117
131175084198231225123077000532929617
131175084198231225123078000534442917
131175084198231225123090000530111617
131175084198231225123091000531484717
131184001166135079171057000531453317
131184001166135079171057000532927417
131184001166135079171057000534509017
131184001166135079171157000536231917
131184001166231225123073000535849417
131184001166231225123090000535569317
131184003015231225123079000531958417
131184042150240063017189001230016917
131184042151050122136065001230012317
131188254013205218157149000530597317
131188254013251224032194000535603217
131188254013251224032194000536419717
131188254013251224032194000536486717
131205136068244212048047400932392317
131208002213199136086068030740307417
131208002213212195128205030740346317
131208002217192182071019030740307417
131208002241205071020124614565027517
131208002242139180038212614560776917
131208002242215006173242614560160817
131208002244207012129086614563039517
131208002245205201187131614560102417
131208002246205125184128614566393217
131208002246205251205198614565300417
131208002247205184032003614565137617
131208002251205180032198614560102417
131208002252199137132015614560102417
131208002253192182140199614565073417
131208002254199137129214614565734417
131208004228198209142018614562730017
131208004246205125111116614560667217
131208004246205180091065614565842417
131208250046199169197242004436295917
131210135121231225123080000536183517
131210135121231225123095000531052017
131210139125231225123076000531034317
131225228102135079171162000532085917
131252180123139010250151398050005317
131255054169205212236250592415837817
132016242125199169214099522231696717
132057150164251100096119296201046817
132059159040244212048047327522392317
132059218210205184032120195651966217
132202181166205125104015010273544017
132204110213138030206148248750103817
132210175147202028027112105575012617
132222122106198231235089334580107917
132231172233193065011082500110104217
132242183018251224228010241975266117
132242183236194038155157116082301217
132249088035192030017235574933456517
133000024222198247228194552280102817
133007134213202030209044604864648217
133036080001212195071106274551021817
133038023203202030080103211785189917
133038052067205218158090264451670717
133038052079205250089082010265354617
133038129244205199053093010294095917
133038156210198247238220446242583517
133043106061202028201134613884000417
133071102175194100115016429334464417
133088211250215167248091221113425317
133094088091251000115141189794565717
133111011145205199053030497860102617
133111013031202029146231593002240717
133114159000215161105124351895480517
133115059061244031072069654192684117
133125179140202028116104330214984717
133150025028192022164213589505085817
133151155247215177165029556082936617
133212009147205184032089383123792217
133212140201215177242002250660994317
133212152210194039040082498383568117
133212155132205218014064227160675517
133212159147199137227017514130449417
133212180218050122231189538736284117
133212186038215162115046416103831117
133212214062202031157139089993474117
133212235210215177165018296295859117
133212244082207001001127195975566517
133212250254205126032234293495441017
133213059245199223113012336260808017
133213220099050120061111022043065217
133221182236194078242090089992040917
133226200142215019014000093060515717
133236196034199152005234574450103017
133236196034205249003219277153153417
133240145220199153100161254542714117
133240162029194017238154358721453017
133246196098251000115139577232195417
133250109139138056034157167622785217
134009112239231225123078000533149317
134009113047139212124082000534079217
134009113047139212124083000533797017
134009113047199223125104000530561217
134009113047199224100174000532401317
134009113047231225123090000535031517
134009120193198033105216000536004617
134009120193205219172197000530454317
134009127030139212104149000535958717
134013225046199153056246000533344417
134014053126231225123090000535149317
134014055113231225123079000536201317
134025023064207012129092522110717917
134074138123231225123093000530950517
134159101059193065004076056045508017
134164179108237042073125507970016117
134172195097231225123080000530824817
134172200160231225123094000531224917
134172200160231225123094000532394117
134183113047198253220165000533966817
134194201107205216067013000534952817
134194241107198033105216000532404417
134215151250240183048228106333956617
134220052149192030101172003053772317
134220052173192030020233015046489617
134220052175205125104220084783570017
134220052175205125104220084793979117
134233147119138145213185612330287117
134233147245215163007214565796367817
134233149210215162120188188974729517
135033149003116246215068000533672217
135033149225116246215074000534052617
135033149225116246215082000533412617
135035233128244022028050514131361017
135072013018244067209230416983365817
135072013122205164119185386366160717
135072013122205164122070348525925117
135072013192192167239169595964962517
135072014070050062046170431524871517
135079087194192182128053513724662217
135079127178199177255039507244984017
135083152077251100097023652055542017
135134069070192029092170000532584217
135159110072199224146018000535395117
135207186068192182102029000533541417
135207186068192182102029000534074617
135210206145231225123081000531623717
135210206145231225123081000535032217
135210206145231225123093000531608217
135216000038116246215156387850904317
135229197098194039034061464990563217
135229205066231225123091000532158317
135243074242215163189165000534650717
135243074248050123066002000535919817
135244008101215167248185191325558917
135246232124205166210210068810102417
136004097232198247228194292550102817
136037243004244067209150283064358717
136053037041202024016184464835575417
136053047022205164112021114244792417
136053047100240235109089191114973717
136053047100244205008122302324796717
136053096056192029095215100250928317
136053100094231225123077000532441017
136053100094231225123094000533210517
136053101053199153049004080803485817
136053114140231225123076000533500017
136053123190202024017128101474814817
136053123190202030198046100744893717
136053123191205187186093101402672217
136058064205231225123093000536200517
136084211104198229104125603640005317
136093127035231225123073000533471217
136125219105231225123076000531604317
136130247126202030140201071054050017
136143225185205126137100095243127117
136148192053138056034209000534510417
136157070208231225123081000530727017
136157070216231225123091000535476717
136160139102202029165171348573983717
137064098019205249003119117252818017
137067095126207180012205340473070517
137069236002231225123077000532152617
137075008052192030055222449142145117
137100081159205166063097242835477617
137109059058198033105216000533780517
137109059058198033105216000535189417
137113213245202030141146441271688117
137113253074202118024061170542440017
137118059109198220149151270505498317
137121128057231225123079000535522717
137152006075231225123079000531812017
137152006075231225123092000530356117
137152249072244157134002000530237317
137155248217231225123075000534303617
137172118035251100165146283200177317
137175047234215007172130297521851717
137188099216139180046029587134587217
137234108111205217247031427040190017
137245161156240183054173000534884017
137245164160198243186192000533632917
138018195118199224099094080800005317
138061143071231225123077000535820317
138086099212215177155215261295188317
138116013142193065016214170282050417
138119065051240063017146293170116817
138119225078193065125226231595932217
138119236075202028181188281990103017
138141063133202028178175476525973217
138150090222205184032089521031419017
138152152245205249057107224964211117
138157201174205164116199634060511117
138179167131050120062012136600112617
138179167131050123066175136604607117
139042028156231225123080000533790417
139042065028231225123077000533250017
139042065028231225123090000534538117
139043128189251196216224330664569717
139044150245231225123080000531159317
139044150245231225123092000533414817
139068020044231225123079000531819417
139135252171231225123092000533462617
139185135082207180189166000534163717
139201198104231225123076000533579617
139209235102231225123090000533069817
139248018107251100096119629081046817
139248035099205126033102517362262217
140066161058116246215156432870904317
140075251097192029094090000533518717
140075251099199221118087000531555817
140075251103244205131221000532559617
140075251105244248229133000535952617
140075251107194043181167000535278317
140075251107231225123073000530171717
140075251108231225123094000534635717
140075251111231225123072000536116517
140075251119231225123080000531243617
140075251123199177254245000533060717
140075251125231225123072000531142617
140075251144205180215253000534001217
140075251144205180215253000534238217
140083255111198033105217000533752417
140114212141231225123076000533241117
140114212235205113206118000532200917
140158233002231225123079000530694017
140180208166215019232013088015355017
140180208166244127020060088012649817
140247021209231225123075000532988717
140247021213231225123090000532049417
141137156144138091093139004436506117
141199134139219092011009270526442317
141204015193231225123072000533402917
141204015193231225123073000536026617
141204015193231225123075000535938217
141236058010231225123094000535286917
141236058014231225123078000535879317
141236058017231225123079000533844517
141236058036231225123092000536108217
141236058045231225123075000532545817
141236058046231225123093000531649217
141236058059251190010037000532336317
141236058068205219172197000532589917
141236058085231225123074000533379717
141236058095231225123078000533015117
141236058099231225123091000534813217
141236058101205195120151000533848317
141236058103205219172197000530804817
141236058106251215113140000535722117
141236058109231225123074000533279617
141236058109231225123092000533230517
141236058113231225123081000532025917
141236058128198241226237000532199317
141236058134135079171136000535198217
141236058134207022024153000533316517
141236058146207180188197000534296617
141236058146207180188197000535260617
141236058155231225123091000530220217
141236058176135079171068000531980217
141236058176231225123075000535434517
141236058184231225123072000533341417
141236058194231225123078000533334917
141236058197231225123074000536115917
141236058210231225123095000532737717
141236058213135079171066000530993617
141236058214135079171198000534588917
141236058214231225123091000533342717
141236058233231225123077000531783217
141236058234231225123090000532705317
141236058236199153055033000530416117
141236058236205250089013000535076017
141236058236231225123075000532733817
141236058236231225123078000530248917
141236058236231225123090000532652517
141236058236231225123093000532227117
141236058236231225123095000535678017
141236058240199224148178000535664217
141236058252231225123079000536219417
141236059007231225123079000530959317
141236059007231225123081000531706317
141236059019231225123077000531526217
141236059033231225123072000535552317
141236059035205218042237000532922717
141236059039219092212147000533691917
141236059040251100210170000533177217
141236059066139136059143000530745317
141236059066231225123075000536310417
141236059074231225123072000533066217
141236059074231225123093000531941317
141236059083231225123076000535169517
141236059085231225123077000532082917
141236059099231225123076000534309517
141236059100231225123072000534305817
141236059109231225123074000535235017
141236059114205219172197000536433417
141236059116231225123078000530733917
141236059116231225123092000531289317
141236059120194038152203000530580217
141236059135231225123075000531475517
141236059137231225123079000534880417
141236059137231225123093000532106017
141236059140135079171130000531695517
141236059143251190010037000535836217
141236059144231225123092000530755517
141236059152135079171202000530312217
141236059158135079171068000534311417
141236059158231225123091000536322517
141236059159231225123093000534627617
141236059161237042073107000532708517
141236059164231225123077000532391917
141236059174231225123078000536134217
141236059178231225123092000531677917
141236059190231225123072000532784817
141236059199231225123075000535097017
141236059222231225123073000533572417
141236059222231225123079000535342017
141236059222231225123079000536149617
141236059223231225123090000534931017
141236059237231225123095000535722417
141236059240231225123076000536067817
141236059243231225123076000533870617
141236059243231225123080000532993517
141236059247231225123076000531790417
141236059249237042073106000536490017
141236062034231225123074000533758517
141236062042231225123075000534642217
141236062042231225123079000535758717
141236062042231225123094000535724317
141236062042231225123095000534428517
141236062047231225123078000532942817
141236062049237042073106000535352717
141236062051205211056088000535027217
141236062053231225123073000533381417
141236062053231225123077000534211417
141236062053231225123094000530503817
141236062062231225123075000530408317
141236062062231225123077000533803717
141236062072231225123076000534029017
141236062074237042073107000532482817
141236062081231225123078000532046017
141236062118231225123094000532513217
141236062140231225123076000530113917
141236062188205211048023000535820417
141236062202231225123078000530263517
141236062204231225123091000535957617
141236062207194038152203000533607217
141236062215231225123076000532962717
141236062215231225123078000530307617
141236062237205219172197000532826017
141236062249231225123094000533771117
141236063033198241226237000535477417
141236063033231225123077000536201717
141236063042231225123075000535922717
141236063055231225123077000532335017
141236063064231225123081000535207917
141236063067231225123072000530301917
141236063075231225123090000534516217
141236063076205211056088000532308317
141236063084231225123076000535776317
141236063091205219172197000534390317
141236063096135079171172000536029917
141236063103231225123076000531431217
141236063108231225123080000534163117
141236063110231225123072000533983017
141236063126135079171066000532110817
141236063126135079171075000532496717
141236063126135079171079000530928917
141236063126135079171133000531629817
141236063126135079171136000535112517
141236063126135079171146000530486817
141236063126135079171147000532093817
141236063126135079171150000534175517
141236063126135079171154000531043717
141236063126135079171156000535729717
141236063126135079171160000530688717
141236063126135079171167000531440217
141236063126135079171193000534673417
141236063126135079171195000533586017
141236063126135079171201000531536617
141236063126135079171205000534616617
141236063126139072051021000535972917
141236063126139136059143000535698917
141236063126139136059148000532540017
141236063126231225123077000531493017
141236063126231225123094000531581117
141236063126231225123094000533548617
141236063129231225123073000533361517
141236063129231225123092000536511717
141236063146231225123076000531968917
141236063151231225123081000533362917
141236063166231225123073000532606117
141236063183135079171077000535590717
141236063185194086002161000535529317
141236063185237042073107000531109617
141236063203231225123072000533522117
141236063219231225123091000533986417
141236063231231225123072000531457317
141236063235231225123079000533268717
141236063242205032026115000534466517
141236063247231225123094000535670217
141246153015207020027195000535782517
142007007081231225123075000531549417
142215081146205199063110589742441117
142215084189215167248185341470200517
143011220062064005155211000534011317
143011220062116246215077000535315317
143011220062116246215077000535994717
143011220062116246215082000534453117
143221052221192030004237607090005317
143232086152198247253047050574719517
143237210129252248025002000534982317
146002244248207001002191549851052817
146005172175202024006027053000132817
146017019058231225123076000533766717
146017019058231225123080000533480917
146017019058231225123090000531222617
146017019058231225123090000535140817
146017019058231225123094000535661017
146017019059231225123090000533359017
146017173237202024005070492506520417
146020130180205035005069000535820917
146020185129231225123078000535040517
146020253103193065052217603273487417
146038184113244248213082308713958217
146041194130205071138250363374649417
146051235043231225123093000530727717
146052242243198243139106274611345217
146075054026231225123095000536135817
146083194233139212104042000535493217
146092006098251224005137491414073617
146094051016231225123076000531396717
146094051016231225123077000530223817
146094051016231225123094000534781117
146094052144231225123091000530788617
146094052144231225123093000536325217
146097204161205250093172605482613917
146097211096199153033232517605032117
146105234165205180084151035972556517
146118234195202031163031304774306717
146119223090139180035035204930005317
146127217157244089100220051564994417
146146154001205167059073255040038917
146163172131251224228012531924382017
146175042211205203243239555644488117
146175085089231225123073000532888917
146217204240244038133045361473249417
146217255095244038133045520513901117
146218233134205218245048277822959317
146228096111202031003244102550688117
146234081235205212181001128840102517
147000004227202030125115023994198117
147000004231193232168141023974469017
147003166037199177248170321000417017
147008107162192029095218156163779117
147015004072244029048170551971989317
147020010216215177154219483943197217
147065007232231225123095000535400617
147104221215202028038135164746317217
147108192006199170237189475743637517
147115249239205113194110068810197317
147120179000251224032205598190581817
147131130190199137231132177922347617
147145124223244158005053117796394917
147152175084231225123077000533240717
147152175084231225123092000531682617
147162116140251190082058011581243317
147184217022194078255064452474169617
147192190221192030007219000534340817
147197154149205203039119010244450317
147200110013251224032197496885302917
147221224033207001186130001233290417
147231192095240183051070561212845317
147246227115215255060040358813343517
147253192077202031052225230885702317
148044157145231225123074000533489117
148044157145231225123078000535960617
148044157145231225123091000531575417
148044157145231225123095000530327217
148044157148231225123077000535415717
148064152213231225123072000530404117
148064201177202030175074270195687517
148067220032192182220098000530438617
148067220032199153099086000535814917
148067220032207183081227000534960717
148067220032215007246013000534518417
148067220251198209162047000532524717
148067222061199153099165000534970317
148067222062198254091170000535670517
148067222062198254094066000532776417
148067222062198254094170000531395517
148067222062198255177082000532656317
148067222062198255181162000533511817
148067222062205113196061000535148417
148067222062205113203157000531581917
148067222062205113207089000532760617
148067222062205113207250000535191817
148067222062205167107229000530376917
148067222062205167107229000532139317
148067222062205218153038000535218017
148067222062205236085011000535372417
148067222062205236089072000535500417
148067222062205236089077000534543717
148067222062207008087034000534200217
148067222062207008087034000535968317
148067222062207008087057000535551117
148067222062212030145195000530457617
148067222062212195243105000530409617
148067222062212196232024000530203717
148067222062212196232090000530334817
148067222062212196232090000531411917
148067222062212196235204000534634717
148067222062215007246013000531733217
148067222062215007246013000533770517
148067222062215007246013000533920517
148067222062215007246013000534692917
148067222062215007246013000535209217
148067222062215007246013000535541517
148067222062215162057212000536174217
148067222062215162057234000532254617
148067222062215162059203000536204817
148067222062244029048153000530102417
148067222062244029048153000530212417
148067222062244029048153000532354617
148067222062244029048153000532673617
148067222062244029048153000533274717
148067222062244029048153000533751917
148067222062244029048153000535124517
148067222062244029048153000536185417
148067222062244029048171000532631417
148067222062244029049099000533899717
148067222062244029050160000530103617
148067222062244029051009000536108417
148067222062244029051047000532792917
148067222062244029051150000532624017
148067222062244158083115000531657817
148067222062244158083115000531668817
148067222062244158083115000534556517
148067222062244158083115000535179017
148067222062251100165037000536481117
148072082176205126137163000532440717
148072082176231225123078000532168317
148072083145192135131141000532853017
148074155144244127020085043796197117
148074155147198243031005270195230317
148074155147199177087155270174942117
148080010116202167207047050720506017
148083048241231225123072000536019217
148083148054193065002246000534768717
148083148054193065003106000533520017
148083148054193065119141000536051017
148083148054199177251097000531797617
148083148055193065003106000535625217
148083148055194114059018000535407517
148083148055202030159075000535722617
148083148055202118020093000536314817
148083148219193065114058000531766117
148097153082231225123094000535935117
148152024128138147090121073502652417
149016111014244157134082000533978317
149042099141131114014039092170930917
149042099141131115183236092120104217
149042099141138030193081092172646117
149042099141192029095208092173039617
149042099141199153110163092170930917
149042099141199221116136092170930917
149042099141202118092066092170373517
149042099141202167044253092175895617
149042099141207000069046092172548517
149042099141207020016144092170930917
149042099141215006255010092172646117
149042099141215161031191092174581017
149042099213215019203029092120930917
149042101045050255212237092125624217
149042101045131115056224092120930917
149042101045202118092066092120384017
149042101045205071040231092120930917
149042101045205071138198092120930917
149042101045205126034214092122646117
149042101045205148026114092120930917
149042101045205249003219092121956817
149042101045207001175121092123147217
149042101045207180012223092120176517
149042101045207183018068092120930917
149042101045244022140210092122696517
149042101045244205121200092122646117
149042148147192135131013000530111117
149042148152193065006173000530253917
149042148153139212096090000536331317
149053220171198231050093073514782417
149101154166231225123074000533563817
149144117095205139169045000536511117
149158066082050122121098062301217017
149163098227231225123074000533588817
149164124022215177154198004432140617
149210152067212195133124498193292717
149220109242215177154201386824846917
149249218226231225123073000534934417
150068030072202167046207069240688117
150130018170244001169249476404916017
150166085056138154105125034782396417
150166085056192030125005034782657917
150189252235231225123072000532869217
150251175114231225123078000535301817
151039242114205127141078437542344417
151045153003199153102059284370115117
151049119120215004018238593174246417
151104122246251224119214000535358217
151141185037207022045042068892441917
151198129011192182216063313850190017
151198129011194043104159503680190017
151198129011194043107013087650190017
151198129011194102251001503680190017
151198129011199170079126503680190017
151198129011199204124204087650190017
151198129011205127142122215490190017
151198129011205180004203215490190017
151198129011205236159180215490190017
151198129011215177155117377930190017
151198129011244158007083377930190017
152003042000139136059143000536122817
152009175082231225123091000532337517
152066085082139136059143000535393017
152071105115192030007221000531381117
152082018172212195128205130220751117
152098016185244038204221060800910317
152098020066215162048224223010365817
152151005099240183048041364910005317
152157252230199169208067000535450417
152157252230240235109089000532150617
152236190236231225123078000533457817
152236190236231225123091000531923317
152244033173139136059143000531309317
152244036097139136059143000532699717
152244038122064005155056000534963517
152244038122064005155056000535669617
152244038122139136059143000533094917
153014058240244031010013384282652417
153020012039205184042218232890122317
153037036193199153100146155285639117
153039114213207008087044092175326517
153039114213212195133124092170279117
153039114213240183051070092170930917
153039114213251224116107092170201717
153039120159050120061098092120930917
153042083180199153050217350110005317
153047221224205249010089555793387717
153053194191193065012010034783374117
153053194191199220222064034780506017
153053194191202024005243034781028317
153053194191202118095157034784572917
153065251126194042207002115503083617
153066212058231225123095000533031917
153077217069205213189137137360005317
153113069001192029095201581472773617
153151047073198247228194227150102817
153158081218198033105217000530813717
153170052214215163006231038440899917
153182225055199169206186513950110217
153188127007192022160239296622635417
153190242153199168152226010913949517
153216046202205251205198111115723717
153217060166244212073048156306196517
153217097215205184035163397480125217
153217099213202029247018648191266517
154005252018138030205127243900110217
154018048208212195135037625440628017
154025066201205138176063501003710317
154026222200202028201160116201212417
154040165080212202075077103694028117
154040174198205184035163166134584617
154042203089231225123074000530684617
154042203173231225123091000531824217
154129165183202024166011211796438117
154181210173199152010025498643091317
154195161124202030151040564245585117
155006006224198033059147135640936017
155006006224202031019174135642272017
155021220162199169015020036580365817
155040135065202030076051477834614217
155174191043199153102059425166315617
155194098189138145213173263394512717
155248157244199208057054422300588217
155248159086199169214089160010066817
155250090171215167114145075025371117
156087188118199153102059553140115217
156094130121205126037150499186206017
156102054075194078198074416706034617
156108211212202028024044176021263317
156127033094199153056246376336010717
156128100133205250094200405015032117
156145228087202030023105068813424017
156162014100205055131016079933383217
156183190053199171089114000535442517
156223002073194043117015084740688117
156243060151231225123081000536312817
156245189123207008082059164560103317
156248237240231225123073000531740017
157202008207198253220163321720012317
157225236034244029243026045000450017
158011109102207008084239063534189917
158014069117202029021053011193925217
158049028150212171083145109562834517
158050105124202031021214529893919317
158050194046198220158163514590103017
158050247185202031149149452613636617
158051022131215255051045536373993217
158051075035215161111253626645632417
158051190232202029230171089990103017
158070217242202028023077029450102417
158120244162199171100223167620500017
158136075103199224110214010351541717
158159137161212195216177088882824517
158178205114251196216220543124362517
158207074107193065062210648514007917
158216171089205239094039399341725817
158217145150202030054147384850673717
158218041242202030022235200200899917
158219207054198033182148347881240017
158254120070199170234217046220115417
159035254024194031044189099870104517
159095247226231225123072000532058417
159098228134205200027178165675969917
159111133128202028024044591761263317
159150031085202028164067208125032117
159221027096205032030112454412777317
159222052217131115161194387310688617
192044165083050253169183492161275617
192044165083050253169183562381276117
192044165083050253169183564071277217
192044165083050253169183588661275717
192044165083050253169183611871276017
192044165083050253169183622421277017
192044165083050253169183638721277317
192044246054240183050076527993595017
192113164166205250093233433144856817
192113167236205250089242412845133717
192123234042205250089242413315133717
193055166157215005179105433201239217
193080080115192182172158357870103617
193130130241198254094086092170176517
193130130241205113192036092170371217
193182224099064005155121357381164017
193237151098231225123075000531631717
193237151098231225123091000530847817
194032120013244038133045394484916017
194052110063205249055195114740289517
194054207033205126037089584741990717
194112005124205126032193322225770117
194117130020205250092127010435532117
194131212187194102249026503211803917
194137048022202024005121581861344617
194147151226202028210106545470102517
194182061228205035078210429730105017
194187210001202030162027332895784617
194187210001202031007170332894117117
194187210001202031150232332895353517
194187210001202031155250332895702117
194195131042205251205198594674954417
194197167119199169214054374941663517
194202171039138145199250613485988217
194222196185202030130244167621281717
194244175183202028160151036580365817
195004087194050062034042202351295317
195005227089139180038212036580365817
195005231131205071033176154700141217
195021029064192029095201153605869517
195022042090215027187202305852645417
195022085107207023230146281114320417
195033229031202030056231438196423817
195034061185205098232156503212970617
195037203016050056082029368372725817
195038005125219092051184183590714717
195068237199215176008130140322601917
195070018146205032024075001233990117
195074034009202031028056016660688117
195077006143138071026165000533023917
195082042166207020027127270320374417
195085231094244205131218485040112417
195109157130244022029222576882754917
195112132088138145212069178315211017
195112168053193065004085089993636917
195112185159202029001096100792953617
195112232032215106052199517324988317
195112255213192135131152611655048417
195113028074212171083145413342707117
195120095083139180034162315193327617
195135006201212194144247547415625717
195135137005215027184146615635631317
195143197039205251200152000535892117
195156083236205113194015399274747717
195156083236205113194015515764409417
195159188185205167105015326043538717
195160101053205218041103014381700117
195161144044219092051188594235117917
195163062190202028146044598545212617
195165100180205219154089142793287417
195186026078205251200174619255456017
195186108102212171043226534093978317
195186197254244038133045535213901117
195191115250212195071106388062800117
195198210116207180012223462996095017
195199251052215019203029001235525017
195200015194219092051184514130714717
195204179142240063017146128010204917
195207078046240063017146541416274217
195208195143205151251253216220102417
195211208244139180038212116444120617
195215046042212195130182347880808017
195244142102205249004129115090688117
195255193011199169202100130003686517
195255195129199177255000477831469917
196014049134231225123076000532128917
196014049171231225123080000533754317
196014049171231225123081000530574417
196038252128231225123074000531459817
196042240101116246215082000535238817
196043026048205211053248000531438217
196043026097205127001102000530952217
196043026097231225123072000531715517
196043026097231225123072000532158217
196043026097231225123072000536030217
196043026097231225123073000530417717
196043026097231225123073000532157017
196043026097231225123075000530880817
196043026097231225123075000531273717
196043026097231225123075000532645717
196043026097231225123076000533249917
196043026097231225123076000533586517
196043026097231225123076000533633717
196043026097231225123076000533821817
196043026097231225123077000536129417
196043026097231225123078000533369717
196043026097231225123078000534306517
196043026097231225123079000535076017
196043026097231225123079000535591617
196043026097231225123080000531467617
196043026097231225123080000533776717
196043026097231225123081000533925117
196043026097231225123081000535620917
196043026097231225123091000535737717
196043026097231225123092000534847917
196043026097231225123093000536099717
196043026097231225123095000530817517
196043026097231225123095000532024217
196043026097231225123095000536042517
196043026097231225123095000536103017
196043026208231225123094000530116317
196043026209231225123078000534680817
196052037242199138219017151530448317
196052037242205032028168151530417217
196052037242205125102100151514915517
196052037242205126033101151530145517
196052037242205126132098151522534017
196052037242205166126208151523079117
196052037242205249011109151514915517
196052037242215255019156151534915417
196052037242240183050076151534915517
196054053146202167044253068923275317
196054217253231225123074000531830017
196054254079198192203050050010102417
196055172072198229189168087650161417
196055172072205251205169080001492517
196055172072244248142058080005739217
196055183065207022045110039991608817
196082090186205112188097068894573317
196085001142202030099010482584147717
196085001142202030099010482584323317
196085001142202030105015482583862217
196085001142202030162027482584078517
196085037170202030089117321401134217
196085110087202030118165485775806817
196085110087202031021214485773919317
196085117070193232166117010264775717
196085130116244001169249548994916017
196085165201202029006207505965506417
196085210179251215148144442666003917
196088223174116246215243598040904317
196088223175116246215157421000904317
196092182181116246215241576240904217
196093064099231225123080000530974517
196093064099231225123091000530675117
196093064145231225123081000530508917
196093064211139072051021000534758117
196093065108231225123072000533700517
196093065108231225123072000533854917
196093065108231225123073000534244217
196093065108231225123074000530515317
196093065108231225123074000531262517
196093065108231225123074000533860617
196093065108231225123074000534752417
196093065108231225123076000532577817
196093065108231225123076000532888617
196093065108231225123076000533934817
196093065108231225123076000536413517
196093065108231225123077000532914417
196093065108231225123077000535841517
196093065108231225123077000536049217
196093065108231225123077000536109817
196093065108231225123078000531573717
196093065108231225123078000532332617
196093065108231225123080000530137117
196093065108231225123080000532756017
196093065108231225123080000533961117
196093065108231225123090000530840617
196093065108231225123090000530864717
196093065108231225123090000534376317
196093065108231225123091000531539717
196093065108231225123091000533986817
196093065108231225123091000533993717
196093065108231225123092000536070517
196093065108231225123093000530157917
196093065108231225123093000531197417
196093065108231225123093000533258917
196093065108231225123093000536406617
196093065108231225123094000531651617
196093065108231225123095000533617817
196093065109231225123076000534995417
196093167107194017228043439510148517
196154224157192030007219000533345417
196180166093215013083101313893752017
196219048158198241224169328856507317
197003183099192031165210000534804417
197003183099205167104077000533530817
197016123243202030210041010520688117
197025045117205217251224270395235817
197035151247138145213185490014325217
197038148067205164097069051280506017
197043152169237042073248020010200117
197043152170237042073248020010200117
197043152171237042073248020010200117
197048048113202029101215419955783417
197048211161212195130174393761598217
197052234005231225123079000530678617
197053130000205249010089538913387717
197054204009212194040169344574810917
197055240249205199054017069192193917
197061129192207180012223092125391917
197061129192244089100207092120382217
197064049162231225123074000536502017
197070150212138145209107000532640817
197085004084205098232210000531234017
197085004085138030194187000533405617
197086015014205199051074547811121117
197086015014212171016172539481121117
197086015014215161106198553631121117
197090160078215022057178195830005317
197095110132240063017146180190116817
197106117178231225123073000531749017
197106250176202029149205239521493617
197109049206215163005030200166003217
197109128135240235017190376985949517
197112172108202029120245532310160417
197113078103205249010089420683387717
197116246195212197179133450173015217
197124121040199169214136068812557117
197127060058193065075082346783105217
197130100072192182074123250002763217
197143022214205113195051030730107417
197143174020205249003219270326235917
197152211132205219216028454210038917
197152211132212194055156595200038917
197157011194215163164237395334312617
197158095039220021119250365174520017
197165042162050120062165294885032117
197171140176231225123077000535768517
197171140176231225123091000532771117
197174046055199208059161093364136617
197186228218202031160004429614927317
197210006237205217247190603220775117
197228082006215013072176155254995417
198162038062192030055222608162145117
198215023057205250093172243232613917
198239110048205126032069646400213017
199048176190251224228010247935298417
199053127042215004019226336623765117
199077059019193065125226516255932217
199079237029202024005227260856326517
199089017083205180073171339163036317
199096214000198247251165331130105317
199110122247139212118057289336353117
199122009003202118117158224526316717
199124100057205250089242245072649117
199143164128251100208248591333994217
199169198113199169198037413320005317
199201067071240063017174502102896217
199201142183205250093172110732613917
199201156240240183051040376194778317
199201237128199153100181462840288717
199212247078205126032236609306245817
199215069165240183051070308664944317
199245167098199152014036602413037517
199249193066231225123081000532575717
200016118132116246215255000534706617
200016118132205200226152000533500917
200052191123193065062210343564007917
200090125147248200052157042045007517
200095139228202030123205010000100017
200113025244194017237222270155281817
200124146172205126137163000536156417
200124198173205219172197000532055917
200124198173205219172197000534036517
200124200090192182193067002210012317
200124200090192182193067051080012317
200124200090192182193067073480012317
200124200090192182193067088770012317
200124200090192182193067107840012317
200124200090192182193067132330012317
200124200090192182193067140830012317
200124200090192182193067145990012317
200124200090192182193067192360012317
200124200090192182193067268410012317
200124200090192182193067294680012317
200124200090192182193067312020012317
200124200090192182193067374180012317
200124200090192182193067375040012317
200124200090192182193067459770012317
200124200090192182193067502770012317
200124200090192182193067568310012317
200124200090192182193067588240012317
200124200090252248025120167780012317
200124200090252248025120173680012317
200124200090252248025120262480012317
200124200090252248025120268410012317
200124200090252248025120278250012317
200124200090252248025120349800012317
200124200090252248025120392130012317
200124200090252248025120422230012317
200124200090252248025120435820012317
200124200090252248025120468920012317
200124200090252248025120469500012317
200124200090252248025120502770012317
200140247018205199057001352592513117
200161070227215161031064219573490917
200162025220212194251014080135402317
200162212070205166055177092312449817
200163166162199208152082403165520017
200173024025231225123091000530234117
200174001051202029098232068810688117
200174089176194078209105379601591817
200174105233198254094106068891334717
200174155096202028024230368805902317
200174222094202028065045458194229717
200175194142202029174229010245089817
200175196040192022167203363034916017
200175212064202030173134177654802017
200222015059139093092165000535505417
200236252101215018244002463354143617
200241120221199223117202271360229417
200244161081205239058180160013523417
201000058040212195135037117813065617
201072135131231225123076000534492517
201072135153231225123074000531491517
201084218219193232166117597954775717
201096073120231225123090000536029417
201102020184202031130249550591686917
201121233210244003026016507524763717
201128246088202029044056205862144317
201136191013205167206207010254628617
201139071154192182090041456825123417
201162252069251224004088068813568617
201162252131202031143030503214050017
201164054050199171100223185000500017
201192086187205126108207394312292717
201192186239202030078219128254733517
201196108082251196145100276562092517
201248056170192182193067023920012317
201248056170192182193067076550012317
201248056170192182193067182970012317
201248056170192182193067268860012317
201248056170192182193067308570012317
201248056170192182193067333960012317
201248056170192182193067484070012317
201248056170252248025120043560012317
201248056170252248025120268860012317
201248056170252248025120424010012317
201248056170252248025120579110012317
201248056170252248025120632520012317
202017083254205239079024050600522817
202017126114205239079024050600524417
202019036052192182179229571282786317
202119053130207183151219379680102817
202220175106205239079024050600532317
203024174235205098029246517932889417
203027122177202029176249392315742217
203030249123244212230125010815949217
203058008171251224032205345686183817
203099057087199224100173000534456717
203118228174139180034162012913327617
203119130030215177155093254361736117
203121132094199137234143237260743617
203123006164205070220062544956020117
203123039080202030078114010264697717
203123124019205125127041369155805217
203123145197138152125093588475955217
203126079012199136090160083655061017
203128185019205164190018156180669617
203132058010205070220088180222623917
203168237135194031028084491786004417
203169252136244089081011312090103717
203180021195244127157196068892566817
203203182002231225123073000533269317
203203182002231225123076000531570317
203203182002231225123077000530432017
203203182002231225123078000533234417
203203182002231225123080000534615817
203203182002231225123093000532936817
203203183253231225123073000533514117
203203183253231225123078000530176317
203203183253231225123078000534558917
203203183253231225123079000534134817
203203183253231225123093000532713217
203203183253231225123094000531339717
203203183253231225123095000531700517
203203204137231225123075000531044817
203224173094192029092170431930005317
203224189063231225123095000533854517
203230186077215163004203057645914017
204000193035194042195211116981822717
204002086017199153054042105590103017
204003218130202031173182312354697117
204006179232212194052220224012716617
204007240175207022029142287500102517
204010102073202029027055570050688117
204014214092244248041049612741997217
204022016210215162115045397790125217
204023110000251196216067502306485617
204023110030244205079215271466176917
204025039093215004233035238923147517
204026026134199221119051083565830417
204029114021139061080209140802681117
204029208167192029095208589146436217
204041035173207020027127270320622917
204046026097207012139034592270235217
204046050129205098232229042854267917
204049195183205212180114608925792017
204073125180202024004162089994514917
204088075090198255185126410925240817
204088224129192132030066030740307417
204088248090217010236205467813862017
204090126099202028195010543791968817
204092149092205249063049514131008817
204096045198138152126178529395652017
204101177073215027187202274642645417
204104052134212194251014257235389317
204104075121205167104077089995200717
204105086249192182086043214044833517
204110150190205184075186494173006917
204124046104207001000020583871365617
204124074102205218244149046983264017
204124086089205236085028070634180517
204124086200198193187025212210166517
204124087158205250094200134195032117
204124090236139143180197192434365317
204124097237198243029005564511547317
204124097237215004018234564511281417
204124116033251190074029531480144817
204124133129207180051185473890808017
204124177146138152125013401442088417
204129244083207183082162491971339617
204136073184138071031181463590038917
204136073184138071031181588620038917
204136073184138071031181623170038917
204136073184194114091195623170038917
204136073184199169198062623170038917
204136073184199177240231623170038917
204136073184205166052208463590038917
204136073184205166055032463590038917
204136073184215027234142463590038917
204150012238202024167133227652139917
204159155098202030153143517415003417
204160039111202030125195636315298517
204178088052205125127041350935805217
204189110145215167248166448641084217
204214133037192167234113292480556917
204214170208199223126076308520102817
204221151123050122231189396076285217
204237073216202030022235321040899917
204253102205199136087219010265032117
205016141152199223117202081960279617
205024071176198254091153064643449717
205046065097199177248203261700246317
205128049144194017229138566062907417
205129061109205126039009284005589417
205130074222205211050065267316179117
205130121150199177248242411175579917
205131020069199169207118464226226717
205132198042205250095175010294896017
205216155074231225123080000535918617
205216158056199224148178000535091317
206014117076202167129004413183491417
206019124226205098234026030616172517
206030189009244003007162103181601017
206038171198205180085094093070016117
206038171198205180085214093070016117
206048207188215013072176271104995417
206051011062215013073202269052393017
206056101161199153108066289370102517
206057155159244205131218558300112417
206089105115212195128205422464556017
206089105137199137227109165403187217
206089105168194042198163611153753917
206089105178215006174108308383337717
206089105192240235109082620420718517
206089105214199177245245127432795917
206089105236194042036100614592427817
206091050060244158139225394090104117
206091107145244038033222490011750017
206105047132202031159113261606321817
206105064050219092051184279280714717
206107245221199223124076499460313317
206111251194231225123092000531354017
206112038137199137232025270323185517
206155026068202030209173185001338217
206155091153202118049109521115141317
206155114021139072053034514172030317
206157212119205249010089012003387717
206163189125251073189165500071081517
206168117167202030081069617786146417
206193111147215161031064639773490917
206194160255199136068166613242733917
206205132151205113192143308544360917
206211044229244248166237011945092017
206214131118207180012223580155838217
206217058149205249051081284315080117
206219045177207020255000449216231617
206220228046205211054118188980814717
206241188234198240075081000535803617
207056112047199153103206103253612817
207116022090199170068172142150005317
207116022094199170068172452980005317
207116022094199170068172471800005317
207117057112202024016182034785830117
207121193040192182228150338821714817
207149154165205250094132368762768417
207196207163244038133045144132739517
207198170084207012143253340932716017
207199042168244038133045146064970917
207214205140205250093233273244856817
207229033028050253170215185324701017
207229224004251196216067304696485617
207231074090192022161219254390307417
208019071079202031160004628764927317
208063069147139130004184535310012317
208067065206207001174096436033343817
208082203076215007141241421646070817
208124254197205112188097649404573317
208229082224212194052028108955390717
209090061077205213189166112142800717
209090251126194042038231515582784417
209091241182192030040207068810103017
209101055010192182242239014725032117
209101055033202024005144582754322517
209101055043205126037192536455773817
209101063078202029231130431265544617
209112185093212064144230210116159017
209114107215050057213170068811708817
209142191116199169214136122943731017
209224147139215167114145501065362117
209235122105202030189060643315362717
209239029175064005155245000535676217
210005034201231225123078000536306317
210005039065198033105218380510005317
210005109043231225123090000535790017
210007087139207020030066000535888717
210011223039202031157160511051414217
210011223060202118034037199521563317
210011239154202028168184540884693017
210011239245202030130242302286234817
210011249016212195128205552533872817
210011249038215022006163538630899917
210011251028205239062133213983879017
210011251060205126032071390612880217
210013122221198209185095594442676517
210018008145212194251252187630005317
210018044252139212118162260170005317
210018044252202118036222347860005317
210018044252202118036222597380005317
210018044252202118094196511340005317
210022228123205249180113068815777017
210024215123207012138059503215798317
210028117038202024007104088882419917
210028117039139212124060088883860517
210028117040192135131013000530111117
210028117042192135131013000530111117
210056093042215007246013630766103917
210061086092205164099093004431000417
210061102007215177154198004432923717
210061102026240063017146004434276117
210061102046240063017146004434658317
210061102218205251202087004435627717
210061112208215177154201004434173317
210061112218215177155029004434142317
210061118234205113207083004432723117
210061166081240063017189004434367217
210061166251205251200208004433920717
210061167088205251202106004435521617
210061167103240063017189004434720717
210061167105205251200120004433495717
210061167163240063017189004436067817
210062203090231225123092000536076817
210063197068202167002161050565189317
210178016215199137227028030741532917
210187077123215027184232068812766217
210187145027212202151081083470879117
210206026081205211056089085900038917
210252200139202030075193068844050017
211021129168231225123073000532150317
211038129007240063017153004434968817
211038129007240063017189004431238317
211038129007240063017189004435684117
211038129041215177154201004432680117
211038129098240063017189004435292017
211240192235199170068172643690005317
211240192240199170068172462920005317
211240192248199170068172554010005317
211247232227050122231189001233655417
211247232227202024007251001235776017
211247232227212197255248001232426317
211247235211207001000071068061297817
211247245014207183019127068191026317
211253197119194086007127556592716317
211253199031199137227090647390262717
211253200204139130007194592996275417
211253200219198193186216625272721117
211253200219251224229119625274319317
211253200238244029049123569913833817
211253220150205218159165569044747717
211253220172194031033031521121167817
211253223037205125102216541275601517
211253223118244003240026545290236917
211255030221219092207093405030934317
212143024172116246215156544110904317
212143024172116246215157544110904317
212143024179116246215243604130904317
212143024180116246215241643300904317
212143025083116246215241507040904317
212194015201244038133045131381737717
212230093210251196218162502535319617
212235197157231225123079000530294817
212235197157251073188198000535024217
213107184216202030130242593906234817
213107184216240183048189595105413117
213128032007207001001026100732813417
213128200106207022024166010585692117
213128238013205199054017549422193917
213129187211198252033090340951419517
213182131010215177154200100015881117
213182131028205251202071100053919317
213182131057205251200212100034621017
213187173136212034247184050555266417
214003203056215007206182219710103117
214009034195194042041063038004951217
214012181149217010236253625113686317
214016236112202028186031038005032117
214019088031205218158241622595271317
214030178107202031028194422784947517
214030223100199208153108010880104117
214132085045215019235078543764961517
214132231124192167232114389096226917
214133035081202029027055284600688117
214133232018199204127014171751843317
214134176168202167077046611371129317
214134214135205217180050119845023617
214134225142192022167203414474916017
214134232070205180215113421302683217
214134246149192182243066210320102617
214135008112244248213082181621371917
214135232024207001005241232582326417
214135242252205236227244443900291217
214151154206192182244113547342629417
214169020186251196145111068820899917
215018220157205249051081333035080117
215167200011244248024143190481487517
215167203057244158005055371775013117
218042024043252248203203354435873217
218115204036205180066111405002968017
218131143248192135131146045006195317
218224197061205186046038589811294817
218225009058116246215242580690904217
218225031124064005155147555491234717
218225091066231225123072000530338717
218225091066231225123072000532032317
218225091066231225123072000534499117
218225091066231225123072000535692017
218225091066231225123072000535753417
218225091066231225123074000532195117
218225091066231225123074000532730817
218225091066231225123075000531395317
218225091066231225123077000531402417
218225091066231225123077000531414717
218225091066231225123077000531644217
218225091066231225123078000531977917
218225091066231225123078000532124017
218225091066231225123078000532813517
218225091066231225123078000534103217
218225091066231225123078000534738217
218225091066231225123078000534764417
218225091066231225123079000530706517
218225091066231225123093000535986417
218225091066231225123095000530424317
218225091066231225123095000531964617
218225091066231225123095000535982617
218225091067231225123073000531920017
218225091067231225123073000533747617
218225091067231225123073000534374317
218225091067231225123073000534680117
218225091067231225123075000533783517
218225091067231225123075000535481417
218225091067231225123076000530999917
218225091067231225123077000532525617
218225091067231225123092000530811917
218225091067231225123092000532965417
218225091067231225123093000533944717
218225091104205211122025000533506817
218225091107231225123081000535522017
218225091111231225123081000531100417
218225091111231225123091000534539217
218225091111244022140076000531124217
218225091168064005155109440471164017
218225125241207180012223000535347617
218225125241231225123075000532272017
218225125241231225123090000534565217
218225125241231225123093000532093417
218225125241231225123094000531887117
218225125241231225123094000531984717
218225141147116246215243623250904217
218225162157116246215240635650904217
218225162181116246215156354460904317
218225162181116246215242354460904217
218225162187116246215241386120904317
218225162216116246215242388170904317
218225162218116246215156390570904317
218225193065116246215081000535741117
218225236053116246215156655230904317
218225236131116246215243533030904217
218225236208116246215240375500904317
218225236209116246215242422560904217
218225236210116246215156605840904217
218225236210116246215157605840904317
218225236210116246215241605840904217
218225236210116246215242605840904217
218225236211116246215240430250904217
218225236211116246215242430250904217
218225236211116246215242430250904317
218225236211116246215243430250904217
218225236216116246215242493870904217
218225243047116246215240441630904217
218252053227139218240061208906033717
218252053227215167025218208902660917
218252097043205127141164000233640517
218252106082205127141164000234324217
218252110062212195069081220823370017
218252118135205127141164000233473217
218252194008138091029013000230577317
219117230111198209152169613534050017
219122038110231225123094000532210917
219122038110231225123095000531141417
219122166028205098239114514136468917
219252059039050122123138005000050017
220017251145215004162100099875379817
220145171171205250090022149712684817
220237188018199220215254214560307417
221050236046192166238235132693845117
221091243151215018133166041722826117
221191093051192182140199093060930617
221197133038231225123093000534897317
222084057036199169007111348263343717
222084057091199137225224581933343617
222152003055207180184225467320005317
222246141088138152244188068825262817
222246141088194207240015068820102417
223002129089231225123095000532074517
223003034070231225123078000535374617
223003039002202030076065011940102417
223003065196202030243206557470506017
223003085117199169195068011944649317
223005166134198193176021502865341317
223005166134198193183241529915341317
223009124148205148018114011940250717
223010195093199169214059270183977917
223010195120139180041231270185145417
223010197051205071016026043796514117
223010207032192030013000151524915417
223010207032192030121254151524915517
223010207032192030124164151514915417
223010207032194043124070151510409717
223011121080231225123073000533699217
223011121080231225123081000532551317
223011156115198192205182088012941017
223015083036198033105216000533203717
223044129146050123083014151526371617
223044129146192030104075151531247617
223044129146192030121002151524915517
223044129146192182205214151534915417
223044129146194043121221151516225117
223044129146194115167016151524915417
223044129146199136103060151530401017
223044129146205148028085151530102417
223044129146205166009031151534915617
223044129146205180019198151524915517
223044129146205180119247151510267717
223044129146205184073173151524473017
223044129146205236091150151524915517
223044129146207180012010151532320717
223044129146244001019238151534915417
223044129146244038061086151516453817
223044129146244038204221151530517017
223044129146244158004221151530346617
223044129146244212231050151532624017
223045056025205239062133549724176717
223080042108135079171168000533975517
223080042236135079171056000531929217
223080043164135079171056000533478117
223080046009135079171057000532093717
223208057004194043146168000530005317
223208062000212195089157000536381617
224000089132050122062058176835524517
224002181076139061080223591920114017
224005031104202024005050068814194717
224005114202219092011204509691969817
224018086037199169206186641630110117
224100022096231225123080000535117117
224141158218050253202084092120930917
224141158218138152126233092120930917
224141158218198255177173092120930917
224141158218205098232198092123190217
224141158218205251202232092120930917
224141158218244003240037092120358917
224141158218251196146005092120930917
224181090066202028123232576565750517
224187148013199224102037248882989017
224188054113251224032197440405302917
224188181192202024004180514143388617
224199210190139010250102087360044317
224201050236251224228010177685266117
224213113095215177154219629033740517
224217255079202030120252586715996617
224255190058050057213170312491708817
225021054208199152108151514486150217
225126009231139180046029312934587217
225126037058202031050037011274209317
225126037212215027185154036442736217
226025128048240183048199220035612917
226111131014199153059197000530271617
226235231052199221126006163545032117
227003187068244089149057001232628217
227005251102199169007111468083343717
227092248127231225123081000530896017
227092248190231225123092000532678217
227092248222231225123072000534503917
227129028003192182249226461452759417
227180072061205216065243503215334117
227180228110194031029185644406155317
227180228110199153054042571770103317
227180238240244157133109343312166617
227197057065199138217119235755404717
228065175005251224228010513895266117
228136146119205250094200573865032117
229012023138231225123095000531351417
229015049136050253202143322241172617
229019125184202031030003057915410017
229019229064205218245011596963878317
229019230088202031028056068810688117
229019249070202118049109394885141317
230099143088215004018234448461282017
230123000233199153103023447895341317
230123000233205066040248565375341317
230123000233205249055245556535341317
230123000236199177245075566545341317
230123138064199153099165401460005317
230158234178199224156157490014079417
230203220038205239062099045005359917
230203220042207001000068045001297717
230203220046199137227242045005402417
230203221195202024007232045001869917
230203221207202024017040045001882517
231032059128231225123092000535960317
231057147156202030174210170582874017
231059146130212171082154536963940817
231101032177244248204037533543853517
231165233248138145213014068892694117
231225125207198253188224576600005317
232055088192138030255233004436543017
233035191230202031130249589471686917
233049222095244158005052538536334117
233055028023207008188236358851862417
233094093174202029001096611372953617
233101156187202118029077050605825217
233101156187202118029077136046532817
234121236172205251206134270264948517
235128121089198193190090133060177917
235128151032199137238010081030005317
235163180226231225123091000535108317
235200169160193107087098530414698517
235201107094205180073171136533036317
235232178185199169222235377575996317
235237133153193241061248139843373417
235254019109251108224098503215032117
236146062150192030007219000533104217
236194234181139180032057010321049817
236219035157244089101171618044132717
237040072148205164096177400422199817
237040186154215177154198400255330417
237040186167205164096177400312199817
237040235131205164096177400182199817
237040235154205251200232400021077117
237042067018237042073100020010200117
237042071043237042073248020010200117
237042071044237042073248020010200117
237042071045237042073248020010200117
237042071050237042073248020010200117
237042093020237042073248020010200117
237042093033237042073248020010200117
237042093047237042073248020010200117
237042094172237042073248020010200117
237058090151205251200174385771063817
237097251011050254092220500455814317
237128204064116246215082000533409817
237135185151231225123081000536361017
237241128204205126032236034782659217
237241128204205139035254034785603017
237241130076202029060102034785081217
238041163174202029052248060015073117
238041185063212202150023070750215917
238071177202231225123073000533055617
238071238102231225123073000533169017
238174092028219092011204100202806517
238174120075207180012223100005839517
238174121177194038149128100510165917
238204142132207020253153021534006517
238204206120205184037204000256034517
238204206120212171148109000235065517
238204226031212202150023070750215917
238204247126199208051072445731197517
239000225090205249055152314454778317
239073028166199221121052259195881117
239170051080207020027127270325830217
240183075061194017239253161630038917
240183075061205211056089161630038917
240183075061251196144199067220038917
240183075101205216065031604030038917
241127044203215022059187377514917417
241205009070207001000033099872868717
241205094078231225123075000532658617
242022048113050056082029217982725817
242022137071192029095208537903465117
242022231245205184073173470120960817
242074089125138030201040596915907917
242238087255251224032197596346069417
242254061245205211005185314030450017
243054009032231225123077000531485217
243054009032231225123080000535935117
243054009034231225123079000531520217
243054009034231225123079000536171917
243054009034231225123094000532280217
243054009035231225123078000530351817
243054009035231225123081000531691417
243054009035231225123093000531427417
243054009038231225123078000531187417
243054009039207022024153000531352517
243054009042199224100174000535096317
243054009047231225123093000531305217
243054009052231225123092000533872517
243054009053231225123080000532076417
243054057188138056034209000533990817
243054059077231225123080000531516917
243054064005205219155114000535922717
243054064006205066063008000535907517
243054071253139136059148000534664717
243054081001139218240252000533015217
243054081002231225123081000535652817
243054081002231225123092000533832417
243054081003231225123095000533584217
243054081004231225123079000531245117
243054081005231225123073000531872417
243054081005231225123081000533878017
243054081006138071031187000535613817
243054081006231225123076000536457017
243054081007231225123092000530707317
243054081012231225123073000533322917
243054081013231225123081000533189517
243054081014231225123090000536524517
243054081014231225123091000536039417
243054081015205066063008000533803317
243054081015231225123091000535049217
243054081023207022024153000531426717
243054081023231225123090000536121817
243054081023231225123093000534141417
243054081034231225123092000533286117
243054101162205184043228000531793517
243069239127231225123095000530582517
243077129027231225123094000535215917
243135132124231225123074000536069217
243192025006199153048236432980106617
244052114048138091030193098403637417
244052118145240223023120068813650617
244057063017192030007219000532968217
244057135103231225123072000534357017
244057135103231225123090000535406917
244199065033199136086040001093678717
244199096122194042036113000231171417
244199163042212195128205099951183717
244200061166202031141188045050450517
245026247014202028159081225495077317
245060126085215255163163163540148917
245062008010205066060067611972523217
245063088036202030175173540585595117
245063143063198247242229257384865817
245098018073199177095242092103456717
245098018073205180118084092102634017
245098018073205194247228092103954517
245098018073207009053188092100910117
245098035119202028017202093200910117
245098035119202029085028103016199717
245098035119207009053188093200910117
245098098027240183004138068815371417
245098175121198193130094289554224817
245122067047194102244093112685492617
245200208147138030202064215185190517
245200211004050255048254220000230917
245209094048215004234224000535263817
245209094104251196217127000534867517
245209094122199169206038000532781817
245212078074205164122099371856035217
245212133001202024004190297773395517
245212172122205127141164000234087817
245251048117205055128226590700921717
246027230242194041038066010553619417
246030173168240183048228449440000117
246083083208205180057168137030111317
246083083208205187184133137030688117
247003032031231225123076000534731217
247003246130202031027064633376045917
248056209085192022160221579244292617
248062241188207183132053375316237017
248068066139198252174183000533981817
248068066139205187184044000533979617
248068066139205187184044000534779217
248126214134192030020233054956226617
248126214145192182206060024544291317
248126214171192030020233084676488917
248126214185192030020233008686488417
248126214185192030020233084636488117
248126214187192030101172084754469017
248138140087199153102133001236213117
248138141038198193185122001233387317
248138141038198243031092001230012317
248138141038199138219036001235727917
248138141038240063017189001230220717
249018145056215176008130514205546017
249018159214251224032194428942262517
249018177014244031072105514132634817
249070076198212194090010000534996117
249070079098198193177130001230012317
249070079098198193181245001230012317
249070079098205032022208001230008917
249070079098207020018138001230012317
249070079098207020022173001230012317
249070079099198193184236001230012317
249070079099198193191001001230012317
249070079099199152010028001232996717
249070079099205032022208001230008917
249070079099207012130088001230012317
249070079099207020023183001230012317
249070079099215027090017001230012317
249070079099240183051070001235297917
249070079100192029185162001236034917
249127242209050122184251004433530017
249143060071231225123094000534266417
249143060071231225123095000532922017
249145180105215162057234045000450017
249200183052202029108008511131050617
249222148047205184073173614651817517
249237146195249237146181586383345817
250015053028199136086054444671936217
250015155185198240073065501675032117
250015194089202029006014638932167317
250015195193251196146161568785325117
250025126186231225123072000533254517
250089101039205126137100068893127117
250223249141193065036050001234208217
251000214079212171148125055232712317
251000214132244029240023244553976717
251000215146240235109162149120774917
251000215190192029215053529340254417
251000215232205185136221395110005317
251129183008205251205243022432674117
251156109065199171109184442522442517
251156166047199170237189586852183517
252172188030205184035163292114584617
253102008178050255155186001230012317
253102008178138152125149001235949617
253102008178138152244183001230012317
253102008178138152244196001230012317
253102008178138152245066001230012317
253102008178138152252067001232933517
253102008178139180032019001230012317
253102008178192029095208001230012317
253102008178192182231228001234415417
253102008178193065057114001234309317
253102008178194017229143001234830417
253102008178194031028111001231309017
253102008178194039056138001234578317
253102008178194042207099001235204517
253102008178198033139164001234716717
253102008178198193176220001230012317
253102008178198193178194001230012317
253102008178198193187018001230012317
253102008178198193190150001230012317
253102008178198253042195001232667717
253102008178199169223122001230012317
253102008178199170079087001234863617
253102008178199208146088001230012317
253102008178199208147065001230012317
253102008178199208150017001230012317
253102008178199208150107001230012317
253102008178199208150184001230012317
253102008178199208158094001230012317
253102008178199224101105001235347917
253102008178202028057041001233587517
253102008178202028057211001233962117
253102008178202028175213001235525117
253102008178202028247123001233938217
253102008178202029056051001233829917
253102008178202029064029001235086117
253102008178202029080176001235569017
253102008178202029124250001234717917
253102008178202029161181001235672017
253102008178202029196198001233786017
253102008178202029214010001235750617
253102008178202029222053001233944017
253102008178202030008189001233353917
253102008178202030125215001233919717
253102008178202030144229001234597217
253102008178202030176029001235360117
253102008178202030189221001235890017
253102008178202030194033001234067317
253102008178202030197181001233595617
253102008178202030242117001235533817
253102008178202030248095001231214717
253102008178202030253144001235836017
253102008178202031067167001235992217
253102008178202031133016001233833217
253102008178202118054182001234203917
253102008178205032024170001230209617
253102008178205071137138001234161517
253102008178205098225042001230012317
253102008178205098232187001230133317
253102008178205164112190001230314417
253102008178205164118061001230012317
253102008178205164119196001230012317
253102008178205166209195001235660617
253102008178205187184169001230012317
253102008178205211035143001233435817
253102008178205211035187001230012317
253102008178205211040226001230012317
253102008178205211044241001230012317
253102008178205211048090001230012317
253102008178205211060168001230012317
253102008178205212235015001234891117
253102008178205218033220001235254817
253102008178205239044239001230012317
253102008178205249053201001230012317
253102008178205249053254001230012317
253102008178205251200208001235442917
253102008178207000069116001230012317
253102008178207001186130001230257717
253102008178207012130088001230012317
253102008178207012132242001230012317
253102008178207012138161001230012317
253102008178207012143052001230012317
253102008178212171042031001230012317
253102008178212195004146001233913517
253102008178212197087173001230012317
253102008178215019187067001233617117
253102008178215167026182001230012317
253102008178215167026245001230012317
253102008178215167027186001230012317
253102008178215177049153001234161417
253102008178217010237081001230215617
253102008178217010239000001230206217
253102008178217010239041001230206317
253102008178240183048221001230012317
253102008178240183234018001230012317
253102008178240223013042001234568817
253102008178244029032001001230012317
253102008178244029033036001230012317
253102008178244038067095001230012317
253102008178244248205065001233930617
253102008178248200071042001234481517
253102008178251224004216001230788217
253102008178252248203200001232396917
253130002147139093081146068813524617
253218175240139096108158093060650517
253243238147244248165093001233335617
253243238246199169214181001230744117
254116211058205166045064092170930917
254216096139244089149057044005659117
254216107121205250008064150055636617
254216107121244089149057150444845817
