002000046057050122231189129416284117
002004240059139180045077513932799117
002016169146199152013237522962571817
002019043159199169214086142255155117
002050242210215027088041462985487517
002061124058205180085094541510016117
002061124058205180085175541510016117
002075018152202030189132068810104317
002075176065251224088146469700150917
002075176065251224088146469704916017
002089181154212195128205123496079217
002104066190131115163191470170245617
002104167192205211043031499103491417
002116253014212194052220127792716617
002118041012207180013084574893119917
002126201188199220214065528881477017
002128227089244029048153007134234317
002136177077131115052065095272891417
002140147009207001131073015671066317
002140192163202030124099183682608517
002140217217050252209077549574765317
002141102051251108156178303443491417
002141199001215160157150410581876717
002143096036205167059219011285869717
002154181158050120063005622850102917
002156120173205249010089276293387717
002157023118212202075077024924028117
002158063159212195089174165303666417
002168150163202029044154150935164017
002180170142202030094183237481928817
002181176202131115160069112395992017
002181183019205236085045150075720617
002183249248207001174194213775838717
002184051229205126137105509770102417
002185225154199224145205502410808017
002187040142193065050214266050012317
002187096215240235017126096745456517
002190170131050255212237159441956917
002192032082139130005098363470120217
002192040175202029119024494265307917
002193042066199192037078030740307417
002193102227050121229061572434343617
002198212003202024005121068811681117
002199004007202030157146642155006617
002199113242205239062025267884954717
002208083200199169206186089990110617
002212165113193241063168237553355617
002242154216207020027073278522083317
002244051056199169202100450653267317
002244193068205164096177245382419817
003130126202199204078097000533099717
003130126205199204078172000532280217
003130126205199204078172000534561017
003130126205199204088169000535841717
003130126206205180071039000535494517
003130126206205180071039000535497717
003167197209231225123091000532749917
003167197209231225123094000533998417
005002088002231225123090000533816717
005079117015205239062170145420686917
005241019033231225123075000535878117
005254211095212195128205060004216617
007033006213131248239241068810892917
007036099060205166054175594125728317
007088036001202024007180415431833317
007088218038205032024094525851452017
007099109228244157049236471284594317
007142245080202028141036387493732117
007144119150199136088086510090758817
007153070109202029185216308941036217
007156236094215163006231194140899917
007157222011202031167039103766213817
007157247074202028203202535534050017
007159008061193241060127176950038917
007159008061205216065031075090038917
007168132007199137232103621451740917
007170004163215018244002168001409717
007171151170202030082108514135660717
007205095197205184032120278315600317
007205217013240063017189636970235617
007207075068192022167203579284916017
007207107138131115160069448595992017
007207201050199169214181572934631517
007208089041205180215113113371328217
007217033053205127001250629082253617
007220250175212195128205443343558217
007227194225205187184235614931031517
007230104246207020027062643410105117
007232071035116246215156464310904317
007232071059116246215156398800904317
007234055044116246215243355760904317
007234225064231225123080000530390617
007234225066139136059148000533800317
007234225066231225123072000532370117
007234225066231225123072000535324717
007234225066231225123073000533047917
007234225066231225123073000534912017
007234225066231225123074000532554417
007234225066231225123074000534485017
007234225066231225123076000534628117
007234225066231225123077000532427817
007234225066231225123078000530950417
007234225066231225123078000533858617
007234225066231225123078000535690517
007234225066231225123080000536160917
007234225066231225123081000531135317
007234225066231225123081000534586017
007234225066231225123090000535812017
007234225066231225123091000534527417
007234225066231225123092000533576717
007234225066231225123093000532448617
007234225066231225123094000533221617
007234225066231225123095000530938217
007234225066231225123095000533773217
007234225066231225123095000535594217
007234225193194017237164000532916117
007236109084116246215243457020904217
007236109088116246215243536550904217
007237234147194017228042519870148517
007237234147205098239108519870148517
007237234147205098239109519870148517
007238181055116246215156508170904317
007238181100116246215241371010904217
007238181100116246215243371010904217
007238181116116246215156597710904317
007238181117116246215242626750904317
007239232225116246215092366350005317
007239232225116246215092554530005317
007239232225116246215092616510005317
007240118192199169197049366712834417
008101061161199177250041000536490117
008101061161231225123075000531321817
008101061161231225123075000536011717
008104233062135079171182000531459417
008105070152231225123079000533346317
008105070152231225123079000534744917
008105070152231225123079000535888017
008126030180192030004237442890005317
008254242188231225123092000533194617
012130003168207001013203004435541617
012130008064207001006092004435415517
013026045073205126037194240501752917
013141016209205139032210000531243517
013145150035205239053028100014058817
013146093021251190156074133494659217
013147253052205211040133135252674717
013157052208205238230214240704941617
013157057228192182226135240701475117
013159232121194102249093000804915717
013212121052202030081014001234936417
013216085009244205139197240401104017
013216124139199152011094242002676517
013216141173207001170186055045731317
013216218173199153035028240203223617
013216219121205249053193240202711317
013217042121244127156120076304040617
013217123174199208048027241703832617
013217242148199152011094055012679217
013217245016199171106145240403704617
013217245214199177251097240305433017
013217248252199171108245240004273117
015007171191207180012223621815422617
015015036089198247229168038001929817
015043158076193107084114000535263317
015052116079205071020216634652254817
015053006019251224088150534180175317
015063032047244031200112116174234917
015063034240050120061118040256128017
015063039132205126037192072335773817
015063039243198192229244023003761917
015068141022205218157155513790113517
015133179038202031161186593584701817
015252177079205167107229571482816617
015254252226198033104135000533618017
016000173246199137238005183480012317
016000173246199137238005592450012317
016000173246199153034218074480012317
016000187170240183048041448230005317
016002248216207001003105004434351717
016003076028212195130077650755854717
016003076044198209159121654045848717
016003076044198209159121654063966417
016003076058199169207056650814296817
016003076144199137234097655155190317
016003076146199204078068650823483217
016003076153050122184226651294045217
016003076153050122184226651315709417
016003076156192030028020652294913617
016003076164194017237222650036082817
016003076164194017237222650053733617
016003076165194102251049654696020217
016003076165199137226238650345174017
016003076166199177248013652492683717
016003076167192182191114651695861917
016003076167205180039207654003450317
016003076169199153097129654666002717
016003076170205200146090652994064317
016006238168205166055032310770038917
016006238168205166055032348380038917
016011104228199177248201654224860217
016011124170199177248017650985946117
016012080224237042073248020010200117
016012248154244003007143069761940017
016013243073240183007110020050120017
016020219082205148085179360024742817
016035125044199168152226000531272317
016035125044251190010041000533713617
016035125046116246215181000534286317
016035125046198229151117000532999217
016035125047139105124085000532347217
016035125178231225123094000533064017
016035125209194038082250000531421417
016035125209199168152226000533114017
016035195067231225123095000533644717
016036124039064005155142413381164017
016036124039064005155145413381164017
016036124039064005155185413381164017
016043068168116246215232469960148517
016043068170207001132216345110148417
016043068171064005155139375680148517
016043068171064005155175375680148517
016043068171244020056039375680148517
016048150183116246215246391510148517
016049225025064005155104579341164017
016145222019194043149148493194994717
016146204198138071017060364080005317
016146204198240183050076206070005317
016149188226198209156153495295483617
016155131076139010250152029840005317
016160248194240223012177643276098517
016175038146050254095245050562813817
016175038146192030218203050565253217
016181154062131115104006000531320817
016181154222199192040127000534587017
016190253082116246215094593090005317
016195143015231225123076000530898017
016195143015231225123076000534339517
016195143015231225123080000531320617
016195143015231225123080000532588017
016195143015231225123080000534458417
016195143015231225123080000536079217
016195143015231225123080000536287917
016195143015231225123090000532803617
016195143015231225123090000533275817
016195143015231225123094000533842817
016195143015231225123094000533988717
016195143015231225123094000534202617
016195143015231225123094000535057117
016195143015231225123094000536355117
016195143020231225123076000530935017
016195143020231225123076000531183817
016195143020231225123076000533983617
016195143020231225123076000534310817
016195143020231225123076000535709417
016195143020231225123076000536423117
016195143020231225123080000534178917
016195143020231225123080000534554917
016195143020231225123094000530246517
016195143020231225123094000531019517
016195143020231225123094000531839717
016195143020231225123094000533580117
016195143020231225123094000536173917
016195143024231225123076000530657217
016195143024231225123076000532097317
016195143024231225123080000531278117
016195143024231225123090000532078817
016195143024231225123094000532648817
016195143025231225123076000532091917
016195143025231225123076000532405817
016195143025231225123076000533166517
016195143025231225123090000532710017
016195143025231225123090000534238117
016195143025231225123094000530289617
016195143025231225123094000531444717
016195143025231225123094000531458617
016195143025231225123094000531877717
016195143025231225123094000533809117
016195143025231225123094000535312117
016195143026231225123076000530460117
016195143026231225123076000534140017
016195143026231225123076000536456717
016195143026231225123080000533278117
016195143026231225123080000535225017
016195143026231225123090000533065017
016195143026231225123090000534237117
016195143026231225123094000530370217
016195143026231225123094000532891717
016211079229192182067052572663756517
016225186040064005155139395810148517
016225186041116246215246367480148517
016242056045139136059143000532791717
016242056045198241226237000530622517
016242056045205112112107000536430317
016242056047237042073107000533477217
016242056115139105124084000535531417
016242056115198253220164000532772317
016242056115205066254159000531769917
016242056115231225123072000530723417
016242056115231225123072000533990017
016242056115231225123072000534775317
016242056115231225123073000530686017
016242056115231225123073000531499417
016242056115231225123073000531698517
016242056115231225123073000532569217
016242056115231225123073000533256117
016242056115231225123073000536215117
016242056115231225123074000533417417
016242056115231225123074000533931017
016242056115231225123074000535956517
016242056115231225123074000536187317
016242056115231225123075000531394517
016242056115231225123075000533860617
016242056115231225123075000535362917
016242056115231225123076000531142817
016242056115231225123076000533100717
016242056115231225123077000530902417
016242056115231225123077000533566217
016242056115231225123078000533795617
016242056115231225123078000533958617
016242056115231225123078000536460017
016242056115231225123079000530412517
016242056115231225123079000531915417
016242056115231225123079000532056617
016242056115231225123079000533307917
016242056115231225123079000533393117
016242056115231225123079000533459317
016242056115231225123080000533100417
016242056115231225123081000530192017
016242056115231225123081000533149117
016242056115231225123081000535306217
016242056115231225123081000536387217
016242056115231225123090000531258317
016242056115231225123090000531548517
016242056115231225123090000532893017
016242056115231225123091000534846417
016242056115231225123091000534949717
016242056115231225123091000535661017
016242056115231225123092000531609617
016242056115231225123092000532504317
016242056115231225123093000532648717
016242056115231225123093000534283917
016242056115231225123094000533918717
016242056115231225123095000533905217
016242056115231225123095000535093817
016242056158205211122024000535440317
016242056208199169198037000531969817
016242056209231225123074000534317217
016242056210198192227122000536428717
016242056211194038095255000536321717
016242056211199168152226000533204517
016245219142205211122024387690148517
016245219142205211122025387690148517
016249228148116246215071650980148517
016249228148205236095024650980148517
016249228149194017228042535300148517
016249228149199153061043535300148517
016249228150064005155107559090148417
016249228150194017228042459880148517
016249228150205211122026559090148417
016249230244205098239108509790148517
016249230245064005155137490850148517
016249230247116246215070400260148517
016249230247207020029042400260148517
021020028132212194043032001230012317
021020060007240063112183001235275617
022196105122205251075018081143138617
022196172134252248203203081145909017
022197046034205186046101081144002617
022197125189198241226023081165766117
022197221216050056130221087653942617
022208022232231225123072000532615917
022246087050205239062133364720167117
025013203217205187185217351680891017
025066062205202031094000334785730217
025066186143240235109089388145892217
025083123062202029214164010273781817
025132031184198209173218515850102417
025156202174205239093216011241818317
025157044182205184040143039616431817
025189155079202167046207446320688117
025202120118202029249060471485471617
025202134074139180045015038004397517
025205026087202030157146054465006617
025206023080202031152145314504542117
025240021061199153039244079960102617
027018088135202031058028601753597917
027024098102207001164176012714888517
027044009098244089149057030742677817
027052033056212195069012642990420417
027097057120202030166060258485386217
027114073141205098030092385420102617
027114093000205071020216299152254817
027121118121194038144205217144379717
027121122210192029085115390273611517
027123006185215255019213451384372517
027123015188205066140058319080102417
027123032122202030242229283366267417
027136167061244003025168201024607617
027136167112215163005169386922797417
027159021210198192215047633850553117
027161027250205249006223167792222717
027188202032202030071011068810688117
027196140130194042198121137655085017
027196163041205125077129316233278317
027227170185138071029115284370005317
027242027206199169197049569492834417
027246023217251224088150306160102417
027247068122205239062133242121941317
030007164179199137227090143061773517
030010144013205184032120060051966217
030015071074199208059064400035293817
030015071074205126032236583824807217
030015071078194043182010034784616917
030015071078205126032236034782666417
030015071078205126033100034783668617
030015071078205126037089034782639317
030015072241138154105125034785452717
030015077047050121086045034783735717
030015091113205151251147034785650617
030015091118199152011063537303595017
030015094049199152010018034783055717
030020100093198247236104207143051717
030025174210050122228221239015695317
030032032174198247238220490432736317
030034177064131115160069309805992017
030037228180199170237173397486011217
030048214219215007140194640030808017
030053055045215019148157439060491117
030055254098202028074062342014568217
030060039131198222245011263761608317
030132094113205250092127183675532117
030135024087207012138117177316460617
030149018220205239049229446270130317
030155243178194043146188162700212917
030161197017199168235110089990102417
030170086241207020027127270324724217
030171073160199137227203624635670117
030176203099199169198037000536207417
030182046163212197179133001234554517
030200018248199153054042408630103317
030201077100205249004179273696189117
030201080231244031146161598000102417
030209178035244212136228526375983417
030209239126231225123074000533441217
030211066069205239062013649565741717
030211131123194043109015299493101117
030216170099199223123197068810124017
032021137143231225123094000533264617
032023162010194042039088505103357517
032025129023202029231130419725544617
032033195215198192215036106863693317
032043103061202030057249068810688117
032049108194139180046029493304587217
032065047039202030157146497666010917
032083196083202024016106466335311617
032103096227231225123072000532854317
032115043118231225123095000534610017
032130198247202030067109405005349717
032135215089192132030066518680307417
032152018166205071021003329334489617
032168157239244038133045037790688117
032207000142199169214089485005813417
032207174011215161029125371662569717
032243075234205112115227563690102417
032255066050135079171152000534129517
033166223008199169198062281960038917
033169017188116246215038575861234717
033232088044192030007219000533715917
033234058160231225123094000535598117
034023148109202029111184583440899917
034074203253205164112226000534613417
034093192100212197254197408600102417
034104066165205184043229000535689917
034104066165231225123079000533549317
034104066177205166127236000534145417
034114009136198255188059116565679617
034120099235205126032234000530794017
034120099238231225123081000533744217
034120101215231225123077000532296917
034180201110205125081143079824546817
034183237106192030125051270320102417
034185022136050056082029645561673317
034195254012231225123076000531566817
034237211047251073188242247210859917
035014188070116246215163549260148517
035015088246198240073077459730688217
035022010198199168152226518720102417
035097058004251073188066396884611417
035118047149215255200002456825942217
035126158156215255200002577045942217
035137130051205194223164068812210617
035138182174205164190018260856182417
035182092215199170237185297131468017
035209148076050251143092230412412017
035210140045205187185217559360891017
035212107149199169214054285610111417
035214042022205211043031308373491417
035216142066244158005052580516334117
035221101244199138218124093060638617
036046111036219092009071093200910117
036050137081205164118209334460667217
036052066013194115208241018646327817
036083098094207001003110354536011517
036087017102194031112214425193283917
036103084231215162113128577845032117
036229024226198247229168582411929817
036229128176050120061170643860104517
036236165068131115160069598675992017
037001244016212171168138129884571217
037011176169199137233223055812768917
037013175244205236085005301005371117
037045231222205236228042173941385417
037162140053199168152210073543974317
037162229247192182186075622240930617
040004082193231225123080000535207417
040124114078219092011207492074920717
040219157003202028017181012533934917
041055167105199177255167560521361417
041055167105212195130006560521284817
041131074162199221117050498895523317
041133116238138030255162000800005317
041146223064198254094122059994383717
041146223064205127096106059996484117
041146223064215006172212059992849717
041150164250231225123076000535596517
041150230253192029185100050561251017
041155014119231225123092000530261017
041155068095138075190002000531828917
041155068095192029092170000532182317
041155068095215161044221000532394717
041155068095231225123095000531658317
041155117093212171170100082535597117
041178192112199224149004641816074717
041225076226205187246050050565568817
041229198213205200147195645340005317
041234113206192031126139562010102417
041237237055192029211131089990104917
042006103124202030070109010253688417
042006125222251190163116013782677117
042006168050215167248173597686075917
042038151094205187186044380314661017
042054112007207001003108135491477817
042055042178207183151219500820688117
042055115018050254095178154735775017
042075119136202028186171390735963017
042088036254202029011210560756273117
042088118041212195084217182464025417
042088146143205180052082240662014317
042090049024207009242202010303761917
042090062219202030141146010471688117
042090142112138152125013456532088417
042090148163202030014153578570688117
042090209145202030068154180772382217
042090224223202029211177012064712017
042091194157244029213039019620102417
042092166012207183151219565490102817
042093133037192030057255057600104617
042093133162251190163116061052677117
042093135216198254091122204090322817
042094032059205236085045010295720617
042094041094205180048112010243200017
042094074148202167077046351481129317
042094115176202028028028158481454217
042094192080202031165238010460688117
042095061142202030067194082662540917
042095062212199152081107051334943317
042095107056199136068166604182733917
042095217196198243068036514136173317
042100204220198255211162405641385717
042180104024212195028084119270688117
042204052222131115160236070083559617
042204052222215027223171070086208817
042204053160050121229061060086178217
042204053160205071021217060081168217
042204053160207022024194060086464417
042204053160212064070159060084395017
042204053175202167044253070083506317
042204053175205126032234070082696617
042204053175215013072176070080599917
042204053184248200034121070080639017
042204053233205185136196070082644417
042204053233205187246226070082012617
042204053233205218158048070084271117
042204053233240202062082060083723017
042204055065205218157165122800344517
042204056091205167104077070084894417
042204056091215167114145060082659617
042204056168198193188205070083351417
042204057159199222137066060084032217
042204059034205071025061070085087617
042204059034205218158162060080135317
042204059170138145209075060080120417
042204059170198247225208060081674617
042204060035194078211244070082516217
042204060035198228177145060082664817
042204060035205035005166070083372517
042204060035205200226102060086411017
042204060035205213162073070080718617
042204060035215027220171060081770617
042204060035240235109162070082210017
042204060041205218156066070084521417
042204060041212230042065060082700217
042204063195205213189188070084754817
042204063195244038133045060084768717
042206249175198255185138122102301917
042207241235139072053034491606054517
042207243122202028195010393061968817
042207245239199204089074428272726117
042254212181199169214136634984521317
044008108211205236089082240105673117
044008113233192029170002321001002017
044009105100231225123078000533065717
044009114038205194246246000531652417
044011105069231225123074000533206217
044011105069231225123074000535885517
044011105069231225123079000534276517
044011105069231225123080000530611517
044011105069231225123090000535975017
044011105069231225123091000530137517
044011105069231225123091000536412717
044028015042231225123077000530527417
044028015042231225123081000531099217
044031045223207001174217000533274417
044031171089244003024194081162914817
044042096005231225123073000531414017
044043000056212232238079081120146417
044043015129240183051073081180118217
044046158177194043149125000533406217
044050104021205239062137081081566617
044055062072199152013238040703175817
044058080161139005144253081080587017
044058248246205149042158081100105217
044059200045138091022105081104102317
044060012175139136059143000532430217
044066145085199204068237000536024717
044071171090205211048023000530877817
044073023188050255049114040501128117
044074012196231225123077000535571917
044076014095231225123074000533869517
044076014095231225123094000533672617
044079113074199169198250000531025817
044095242042231225123072000534838617
044095242042231225123076000534976317
044095242042231225123078000532577417
044095242042231225123080000534024717
044095242042231225123081000534493717
044095242042231225123092000533854617
044095242042231225123095000535539717
044198159141231225123078000532862217
044198159141231225123091000530622717
044198159141231225123091000533203417
044198159141231225123091000534429017
044198159141231225123093000533213217
044198159141231225123094000534877117
044199239105192030007219000530826217
044200000012231225123076000533131717
044200000013231225123072000536431317
044200000013231225123081000536318517
044200000014231225123090000536047217
044202017032199168153244040704480817
044202160061231225123078000530691217
044208091149205251205060010534993517
044211120133231225123094000532808417
044218021163205212229046321002623817
044219012055198228176162000532211517
047000162073231225123072000530475317
047000162073231225123079000534549817
047001020003205219222009000533990417
047002121236205098239114451506466417
047007099236198253195242000535120917
047011125022212197179178000535007917
047024033228231225123078000534492217
047026008175207001130205093394712517
047026126098050251189121093394543817
047027063042207000066076093393764317
047027064019215163112217093394528417
047028024053205213161137320991700517
047036053113231225123093000533152417
047037032218231225123092000535883617
047037118172205098234023093394383017
047037118172205236254234093395757217
047037136053205250092216093390481317
047037137229212230042093093392721317
047038016058199137231132093395785917
047038020032205251072219093395011417
047038027096205164096233052463364117
047038029046215163115082093390328317
047038054089215019149253093390172117
047038074042244248041112093394462717
047038078125205239062133093390246417
047038099013205239062025093395666517
047038099013205250090194093393760917
047038101206212171082252093392642017
047038138172205251200174093395187417
047038145153251190074029093395022817
047038169227205216060222093395133117
047038231038205194245178093395691717
047038233172205236087208093393771217
047038233202050121196096093393769017
047038233202240223181066093394442817
047038234041251224229127093395269117
047038234192050252039173093392709617
047038242010205180139218093390185817
047038245087050251189121093393558417
047039036028212195071205093393870717
047045024110199152008184093393541317
047045062031244001198242093393371917
047045178111215160157143093390880317
047045210082205249053099093394472917
047045231157050254094253093390523017
047048007179205126033101093390162617
047048009096215255061253093394029317
047048030083194086003190093395200417
047048074236212227179141093395332217
047048130064205112188193093395877017
047048179244215013083029093394202517
047048195171205166055177093393317417
047048211089192167124058093395316917
047048223029205199050056093394351117
047048226028198192209197093393340917
047049008024205194242151093392977617
047049010248205126037150093392647517
047049040211205098232191093390358217
047049040211244020135109093393535517
047049042011215018162171093394114017
047049059032207001007191093394493017
047049125210205071038075093396535917
047049125210205098227145093394073217
047049167169244248204037093392960617
047049190187138152125013093394345917
047049190187240235109109093393892617
047049217114205211053184093394969917
047049249052199152010075093393725617
047050047250199137227234093394582117
047050081234244029214090232960005317
047050131247205166254206093394158317
047050159204138152126210093393646917
047050177076199152012220093392417917
047050203175050062114183093394930617
047051015164202167000210093392667617
047051015164205139035230093392667817
047051059159138056033185093390223517
047051249211240223037058093393784417
047054114103212202218040077815386217
047080081137248200243253055145937617
047081010202205199049150113740005317
047090024009251100166226018123971417
047090041065198229188188081020179617
047090172033231225123090000534297517
047090172033231225123095000536082617
047091000043207000086021093392736217
047091000043215167112210093394435117
047091000043240235109085093392911617
047091053226215160090199093393969917
047091075213199171099206093395781717
047100019196199137227028030741533217
047100019241199137227028030741533217
047110208131205199049150211330005317
047112113240205216103183087650830217
047112113240207012136078080002611917
047112113240215163200097087652692617
047112113240244089054192087655803917
047114186232205249060217099335105817
047119020233215007246013055025304617
047122027120194043176082093392670517
047122167011131115180209093395764017
047122169043207012134057093393657817
047122232042131115182085093392644117
047122237229199153105028093392651217
047123007234231225123078000532863717
047123008023205166057046093391022117
047123015178244248042030093395414117
047123025074244248213082093394835117
047123031143199168157185093393320517
047123033166139005144168093395139117
047123040177205066136005093393546617
047123044045205187188124093393817117
047123048087207012134015093394675217
047123050073205194243149093395394317
047123050189252248203203093395783717
047123056104207183082205093391481217
047123057205212202219030093392490617
047123063087240223015137093395238017
047123106021205212228110093395290217
047123136195212194251014093395090917
047123151051207023229022093393596517
047123172000199208063006093393830717
047123172168215007246013093395550917
047123201180205071047171093392882917
047123210098212195089178093391628717
047123226034244029048153093393729717
047124002207207012138192093392733617
047124006170198193177140093393567417
047124049093198253201122093391888817
047124087221205055205182093394049017
047124094072198193183082093390177917
047124096231205251202105093394432117
047124111128244127159190093394457917
047124137016205149041228093395028417
047124146193205187184146093394229117
047124146193205219223041093395534517
047124156040212202218246093393666417
047124176161205184032065093390275717
047124224170205164097081093393392117
047124240061205139035190093394227917
047124240061251190082050093392835417
047125182010205194216071093393654917
047160077070131115052071040701595017
047160077070131115163180040602656117
047172187153231225123091000534321717
047176245120205066248203081000102417
047176245120207009243234081066133417
047177085145199177083019360071084117
047184195035205238171059068811025817
047230055048231225123078000530343717
048020161234192022167203456824916017
048039050108192182239148626176018717
048105231244207000067229288350104117
048164034239205098225114080005188017
048165012152199153098173099254073417
048165037068050122105077039995059717
048165037068199177255225059990280217
048165139132205066245181013425071817
048165149189050255212237100882052817
048166048016198254094066013425136817
048166085168205239053028080004251117
048166249199192182063137080005188017
048166249199251190074029080000102417
048167030099194086011184080002644417
048167030099199169200134080002871217
048167030099199169214181080004321817
048167030099205183125068080005188017
048167030099207183082162080005188017
048167222100199192047189100000910017
048167222100202030183118092100910117
048180136105192182193067149390012317
048180136105192182193067180780012317
048180136105192182193067198190012317
048180136105192182193067310790012317
048180136105192182193067495020012317
048180136105192182193067533990012317
048180136105252248025120240790012317
048180136105252248025120257530012317
048180136105252248025120439790012317
048180136105252248025120495020012317
048180136105252248025120558270012317
048213152091231225123075000535706717
049003038033207023230146513944320417
049003048115202024166184105533984017
049006038152215161031064514133490917
049017225193202030210171556652476817
049018094019231225123073000532214617
049020059038244089100204143886076617
049020102250199153054042159720103317
049041214191244127156184621660102717
049042125100244067210236558980243017
049057107173199169197049511102834417
049058189134199137227109164953190717
049076015045205239062137293684246217
049076058083205113250126268061937117
049076182081205236085005367114721817
049078038063205251200174522956085417
049093213174240235108141390755644617
049096062080138075179000068810127017
049101236050205218008153050563731917
049104122172205164127233592796135417
049105203240194017239253091460038917
049105203240194017239253325070038917
049105203240205211056089325070038917
049113061244139130005098562170120217
049117241223202024167040332466372417
049119025249199169198062107190038917
049120120169205249009102016751651717
049121104075244031072068157706415217
049121106231205112117059590312724917
049122010010244003026016210704763717
049125054064202028223088503215032117
049132070170205211049098016155317117
049139072024207023230146405004320417
049142095236205187184126466503517617
049142161230205071047208357815210417
049142246218215163200054603120102617
049151048063231225123080000531044217
049152098252131115224148258256050117
049157234248251224088146649675141317
049169244060205212182061590194498217
049187069190205126032234108325539417
049192025028205166059108430970102517
049193239143192182222155456572360317
049194031147202031186106147144778317
049197126078244038204221305220365817
049199050155194043113081514131776117
049205244069205098239114120592230517
049211154083205185134084001235303917
049230029228251100166039516680102417
049240242002244031072102150243945717
049251171203205218041068617430381217
049254050210202028190002443915141317
050018030236205071020216591122254817
050030220197205113251037000535094317
050031200227050120063139503215032117
050050032012231225123077000531967417
050050236032212030094146001230502117
050051127103139212103189011984238417
050063155128193065062210174934007917
050069238058198033105218193560005317
050074105082231225123090000535044117
050074105087231225123077000533794917
050075093021244212229162045003444717
050079061060205211056089439760038917
050094093111231225123090000533592817
050094152009198209059209078890828317
050120019013205251200174173103675117
050230032104244038204221214630857617
050230053018205218244149431893264017
050231184003192182223033026856100617
050238106175194017228117608450593917
050239207201244001169249089994688117
052232225042139105122034044336204417
053009005074138154105125093063711717
053015011004198209178067275085336617
053018136231199177245230634902048617
053030237065215106210091606880930617
053034014213192182185209080801830117
053034027045219092009093278113562217
053036004201215013073202381562393017
053042039100215019148157542492146617
053042118040205251207214264660103417
053045254255199153100146412475639117
053048171054205112117059391512724917
053052134029207001131121236345471617
053052159145192132094150010281240517
053053229085202167045128409893345117
053055080157207020023006600551846817
053055092130199169214167567185823917
053055095128215161005162572964161517
053055119048244029240023620515141017
053071192082205113197156400382868517
053079235119207001013216011983545917
053085227076231225123076000535903017
053086186217215163004120384535424517
053089185185205211049098250412807717
053095144114198192229244102440103817
053110126219192132183205030742829017
053111040066199169206186160910110217
053116088110193065000163045200452017
053144028206205125114199151073730217
053154213215050121119148112190827017
053157155178194042201154150970307417
053173027205199137227109228733190717
053173106002202029044062514136381617
053173161007202030170188541805629317
053177107082205112119082391834058517
053181126126131115160077356705992517
053200022136205180050239599800688117
053203052021199137227109475763508717
053216128219138145199253202842734817
053216131124207020023006321451846817
053220172198192022167005420894134317
054106023025207020018220268440106217
054110009237251073161183133822697517
054120255241192135131152533605048417
054146019149050062046165040202710617
054146028196205251202126040304960717
054146029115251000115139040205080517
054146030217194041033077040505867017
054174221189193065117210520495542117
055227216219199169197049427732834417
055230146086231225123078000534610817
055233058034194017230106531475861217
055233058034205249058184531476542617
055238033096207023230146405004320417
055248036197205219217252505632681317
055249139035199152015237530880038917
055249139035205211056089158770038917
055249150121205249055152035494778317
056003020033231225123090000534140317
056034230072231225123076000531136017
056186124056244038204221617252113417
056231227017199170078210005000119417
057001248145251108224098405005032117
057008218012050255049114354974473317
057009222054240063114123262430141217
057011216162050255048254121032152217
057012102072138152126074436582531017
057012112241199169214136273312557117
057104127189138056073197233860038917
057104127189194017239044533770038917
057104127189194017239253580300038917
057104127189251196144199385440038917
057104127189251196144199533770038917
057105129041205212176179580426125417
057107026059207001013012241490102517
057150230089192022173233079700117817
058020005083202029243118148832025217
058025048162194207242210143715723517
058034126050199223113012178720106917
058041122140194114010089475675788517
058045012197244029086246001233647717
058045012197244029086246001235890517
058049194244199171103180132131971917
058060142117199152013237496422571817
058107166151205032024094334711444317
058107171196202030062012623080365817
058108202041251224032197564322952717
058113127012251224117128112542781617
058115230033199137235245635090255017
058115240181205126032234297095539417
058115255018198255177173514131586917
058120180102205066248225585930173717
058121102216205218157149537050651917
058121190203138145199250046655988217
058122177137050123066195253482784517
058122182117205251205181068811789417
058158075134215255200013191590248717
058158215171199221119051250725830417
058193208106205251205181645781690617
058212143067198209156153150853876917
058215080188205180066111405002968017
058226202246199137140191050562633017
058226202247212195128205050563523417
058239016212192022160221624804418517
058244157254192029087052111215866817
059025174011131115160221150003365117
059026242207207020020104019571749317
059031112147205217248037570405937317
059166090096193065033125585132727817
059170032131251108225222202684050017
059170169203215177138239571853261717
059172099140138145212069592985211017
059173104109202024005082068824160217
059174141107194038159036218690124917
059176149124207001164180115801812417
059182037232202118024061013202440017
059182105221202028017174184493731617
059183152198202024004032010274101317
059186100176205218157093342064244417
059187088206202029111184035890899917
059223056212205184073173114794589517
059252155150205212182178001234168217
059252155150219092010176001234655317
062195075108212197179178000535090217
062196040137212197179178000534999017
062196040137212197179178000535903817
062199166086231225123077000534572217
062199166086231225123077000535039217
062200071067231225123078000532338017
062201012208215013072176055140696517
062203004122251100165185103464784517
062204109093199208052175055123939417
062204109093205200247125055134218417
062204109093215162050050055132638017
062206176135205236237226055133889517
062207064155139136059143000531407617
062209016255050252039173093394308117
062209018251205200149026093394624217
062209073075139010250152530020005317
062209182005199153033170068810134417
062209212061244067235079093390236717
062211102164205236089095093395535217
062211216210131115009201093392675717
062211226226205126033101093392672317
062213118122251196218162093393521317
062213120083131115009005093395903517
062213242242205066156125093392358117
062214086025205217180005427840005317
062214113100138091020221081022656817
062214140073251100143082081044187817
062215150215205183123101398140005317
062217192142205055202191081143711617
062232029149244003026246081040107617
062232067228205167105053081160102417
062232240014205217247056081005529617
062233136246212227182143081005241317
062233203244198222247163081181981617
062233239047205164190034081100688417
062236134115205184032152081042297817
062237190028251224229112081023195117
062238208142199153105131081182112117
062238208142205166050186081162704217
062245211073050255049114055121129517
062245211073205250089102055125716717
062246018047192029170002041003565717
062246018047205126033114040104539717
062246125051205183123101565280005317
062246154137205098239114450046468217
062246203121212195125024040800192717
062246203121215022057063041104165617
062247008115244001198242040604409217
062247021110205250089102040105875817
062247021110212227179066041004755817
062247091202205126037152040204387017
062254027108205138232131241602092917
062254246053251108156219040305199517
063145012091215162167253081001107417
063147010240198247249140081105119617
063171239097139096109012040913516617
063172004182205098229061102585835917
063175140090207001170186241701819617
063175153012205217251242240401930117
063175231215205126034214240104843217
064004253061231225123075000534960717
064004253062199192040127000534482417
064004253062251190010037000531049117
064004253063198252174183000533502817
064004253207050249221040000533318817
064004253207050254094253000536382717
064004255032212034247249000536405617
064004255033194038152203000533764717
064004255033194038152203000534406517
064004255033205127001101000531950917
064004255033205184043229000533863217
064004255033244248229133000533886517
064004255033251224035006000534869817
064004255035244248229133000533189017
064004255081199224146018000530824117
064004255128231225123073000532656817
064004255129050254094253000535010417
064004255129139072051021000534477917
064004255129194038152203000530968017
064004255129194086002161000530444417
064004255129205213189148000532052917
064004255129231225123073000532669917
064004255129231225123073000533029917
064004255129231225123074000531025717
064004255129231225123074000534113717
064004255129231225123074000535243217
064004255129231225123075000530210617
064004255129231225123075000532883917
064004255129231225123075000534902117
064004255129231225123076000532166917
064004255129231225123077000531604417
064004255129231225123077000533276817
064004255129231225123077000534588417
064004255129231225123077000534931717
064004255129231225123078000536107317
064004255129231225123079000531921717
064004255129231225123081000530103817
064004255129231225123081000532762717
064004255129231225123090000531210917
064004255129231225123090000535461717
064004255129231225123091000531506317
064004255129231225123091000534912117
064004255129231225123091000535434817
064004255129231225123091000536189017
064004255129231225123092000531477817
064004255129231225123092000531707717
064004255129231225123094000530635517
064004255129231225123094000532332417
064004255129231225123095000533987917
064004255129231225123095000535425917
064004255194244089236005000531548517
064005214193205112188074034785090717
064018064169202030130242248746234817
064026007093194207240006453452911817
064036185255205239062157628166491117
064048147114207183132053026236237017
064064066226199153053006586770114317
064089111202244248043249045005632517
064233137026205071138198463342958617
064239213048251224116037089995675817
065003145161244248229162284075768917
066151098140215018247066588980104517
066164103077202030129046612830688117
066210098149050121119148626975199117
066218040069244089101154188472638417
066232032116138154105125526344509317
066254103128050056145002514133147217
066255002053199169197049145872834417
067000144085244158005051030740307417
067007091199192030028243552436487517
067008230091244089100219337463343017
067014249139194078255064010244169617
067016065211202030242063010355651517
067016109185205203003077125030230717
067022118050050253157012110832339317
067023118211199208053120010276150417
067024252213194017229137068820344017
067027119026202030094130591005554617
067027119026202031157221591003409517
067027119026202031186235591005176017
067180091140139180033116068815644917
068081232065199138218122313903334817
068120183053212232088181174612017417
068125157144215255116048503214720617
069000009082231225123093000535627817
069000034058231225123080000530919917
069078130066205203028025391000115617
069078169109205236095112374886387417
069080227018215027187169068813884417
069113084060192167232114237865102517
069123110171205218024058357931420817
069124147200202028023226441745151717
069142040212202029062001512070930517
069142239182212230042118494214557917
069226221221231225123095000531884617
070025211059205212176228352792096317
070029225069205032028230062195836617
070031196096198243031240012383196017
070039104123205137109201267290106817
070040169105205166055177534042449817
070045176232202030065098563724925917
070047189204205219218041201271917617
070055058197202029027055609870688117
070055136132215007140194264262960917
070055145169212171105117316145698917
070061183140199204112066512022815917
070061207180215006068143309480104417
070061250164205066249079358570102417
070068186254212194041172221264038217
070069192249198033104134000531307917
070071044246231225123074000536487117
070080035068199152111204359711247517
070095143023202028069168269083221917
070101202170202024005121048365818517
070101203164202024005167608906043017
070111249033244022110238332025422117
070114204038194017239044641980038917
070114204038199152015237171880038917
070114204038205211056089171880038917
070114204038205211056089641980038917
070117060218202031031171620025151317
070118218237251224117111334144103917
070119005253212195130221146385228117
070121053050207020026149541366111317
070122052171050254094253649055507817
070200045149207020027127015105321617
070202253252199223117009123470624717
070211009090251224228010605532430617
070213069179202031160004514130899917
070213071084251108156178148753491417
070214202141202030209173626641338217
070220206205202029056107015355251417
070222036085205166055177438362449817
070223146163202030170188163885629317
070226000068139180038212173981143417
070226213045212195128205093914057817
070235053001198254091122078280899917
070235066135205066253097388601974017
070244051169251100143082553820823717
070248153229215018090044237011885317
070251197001205236085045084866097217
070252069160231225123094000533803417
070252165039244205137213571300119417
070255045163194102255087183373343417
070255045163194102255087546203343417
070255076214202028064234246026477417
071010139048212195133137066724019217
071120019134212230228014514134729517
072001189090212030202049073721760217
072011011134205071034225000535163017
072011141000231225123077000534791717
072011141000231225123078000535630317
072011141000231225123094000530703117
072011141001219092051197000534701217
072011141001231225123077000535114417
072011141001231225123091000533641717
072011141002231225123092000531365417
072011141007231225123072000536449217
072011141008231225123080000535081617
072011141009231225123080000536390617
072011141011231225123091000533887917
072011141012231225123095000533399617
072011141012251190158133000533917617
072011141160138071031187000535802617
072011141160231225123072000533604917
072011141160231225123079000533786617
072011141172199224100173000534479917
072011211052231225123073000535775617
072011211056231225123075000533960517
072011211056231225123077000534234017
072011211057199224100174000532244117
072011211057231225123092000535767817
072011211058231225123074000534710517
072011211058231225123090000530465517
072011211058231225123095000535382617
072011211059231225123094000533943317
072011211060207022024153000531854417
072011211072231225123077000531039417
072011211072231225123091000536118817
072011211073231225123077000536108217
072011211073231225123080000531717217
072011211076231225123072000531961017
072011211076231225123091000533057517
072011211077231225123075000534695117
072011211077231225123093000530397017
072011211078231225123091000533805017
072011211078231225123092000531325217
072013035187198241161218418631121117
072013098076198253220163046740012317
072044146075139180034162029473327617
072056217247139180046029026274587217
072067165041194031047101381062485717
072067228145192182220113361225591717
072078118055198193131066023323711817
072085221071205199061143195432348917
072165049076199153102059527120114917
072181164106231225123076000535779317
072200135191194043181019239870109417
072208242136212202218137109313079317
072212038114202031151125612180899917
073006026127205216065199594545514217
073024131049231225123079000531461617
073024131056231225123094000534711817
073024131056231225123094000535110417
073131165156205249014218561184866617
073136109206205180122105499655957217
073136124182205212176159437024590117
073138248067215018163219513550341217
073138248089231225123076000532175117
073146065195205055099197061366148117
073149170242205139035178051566094317
073155028235212030202011000536546217
073155112250050121229050004430980217
073155112250205071138198004434538217
073155112250205217247171004434918717
073155112250205239053255004430217817
073155112250219092008152004436006117
073155112250240235016189004434416517
073155115075198243029005000536008917
073157078188231225123075000531304617
073161164058205251202236545065429517
073161165181050123200251622185120417
073161166002139072053034563185177417
073164070223215161044148095005788417
073164088216192029189181000532654017
073168146075240183051126635780005317
073168182081240183050076004600005317
074043107093251108156178608143491417
074098253221205166126205378840950717
074103124144199169214167474183509317
074107231155199204099032172500102417
074107231155205239049229172502053417
074107244199205239062157294883732117
074109063084244038061149293575374917
074109197214205217254181406855215017
074111186054192030097210100003494617
074141149173194039040090288541026117
074144043075205166122254248840104317
074144069169194017012242494841645417
074144240077139072053034190052128317
074146002205193241061248010263373417
074146046154192030038001270192418217
074146154084192182223033289166100617
074146188049215163006049437510121117
074164119125205032018117010304712117
074164165205199152012215228882392717
074164206164199152013194207082698517
074224091150202030189018171486345817
074225049242205184077111159581153017
074225128250215167114130639451146117
074225145154198228176162621712941517
074226017111205218013139503210103617
074226063193205164191130491600102917
074226120038240183048189030745413117
074226148128202031143030555965313017
074226192166192029095211649874515217
074227084090139072053034066691997417
074227102167205126137105246390102417
074227239179215255202213093060930617
074230244198199152114078550726085617
074231065121138056035086614790102417
074231091091212230228014261035089417
074231110124199169022142089992358217
074231118077199177248208491603031817
074239016248202029043103021184306417
074250100059215027088161093060930617
074250101244199153047033244264219917
075000222192205113250194568161459817
075010143078198255189026000531958017
075010143078199204068237000536540517
075010143078231225123078000536028117
075010149112202028116104531364984717
075010177186215007236204564722980617
075010177200202029110097544895118117
075010177249202029139040611925138117
075010192210199192047189100000910017
075014075197215019108010000530205417
075019108050207008080215092170930917
075028215046199153044089399971043317
075048189110207012139067525242782617
075054254157207022024153000532129917
075054254157207022024153000536149117
075062146152138030253018024260242617
075062146152138071024237024260242617
075063140108194041038066010535993917
075063141021231225123091000531923717
075065173250139093087219133111008617
075065173250139180043208089991331617
075067205097251196147156011941468917
075095164219202029176228100080365917
075095166032251196216074330002746817
075099097153212230042069602451714817
075110153112251073188017000536180717
075110154138215007246013000535379617
075110157002050121119139000530376317
075227179128064005155139381830148517
075227179136064005155066633380148517
075227179137116246215071390510148517
075227179138207020029042532360148517
075227179139116246215087509090148417
075247165183116246215203460000148417
075247165185116246215244371930148517
075247165186064005155174635040148517
075247165186116246215230635040148517
076071154006193241061248514133373417
076084036044202031094115366366076117
076084085018050253235201092170930917
076084085018192030107108092170930917
076084085018194031112250092173759017
076084085018215019233023092120930917
076084087163192182061089557455804117
076084087177244067234160655005192917
076084087225202028118133613315455817
076084087232199152125214607666053917
076084107056244127067110270163463117
076084214083199168152226549734272417
076103250190215177139082395780126817
076107083022207000067229149734050017
076122139087207009053128395400102617
076123171040205071032190010330113817
076165164092205032016189185950005317
076165164092240183050076039050005317
076173196253205148030099103752658917
076173196253205148030099134252653117
076188230178138056035109634615135917
077003063034205070220062463926020117
077007018171198253205132000530292517
077007123027202029158165396534649017
077007222002202029206056225452318917
077013104056199221121052158025881117
077013185198199177248061558320990917
077013221185207020027073586842083317
077023218086251215118253092171692417
077043252126205180014195500296084317
077052192144205167204207012976418317
077061058006139005144253125760587017
077069202029205180052082139482014317
077074042131194043102144080491614217
077075044042199177083019068812715317
077079034248215013073071000534915317
077087143179215013072176405670832217
077089173165131115052065357822891417
077124226020199177248214250704429917
077125196074202030063048068811324217
077154100202220021119250436861006817
077162233012251215148144493630688417
077170174192251108156178644653491417
077170200246050057213170114681708817
077175212199215163006231345950102417
077176083184205249004129183541038417
077188068005192022167203010314916017
077189084057205071020216315062254817
077189118204199137227109315653190717
077190023251205113250126389861943117
077190062077205236237154166744657317
077190088018207022045042068812441917
077190180059194043189210602242787717
077191221175205187184009221235028217
077191242169207009241218338161052317
077226133245215027187202228842645417
077238183221205126037089628571990717
077238186170138091072018193780899917
077239084152194086014123405460104617
078023191162202030109042124944163717
078143088153202030158172549136530417
078169078045205125126009274383521217
078233043011202029075133093050930517
079001012082205230082162552985626417
079001067127202030131127548356341517
079006098221199138217119063545365017
079043088094139180033116068815644917
079047068141202030067059491606431117
079047118141202028159081460245077317
079048117188212232224072369976259017
079059156232202028203202260854050017
079087246169198247228072087012916917
079101098140199169193205093234929017
079202065223231225123078000534681017
079205129168231225123077000536460117
079248152095199169192165084080688917
079251074165205250091136208975749917
080060055041198222245040275292316617
080072192244202031188221543124360717
080100159130205187185217081120891017
080101216024199169193205170334929017
080117171002205200226152000531858317
080118161064207001015209245144693517
080185099016205071032086200683918817
080185148248202167046207491830688117
080185176136207001003108633950102417
080185176247199137227017450651043617
080199091123205236085045409515720617
080200005224215004233216403960122217
080200014143205126037194467740777717
080200110084205071138198456852946217
080200196120202030175173180965595117
080200200069199171107013269030688117
080200200137192030045167441964924217
080201160076205032028230191675836617
080201163172192182177204141581256317
080201167024202029144113070801748417
080202163079205126138144558215032117
080202171238215163164237502634358617
080202255117202028168237089990102417
080203092046202031132068543122487417
080203100101139005144013102930145517
080204136252202167046207011340688117
080205036246205112172199646380106217
080205077065198255185126369250693117
080205126177202031186106491614778317
080206068122194102249026071411803917
080206069219050056158186075974459017
080206112252202028068172091121252917
080207015033205211049098011202807717
080207024235202030079024353692817817
080207147074207180012223119473628817
080207151149251190163116225680108517
080207241113205071047208590045210417
080209083202192182183233381862789417
080210027107240235017214247180102617
080210029115131095179114437753040317
080210034218192182087135010351308717
080210148016202028165128010244360017
080211048139202031159113010326321817
080215054037199204067111522493394817
081045175109212064070177018630186317
081096181219199221121052471615881117
081099015234207180014171372724107317
081119049085202030022197038085937317
081133016018202031017027620214844417
081153062221202031017027426804844417
081175111184205126137133000532286517
081215044113199137224033270322703217
081217120209199138217119010245365017
081249054014198247251210514135032117
082029151080198252033090632731419517
082032223036231225123094000536075317
082051149157219092204045282294618017
082081122040199224101213098250160717
082088198121199137227062389921747217
082123197021205218156147514134666717
082161127081192182026180231805735917
082162104131205071032190026700114217
082168015099139180034185079640899917
082171120079198255178226611355151017
082175089200212194054215453901018117
082212109047251190162138088774989217
082243027082240223013005245955515217
083014091077202030170188526355629317
083016037177231225123075000534975817
083016037178231225123080000536549417
083027139255251000112221286650005317
083100105016215027046162324952564017
083125002125205035002247068890255017
083142159160199137227017396561043617
083178201123202031053205010781500017
083185236106202028026134184502148717
083230194045251000115141259400179517
084016074071212030023183068811051917
084054064070199169206186500386027317
084062234058205164119021056343063317
084068107059205180030144467194050017
084076251179205212176169561040576717
084079212225212197210228477134276017
084084006029215013074091246284011017
084113197156202030242024089995746617
084113197156202030242024540255667917
084118052246192022167203038064916017
084122165167205212182117038002074617
084123009151251000115140038004932117
084123011026205249055152477830000117
084206180082244003007245631410899917
084211191017251000112221645180005317
084215076252202029214164020023781817
084241085180205183040244088126030717
084241136071240183051067430311350217
085024226009205125079091207222372917
085029094127207001003108068814019517
085030087222205180017052010273245417
085080022008193065062210546354007917
085097166201193065075131219432020717
085118137109199170068172034200005317
085118137109199170068172054920005317
085118137109199170068172473310005317
085118137109199170068172549370005317
085118137109199170068172600700005317
085118137109199170068172637050005317
085120085016231225123077000532080817
085128073045205238230214282602698917
085129149185192182003127492393136517
085147117139139093082057536684611417
085185019018139180034162282383327617
085239183022192022167254597293276117
086036142069199135033111010333241117
086038023044205218244149040295853817
086038023228205187188101162434505617
086038039155192182223033119886100617
086038150220198247235138279162177217
086038172232192182253049269471965317
086038176030202029111184367790899917
086038182214205180067216100376423617
086038186216207022024166537565969517
086038191086199171104067043224031417
086039100041202030189132478320104317
086039210001205098232222354251531117
086039211225202031036067649754902117
086039233118207180012223503215765917
086039250155199169214181572572539117
086039250155205249006065572573720317
086039255197193065077058333252500617
086045138104205126037192382035773817
086051046174231225123074000535792217
086051046189231225123093000532525617
086051046190240183049078000533134717
086064037236199169206186068890110217
086098173073194042197214514135458217
086100119105194086012129080005188017
086104098052202028172015511880899917
086106031244215177243203510044063517
086106065031231225123075000532178817
086106131109205035005006600223295917
086106177193205035005006510063316517
086117192184251224005137591414947217
086142180226215163004120597270104917
086230167011199153102059397710115217
086252210054194042204020200155023517
087016005182244038032231357235060417
087016042186192182211106068805439417
087017069048205251202232282071238717
087026154134205199061143309122039917
087034211018198241226238010690038917
087079149009244205046065365064955017
087089061089215163006039167620121417
087091121236202030130156117363456417
087121247081251000112221510650005317
087134171099202024004125068811771517
087156140026205071022222030740102617
087160001177205184042218456820122317
087196223091199168152226038004341717
087228184223215013074183213124262817
088046080140192167239170087652669417
088051003213192135131115639472692817
088054103040139093095063304951121117
088054110227205127001123040002101717
088088165080199152014196618562473817
088094064045205139035106547275839817
088094076168207001010054563770291917
088094077135198247245249356321022717
088094078088205212178158068810553117
088094079112205166121094131190102517
088094105141202118026206314930266417
088094110067202028203202520464050017
088102023213231225123081000534390517
088102023213231225123095000531259817
088162004094202031143030311685313017
088192159010231225123075000532789317
088193162154202029030122100180910117
088193162154202029040062100462536417
088193162154202030183118092100910117
088193167132193065085098100302178617
088197096152244022028153537190012317
088208108098193065062210247564007917
089016102083194042036084080064548617
089057041250205239053028036574058817
089068171104244158005052410070117217
089152177035202028166251089990102417
089154022129205211049098439772807717
089171032072231225123080000533951017
089184088035205239062137516771076617
089185087111205113247050416111694517
089188023254207022045110130002662417
089216149074202024005124227835253817
089230008051205250082070572106447717
089250066060207180051185159100808017
090001044148202030022235068810899917
090051029223192182193067007140012317
090051029223252248025120088830012317
090051029223252248025120145850012317
090051029223252248025120530190012317
090054075087199208051072107730102417
090054148075192030059250030724504717
090057183041192022160221467282817417
090069224204194038151227010932121817
090117208228139180045179362890000117
090149021222202028148208093055239117
090208238199202030068132024100379417
090217121218202029116051143114918717
090249095037205167104037320992885917
090250146114205211048023000533572517
090251091026205211048021000533242017
090251210076198247249083000803928417
091006141143139128098250612800016117
091006141143139128098252477660016117
091024193125139072051021000530242517
091070114063050120179022570242642917
091096214151215106210142296474399917
091098105044202031151125430150899917
091098107169202024005236516291929717
091113183061202029024239365540899917
091114128167139212126037444821013817
091119160232205217181130150821844917
091119222240193065049157503211363917
091157142062192135130167045005896417
091177248076192182193067053860012317
091177248076192182193067062360012317
091177248076192182193067147020012317
091177248076192182193067278910012317
091177248076192182193067332350012317
091177248076192182193067426280012317
091177248076192182193067439960012317
091177248076192182193067619510012317
091177248076252248025120002700012317
091177248076252248025120426280012317
091194235109205203003077392640230717
091194250124139072053034564441997417
091207161091199224102173356073672517
091209087229202030183179589495502817
091209087229202030183179589515502717
091232055168202030080087010253232317
091233209225202031041184288853107217
092004008158251196147123111755590117
092004016049207008191234082624034417
092005074150205251200174011160490817
092016226035205098029246204342655917
092016233200251224005137335752944217
092016235173251073189165420911081517
092016236025207183151219189880102817
092018137089202024005121463096281917
092018137104202031165238313470688117
092018137230207001005195617405529517
092018138143251215148150598603134217
092018188098202031160026010934732417
092029093204215167248157124852603617
092049128061212030146132015672426317
092069106178199136086054177241936217
092094118153202118034226149334045917
092148077167199169206186421760110617
092181182015205071021003089994489617
092196081117244022242188601643598517
092238072194199177082124189010406317
092240118084212232224018092785534017
093041038052193226252017138643071817
093041038052198032220094334572701517
093041038053205194208055464990563217
093116166130202024166154407772567217
093116166130202031189115407775165717
093121058006198254094106596945888217
093124100221202031138220454062398817
093156042054050248123223192573209317
093161073230139093082057021314611417
093188239076251000112221426520005317
094019222136199171100223531050138617
094022102214199169014172218745835517
094026202059205195121237078786060617
094051239152215163041078564066218817
094078011154202029129113602703891917
094083078100205164190034150172162217
094101044162215255200002135125942217
094136129054207183080198115133877717
094189247167202029005161586994873417
094254055172202028186008500526172317
096009007150202028189136475583561317
096009052136202028189136068813561317
096013168127139130006120301753594117
096016018001244001023161249900114517
096016119070205184066250497121684417
096016143220205166126205610672645417
096017228206212230042118437361414417
096018091219205249001036342505472217
096018091219207180012223342505701017
096018230215138075191030342902228317
096019033001215106052199635664988317
096019043176205167107229036580365817
096019110050215027215042068896053717
096019190018139061080218362813492217
096026238121192135131152530915048417
096043043137198247238054237510102417
096043202014202028225081644374050017
096049084121199136065245624752696117
096052128146131115160077468820899917
096054244112194078242129524614319617
096062122205205217247143524461991517
096063117197192132095221343472239817
096064027188202030118192197542059517
096065117143202029169012122070109117
096065245171207012143020107261281517
096066101186202024005178460822137717
096067072128205211043037455890688117
096067189070251224229115246243058417
096068125244202024166184580413984017
096070063028202030116185638696424117
096071253052202030145004625751252517
096097223083207008085229433993913617
096108079130205217247072433141445917
096117075149205151251253196094987917
096129026024192182013249141334801317
096139078057207183133152561372161817
096140249151199152013194588742689017
096186226185198247248208080804091317
096189055102215022048098092123252317
096189055102215161005108092120930917
096192061176215006172189030746531117
096192157172202028064210036580365817
096197134014244067211018087824963717
096198215231198193178137512990102617
096204244221207020027073503212083317
096205010180202028225081128464050017
096205213251202028114089030740307417
096205244167202030190069514134099317
096240173201192031167177092190199417
096240181095248200052157332514916017
096240252041205071020216581332254817
096243152076219092051188124825117917
097014213100199152010030319062677817
097033125138199223127018068816057617
097041219187199170226007228270165817
097045036106205071047204309553480317
097067218176207008083119017840108017
097075223201244127067110463985688817
097085193106192030029234177715866417
097085238086207180012223036583941217
097086195083202024004125068811771517
097096102230215163004203497505914017
097101221160202118049109041915141317
097102001141212197255200035880102517
097118125242212195130141652274163317
097119089106205203254187118882180317
097132228080205185131012000530882517
097132228080231225123072000532019117
097132228080231225123072000535455817
097132228080231225123073000532814317
097132228080231225123073000535403117
097132228080231225123073000535629717
097132228080231225123074000536010117
097132228080231225123075000532435717
097132228080231225123075000534665417
097132228080231225123077000530657017
097132228080231225123077000533080117
097132228080231225123077000534168617
097132228080231225123077000534599917
097132228080231225123078000530793917
097132228080231225123078000531050517
097132228080231225123079000533516717
097132228080231225123079000534785717
097132228080231225123080000530394817
097132228080231225123081000531693117
097132228080231225123090000530996317
097132228080231225123090000534542717
097132228080231225123090000535656317
097132228080231225123090000536439017
097132228080231225123093000533275217
097132228080231225123093000533642617
097132228080231225123094000530824317
097132228080231225123094000531011717
097132228080231225123094000532850017
097132228080231225123094000533412817
097132228080231225123094000534375117
097132228080231225123095000531077117
097132228080231225123095000531505917
097132228080231225123095000535230117
097133080176231225123073000534371217
097133082094194086002161000536324217
097133082094231225123072000532199817
097133082094231225123072000533818917
097133082094231225123072000535527317
097133082094231225123072000535844117
097133082094231225123073000530306417
097133082094231225123073000530433617
097133082094231225123073000530544717
097133082094231225123073000531324217
097133082094231225123073000533350317
097133082094231225123073000534437017
097133082094231225123074000531022717
097133082094231225123074000534977817
097133082094231225123074000535540217
097133082094231225123076000532623717
097133082094231225123078000533755317
097133082094231225123079000530853817
097133082094231225123079000532274217
097133082094231225123080000531475817
097133082094231225123080000531519317
097133082094231225123081000533128017
097133082094231225123090000532008317
097133082094231225123091000534674417
097133082094231225123092000536232017
097133082094231225123094000531218117
097133082094231225123094000532243817
097133082094231225123094000532268817
097133082094231225123094000533935717
097133082094231225123095000532942417
097133082094231225123095000533496917
097133082094231225123095000535392317
097133087045193241062174000534242717
097133087045205203003090000533132917
097133087114198253220164000530436217
097133087114205200226152000535804117
097133087114231225123072000530670717
097133087114231225123072000534469417
097133087114231225123075000530845817
097133087114231225123075000531564217
097133087114231225123076000535147917
097133087114231225123077000531697917
097133087114231225123077000532653017
097133087114231225123078000531758817
097133087114231225123078000536490317
097133087114231225123079000531995617
097133087114231225123079000533464517
097133087114231225123079000535223017
097133087114231225123079000535348317
097133087114231225123079000535843417
097133087114231225123081000531174717
097133087114231225123081000534599517
097133087114231225123081000534855617
097133087114231225123081000535307417
097133087114231225123091000532201317
097133087114231225123091000534442117
097133087114231225123092000530457517
097133087114231225123092000530809117
097133087114231225123092000536519117
097133087114231225123093000533393917
097133087114231225123094000534333817
097133087172205218042236000534671017
097133087174139072051021000532598017
097133087174139072051021000534380917
097133087174251190010037000533265417
097134081196139180034162602503327617
097140171243050121229061010350688117
097142053126139072053034089992013817
097160054084205239062133036584982817
097161096059207001001127197895566617
097161187119205250089242222135133717
097162040068139180038212520190782317
097162082132050056158046408043313817
097162151164251190163139138430175117
097162174160198247241124030740102417
097165057197199177255009173641250617
097169128148199169195158466624729217
097176228177199137229239116093650617
097180225201199136088086260850758817
097181101229207180048009276603499417
097181189215192167232180332470102917
097182123019050062046165270512503117
097183083236131115052065322952891417
097186130090199169206186161560110417
097205051242205184032205605010281617
097209020231205033024079015324960917
097214090028199177255215412345514517
097228175145198229186215490012878617
097232113213252248203051180754596917
097237152112251224032197474135142217
097243071106192029095211231575718617
097246131137251073188094333875041617
097254052147215167248091012013425317
098010064140199169206186342160110617
098015219057244038134106620130102417
098018186086205239062153204960102417
098031022166205071019011013120830017
098067081212199136088086253950758817
098078122056219092051184347960714717
098081167020251190163186514130102417
098084044226205211049098526575317117
098085035199212171082166001235694817
098101053010207012143245575180188717
098101166172194043123059331660117517
098114085247194041046040045000450017
098120086104207008085229489653913617
098122221061202030105017056852824317
098134105057202028070254276495009617
098135153040205098232229089994267917
098138176119198255185128092171775717
098173073149215163004187030740102417
098176103154199153045144260032397617
098176144255215177138239647600102817
098181075184198193176013169980150017
098239213081199177241169279773373017
098253145160199223127018599600114717
099019016015194017229137514130344017
099022138217215013112214344575387617
099025106029244212137175010252822517
099026057146231225123091000533447817
099029141065202024006215504724486217
099077024240198255185126068811783917
099079164054215006143196068895054117
099105022152205249004129510936519617
099106236017240235109045030743450717
099113245225192022160239230261340217
099126049065198209152099534424530517
099141080148199153061042573400148517
099141080150116246215232503460148517
099141080151116246215163454740148517
099141080151116246215232454740148517
099141080151116247217027454740148517
099141148210198192035231407800148517
099141148210205211122024407800148517
099141148218194017228043429190148517
099141148218198192035231429190148517
099141148219116246215244387030148517
099141148220116246215186620240148417
099141148220199170078234341990148517
099141148220205113252249620240148417
099141148220244020056039341990148517
099146232189205212179113454210102617
099152165005205071021003322564489617
099156161172207012138117194096460617
099158164219212230042069648541714817
099164014178194017012242198531645417
099199254107198193184093000532106817
099206186171205202229098514133748217
099234076179202028225081290894050017
099244027145205071025208550720307417
099251170167202029231062036580365817
100117058168202024167207152014971117
100124174060212202150023070750215917
100150117154244029212080533900102517
100150154044244029212080294070102517
100197163168192133027111086661381617
100208217209135079171198000534967317
100208217209139136059143000536139317
100208217209231225123072000533345217
100208217209231225123072000536055717
100208217209231225123073000532878917
100208217209231225123074000530512117
100208217209231225123075000532465117
100208217209231225123075000534989717
100208217209231225123075000535294617
100208217209231225123076000532355817
100208217209231225123076000535452817
100208217209231225123077000534458417
100208217209231225123077000536014617
100208217209231225123078000535975017
100208217209231225123079000536347017
100208217209231225123080000534857017
100208217209231225123081000535418917
100208217209231225123090000531499517
100208217209231225123090000535872617
100208217209231225123092000531568117
100208217209231225123092000532959017
100208217209231225123092000533246317
100208217209231225123092000534271817
100208217209231225123092000535701617
100208217209231225123094000534542017
100208217209231225123094000535715317
100208217209231225123095000534538417
100222213227192022173005519004927417
100222214251231225123092000533448517
100222214251231225123092000536160917
100222229234205180215009519003917617
100224167213139180032057367791049817
100224179196192029210024126212502017
100239224215138091022070531452420017
100247146074199208159124622402685117
100250091173138056078236070252976817
100255048141199138218122650364916417
101002192240205055143040620155614117
101003044254240063115086208953449917
101018233026207012129086066723039617
101021072238205180066111336992968017
101039159082205071047204342583729217
101045054042205212176228514133127617
101048010156215027184232068810688117
101050046175138030207057241654733717
101058204077050254094248635695142917
101063004189205071020216285012254817
101088082182231225123081000532191017
101091233006215013072176107614995417
101093040089205035005091608682837117
101095036070193241061248141753373417
101108213021205250089072546774526917
101128028157219092051184079340714717
101129177147199168152226606234657617
101132090092138152125118513346276217
101132134016244158083125223692796217
101132141123205194245046203632292917
101133041224194114125249030746108217
101133043125205066245181214560112617
101134085140212230228203447131986017
101135075069205112188157387920716417
101135122197251215148144151806003917
101137210139205249010089381083387717
101137210215205211043037395720688117
101137218073199204101215068810102917
101138189031205113201135372060500917
101141231078205151248074196861775917
101142005100192182248235336705185717
101142167015205066245181376030112717
101152186126192182239148642696018717
101158071019205217165074248840441617
101160237152138056077199629150190017
101160237152199170079126301210190017
101160237152205032029010014440190017
101160237152205032029010384980190017
101160237152205113250003384980190017
101160237152205200173144384980190017
101160237152205249044202014440190017
101160237152215177155117014440190017
101160237152240235016039046350190017
101160237152240235016236014440190017
101160237152251108224065014440190017
101167151221193232169046432864961917
101172028223251000115139583960864317
101177044205207001003108119244019517
101185214218205032024094403381452017
101212021206251108224208072994975117
101213186181205200226102131330648017
101214198254215177154201247822687017
101238201218202031157139010266458617
101243197170207022024166069692678317
101246137041202031031171089995151317
101246183029231225123076000530354217
102005174129199221119204226613173517
102021126132251000115139368201929917
102023016225212195133137631180192717
102032207073050123066195511592784517
102033018131198209152169452964050017
102034255140131115052074612432273417
102050251000215255201121569610103717
102056142077192029211131633246198917
102066024191207012138117588786460617
102067190059194043182175629145873817
102077122060205164123023552020104417
102099079017192182224042571172845717
102103136255192182190021496385954917
102113238120198254091123586610222417
102115175088205167104077611372983017
102122033060205125104194306355626317
102122161205205125092228592955541217
102123041099212230042069313291455017
102157000134202030169006344666124717
102157076001205200224235168592396517
102163100224215163005113164760102417
102175233018205236085028382404180517
102176138043199153034081010502816617
102177017025199137227246613780103717
102177029164050121119148358033115617
102191091185192030125051148110102417
102192160237244031072095455531508617
102192231165215163175037514131132817
102199008196199169202100640424422517
102204070122215163167204522223898617
102206050065240063101240175324821017
102207195141205112117059089994411717
102208200247199171109166334751418117
102213206129198243029005559183534517
102215010139205126137116497591296717
102216058217199223124253468530104317
102242130051215019148157548410491117
102254154132199221119051443465830417
103038041026205125184128093060114717
103083134251205212182122654382860117
103091250083199153107123182610105717
103093143061205071021003520394489617
103105010219205200031217279364831517
103105010219205200031217533094831517
103105131078050121228194068812437317
103105185089215006068117275772839917
103105185171205032030255470071807517
103110175051202031147139130152297317
103112223154205180054205238525615817
103119012132205098232203514135531417
103123093040244157049236523204594317
103136018027192029095216407022830617
103136021029244022028050453221361017
103138251115244031127021161010170917
103139076232205126137110648201423917
103143170098050122231189529936284117
103143197066215163006231371350899917
103166051081202029044062146403114717
103173168036199208061189001230048517
103211142168192029092010335132669017
103215112252139072051021000530320617
103220237087202118049109514135141317
103221255144194102244092000535241117
103228170105212194052220613662716617
103229100137192030007221000536281517
103229100137205211123154000531223017
103229100212231225123081000533009317
103229102111231225123080000533211217
103229102111231225123090000532621717
103229102111231225123092000536022917
103229103081231225123081000535953717
103229103081231225123095000534727317
103237068023205187184009412090234917
103240178146131115052065347362891417
103243102233199169197049524742834417
103245144003139061080223199583678917
103245144024199224102173391743672517
103245144115252248027066102930206717
103245144133219092009137629032168417
103245144183207001004123609534579717
103245144238212202151081295591594317
103245145100219092009137619982168417
103245145125205184078118287105787417
103245145179205184078118361765787417
103245145203139061080223363263678917
103245145233207001164177577363491417
103245145237205211042002104872694917
103245145244205184078118356625787417
104052152171215163165032643365595717
104053087111205164190018514130630017
104053104126205187184009121934804517
104053115061244158083033558530929717
104053124196207008085229068811456617
104057085076244127157196414992870917
104064246141199177240231187536061317
104072160201202030142244591715433117
104072160203202028210174520344879317
104073143098251190163116591312695117
104081092122215027187202538452645417
104084208134205251205173145053345017
104088017222198240075071273821100017
104089068246205219152032000530295017
104089151124231225123093000535018017
104098156024192182087240085492550017
104098161066205187188205459382145617
104099071208199177188018467482811717
104099114107244205077097411114125417
104099115101212202176148636560102417
104100070174138145199250456475988217
104103132092205127001250514132253617
104103132092212195130182514130808017
104104172195215007246013158615482217
104105243136198229188160244292747317
104105252132251224119081412436425117
104109050021205126033102010243752717
104109240244199177255182342981361417
104141158021202029015072241950115917
104146024244251100165146012303085717
104151011059205239062061010286098417
104160174088231225123076000530983717
104160174088231225123080000531486917
104160174088231225123080000531968017
104160174088231225123080000534588017
104160174088231225123090000530668017
104160174088231225123090000530954817
104160174088231225123090000532920217
104160174088231225123090000533361117
104160174088231225123094000531895317
104160174088231225123094000533700817
104160174090231225123090000535652617
104181243211192029095201572082787517
104210017147198254091122514130322617
104210017147212230228014514130120417
104219207114205251206092375081085417
104234124186231225123093000532372417
104252101203205113245002000533075417
105008076232244127157143623480136917
105057013114199137134074052004970617
105057029096205071043158346786192117
105085055053202031031171280215151317
105085132075198253172174000534289017
105085136001231225123076000530351117
105096207156199171109166347680899917
105097048058205218158090573315863817
105106006150199192036182380370103717
105106152194244038133045561154212217
105108107121199220215254558920174117
105108163246205202141164409590103017
105129204200198209152188025435667017
105139213132215163164214543501984117
105150121007205167204207603342117017
105150137209212194146194354503705517
105151182071215022057041249530102517
105158221128205249051081312850645717
105193227059199224099045319922835417
105197029156131115160074171132741317
105197103186205184032205604810281617
105197124212212196232132399282941517
105197163132194114091045514135115017
105198240036244127157143129760136917
105204000136202118024009526560926317
105204008069199169197049219982834417
105210111004198247243077000536257917
105217238162199137234143101530337017
105219051122193065006234199051866517
105219186015192029083017311322653417
105237031222199153100052569120142217
105243019102202031149091313332426517
106006102013192166168006004435677617
106029098002199136068166557052726217
106029103154199221115099089991877317
106039158080199221119051519595830417
106046054024192022167203010434916017
106055141091205249045056442844706517
106055204194205032028230549665782717
106056057184244248213085068890688517
106064101219240235108140622513277617
106066018222205164191130503210103117
106071031112194100126197514675534117
106072098040207001000069312976006317
106080003229205211043037132260688117
106082231042244248041067647074893817
106094243123244248213082605114236517
106096110037194017239252488900038917
106103173005050062046165553840761317
106110203002199169214136089992557117
106114206046207009053128257530102517
106115176043244001169249291854688117
106122022153198243139106491991345217
106123167120215106055127030743836717
106131112088194039043197000535989717
106131112088199169001219000535906317
106131112112205199057251000535715517
106134080089138030200133630203799817
106171231145215177177172350934770317
106188179107205211049098511572807717
106209157192199169214029216276206317
106220174246215177165018591973324417
106222115221199153054042490450103117
107035074109212195128205102724617717
107036246075139180038212294370782317
107042219077244248204037506405814417
107069036162207001007195598082996917
107072029032202118092066004435830217
107076149061207020027127064016407217
107079205012217010239155461160514917
107079205163199204105033499683012217
107096125198215106210073132660102417
107103001089207009053128514131264817
107103107188205251200174535736071017
107108084152207180053046270322654417
107183214079205236085045420295720617
107185103221215019148157493370491117
107197174021205032028230345355836617
107199024037215162121126100001000017
107201047238207183152092068810688117
107212030253194042036105428703047117
107212193215192030011064266950114217
107215015253215167248068587801993717
107217038082199192041106640720102517
107218020006212230042113266365119017
107219184104192030047244068810102417
107220029058212227179006010242491017
107221128182192166238235170143542217
107222175139205066252154051944885817
108004125104205113246205077600899917
108010227209215177154198058162590617
108012093221202118034226538064045917
108022139208194038082250000532924217
108022139209205236124101000533533717
108041188093199221121052456825881117
108055241036199177241038045000450017
108060220108205216066184547900103117
108062148157212202162180156190102517
108063158073205184032103113274798417
108063184181244001019238241435167917
108073001230199153045144064682397617
108075095110205212180027531051967317
108082049069215006005174222224417317
108095092199207008082059510775204317
108104181235215007228045581365727217
108105005131199169195222438681401317
108105146251199168238105606415203517
108105146251199168238105606415434117
108119160017205113201135222505067617
108120070058198255185126434545938117
108120195062205071032190623480113817
108123122021219092009137477832168417
108126247183205201186128574500102517
108127025053212202218060204092361817
108127105068240063017146592060155817
108206060174240223184218000535383017
108206062215192167127033000531075817
108217029183199221119051180735830417
108227045172199153103206535734425817
108233213132202028158094089991144917
108247089047215167112210610162333417
108249004148192135131152596195048417
109013148128139180046173519862060917
109018137007207008086205233935318717
109019243075202024005070448756520417
109023164247244029048153302745893317
109023179185050122228221182115695317
109024127042199169214080271314176917
109025197042205217248085293070102517
109027182155199177248209557010238817
109030020169215007140213460920102417
109040106144231225123092000535128717
109056184092215163006193351172713217
109067119010139143180197151614365317
109075180012207180012223569645891617
109092160018205249010057247012771917
109093138238139072053034189092084017
109099055180205167107197620570209717
109099103189199153107083093060115317
109110148172207022027126650636386717
109118203132192135131152532465048417
109118244018205200226114477830789117
109119233006202028168131229016242417
109125216230198240074024303021893917
109132164002212064070171378520328317
109153241005231225123074000531817317
109153241005231225123078000533460517
109153241005231225123080000535850117
109162030178240235109174155160123917
109165016250219092051184535480714717
109168249235194017012242415181645417
109171047092215106055010066372972217
109172224070215167149193548392734217
109173195192205236085045390435720617
109192121074199137227109222223190717
109193075101205218041103543885479017
109193205132252248027066248794460017
109195013220205249010141645595181017
109195130140205212182122068810533517
109195136250207001003108524744017817
109195228007205251200174628800102917
109196119120244157134194368552036717
109204015194202030242024089996136117
109204097010202028133024586435083417
109204182209202029169012477910109317
109204240010215163006231522360102417
109205036154205230095122538382295517
109205237119240063114123424880141217
109207209080202030117193405006241817
109209058130231225123080000532582817
109209061048231225123093000534815417
109217118156205212179110469230681117
109233220045205180084151276692556517
109237014135050062046165386460893317
109237015069205212182122068814196517
109247000255251224032205246082837717
109249130003192022167203169404916017
109253139158199168233018637026372217
109254061149240235109089068815487517
110017254052199170237070308123049617
110024245100194042192163023744066817
110032087048131115182008161964944117
110035203122251224228019456825278817
110047228114205098029246359832673617
110060084185198254090022068870104117
110060140095205149043220253620373217
110063137154244158005051030740307417
110092056254205071032190636720114317
110097131172240063017189505840282617
110101180248205218244149514135150917
110111038208231225123080000536342917
110121075213202028156149089994311617
110122230102215177050012122462710617
110124098070202030143244584066201617
110127050137205138232164089990113517
110127085132205112188198547604616317
110132074051207001174149503214716217
110136060242050120062215623480103917
110139090170205098029085187772672017
110139102252138152125013291812845317
110142161107251224088150514130175317
110166230087194017239253607420038917
110169255012212232237246146043485317
110184250123205249010089537806385317
110187045053194114010089260853613617
110187100200244029048170583343185717
110191130240199223123197270460124017
110200067056251100096119612865924117
110202206210199138218122623484754717
110203090161192182205008093066408017
110235109054205055130072492872822517
110242229028205184066205594010968317
110246138127212034247043089990102717
111022178108244205077097397364125417
111024132222202029211177324686102317
111024133139202031165238545370688117
111024134239202024004254532532763217
111024135126202030145004103911252517
111057099170215161111225642494932617
111063136117199171109184433372442517
111067014013205239062133259883805017
111072198047205113194110548480102417
111090038025194207242006244641613817
111092046218251100096119508241046817
111092150091199169214167617252618317
111095171190207008082059435780103317
111199203062192022167048087665120917
111205156119202030209173089991338217
111205156119202030242024089996136117
111205192090202028070254231785009617
111212025247205239062099586040210917
111226033252205251207214228030104217
111229042194116246215241407230904317
111246195153231225123090000530269217
112000086086251215148159076232771917
112005044068199224155194574470742017
112006116084205071132009275775524217
112013063078205251205181565881690617
112018245126205212182122068813401917
112027206124139072053034111061997517
112035232070207180012205312223070517
112039254004240235109114068810105417
112044196183244003025209527820102417
112073125181215163006231411410102417
112077009013199169202100409590252917
112078144100207008082059622791671717
112079010130215163006231364680899917
112079048135205230082162396280104717
112081189113139136058114001235970217
112081189113192022173005001232635717
112081189113192132003013001232636617
112081189113194031028220001232473517
112081189113198193188228001234626817
112081189113205071033201001235913517
112081189113205098239114001233346717
112081189113205139034077001232745017
112081189113207008080007001232684617
112081189113207008086205001232643317
112081189113212230042092001233771217
112081189113240063017189001230163317
112081189113240223012088001233951417
112081189113240223181066001233346017
112081189113251190082073001235221217
112081189113251224032205001234058517
112097142249205251206248623480111217
112098137238205251205243516441478317
112105072213198193130094602564224617
112106211071205125079015514174623917
112112068105215007228037453192122617
112113177023198209153030185161931017
112126014084244031127021402743168117
112130155244194031084117642201803517
112132238030192022167203114994916017
112139206134050062034042478215186217
112146214211252248027066555294460017
112146239046199224154086148233939217
112148147033244248165093343180854517
112153219237192166168078507086436317
112159119131192022167203226604916017
112173020212207020027062101980105117
112176210117207001000048050565950717
112186073023215177155217068813073117
112188160237202030093060536642823117
112191016153205249043210100000910117
112192134025244038134106093062671017
113012233055205113194110494472050217
113021127039205251206038352510103517
113035048020205113194110584850102417
113035178073205184038253456820107117
113046183062199224102173533683672517
113053197222212230042114370432140817
113067043022202030065098263424925917
113075029056202030157146247045006617
113080204171139072053034482741997517
113097012247202030052254190593443417
113097233109199152013237180852577017
113101217061244001019238489335236517
113103184091240063017189252570235617
113103220022199135034070448221018217
113103246098199177248208133543031817
113104049053050123065241491506439517
113106186140202029117073068814491517
113106213197050057215099068815114717
113106220062205249053052011793830517
113107138091212195084221512760436117
113108065034205032024094147081444317
113108112032244003007227444440795117
113109042103199169022007586834132217
113109254255202024005168130944605317
113111066021194078242090089992271317
113111079121193065072202150123458117
113111126154205211029120146375187817
113111205099139180034162490873327617
113111245195207001129237410795629217
113114211104139218240154073380899917
113115113028199137227109105763187217
113129008215215019232002356744778317
113129192231194078243149462080105017
113129216070202030157146470505006617
113130115075244205008090503212597417
113130204070202031000155405004050117
113130223130202029111184019720899917
113131175147202030125195577165024217
113133254174244089101154068892638417
113136162010215027187202125152645417
113139057146207180013084499303119917
113160042123192022167203272494916017
113164083145194078246153514130102517
113165184100199137227109454733190717
113166099112138152126233539925608817
113168103073251224005137610855739017
113175087035199223126180619550109517
113176059215251190163139607502260117
113177229111199137227109408483190717
113180015096240183147127087951902617
113181013188199169202100301352102517
113181014228207009053128132621264817
113182122052194102249026348461803917
113182135162251190010105638086480317
113202209181198209155108515175585117
113205086079205212182122068814196717
113212142134193241063237491790365817
114046128215199153035181330380103617
114071234246205218157173519006186717
114073133080205071020216621782254817
114073162169194042039041551043117617
114075018246215177154201107532687017
114089252150212196232132541052941517
114101117052192022167203593494916017
114121004000215019235114531255293917
114138137099050123202053256686267717
114152228216205239062133036584982817
114218002061205167204207483032117017
114226094090199153047033134044219917
114228166056198247224113504992859917
114242106135192182173155004435510617
114244047035219092009137239602168417
114250093135248200052157010540230017
114255019085199153047033438204219917
115142149179202031037138068815032117
115235039040199138218125298063187417
116047069224199136083117306244828017
116055115195207022027044392304517117
116118134134205126032070100013828317
116118134135205126032070100013828317
116118134135205126032070505563828317
116183034245205211049098010242807717
116183091089198247255245010242901817
116209219142139180033116068815644917
116246198149064005155066563560148517
116246198171064005155042563420148417
116247099228116246215186599190148417
116247099228207001165075599190148417
116247099244116246215162513530148517
117002209202215255062089168396398517
117017113104215167248157110052603617
117027110204252248203051247064596917
117031190038198241226238260270038917
117038104222138091065014155535141317
117079156254207009053128603600102517
117106015111139180033116068815644917
117130148231205184032218405760618817
117174150125139180033116472555644917
117246140101198231048013198200038917
117246140101205201092119198200038917
117246140101205218008123198200038917
118105183048199169220153302081334817
118182073056244157133118030743188717
119034045135207001133117069513729517
119046043156193065033154033894852617
119128009024064005155233000533779017
119134190047050123203243000531600417
119134190047231225123074000535010317
119142080228139010250152430450005317
119142082095139010250152602250005317
119142147104205113194062004436091617
119142147120205113192014004434370917
119142160018240063017189004436040417
119142160213205251202105004433750517
119142160216215177154200004432644617
119142160225240063017189004432669617
119142160229215177154201004432719717
119142160251205251200208004434646117
119143038013231225123073000530113617
119143038013231225123090000532340117
119157026034139180033116068835644917
119163139054240223013199099105158717
119228171149231225123094000536195817
120052142151207012136247200152741817
120092228065205126037192588185773817
120200178051205113195104414850102417
120240071157199224101009569260253117
120241129164139130005098010785845417
120245142125139072053034415682084017
120251020077205055128226654530766017
120255223011198243029005430554130717
121099068185202031020078149925696417
121149058075212230037174062505741617
121149058110205194217215480340821217
121149058201215019070255283820204817
121149058205251000115139388623199417
121149058207251000115138281284373917
121155232029199170234221529005188217
121202085080202030158172148270899917
121206185088202028054160250276047417
121208182020202167044253260945762617
121210168158199137227028030741532917
122009015060199223123197273950124017
122013120055231225123080000530936617
122022032153231225123092000531321617
122022032153231225123095000532496317
122030155119205250089047361573344317
122030155119244127140243361283343517
122052194235231225123076000532721117
122064109004139010250152551560005317
122065244229231225123076000536428617
122065244229231225123081000534768517
122142033070139093092165000535539317
122143004120215006253059000534350917
122143005026231225123077000532674317
122163015178205071044196591665331817
122174106032215019148157491720761617
122186007073231225123075000532163317
122195051027192135136130000530104817
122198090109231225123074000531298917
122199012173192182090031537371250017
123016203115231225123093000530858917
123118241152205211048023000535333217
123126223247205211049098205082807717
123157015054202030107176146395877217
123188150068231225123074000532042717
123190098116205148026065018535277417
123190098122199223125061018536543717
123190109103207183158128082004739617
123210074123199177082124509743201917
123214231186050120063139504990113917
123218243039215004018236505454402817
124029100251231225123072000536087717
124029100251231225123095000536368817
124031010117231225123090000535489717
124042017022231225123079000534423417
124044067215251073162224232806548917
124044067247212034078041296941901017
124045100137215176008173385953343617
124045100169215027047226385353344517
124045100200205200173119376263343817
124045100202205126109014377473343517
124045100205050120193025377423343517
124045100205251224253098376683343717
124045194075116246215095351163344017
124045222037205218027149177716445017
124045222037205251205093177710297817
124045222041199137227095177714276917
124045222043215007025223177715949617
124045236217202029225091327913344617
124045236217215162038034328203344117
124050187041193065006182365693344617
124058214079192030007221000534478517
124062040253217008036114557270005317
124077212075231225123073000531797617
124085080227192135136130000530104817
124085080231192135136130000530104817
124102076047202029034025113065371917
124102076167199152014231110283135917
124128056142192030004237424010005317
124147026132205218245018388802959317
124156152161231225123078000530401117
124244081067199135042021000531849717
124244090109231225123079000531929317
124244090133231225123077000531588617
124244090225231225123075000531892717
124244090226231225123090000534123617
124247185135205251200174004436236417
124247190129205251200174004435740817
125001025024205249004194163931639317
125003118151244127141165089992898217
125006135017205238230214030742732217
125025060118116246215241511230904317
125086132177231225123075000535750817
125086185145199169198250000534528217
125096070022202029066247068811870017
125109056182231225123076000530990317
125199179118215163189165585690005317
125221175235194114091018088881743417
125229017022135079171066000532584217
126003132062205216067013000536503317
126007014101231225123073000532167717
126007015107231225123080000535538617
126047073125138145199242082005292117
126047086005199223125061082006543817
126047086179199223125061082006352917
126047092169205213167038082005217117
126055098020231225123092000531039817
126055167112202024016179000233153417
126117023166205249010089239153387717
126123198214205148081141204335148817
126150241114251224116037638655675817
126170129216231225123076000532452717
127004046058231225123075000533441017
127006070156016048144168000534559217
127011109117231225123073000530662317
127058076166064005155239357771164017
127068216118231225123077000531835117
127089203071212202096140387263344317
127089203083212196232090387243344417
127089203087244022240194387013343517
127101008018244205138029572242687517
127101008061212064145050617026341217
127101028050207183147109564186089817
127101028082215177139062638956199117
127101028217215177242182544982759317
127101029093192030106038521663049517
127107225022231225123072000530166117
127107225022231225123072000535651017
127107225022231225123072000536242017
127107225022231225123073000531654317
127107225022231225123073000535890117
127107225022231225123077000530982017
127107225022231225123077000532079117
127107225022231225123077000534341317
127107225022231225123077000534903017
127107225022231225123077000536195417
127107225022231225123077000536350117
127107225022231225123077000536443917
127107225023231225123074000531083917
127107225023231225123074000532316717
127107225023231225123074000533072117
127107225023231225123074000535813617
127107225023231225123078000535043317
127107225023231225123079000530462917
127107225023231225123079000533096617
127107225023231225123079000535670817
127107225023231225123081000533637317
127107225023231225123091000532102117
127107225023231225123091000534934117
127107225023231225123092000532902917
127107225023231225123093000530898217
127107225023231225123093000535397617
127107225023231225123095000531777617
127107225023231225123095000532422817
127115232055231225123090000535837017
127115232055231225123093000531148117
127120154031205249003219089183166717
127152047038244003004137588123685417
127168130015207009054020316000102417
127198129018207180014227174180012317
127233182151192135136130000530104817
127233182151202024004125088886452317
127233182157192135136130000530104817
127233182157205250012082088880202817
127237105233199224153178090002760717
127237244166202167045128548003345317
127249126027139010250152614340005317
127254177081135079171056000531874617
127254177081135079171104000531595817
127254177232135079171132000535758417
127254177245135079171147000535929217
128009252107231225123077000530410317
128064113191231225123079000531838917
128064200202231225123095000532175917
128132105065193065022125504412703217
128146070206212230042118024914859817
128152228066231225123090000534322217
128152228066231225123090000535160917
128157233193231225123079000536082717
128157233242231225123093000530508517
128181199101231225123073000535625817
128188013138231225123078000532165717
128214000062202028196067046275821917
129048012205131114015002092171760517
129048012205192029191082092172646117
129048012205192133086252092220930917
129048012205194031030164092172386917
129048012205194031095083092170930917
129048012205194031112200092171330017
129048012205199208055040092170930917
129048012205205184032176092173638517
129048012205205216061061092170930917
129048012205205236225180092170930917
129048012205205239087212092170930917
129048012205207001003109092170930917
129048012205212171245226092170176517
129048012205212230042084092170930917
129048012205215022050163092170201717
129048012205215106055073092170930917
129048012205244022253234092170930917
129048033243198254091153092125593717
129048033243215162120165092120930917
129066108123198033154117116700005317
129090163218231225123076000536074817
129103216242202029247060632904975917
129117087008192030007216075850005317
129119035082139218240154283055449917
129121046151244001021237093060343217
129136211167198243029005297061547317
129161061229205249014187193104643017
129175121105205211043037226600688117
129224049245205180052082627192014317
129245246193205071047204060313480317
130017113177064005155235000536479117
130017205010202118019090000532957817
130017205010202118019090000533426617
130017205010202118019090000533484917
130017205010202118019090000533795317
130017205134202118019090000532943717
130017205134202118019090000533030417
130017205134202118019090000533840217
130017205134202118019090000534123417
130017205134202118019090000534221117
130048133193205250089082074812079717
130055070083231225123092000532819117
130073084186138145199245001234582317
130102194180231225123079000532297817
130117032109202167076184473830103817
130121094160231225123073000534052917
130146030028207180053046270320102417
130150037145231225123072000535026317
130150037145231225123072000535180017
130150037145231225123072000535407317
130150037145231225123073000533291517
130150037145231225123073000535712717
130150037145231225123074000531530217
130150037145231225123075000532161017
130150037145231225123075000535268317
130150037145231225123076000531483217
130150037145231225123076000532452617
130150037145231225123076000534104517
130150037145231225123077000531346117
130150037145231225123078000532821517
130150037145231225123079000531985017
130150037145231225123079000532823117
130150037145231225123079000534158417
130150037145231225123080000533107917
130150037145231225123080000533528417
130150037145231225123080000534602617
130150037145231225123080000536268517
130150037145231225123081000536241517
130150037145231225123090000530130917
130150037145231225123090000530567817
130150037145231225123090000531369517
130150037145231225123091000533594917
130150037145231225123091000535321017
130150037145231225123093000532590117
130150037145231225123094000534599117
130150037145231225123095000531828117
130150037145231225123095000532274017
130150037145231225123095000533277817
130150037147231225123076000533358617
130150039039231225123080000534187117
130150039039231225123094000536068617
130150039069231225123075000533257417
130150039118050252039173000531185217
130150167218205148025181599940148517
130150167218207001132216599940148517
130150167239064005155175455380148517
130178221119198033105216000533978917
130180197013205216066184334650103017
130245028202231225123079000532532617
130245028202231225123081000533238317
130253255023231225123095000531217317
130255203026231225123078000534501817
131000165090194043146045000531596717
131000165090205183117061000533835317
131000253054194114090178000253856017
131003112098231225123073000535916917
131013154192231225123093000534338517
131031156247192030007219000533188317
131031158013193065060205034786258017
131031158013194043116154034785283117
131040222060251190011213214346328917
131041072235205098029169448225536817
131042174009192030007216334950005317
131042181153139010250151591690005317
131051240070207001170180088015009117
131051240215139128098015088014099317
131051241093202030023071088015880617
131101203126205126137163000536182017
131101217001231225123080000532370917
131122070048192030007219000534192617
131128133046135079171077000535340517
131134143130215006075119001232755017
131134143130215167248096001230278817
131134143130215167248109001235326617
131134143130244248141253001233456717
131134146233050123083128001235384717
131134146233131114050166001235185217
131134146233139001142064001234316517
131134146233139072053038001234486417
131134146233139212126037001233379317
131134146233193065095010001234785717
131134146233194078251234001231005817
131134146233194100125152001235735217
131134146233194114089069001235414017
131134146233198209159039001234454217
131134146233198241226023001234606617
131134146233199169005020001233848417
131134146233199171107002001234755317
131134146233199208052009001234038217
131134146233202024005021001231238917
131134146233202024005044001234413217
131134146233202024167029001236070517
131134146233202028016103001235631117
131134146233202028085069001236049017
131134146233202028099040001233293817
131134146233202028131138001233384717
131134146233202028134252001234967517
131134146233202028144164001235963717
131134146233202028146231001235178717
131134146233202028184246001234904317
131134146233202028200060001233794717
131134146233202029033167001234695117
131134146233202029059033001235723917
131134146233202029087225001235411617
131134146233202029109105001235007917
131134146233202029156191001235961117
131134146233202029160235001234291617
131134146233202029176119001233551817
131134146233202029178042001233779017
131134146233202029198216001233982417
131134146233202029202025001235910917
131134146233202029240023001234363417
131134146233202030021051001235636817
131134146233202030024194001234856817
131134146233202030088018001234356017
131134146233202030101010001235378517
131134146233202030116006001235298617
131134146233202030124013001236086517
131134146233202030131193001233820317
131134146233202030132161001235902317
131134146233202030133126001234418317
131134146233202030139109001235726617
131134146233202030151121001234825217
131134146233202030153067001233606917
131134146233202030153097001234549517
131134146233202030158004001233727617
131134146233202030168234001233744017
131134146233202030175028001233612617
131134146233202030182189001235467217
131134146233202030188037001235220817
131134146233202031006245001233809417
131134146233202031022255001234720217
131134146233202031056254001233520117
131134146233202031100123001235400417
131134146233202031129012001233591217
131134146233202031165228001233944517
131134146233202031187115001235430517
131134146233202118054182001233970117
131134146233205070222042001234015117
131134146233205148093250001236022217
131134146233205164122124001234981017
131134146233205166255217001235823217
131134146233205184037210001234986617
131134146233205194244205001230169817
131134146233205216065182001234696917
131134146233205217249018001235389417
131134146233207023230207001233306617
131134146233212064083006001235558317
131134146233212195084201001235817717
131134146233215018244002001233373417
131134146233215019070216001230209617
131134146233215019071218001230220717
131134146233215161111253001233318217
131134146233215163175038001235416117
131134146233240063017189001235745017
131134146233240183055173001233499817
131134146233251190158157001236038217
131134146233251196218162001235940817
131141245155231225123081000533121617
131143133229131115052094000536368417
131143133229135079171196000534851117
131143133229198240075081000532123117
131143133229198252174183000534046117
131143133229205218042236000533629517
131143133229231225123073000533919917
131143133229231225123073000534376717
131143133229231225123076000533795517
131143133229231225123077000536458717
131143133229231225123078000533453317
131143133229231225123079000534498117
131143133229231225123080000536002217
131143133229231225123090000535131717
131143133229231225123093000531507717
131143133229251190010041000535064917
131146008244231225123074000533081017
131148003016251190010037000532092317
131148087034198252174183000535566517
131148087034198252174183000536372617
131148087034199208048085000533305717
131148087034205212176055000532327317
131148087034207180189167000533602617
131148087034231225123072000532637817
131148087034231225123081000531966717
131148087034231225123091000531332617
131148087034231225123092000531927717
131148087034244022061037000533161517
131148087034244158229189000532390317
131148087034251190010037000532327917
131148087034251190010037000532739817
131148087034251190010037000535738417
131149227185198192217013000533386817
131151065185198252174183000536274417
131151065185199177254245000532968717
131151065185199177254245000533971317
131151065185199177254245000535245817
131151065185205180215252000532156117
131151065185205183117061000530966317
131151065185205185131013000534798317
131151065185205187184044000530563217
131151065185205218026097000532820317
131151065185205218042237000533601817
131151065185231225123075000535097817
131151065185231225123077000532412417
131151065185231225123078000531978517
131151065185231225123080000533715717
131151065185231225123080000534450217
131151065185251073188198000533622517
131151065185251073188198000533968717
131151065185251190010037000532470717
131151065185251190010037000534485017
131170083102205139032214000533065617
131170083102212034247249000531406617
131170083102231225123075000534708517
131170083102231225123079000532605117
131170083102231225123093000530280417
131170083102231225123093000534417617
131170083102231225123095000532153317
131170083102244248229133000533606617
131175084198231225123073000531537717
131175084198231225123081000530627217
131175084198231225123093000534020617
131184001166135079171057000531783017
131184001166135079171069000531559217
131184001166192167127033000530115117
131184001166207001175090000534414317
131184042150215027091099001230012317
131184042151215027089033001230012317
131184042151215027091099001230012317
131184042151240183051070001230032117
131188254013251224032194000535899317
131208002213199136086068030740307417
131208002213212195128205030740346317
131208002217192182071019030740307417
131208002241205071020124614565027517
131208002242139180038212614560776917
131208002242215006173242614560160817
131208002244207012129086614563039517
131208002245205201187131614560102417
131208002246205125184128614566393217
131208002246205251205198614565300417
131208002247205184032003614565137617
131208002251205180032198614560102417
131208002252199137132015614560102417
131208002253192182140199614565073417
131208002254199137129214614565734417
131208004228198209142018614562730017
131208004246205125111116614560667217
131208004246205180091065614565842417
131210135121231225123075000532797517
131210135121231225123094000532754317
131225228102139136058114000531258117
131225228102139136058114000533799617
131250193014251190010037000531506917
131252026055244020059238099871140817
131252086133231225123093000531118117
131252132135231225123072000533573117
131255054169205212236250592415837817
132016242125199169214099522231696717
132059159037205199053093053534095917
132059159053138056076139575474237717
132131249105199153108060587450103617
132207132224199170229205278762608517
132207234057202028017174566315152617
132222118038139061080217111035378617
132222120117212230228014240315089417
132242183018251224228010241975266117
132242183236194038155157116082301217
132249072179192030048230010241005317
133007134213202030209044604864648217
133036080001212195071106274551021817
133038059043212195028069263374840617
133038129244205199053093010294095917
133042169042194100116197135345032117
133043106061202028201134613884000417
133043176211050056145002450583147217
133088211250215167248091221113425317
133094088091251000115141189794565717
133111001113202030144246287992691117
133111013031202029146231593002240717
133125235143205113240244637824966417
133150025028192022164213589505085817
133151146106199169214152383695941317
133151155247215177165029556082936617
133151177222202029011210513086273117
133186064077207183132053010256237017
133210187194194102242218256072089317
133212010111215106211176546894568217
133212140201215177242002250660994317
133212152034244158007166263455937817
133212152039205218157013152660102417
133212155125205113193045563885128917
133212155132205139035190227161362417
133212155132205218014064227160675517
133212155244212171083065386721448717
133212158078207001012250504574017617
133212159147199137227017514130449417
133212189027205251200208397483046517
133212235210215177165018296295859117
133212240158205217251232493930105117
133212240182138152125013493312918117
133212242034138091022066404423848017
133212244082192182185183252825118817
133212244082207001001127195975566517
133212244253199177082113340166103217
133212253008215013082001601720102717
133213049114244031075061516022081217
133213052209199224098173374720488717
133213219224240183146215102111857017
133215166093205098232229342924267917
133215186153199169214029514136206317
133220009069251073189165648992704417
133221182236194078242090089992040917
133226200142215019014000093060515717
133228139147199136088086188520758817
133229225063194102244093447825492617
133235094101212195125025180900186117
133236196034199152005234574450103017
133237136109207183137186518822607217
133239153125202167046207300670688117
133240136089205251200174599963675117
133240145220138145213107254546470117
133240145220199153100161254542714117
133240147218205213165066623790358417
133240156136212194145104611122591417
133240185028139072053034304213715917
133243140236205164123023214594637317
133243177098198254091122239420899917
133250109139138056034157167622785217
133250217250205125088104602175425417
133253094229192030004237141400005317
134009113047231225123073000534175017
134009113047231225123078000535092117
134009113047231225123078000536124817
134009113047231225123079000534301317
134009113047231225123081000535699017
134009118255215177165038000532600117
134009119017231225123080000535562217
134009120193198033105217000534366017
134009120193231225123079000530629417
134009120193231225123079000533056717
134009120193231225123090000531539817
134009124177193241063241000534475617
134009124177231225123072000536524617
134009124177231225123079000530759817
134009124177231225123091000532629317
134009124177231225123091000533316717
134009127030231225123091000530183617
134025023064207012129092522110717917
134027209127231225123093000531751517
134042003119199169218091000533973617
134159101059193065004076056045508017
134159103196202030172052050000596817
134164178113237042073248020010200117
134164179108237042073124459860016117
134164179108237042073126485920016117
134172195097231225123080000532010517
134172201176135079171128000534951517
134187091098199169198037000530743417
134194200177215167248106044475601817
134194201107251190010041000532047417
134194207063205184043229000531591017
134194207063205184043229000534555917
134199068120231225123077000533200117
134215142005205113198211000530205117
134220053054199169214054009332388817
134232172170116246215124000535746417
134233147119138145213185612330287117
134233147245215163007214565796367817
134233149210215162120188188974729517
135050130173192166238235001235122017
135064001186231225123073000530795917
135072013018244067209230416983365817
135072013122205164119185386366160717
135072013122205164122070348525925117
135072013192192167239169595964962517
135072014070050062046170431524871517
135079087194192182128053513724662217
135079127178199177255039507244984017
135083152077251100097023652055542017
135152109069199171089117000536152217
135159110072240183054173000533630817
135210206145231225123075000530521617
135216000038116246215156387850904317
135231061242207008086202000535917217
135231061242207008086202000536207517
135243074240231225123092000534314417
135243074244231225123073000536279317
135243074248198033104134000530941417
135243074249205139032210000535920117
135244008101215167248185191325558917
135246245242198193176164533860260517
135246246047205055128122068812692517
135246246047212195005137068814965517
136037243004244067209150283064358717
136042204068199170237185210932695317
136053047022205164112021114244792417
136053047100240235109089191114973717
136053047100244205008122302324796717
136053096056192029095215100250928317
136053100094139212124082000535564617
136053100094231225123075000530669117
136053100094231225123075000530966017
136053103158199137224114000804005217
136053114140231225123078000530459917
136053123190139143182038101494548117
136053123190192029060179101040308217
136053123190199138218125101082671217
136053123190202030198046100744893717
136053123191205187186093101402672217
136061139198205126137127281590000117
136077182010202031034238590504024017
136084222221212230042078000535829217
136125215003215161044018000532903517
136128066210231225123073000532523617
136128066210231225123094000532942017
136132089031192030007219000535808217
136167186124205218014134613954348817
136167190085202167046207010430688117
136171103073244127074077115843343717
136178222021138030205130092675155117
136182217167231225123080000531263017
136185129184202029124250094552703217
136215236077198222246124516455219317
137067095126207180012205340473070517
137080111130231225123074000536410217
137080113160205250088192196885141317
137090005124138146060100612626088017
137091234062138152125118555004956217
137100081159205166063097242835477617
137104216156199169198037000534048717
137105069084231225123090000531111517
137113213245202030141146441271688117
137113253074202118024061170542440017
137118059092205126037192154405773817
137118059109198220149151270505498317
137119252134198033105216000533768917
137146121047251000112221119820005317
137152255073244127143093000530102417
137154134056231225123079000530393817
137173074202194078209108068811962217
137175047234215007172130297521851717
137217021149138075186013010680588317
137245163115251108224008000536410017
138035149024205126032236639045621117
138035179096199177255212533942784617
138044206190205251202072587262637317
138061168034199152005234430170103017
138086099212215177155215261295188317
138112116241193065125226403125932217
138119022012202031065137226202150117
138119065051240063017146293170116817
138119225078193065125226231595932217
138123166124192030106200547022602217
138126227062202024004215500312449117
138130098185202118037250533432087817
138141063133202028178175476525973217
138150090222205184032089521031419017
138152152245205249057107224964211117
139042010243231225123092000531369017
139043128189251196216224330664569717
139043249152231225123074000530638317
139044150245231225123072000532568417
139044150245231225123074000531528417
139088036218199152005234364643321817
139201198104231225123078000535398417
139248018107251100096119629081046817
139248100132240223012081307432507017
140066159231116246215242509690904317
140066161058116246215156432870904317
140072067102198033105216000533904717
140075251082050123066002000535239417
140075251082231225123093000532967517
140075251097205219222009000531534917
140075251103231225123076000534456117
140075251105192029094090000533536317
140075251113237042073106000535819717
140075251121237042073106000535331517
140075251123198255189026000533572917
140075251124199192040127000531115817
140075251127231225123076000530202217
140075251127231225123093000532479817
140081030201199168239158000533098317
140081030229231225123072000534656217
140114212155231225123092000535045117
140180208166215019232013088015355017
140200069118116246215241637400904317
140247021213205183117061000532853917
140247021213205183117061000533943117
141137156144138091093139004436506117
141174084119205216067013000535360217
141174084119205216067013000536370017
141199134139207008083119270236404617
141236058001135079171133000532518717
141236058011199153055033000535854117
141236058023231225123075000535559617
141236058040231225123090000531490717
141236058043231225123094000534006717
141236058073231225123093000536454117
141236058082205250089013000535440417
141236058084135079171187000535159717
141236058085231225123073000531533317
141236058085231225123076000530456917
141236058098135079171128000531884217
141236058098135079171175000531382217
141236058099231225123078000534926517
141236058099231225123090000532217317
141236058105231225123074000535559117
141236058109231225123075000532361817
141236058116231225123073000532932817
141236058118231225123093000531112917
141236058125231225123091000534030717
141236058134231225123072000531753117
141236058146231225123090000531009817
141236058155231225123073000535674417
141236058155231225123091000535990217
141236058183231225123093000531518917
141236058187244248229133000532390517
141236058187244248229133000532666717
141236058193231225123075000535601117
141236058194231225123081000534465617
141236058213231225123079000532228717
141236058224231225123092000531656417
141236058236231225123091000532644017
141236058240207180188197000534023717
141236058240207180188197000535551117
141236058240207180189166000534931117
141236059007199177254246000536134617
141236059007231225123074000532995817
141236059007231225123076000530320017
141236059008231225123080000531486517
141236059008231225123080000531631617
141236059043231225123077000530812017
141236059053231225123095000532924217
141236059067205218043183000535035017
141236059084231225123095000530491317
141236059085199153055033000534350317
141236059085207020030066000535486317
141236059098231225123073000531889017
141236059101231225123078000532817617
141236059116231225123074000530333617
141236059119231225123081000534001817
141236059121231225123094000533957017
141236059137231225123073000533182017
141236059137231225123078000531914617
141236059137231225123079000536121917
141236059137231225123092000533929717
141236059147205211123154000532274917
141236059148231225123073000531239617
141236059156231225123081000530367217
141236059156231225123093000536307117
141236059157205211048023000530895617
141236059158135079171205000534967417
141236059178231225123079000535052817
141236059182244248229133000532335417
141236059187205211122156000531828617
141236059193231225123094000531090317
141236059194194038155243000530361317
141236059199198253220164000534491717
141236059200231225123092000530959617
141236059211135079171065000534279317
141236059211135079171133000535630917
141236059211135079171187000534668117
141236059211231225123073000532336717
141236059211231225123080000530874117
141236059211251190010041000534369517
141236059215231225123073000534107417
141236059221231225123074000531118217
141236059221231225123081000535513317
141236059222231225123091000533627517
141236059241199153055033000535425517
141236059249231225123072000535784117
141236059249237042073107000535596617
141236062011231225123094000531768817
141236062026231225123074000532441417
141236062033231225123079000535525717
141236062042231225123076000530917617
141236062042231225123079000530906717
141236062042231225123093000531899417
141236062053231225123094000534751217
141236062072135079171142000534053417
141236062072231225123078000533630117
141236062079237042073107000532221617
141236062087231225123094000534438417
141236062098231225123091000532788017
141236062106231225123072000530448917
141236062110139072051021000533475517
141236062110231225123073000532499017
141236062110231225123092000531232217
141236062130231225123091000530170117
141236062151231225123078000536415117
141236062168139072051021000532530517
141236062174231225123092000531570217
141236062177231225123077000534368417
141236062182231225123093000532997117
141236062186231225123079000533964117
141236062201231225123079000530446817
141236062207231225123094000531941317
141236062222231225123095000536172917
141236062224231225123075000536208317
141236062231231225123072000534313117
141236062233194038152203000536447417
141236063001231225123073000532055817
141236063001231225123081000535826017
141236063020231225123078000530484317
141236063042231225123073000532503617
141236063045231225123079000531842617
141236063050231225123077000533343817
141236063058231225123081000531942217
141236063067231225123094000532023817
141236063073231225123093000531717417
141236063093231225123094000533135217
141236063094231225123078000530575517
141236063126135079171066000531155117
141236063126135079171071000532241917
141236063126135079171130000532865417
141236063126135079171133000533698217
141236063126135079171142000535429617
141236063126135079171145000534395917
141236063126135079171148000530948517
141236063126135079171158000531948017
141236063126135079171160000531621617
141236063126135079171162000534868317
141236063126135079171186000534084817
141236063126135079171191000536278917
141236063126135079171194000533326117
141236063126135079171204000530471117
141236063126135079171204000530478717
141236063126199153055033000530714817
141236063126199224146018000533946817
141236063126231225123078000535802417
141236063126231225123090000535260117
141236063126237042073107000532513117
141236063146231225123081000530229617
141236063151231225123073000534746717
141236063152231225123090000530490417
141236063174231225123091000532177417
141236063185237042073106000533858317
141236063203231225123073000531973817
141236063203231225123090000531895917
141236063205231225123074000532741917
141236063215231225123093000533811517
141236063224231225123093000535200317
141236063238231225123074000530572517
141236063239231225123080000535875917
141236063242231225123073000532107617
141236063242231225123074000534991817
141236063248231225123074000534201117
141236063248231225123075000533899017
141236106178139010250151628670005317
141236106178139010250152474440005317
141236106187215161031190093206288617
142073049132205211056089223120038917
142094099222231225123090000536412717
142108002147215106210142001234393417
142124204008251224088150200990102417
142215081146205199063110589742441117
143045133199231225123079000534040417
143104178189231225123075000533823917
143140091185231225123078000532618217
143165161027199169206186313185311817
143165233006205126171111048134062717
143232083101231225123092000531486117
143232086155205098232183050572429117
143232118210231225123074000531691217
143234096012202029031044006815265817
143237210129251073188094000534342717
143237210129251073188094000534504517
146003122079231225123076000532422517
146017019058231225123076000536134817
146017019058231225123080000533946917
146017019058231225123090000530214817
146017019058231225123090000530260317
146017019058231225123090000533116917
146017019058231225123090000533801617
146017019058231225123090000535314617
146017019058231225123090000536536317
146017019058231225123094000533642317
146017019058231225123094000534108617
146017019058231225123094000534618917
146017019058231225123094000534730417
146017019058231225123094000535084517
146017019058231225123094000536247017
146017019058231225123094000536411217
146017019059231225123090000534045417
146017173237202024005070492506520417
146023035176205184043229000535424017
146023036208251190010041000532933717
146041194130205071138250363374649417
146041217165205071139075119035264917
146052242243198243139106274611345217
146057012157205212176159332412279017
146057228114139136057194500124939817
146072194223231225123094000533021417
146075054026231225123092000534551917
146083194225231225123077000530817617
146083194233139212104042000534628517
146092006098251224005137491414073617
146094051016231225123078000534591617
146094052144231225123072000534754617
146094052144231225123075000532976017
146094052144231225123093000532067317
146094052144231225123093000536230817
146100066059194102244093394705492617
146118140176231225123076000530602917
146119207072215177164046069644778317
146119207206212194146194069380000117
146119207230244127067110069136066717
146146154001205167059073255040038917
146163197142135079171071000534065717
146171120123139180034169254471089317
146191105039244003027047176130103517
146198047132202030129046530330688117
146217204240244038133045361473249417
146230024162050123083215537310899917
146239094146215027215042610540106717
147000004227193232168141023963471517
147000004227202030125115023994198117
147000004235202024004131080002095617
147003166037251073188013321000438917
147008107162192029095218156163779117
147015004072244029048170551971989317
147020010216215177154219483943197217
147054081161199177248201592795100817
147074013024205149040187457000109217
147088008245199153053006483170163917
147104144058231225123094000533423417
147104221215202028038135164746317217
147108192006199170237189475743637517
147115249239205113194110068810197317
147145108125202167077047183472939117
147145124223244158005053117796394917
147152175084231225123074000535472517
147152175084231225123076000531511817
147152175084231225123079000532248717
147162116253199223122109245995988017
147163249207199224110070001235893517
147183250071212194043032004433409617
147202245059231225123079000533932217
147212255154215162120125068814102617
147221237040205219174006226662744317
147246227113205213165186358803343517
147250114103205219155115000533827717
147253192077202031052225230885702317
148019064012231225123077000533949617
148064200253198229188040270200239517
148064200253202031146029270326260517
148064201177202029052161270186461017
148064201177202029190122270195131217
148067219085205203039104067510005317
148067220032050122231117000535490717
148067220032192182129132000534950317
148067220032199153099152000536339917
148067220032199204095053000536261317
148067220032205195120140000536328717
148067220032205200147091000532709317
148067220032205200147091000534226917
148067220032205218074039000535559117
148067220032207183147027000533734817
148067220032212195243233000532940117
148067220032215006173242000530102617
148067220032215007246013000535293917
148067222062198254094170000532674617
148067222062198255175076000532258017
148067222062198255176141000534098917
148067222062198255181162000535743917
148067222062198255190013000535677317
148067222062199153099165000532398317
148067222062205113207250000532711517
148067222062205113207250000534692117
148067222062205113207250000536531217
148067222062205167104077000530110817
148067222062205167104077000535880017
148067222062205167107229000530202117
148067222062205195120140000536156517
148067222062205200147091000533231617
148067222062205200147091000534078817
148067222062205236085039000535201117
148067222062205236085039000536019517
148067222062207008087034000534216417
148067222062207008087034000535153817
148067222062207008087057000530203917
148067222062207008087057000530219317
148067222062207183081095000533978717
148067222062212196233050000535012817
148067222062212196234029000532997117
148067222062212196234042000535937017
148067222062212196234200000534026517
148067222062212196235204000534165317
148067222062215006174101000532476417
148067222062215007246013000530307717
148067222062215007246013000530331917
148067222062215007246013000533593617
148067222062215007246013000533933117
148067222062215007246013000534393217
148067222062215007246013000534402417
148067222062215007246013000534647117
148067222062215007246013000535546117
148067222062215007246013000535563517
148067222062215007246013000536042817
148067222062215162057234000532260517
148067222062215162057234000536136917
148067222062240223215108000530406917
148067222062240223215109000536151217
148067222062244029048153000530046717
148067222062244029048153000530218517
148067222062244029048153000533366617
148067222062244029048153000533932017
148067222062244029048153000534665817
148067222062244029048153000535245417
148067222062244029048153000535894017
148067222062244029049099000532727217
148067222062244029049147000535037617
148067222062244029050128000530362317
148067222062244029050160000530103617
148067222062244029051089000533550717
148067222062244029051211000530208217
148067222062244158083115000534472317
148067222062244158083115000535756017
148067222062251100165037000536432017
148072082176205071141022000536411617
148074064070212030202010000530708717
148074155144244127020085043796197117
148074155146205251205039270182979317
148080010116202167207038050730506017
148080010116202167207047050720506017
148082029092139072051021000536293817
148083148054193065006182000535785917
148083148054193065006182000536295317
148083148054193065013102000530437917
148083148054194114063237000533058817
148083148054202118020093000535021117
148083148054202118020093000536534317
148083148055139212125117000535558917
148083148055193065006182000535003117
148083148055193065006182000536214417
148085196255231225123091000535214417
148085199057231225123072000536087817
148091245133231225123091000535962417
148092238127198033146187011946002517
148094169025194039061029000534639117
148094170020198255211077000531931917
148103013241139180033116068815644917
148107240161192030007219000534360817
148152024128138147090121073502652417
149016102181231225123072000535481117
149016111014244157134082000530102517
149033031105212171043226574153978317
149042099213050122165250092120930917
149042099213207020022123092170930917
149042099213212202150014092170252617
149042148147192135136130000530104817
149042148147193065060146088880803117
149042148152192135136130000530104817
149042148152202118016218088881473117
149042148153139212096090000536331317
149042148153139212098006000530205417
149049122218198033104135000532222617
149144117095215177154217000535458717
149144117095231225123078000534470617
149158066082050122121098062301217017
149158096213138145206181050610506017
149158096213138145206181050860506017
149164124022215177154200004432644517
149164124024215177154201004432680817
149164124059215177154219004433282717
149205225124231225123072000532342817
149210135221202030120208073910899917
149210152067212195133124498193292717
150065106073199170232194461065315417
150130018170244001169249476404916017
150135053247231225123072000533208717
150143166141231225123117500125026517
150177012210231225123081000533350817
150243036212202030093060089992823117
150250019048138146063253168803226017
150250019048138146063253168805317217
150250019048205216063136168800104817
151026115062205211049098519455317117
151045153003199153102059284370115117
151064218091199204085034210965758917
151072033097231225123077000532016317
151072040169231225123078000531211217
151073154121231225123077000532860017
151083126179231225123072000531256817
151104122246192030007221000534633317
151128049156215177155093118331736117
151130056051202024004225046740381117
151166223098050056156021514141567517
151198129011138056077236215490190017
151198129011205032029010299360190017
151198129011205127142122299360190017
151198129011205200225187299360190017
151198129011205236157176299360190017
151236058200202029247052001234425417
152009175082231225123078000534621717
152009175082231225123093000531033117
152049128069231225123095000534396617
152066001045231225123095000532834117
152082018172212195128205130220751117
152084136072205139168157335110005317
152098016181251000115138060754360717
152098026231192182090132110750365817
152104243208205200147195567730005317
152105174022207022024153000533101017
152130188218198033104134000536489717
152151005099240183050239328640005317
152157252230050251141040000535686717
152228081101199221117050435955523317
152236190236205211048023000533860217
152244038122205251200152000535085217
153011039066205113193045622152239517
153020012039205184042218232890122317
153031133040231225123095000531112917
153037036193199153100146155285639117
153039112164205249048218198205916217
153039114246199152015187092172004317
153039114246199220218130092170930917
153047221224205249010089555793387717
153053194191193065012010034783374117
153053194191193065012010034786271717
153053194191193065115157034781628617
153053194191194078248130034780520517
153053194191202029078025034785827217
153053194191202118027054034781796117
153053194191202118048045034784363617
153053194191244031075011034780506017
153078200050205166253156424491467917
153079249143231225123076000530133317
153151047073198247228194227150102817
153170052222212195128205079386079217
153182185207202030190069404413543717
153182225055199169206186513950110217
153190242153199168152226010913949517
153191005224215176180193068892909817
153216046202205251205198111115723717
153216068254139180044107412865032117
153217060166244212073048156306196517
153217099213202029247018648191266517
154005171110215167248081407122084317
154025066201205138176063501003710317
154040165080212202075077103694028117
154040172094205211043031236263491417
154042203166231225123094000535991217
154042203175231225123074000534416517
154160032051215019232002231702433117
154231172008205250094126265381802217
155004208188192167124107215690899917
155045009118202024166135486480990617
155099171133205066060067557100104317
155130116226240063115006568720367217
155143172018215161105003192203169117
155193078036199138219251068850102717
155194098189138145213173263394512717
155248234235205239062099540824922217
155253143216244020135109000530737317
156018014019199153102059222130115317
156087188118199153102059553140115217
156102054075194078198074416706034617
156108211212202028024044176021263317
156127033094199153056246376336010717
156183188197231225123092000536175317
156183188197252248025002000535916117
156183190079231225123094000533767117
156220186006199153107043599045744717
156245189123207008082059164560103317
157003253079251073189165068891081517
157134095152202030124041203855921217
157202008207198253220163321720012317
157225236034244029243026045000450017
157237212009207000071110100000910117
158006016168202029200126327414853717
158014069117202029021053011193925217
158043078158138152126178169493020917
158044179008205098029246589192655917
158044187173205236086098272304952117
158048045111192182002055365433419017
158048087159199224156157117851430917
158048243062202029011210249604936617
158049031039202031021162226970108617
158050105124202031021214529893919317
158050245042202031149033502323784117
158050247185202031149149452613636617
158051075035215161111253626645632417
158070088031139180034162112843327617
158073251110202029173057037806243517
158079248008202029230034162784354917
158120240035199169014172494345835517
158120244162199171100223167620500017
158156225186205112188198548445059417
158158226241215177165029234410173317
158205228024196089029014186230730217
158207242041138071030116049292637217
158215121147202031033246131462456017
158254120065202029173057111816240717
158254192067198241227121120272843717
159013075125050062047057540762818717
159097251194244205153033033290105117
159098228134205200027178165675969917
159103124121198209170027270320102417
159221212012212202117221339214147717
192041152027199152005234562790103117
192044165083050253169183492161275617
192044165083050253169183562381276117
192044165083050253169183564071277217
192044165083050253169183588661275717
192044165083050253169183611871276017
192044165083050253169183622421277017
192044165083050253169183638721277317
192045164017205126032234198453146217
192113167236205250089242412845133717
192168093243194017228076650210690317
193130130249205126032234092172646117
193130130249205167104037092172797317
193237151098231225123074000533724017
194013038159198240074013483194060817
194034009075205126032234379590203017
194053084019205126032234486925539417
194054207033205126037089584741990717
194058146193205126033101376196322917
194059065237205249053052360873830517
194112093121205126037150121012645517
194113146086240183048228404103956617
194129123239202118035150568794686517
194131212187194102249026503211803917
194137048022202024005121581861344617
194138018159244212138138524452276417
194147151226202028210106545470102517
194182061228205035078210429730105017
194187210001202030162027332895784617
194187210001202031007170332894117117
194187210001202031150232332895353517
194187210001202031155250332895702117
194195131042205251205198594674954417
194202171039138145199250613485988217
194202182028205200174016590816469617
194208098206205180050239616280688117
194212200007192182225152455165160917
194222196185202030130244167621281717
194223029192205167130002197460204817
194232012182205071132009429505524217
194244175183202028160151036580365817
195005227089139180038212036580365817
195005231131205071033176154700141217
195008181255212195128205042885692017
195021029064192029095201153605869517
195022021251215163004045418542748917
195022042090215027187202305852645417
195022144211212195128205372855643117
195023136046215005010168355375721217
195033229031202030056231438196423817
195034174181205184032159570571800817
195037203016050056082029368372725817
195067170059251224004206621012557717
195068237055244212229038618130156517
195068237199215176008130140322601917
195070018146199137227215001234313717
195072182072205184032103126954798417
195073185049212195028069407124840617
195073227120202028140102068810688117
195074034009202031028056016660688117
195077006143231225123074000535422117
195082042166207020027127270320374417
195084012113050122228221531085695317
195085221215212195128205116904617717
195096039211244038204221036585730217
195109025190194078242242210254736117
195109148020199169214054407550111417
195109148020244157133118407555640217
195112232032215106052199517324988317
195112246085050254094253446045817817
195114107229207001175102650875938817
195117127183212227179179068816116617
195121214040139061080220068815730017
195122209146244212137088077103137317
195126045031205098234044117923121817
195126156147202029177162607156495417
195135006201212194144247547415625717
195156083236205113194015515764409417
195156083236205113194015544443412717
195159188185205167105015326043538717
195161043109244003026016370960107117
195161144044219092051188594235117917
195162175117202028203202155694050017
195165100180205219154089142793287417
195175211244212230042118068815640817
195176209142198254091085507601006917
195186013212138152125118568606239417
195188166088198193178137357160102617
195191115250212195071106388062800117
195200015194219092051184514130714717
195204065029050123083013456825701517
195204179142240063017146128010204917
195206076218205212179110492131287017
195207078046240063017146541416274217
195208055156251224228000396665706617
195215046042212195130182347880808017
195215177236240063017146158555863417
195242114227199177248208068812723617
195255193011199169202100130003686517
195255195129199177255000477831469917
196014049129231225123078000531341317
196014049129231225123080000535007217
196014049134231225123076000533732117
196014049134231225123094000533249317
196014049171231225123094000533000217
196014049172231225123080000534784917
196014061180231225123095000531277617
196043026097231225123072000530746517
196043026097231225123072000532482017
196043026097231225123072000534046917
196043026097231225123073000532046117
196043026097231225123073000532635417
196043026097231225123073000533459217
196043026097231225123073000535456617
196043026097231225123074000531415317
196043026097231225123074000536416817
196043026097231225123076000534975517
196043026097231225123076000535649517
196043026097231225123077000530778517
196043026097231225123078000531652617
196043026097231225123078000535957117
196043026097231225123078000536215017
196043026097231225123079000530506717
196043026097231225123079000535517317
196043026097231225123081000535643517
196043026097231225123090000530920317
196043026097231225123090000535936017
196043026097231225123091000535241317
196043026097231225123092000530586817
196043026097231225123092000531817017
196043026097231225123094000530936717
196043026097231225123094000534484617
196043026097231225123095000533157117
196043026208231225123091000531647217
196043026209231225123092000535769617
196043026209231225123095000532674517
196052034228207001005241068812326417
196052037242192030125171151524915417
196052037242192167232114151532628917
196052037242192167233096151512240417
196052037242192167235009151510409717
196052037242192182074003151514915517
196052037242192182084004151533141517
196052037242193241061248151514915517
196052037242194031029113151522803717
196052037242194041035018151534915417
196052037242194043107130151524915517
196052037242194086007099151532649117
196052037242198228176197151532674317
196052037242199169214059151514330817
196052037242199177190213151510409817
196052037242199177245230151534915417
196052037242199223121247151514915617
196052037242205071026047151534915417
196052037242205071027010151520409717
196052037242205126032213151524915517
196052037242205126037006151534915517
196052037242205166125203151510409717
196052037242205180017183151514915417
196052037242205180085255151534915517
196052037242205239049238151521617617
196052037242205249000012151520445417
196052037242205250092141151524915417
196052037242207001015036151530102417
196052037242207012129092151532649017
196052037242207012132207151524915617
196052037242244001019238151532704517
196052037242244205242023151510279117
196052037242251190162054151510409717
196052038221244003007245655120899917
196055172072205066140184087655258017
196055172072205184036028080006008517
196055183065198254094122039994365317
196055183065207022045110039991608817
196062110224205203003077623480230717
196085001142202030099010482584147717
196085001142202030099010482584323317
196085001142202030105015482583862217
196085001142202030162027482584078517
196085010198194031116066036584467817
196085037170202030089117321401134217
196085110087202030118165485775806817
196085110087202031021214485773919317
196085143096244212136155068810688117
196085144067202028028145348854049417
196092182181116246215241576240904217
196093064047212230042078000535119617
196093064099231225123072000531845117
196093064099231225123080000535660317
196093065108231225123072000533029217
196093065108231225123073000531922517
196093065108231225123073000532449017
196093065108231225123073000536406317
196093065108231225123074000533212817
196093065108231225123074000533301317
196093065108231225123074000535706417
196093065108231225123074000536405217
196093065108231225123075000530555317
196093065108231225123075000530577417
196093065108231225123076000531942517
196093065108231225123076000533513517
196093065108231225123076000533796917
196093065108231225123076000535933717
196093065108231225123077000530955217
196093065108231225123077000536100917
196093065108231225123079000531467817
196093065108231225123079000533623017
196093065108231225123079000536246917
196093065108231225123080000530210517
196093065108231225123081000533837917
196093065108231225123090000535338817
196093065108231225123092000532973517
196093065108231225123092000533742717
196093065108231225123095000530442117
196093065108231225123095000530629517
196093065108231225123095000532023317
196093065108231225123095000532561817
196093065108231225123095000534068017
196093065108231225123095000534605517
196093065109231225123077000531061517
196093065223207023144230000534095917
196093065223251190010037000535105717
196093167107194017228043439510148517
196095128071064005155226593011164017
196095128073064005155239603291164017
196154224234192030007221000531184717
196154224234192030007221000532629817
196180166093215013083101313893752017
196188092074215027185247564826356717
197001153142138152125018503950108517
197023231244212195128205128325643117
197030217115202030195093034785287917
197031175175205180092110013080102917
197033206055205070220141440485758617
197038148067205164097069051280506017
197042087201215018090044394240104617
197042193003205126032071484842895717
197043152169237042073248020010200117
197043152170237042073248020010200117
197043152171237042073248020010200117
197045127145231225123075000534069717
197051074066202167077093001234719017
197053130000205249010089538913387717
197061129192207001010036092120930917
197061131164193065058117092100910017
197064049162231225123075000532403617
197064049162231225123078000532374017
197068028053199137231134514132174017
197070150215199137237014000532654817
197070150215215004016173000532626217
197076035196231225123095000533959817
197078203161064005155182000533801517
197078203161135079171130000531446417
197085004079207009253109011942743017
197086015014050056119167575661121117
197086015014194086012058505441121117
197086015014207022030043605961121117
197095110132240063017146180190116817
197106250176202029149205239521493617
197109049206215163005030200166003217
197112172091205212182066000534113517
197113078103205249010089420683387717
197115181117215007230014283966432117
197124121040199169214136068812557117
197130100072192182074123250002763217
197134100137205126137100453692577317
197143023005202029031150023171699617
197143174020205249003219270326235917
197150168044199204102255173444327317
197152211132192030023179332340038917
197152211132205239092123492250038917
197173140055138145212145092615345317
197174046055199208059161093364136617
197210006237205217247190603220775117
197228082006215013072176155254995417
197249130095202028029229225710899917
198040214067205125078205560201393917
198215023057205250093172243232613917
198238157104199177255252489092083117
199013124035240183054036165971458917
199048176190251224228010247935298417
199077059019193065125226516255932217
199079154106202024005076441363630217
199079237029202024005227260856326517
199089017083205180073171339163036317
199096214000198247251165331130105317
199106062087202029187147266345753317
199106207148244212138138530292276417
199110122247139212118057289336353117
199114153229192182145001477833861817
199119017084199169214054638690111417
199122009003202118117158224526316717
199122014192192182185013017555141317
199124100057205250089242245072649117
199137212230205126033101290973528017
199159065179199152005234292003321817
199170254012231225123077000533911417
199188090053215161064005607200102417
199212065055251196216190340744006017
199215069165240183051070308664944317
199244053043199152013237234822561717
199245167098199152014036602413037517
199249064156231225123077000534394317
200000195131193065062210178074007917
200016090066231225123093000535803017
200016118132198033105216000530911717
200016118132198033105217000532758217
200040060224202025224142622695216017
200042186147205251202207504224969317
200051191114198253201122000531973817
200063158209251073188098107030688117
200095139228202030123205010000100017
200124146154205180215252000535469117
200124146155212230042078000532971717
200124151235205180215252000531686317
200124200090192182193067002210012317
200124200090192182193067051080012317
200124200090192182193067073480012317
200124200090192182193067088770012317
200124200090192182193067107840012317
200124200090192182193067132330012317
200124200090192182193067140830012317
200124200090192182193067145990012317
200124200090192182193067268410012317
200124200090192182193067294680012317
200124200090192182193067312020012317
200124200090192182193067374180012317
200124200090192182193067375040012317
200124200090192182193067459770012317
200124200090192182193067502770012317
200124200090192182193067568310012317
200124200090192182193067588240012317
200124200090252248025120167780012317
200124200090252248025120173680012317
200124200090252248025120262480012317
200124200090252248025120278250012317
200124200090252248025120349800012317
200124200090252248025120459770012317
200124200090252248025120468920012317
200124200090252248025120469500012317
200124200090252248025120502770012317
200162025220212194251014080135402317
200174037172205213161047068896366917
200174071228139143182108010273426517
200174089176194078209105379601591817
200174155096202028024230368805902317
200174222094202028065045458194229717
200175057082202031094000478895730217
200175196040192022167203363034916017
200175252030202028031060436505851517
200175253087207008189236464144760517
200223137207231225123072000530143317
200236197053139072053034402772091517
200241120221199223117202271360229417
201000058040212195135037117813065617
201001214182050056082029050034780217
201001214182131115161005050035377017
201001229218199153055033000534966617
201002156078199169206186029335195217
201002156078199169206186029335311817
201019160173205249010119376695039317
201072135128231225123074000536379917
201072135153231225123074000536328617
201084058053202028186171463595963017
201084218219193232166117597954775717
201084219161202029214164560633781817
201096003050202028190002572745141317
201096072201205200029249000536337817
201136046029192133086040389700102517
201136137172212030198157068814904217
201139071154192182090041456825123417
201153051084205250088192087785141317
201162195066202030098181615055548017
201162252131202031143030503214050017
201163019156205251200174503211094917
201164054050199171100223185000500017
201192086187205126108207394312292717
201192130020215007228037479735602317
201197112092207001007162287080103617
201248056170192182193067023920012317
201248056170192182193067076550012317
201248056170192182193067182970012317
201248056170192182193067268860012317
201248056170192182193067308570012317
201248056170192182193067333960012317
201248056170252248025120043560012317
201248056170252248025120268860012317
201248056170252248025120579110012317
201248056170252248025120632520012317
202017083254205239079024050600522817
202017126114205239079024050600524417
202019036052192182179229571282786317
202108030008192182185209407121830117
202111174078192030097210623616428817
202220175106205239079024050600532317
203018111116202030075157563386100417
203020217018205218158082010290677117
203022049153215004018002115011249217
203024236088194017228117616210593917
203027096036251215113173334821506317
203027122177202029176249392315742217
203046040245244022109042567256117117
203046211107202029214164567343781817
203099144160207022024153000532612417
203099144163231225123080000531577117
203106243200193241060086068814447617
203119130030215177155093254361736117
203119162198199169214080486984176917
203123006164205070220062544956020117
203123111068198209154186183184778317
203132058010205070220088180222623917
203145087229205126120223175955086717
203147015253205126174001167620102617
203169252136244089081011312090103717
203203182002231225123076000530602717
203203182002231225123080000534966717
203203182002231225123092000533429917
203203183253138056034209000530737217
203203183253231225123072000530946817
203203183253231225123073000532898617
203203183253231225123073000536406117
203203183253231225123075000530854517
203203183253231225123077000530321917
203203183253231225123079000532965717
203203183253231225123081000530551517
203203183253231225123090000531613517
203203183253231225123090000534576217
203203183253231225123091000531900417
203212060057231225123073000536366317
203212060057231225123092000534419217
203212251234202028159017624415413217
203224010158251000112221098470005317
203224173094205236092061431930005317
204002086017199153054042105590103017
204007240175207022029142287500102517
204015094155050252209077521554765317
204019197222199136086033620761278417
204021100001212195128205301051945717
204023110000251196216067502306485617
204024219078244038133045068814497517
204026026134199221119051083565830417
204041035173207020027127270320622917
204046026097207012139034592270235217
204046050129205098232229042854267917
204049074101199224221141127210603417
204051055135050056082029614455146417
204073099189207001182104068812945217
204088075090198255185126410925240817
204088134117202030145090491606035217
204088224129192132030066030740307417
204090048232202024166216369561562917
204090126099202028195010543791968817
204097024236199169214054464100111417
204098173157231225123079000531323517
204101177073215027187202274642645417
204104052134212194251014257235389317
204104062198205195120197506830636717
204104075121205167104077089995200717
204123124188205126137125010551254417
204124074102205218244149046983264017
204124083032192182090041308015123417
204124086089205236085028070634180517
204124088088215018094165387580288117
204124089017192166213034555054829517
204124097237215004018234564511281417
204124133129207180051185473890808017
204124177146138152125013401442088417
204128164052207183152092068810688117
204133166096205167107181505005183817
204136073184199177240231623170038917
204136073184205166052208463590038917
204144163164198220148014514132727417
204150012238202024167133227652139917
204159155098202030153143517415003417
204160039111202030125195636315298517
204160081113202028003235577724247617
204168016095215027221062632630105617
204177149083215163165030630014754417
204180177191207183152092068810688117
204189218210207183152092068810688117
204195180123198247232227143213713517
204202189123207020027073525002083317
204213104238212195128205010364617717
204214170208199223126076308520102817
205016141152199223117202081960279617
205024071176198254091153064643449717
205046065097199177248203261700246317
205053084075199177248203456851436817
205053090204199177245230592502917617
205128062001198193190090648734183117
205130121150199177248242411175579917
205131020069199169207118464226226717
205135072018205251202111610440158317
205184121244199152006186465582555117
205202126072205251207214632520102917
205216158056138145201253000536219617
206014117076202167129004413183491417
206019124226205098234026030616172517
206030189009244003007162103181601017
206038171198205180085094093070016117
206038171198205180085214093070016117
206042194049207001004013126015032117
206048207188215013072176271104995417
206051060079244003026016602361373317
206051175082231225123073000530127017
206059090181212194052220551322716617
206089105112251073188194504504557717
206089105115212195128205422464556017
206089105137199137227109165403187217
206089105158212196048209254036552317
206089105236194042036100614592427817
206089110241199169205093101692223517
206091050060244158139225394090104117
206105047132202031159113261606321817
206110035246198243068205000232658517
206111149135198033104134000533414317
206111251194231225123073000534111317
206111251194231225123091000531368417
206111251194231225123091000534407117
206111251194231225123092000530975317
206154185076212195128205478475893217
206155026068202030209173185001338217
206155114021139072053034514172030317
206157032229198247240146100010102417
206157062246205218008153050583804417
206157212119205249010089012003387717
206168117167202030081069617786146417
206168183181202030067194200902540917
206169072222198247248208568854091317
206171126096205212176232148352798417
206187094025198228176162136402941517
206193111147215161031064639773490917
206193134177192182253140010262821017
206194160255199136068166613242733917
206205132151205113192143308544360917
206207199142212196220006598616232217
206211044229244248166237011945092017
206211151116198247232227611213713517
206214131118207180012223580155838217
206217058149205249051081284315080117
206218135031205032024094170201444317
206220228046205211054118188980814717
206235161044251190163139514130174717
206236190010205217247143529881991517
207056112047199153103206103253612817
207117057112202024016182034785830117
207193240001240063017146601910204917
207199042168244038133045146064970917
207228087132199152015184301915908717
207228088168199152005234402380103117
207229033028050253170215185324701017
207230103109205251202161215980163017
208016182022198209152099010304530517
208021025141202028198214314975054917
208023082002202028050158012085469917
208031029192205183117022000536100217
208082203076215007141241421646070817
208120245048193065055170630314350517
208124144077202030056231611216423817
208178007047194043146045000535404717
208178064218050121229061000233457817
208178109159192029095201527214761717
208215190128205249044080031772827917
208229082224212194052028108955390717
209088105181198209178030071285250117
209089149042202029214164528113781817
209090061077205213189166112142800717
209101028184199169027093647700688117
209101063078202029231130431265544617
209112169175205164190013148914422117
209114092105199169214089463782780417
209114107215050057213170068811708817
209116146007205066250057614711241017
209131086247212195217173570312127417
210011223039202031157160511051414217
210011239091212230228014433774729517
210011249052244038067142599745725217
210013122221198209185095594442676517
210016030231231225123078000533812417
210018043160198033104132104660005317
210024100068139180034162476263327617
210024117127192030221044415700910417
210028117038139212124060088881591317
210028117038139212124060088885305817
210028117039139212124060088880946017
210028117039139212124060088881058017
210028117039139212124060088882636417
210028117039139212124060088886054417
210028117039199177093138088886467817
210028117039202029137183088885648217
210028117042192135136130000530104817
210028117044192135136130000530104817
210030124246231225123113500125855117
210039053009202167046018069344355017
210039053249212195071109514403649417
210056093042215007246013630766103917
210061071003205113198211004435421517
210061102044215177154198004432642117
210061102106215177154201004432673017
210061102133215177154200004434608917
210061102218205251202087004435627717
210061112146215177154200004432670817
210061112229215177154219004430314417
210061112230215177154219004432651817
210061118234205113207083004432723117
210061166081240063017189004434367217
210061166083240063017174004433735517
210061167070240063017146004433935717
210061167088205251202106004435521617
210061167103240063017146004433735217
210061167103240063017189004434720717
210061167105205251200120004433495717
210061167168215177154200004433839317
210063197068202167002161050565189317
210099187228202031157139106393474117
210176214007207000067229281350104117
210176233096138030201040448226170617
210178016215199137227028030741532917
210187077123215027184232068812766217
210187145027212202151081083470879117
210206026081205211056089085900038917
210252200139202030075193068844050017
210255186130252248201171579560541917
211016077058240183048041047010005317
211036184181192022160221283812731817
211038050146205164096216004430557017
211038129007240063017189004431238317
211038129007240063017189004435684117
211038129041215177154201004432680117
211038129096240063017146004433394217
211038129096240063017189004435003017
211038129098240063017189004435292017
211184024063244029240020533292034717
211245217106205071138052321095905517
211247232227192182242120001234372417
211247232227205126137110001235766817
211247238126205212176066077184299517
211247243212212232237046068815500817
211251057049199224145205207052800417
211253197119194086007127556592716317
211253199031199137227090647390262717
211253200204139130007194592996275417
211253200219198193186216625272721117
211253200219251224229119625274319317
211253200238244029049123569913833817
211253220150205218159165569044747717
211253220172194031033031521121167817
211253223037205125102216541275601517
211253223118244003240026545290236917
212036004176199152014036000532938317
212143024172116246215156544110904317
212143024172116246215157544110904317
212143024179116246215242604130904317
212143024179116246215243604130904317
212143025083116246215241644340904317
212143025094116246215156552760904317
212230093210251196218162502535319617
212235059024198254094122514132352717
212235197157138075190005000530182617
213107184216202030130242593906234817
213107184216240183048189595105413117
213128094116207001002033267071455117
213128107101205180030144438724050017
213129187211198252033090340951419517
213182131010215177154200100015881117
213182131057205251200212100034621017
214035213086212195031057083226113717
214132213019199169214223631575964617
214134232070205180215113421302683217
214134247050205098232229456823471817
214151154205192182024096095235645617
214151154206192182244113547342629417
214151154206244158005053578991645017
214160210253202029211177262364712017
214169020186251196145111068820899917
214230051196205249006065068823720317
214243243173212195130205132482501317
215018220157205249051081333035080117
215167200011244248024143190481487517
215167200220050123066195147146252717
218042024043252248203203354435873217
218131143248192135131146045006195317
218158088184192182225183044336183317
218224073011215004018234068811275717
218224197061194017231008240355627017
218225091066231225123072000530813017
218225091066231225123072000534134017
218225091066231225123072000534821017
218225091066231225123072000535702917
218225091066231225123072000536494517
218225091066231225123073000532301017
218225091066231225123073000534121217
218225091066231225123073000535319317
218225091066231225123074000533573517
218225091066231225123077000532408017
218225091066231225123078000530146217
218225091066231225123092000532185217
218225091066231225123093000531303217
218225091066231225123093000533128117
218225091066231225123093000533201517
218225091066231225123093000533757217
218225091066231225123095000531825317
218225091066231225123095000532594117
218225091066231225123095000535487417
218225091066231225123095000535991317
218225091067231225123073000531000617
218225091067231225123073000531321517
218225091067231225123073000532441717
218225091067231225123074000536020717
218225091067231225123075000531488417
218225091067231225123075000534376917
218225091067231225123077000531080517
218225091067231225123077000531629817
218225091067231225123077000532756017
218225091067231225123077000535240517
218225091067231225123078000530115417
218225091067231225123079000530734117
218225091067231225123093000535042117
218225091107231225123081000531937417
218225091107231225123081000536082517
218225091111231225123081000531817917
218225091111231225123081000532292917
218225091111231225123091000531268217
218225091111231225123091000534652317
218225091111231225123091000535326917
218225125241050123066002000533066217
218225125241192030007221000535444717
218225125241215022004166000535066917
218225141147116246215243623250904217
218225162156116246215240458730904317
218225162157116246215240635650904217
218225162181116246215156354460904317
218225162187116246215241386120904317
218225162216116246215242388170904317
218225162218116246215156390570904317
218225162218116246215243390570904317
218225198187192167234191034820508617
218225236129116246215242628890904217
218225236129116246215243628890904217
218225236208116246215156375500904217
218225236209116246215240422560904217
218225236210116246215156605840904217
218225236210116246215157605840904317
218225236210116246215242605840904217
218225236211116246215240430250904217
218225236211116246215242430250904217
218225236211116246215243430250904217
218225236216116246215242493870904317
218225236219116246215241470620904217
218225243047116246215240441630904217
218252053227139218240061208906033717
218252053227215167025218208902660917
218252110062212195069081220823370017
218252194008138091029013000230577317
219092080059205251202111267732998217
219117230111198209152169613534050017
219122166028205098239114514136468917
219167032123231225123080000533548717
220017251145215004162100099875379817
220145171171205250090022149712684817
220162158216192182090041366805123417
220253110232202024167240448350952017
221091243151215018133166041722826117
221191093051192182140199093060930617
221197133038231225123072000535418917
221197133038231225123076000532055417
221197138002231225123095000531758517
221197138217231225123094000536187717
223002129089205216067013000536241517
223003039002202030076065011940102417
223003085117199169195068011944649317
223003230168205113204120514133499617
223009124114244038133045141463901117
223010194025194017238187270195835017
223010195036244157223148270155991817
223010195104207001001207270196187417
223010195105050251140052270195568717
223010195116215013074003270196148617
223010195120138030194133270185947817
223010195121138056035109270196263317
223010196103207008083119270216315217
223010197051205071016026043796514117
223010207032192182089024151510102417
223010207032194043096119151514915417
223010207032199204070099151524915417
223010207032199204072208151524915517
223010207032199204106046151524915417
223010207032205125085074151534915517
223010207032205180028180151524915417
223010207032205180073077151534915517
223010207032205180084147151524915417
223010207032205180120200151524915417
223011121080231225123075000532203017
223011156115198192205182088012941017
223021079078205113201135529385067617
223044129146138075191030151522628917
223044129146192167235009151520409717
223044129146194031044192151514915517
223044129146194042195018151514915417
223044129146199136086110151524915517
223044129146199153045236151520167217
223044129146199169214136151521209717
223044129146199223121096151520409817
223044129146205032022195151532628917
223044129146205032022226151534915417
223044129146205126037146151530189917
223044129146205126046216151512642717
223044129146205164115063151524915417
223044129146205186002162151534915517
223044129146205217085219151524915517
223044129146205239051168151520409717
223044129146205249051077151524915517
223044129146207001003110151520409717
223044129146207180048009151532623817
223044129146207180048013151511299117
223044129146212195130062151524915517
223044129146212196220006151522212617
223044129146212230228186151533954317
223044129146215007237074151530179517
223044129146215162167253151514915417
223044129146244022110183151534915417
223044129146244038204221151530186617
223044129146244038204221151532660117
223044129146244089100206151513627217
223044129146244205242023151520102417
223045056025205239062133549724176717
223080042108135079171140000534560517
223080043112135079171136000531507417
223080043230135079171145000532695017
223139240088194100116197514135032117
224002078038244158005052010241820017
224002181076139061080223591920114017
224005114202219092011204509691969817
224017018178231225123090000532399517
224018086037199169206186641630110117
224031200080205251205173144822821117
224181090066202028123232576565750517
224187148013199224102037248882989017
224199210190139010250102087360044317
224201050236251224228010177685266117
224213113095215177154219629033740517
224217255079202030120252586715996617
224236236240212195004146511596486117
224237144198205249051081313090645717
224255190058050057213170312491708817
225018074107252248147241130461267417
225021054208199152108151514486150217
225065187083231225123076000535138417
225244046100199136086054138521936217
225244209094207009054060479385032117
226025128048240183048199220035612917
226102040139199137227017258401043617
227092245190231225123072000532671317
227180072061205216065243503215334117
227180194042192029095210517612797517
227180228110199153054042571770103317
228065175005251224228010513895266117
228079249019231225123072000534983917
228079249019231225123092000532866117
228136146119205250094200573865032117
228138231103198241226236607340038917
228209227052205126036145050600506017
229012023138231225123081000533984217
229012023138231225123081000534839517
229015067089192029061119567890688117
229015217236205126137110539171423917
229019100215205126033101511125992217
229019244123202029158165204944649017
230013208118205200149026243212668017
230100185077244029048153456612282617
230123000233050253171105526945341317
230123000233198231073031333225341317
230123000236244020056070420365341317
230203206000231225123090000530270917
230203206002231225123073000534580617
230203220037198229191085045000281117
230203220038205239062061045005545817
230203220038205239062099045005359917
230203220040198247252058045006099117
230203220042152098208111045005201517
230203221195202024007232045001869917
230249006147231225123072000535190117
231015222077192182090041496815123417
231057147156202030174210170582874017
231059146130212171082154536963940817
231194171051202031146029270316260717
232187057212194043119096536276354917
233006094163202031146029270356258517
233006094165207008083119270246315417
233037093075205251202072184422637317
233049222095244158005052538536334117
233055028023207008188236358851862417
233094093174202029001096611372953617
233101156187202118029077136046532817
233101156187202118029077176603181017
234121236179199168232219270166046117
234121240131207008083119270316405217
234121240165207183132198270466415117
234141179170205066158143222030899917
234168068201231225123093000530829717
235194107023252248203204331511074517
235199255155205167130002525472127517
235201056098139180034162345713327617
235201107094205180073171136533036317
235232178185199169222235377575996317
235232198089215161005162249154161517
235237133153193241061248139843373417
235237255041205218244149539916450217
236146016193139212104149000532189517
236146062176205183117022000533216717
236194234181139180032057010321049817
236205015224199169214059294260679017
236214048225212171136127216111882117
237007145187139212124082000535385017
237040186164205164099211400236444917
237042071044237042073248020010200117
237042071045237042073248020010200117
237042071047237042073248020010200117
237042071050237042073248020010200117
237042075073237042073248020010200117
237042093020237042073248020010200117
237042093027237042073248020010200117
237042093033237042073248020010200117
237042093047237042073248020010200117
237058090151205251200174385771063817
237062027022251196145111411870899917
237097251011050254092220500455814317
237108245206205066138143483303817817
237135185147231225123092000534331617
237241128204205126032236034782659217
237241128204205139035254034785603017
237241130076202029060102034785081217
238025202131138071029115390560005317
238041238143215162107074000253371317
238063225252199204075055025003013517
238174092028219092011204100202806517
238174120075207180012223100005839517
238174121177194038149128100510165917
238204142132207020253153021534006517
238204206120205184037204000256034517
238204247126199208051072445731197517
238204247126205218158090049500495017
239114161192202030210171494412476817
239114162237202030006130068810688117
239114166142202030113246089994968117
239170051080207020027127270325830217
239170226125215177165029408980173317
240153212182116246215074000534064017
240171026100212194054094068890688317
240183075061194017239253161630038917
240183075061205211056089161630038917
240183075061251196144199067220038917
240183075101199177240231246350038917
241046121087231225123074000532637017
241066090223205184032120181401966217
241205009070207001000033099872868717
242022048113050056082029217982725817
242022231245205184073173470120960817
242072010097212171014178583901251117
242074089125138030201040596915907917
242229149241205230158078514131695317
242238087255251224032197596346069417
242254061245205211005185314030450017
243054009016231225123078000535398517
243054009032231225123076000534934917
243054009033231225123081000532298417
243054009034231225123074000530209217
243054009034231225123081000533081717
243054009035231225123080000531164217
243054009037231225123094000530305217
243054009038231225123081000534508217
243054009039231225123072000530821417
243054009040231225123076000535170917
243054009040231225123077000533650917
243054009040231225123094000530138617
243054009046231225123073000533466517
243054009047231225123076000531251417
243054009047231225123090000531305517
243054009047231225123094000533695117
243054009052199224100174000532028517
243054009052231225123072000531491617
243054009052231225123072000536361717
243054035013231225123092000533485817
243054035015231225123092000536194117
243054081001205180215252000533679017
243054081003050123066002000531585117
243054081003231225123077000532015217
243054081003231225123081000536040917
243054081004231225123077000534289517
243054081005205219154029000533133217
243054081005231225123091000534115517
243054081006231225123079000536133917
243054081006231225123095000531240017
243054081009231225123077000535962217
243054081012231225123075000531506717
243054081013231225123072000535582517
243054081014231225123072000532102117
243054081014231225123075000530752117
243054081015231225123072000533770117
243054081015231225123081000534418617
243054081023231225123072000534609717
243054101162205216103170000532537817
243054101162231225123092000531489917
243054251115219092051197000530749217
243054251115231225123079000532975917
243192025006199153048236432980106617
244057135103231225123076000533425817
244057135103231225123095000533303817
244199065033199136086040001093678717
244199096122194042036113000231171417
244199163042212195128205099951183717
244200061166202031141188045050450517
245026247014202028159081225495077317
245060126085215255163163163540148917
245062008010205066060067611972523217
245062026187205139035106255650102417
245063088036202030175173540585595117
245098018073192182249173092100910017
245098018073193241062001092100399917
245098018073202118054182090100910117
245098018073205218156147092100910017
245098018073205250036141090106178017
245098035119207022045110103110900117
245098097107138071017040479140005317
245098097107202025133080468630005317
245200208103192030096009028773208717
245209094122138056032176000530277117
245212148086205139034077526775604917
245251025053192182090041521295123417
245251146067205249051081296661599517
245255050123202024005121546395818517
245255228018202029165171053743983717
246083069186202030185238017985141317
246183206199215161045120248740677017
247003110196131115180171092122646117
247003228234215004160248503043090717
248126214171192030020233084676488917
248126214185192030020233084636488117
248126214187192030101172084754469017
248138140087205239062133001234546917
248138140087205249055012001234531717
248138141038240063100018001233863017
248199037074135079171110524350012317
248199037074198253193067061190012317
248199037074202027243114447120012317
248199037074202029068153027180012317
248199037074205239059184221950012317
248199218087198243031007001234785317
249018145056215176008130514205546017
249018177014244031072105514132634817
249070079097194100114068001235540717
249070079097199169193242001230466117
249070079097199177255173001232683617
249070079098138030207102001230012317
249070079098139180040160001230012317
249070079098198193184151001230012317
249070079098198193185052001230012317
249070079098198193185123001230012317
249070079098198193188159001230012317
249070079098199152010023001233239117
249070079098199152010053001230012317
249070079098199152012214001232905917
249070079098199152014235001232188717
249070079098199152015184001232298617
249070079098199152015191001233030217
249070079098205185134068001230007017
249070079098205185134074001230012317
249070079098207012132227001230012317
249070079098207012133183001230012317
249070079098215027088024001230012317
249070079099139180045177001230012317
249070079099199152014231001232458217
249070079099199152015180001232231917
249070079099199152015188001232074117
249070079099205032022222001230018617
249070079099205185134075001230044417
249070079099205249050068001230012317
249070079099207012133183001230012317
249070079099207012136063001230012317
249070079099215027088024001230012317
249070079099240063017146001230030917
249127242209050122184251004433530017
249143060071231225123073000532751417
249200183052202029108008511131050617
249222148047205184073173614651817517
249237213141249237146176549840196717
249237213141249237146176549840200017
250025126186231225123079000532510917
250025126186231225123093000533285217
250025126186231225123094000531942117
250149190088202029116129050040119517
250149190113251000115139050040455617
250201192167135079171204000534330917
251000212131205055131034442283094617
251000212131251224004222371033147417
251000212201207180015209228920109817
251000212223215019148157462712729517
251000214132244029240023244553976717
251000215100207183082180484753242517
251000215190192029215053529340254417
251156166047199170237189586852183517
253102008178050123137197001234882417
253102008178050254094253001233466217
253102008178050255155141001230012317
253102008178131114049063001235229217
253102008178138075184202001230012317
253102008178138152252104001230012317
253102008178139005144013001233561917
253102008178139180032052001230012317
253102008178139180039195001230012317
253102008178139212097106001233512617
253102008178192030062251001236089817
253102008178192031065032001230012317
253102008178192031068075001230012317
253102008178192132040142001230012317
253102008178194042194208001232646117
253102008178194115167031001230012317
253102008178194115169026001230012317
253102008178198192032203001230012317
253102008178198193176087001230012317
253102008178198193181010001230012317
253102008178198247252006001233432517
253102008178199136067172001230012317
253102008178199168226233001230012317
253102008178199170072189001234620117
253102008178199208152049001230012317
253102008178199208152099001230012317
253102008178199208155001001230012317
253102008178199208155072001230012317
253102008178199208157153001230012317
253102008178199221127174001234604517
253102008178199223100138001230012317
253102008178199223102095001235250117
253102008178202024005115001232558017
253102008178202024167034001232319317
253102008178202024167254001233019317
253102008178202028058249001235020217
253102008178202029058227001235797917
253102008178202029146210001234260117
253102008178202029200028001234586317
253102008178202030096067001235726717
253102008178202030104133001234084717
253102008178202030124143001233326517
253102008178202030165196001233951317
253102008178202030203026001235842017
253102008178202030214104001234541217
253102008178202030253042001235633217
253102008178202031020213001235736517
253102008178202031035154001233757517
253102008178202031136143001234587117
253102008178202031165178001234793517
253102008178202031170201001235904317
253102008178202118088242001234499817
253102008178205033007063001230012317
253102008178205164113011001230012317
253102008178205180011004001235408317
253102008178205180215006001230012317
253102008178205183114126001233354417
253102008178205184036210001230012317
253102008178205199052019001235714317
253102008178205200025150001230012317
253102008178205200028178001230012317
253102008178205200030072001230012317
253102008178205200031141001230012317
253102008178205203243250001230012317
253102008178205203245237001230012317
253102008178205203254001001230012317
253102008178205211034086001230012317
253102008178205211035149001230012317
253102008178205211046049001230012317
253102008178205211052036001230012317
253102008178205211052061001230012317
253102008178205211056212001230012317
253102008178205213189182001235570117
253102008178205239038048001230012317
253102008178205249050079001230012317
253102008178207000064151001230012317
253102008178207000064162001230012317
253102008178207012130060001230012317
253102008178207012140088001230012317
253102008178207020027062001233921017
253102008178207183082162001233559217
253102008178212171042139001230012317
253102008178212232014170001230012317
253102008178212232184194001230012317
253102008178212232185106001230012317
253102008178215018246137001230012317
253102008178215019012248001230012317
253102008178215019070226001230212217
253102008178215019071091001230219417
253102008178215027089033001230012317
253102008178215027090112001230012317
253102008178215106208098001230012317
253102008178215106209221001230012317
253102008178215163175005001234936817
253102008178215163203224001230900917
253102008178215255202105001230012317
253102008178240223114163001230012317
253102008178240223114213001230012317
253102008178244022140236001235973317
253102008178244029033068001230012317
253102008178244157049202001235093917
253102008178244157200154001230012317
253102008178244212048251001230012317
253102008178244212049143001230012317
253243238243202024006021001234888717
254116211058050253202075092120930917
254116211058192166232252092120930917
254116211058212194089077092120102417
254116211058240223213173092120930917
254116211058251224005137092120930917
254216107121205250008064150055636617
254216107121244089149057150444845817
255039211218215176018246068810688117
