097116222208073165111215521820044506
197042128219205113207089000254533906
101150187139050065234141400000044506
098148056106116247217133000000000001
042095079181207000068073106880103617
044002161222237042073096004435206006
119132120174199136090191004436500906
030054086185207180015129546650453706
044039128183215007245130004435976006
124045222037205251205093177710297817
219103116173016233092142553140044306
033183167035207020021200004435204306
073027110110237042073094004432197206
140247021208231225123095000533765617
146106061084073165073111643440044506
200136127049205066040002000254498306
196012120164192182072057000215276106
136101087126073165079104500580044506
077190172018219092207093110600933917
247003121221244212111178000805524106
213175253213205112188198052222701006
073161164058205251202236545065429517
201199135222073165089078627220044506
116247099182064005155149000804140006
147247045130199169214022004433583106
130004046202205125123154000254243306
102172207045215018163222618913127106
137119022038205126037197000254674106
047111041154237042073103004430648806
055251171217215013020116542950143306
237241128242138145203037000000000001
213179055121205139035237052224653406
196043026097231225123078000534962117
075091210222237042073105004432329406
218252045132202030096175004435926306
100217061127212030170141000805781606
030015068060205218074002004434445906
201002156078199169206186029335311817
008107007128244003024231000803759006
213186002206237042073101004432794406
103200226056207183081212449331584217
153039112164205250089242199912869606
067027119026202030094130591005554617
081170023085073165108226531890044506
213175202109212227178050052225965506
119132120170215007238145000800382806
075091210247237042073105004436057006
194244175183202028160151036580365817
197109216211237042073107000805527606
057184217039202025156238001614694206
204046050129205098232229042854267917
063146242183237042073092004436437006
149247038010244003240030004430233606
057184217041198032027168001615969606
223003055197194038092194461360002506
223010192228202031168142270196520517
070080092057073165105059613440044506
042006168050215167248173597686075917
073027146097237042073097004436402806
196043026097231225123091000534908817
062211252060205167107229004433669206
027136163062202028019014004435110106
099141032145116246215094004434591706
047100133163139005154013000805351406
231148132137215162167253004435110206
243054081023231225123077000534187617
109040106144231225123092000530949317
016212030118251100166253004435086506
047173086037240183033096004435973906
213187199247205183047119052225744606
110169210027199177255206234250005317
044056027135135079171158000802745206
097133087114231225123092000534170917
047028054052139096108158004432648306
047057182150199168152210590686439406
025252098110205219223041004432703506
047108234002194207240002004434623306
047160152075240223181253000804127806
075247002247205167107101000000000001
062211217153244158005054093393881917
201198116114073165069168546810044506
109208003081199177241205004453897506
112149017006251100165037373840183217
069078169109205236095112374886387417
197043153095237042073107000803535806
077238223052215162059126581220044306
047173091017116246215079004435207306
034108090061205251202136260925328106
153052250049193241061248005874964706
047124046232192132094029004435768806
124117015038135079171145000804829806
052135059125198033143058000806367906
049211185115073165054169629900044506
153071177213244038133045004435834506
073024239137135079171167004435628706
122137167108016229033180578760044306
058245132062199137238179004435310506
050221200005199168152219001236005117
148003126058116246215074000806085706
047048030083194086003190093395200417
047001018209215177108187000000000001
135003001186205164099210336042233017
141183211149202028074236004434155106
131184042150240223014136001230012317
239213054090205195120203004432577806
047032234134205055132144004430381306
062233128253198192209178081140117617
016012080235237042073098000802974606
213172202057116246215082000804281306
086092193094202024167254004434381406
131134146233215007206177001234370217
073164076242205212180114000803846206
135247215211192030050047464010062306
131210219147212232224107004432686506
112081188215194031029096080680134406
073027146097237042073094004431467206
148067222061199153099165000534940217
213179055101212227179137004435090806
136227068188192166172039393760002206
016032017174064005155181000805750406
218225159032064005155201004434220406
047170001253237042073100004432980406
044000044195194207242012004435536806
123188126253244248043249004435043006
044209253041240063017174004435567206
041155068095199169198250000534044417
195066063152202031057042242484851217
122028053059135079171145004430516806
099017195081251073188194567444567417
021120124194199169217234004435867406
053061142057116246215223423960008006
130150037145231225123078000531868517
047004246076212230061231004435018106
139107089205205211057242000801706506
098133087068205180050239654680688106
249018177014244031072105514132634817
135072013018212232226111378174325106
122065244229231225123073000533915017
130150037145231225123095000535473817
062212075013205055128081004435570006
235229058163244003024207036585294117
013025057022202029238191297744229717
044004189082237042073103004432526206
044023048236205218008149090014574506
193130135067207001051078593963725106
237042066201237042073102307280008006
101048040022207180012223010243628817
070243078161202024006124004436238206
196040118122116246215229582400905006
108193215215139130004214000234279006
080215119139122195111160156230044306
197017081021205239062103559360008006
213179055018199168152226004436100206
048213027165050056146137534303721506
108119137237212171014178405510202006
210056109223205164117114000804983006
047113216160199208050201000805001406
047034096136237042073102004433000806
086106052001193065086210250004760206
119132120180205126032234000803271806
213175201183205032251045004434827806
099140136194016045106041000000000001
007234109239193065063044000805712006
002169057008198247250197481722713006
218184177142205236095017000000000001
041144006215237042073103000802799406
129045054254205212227066019720338906
213175201168205216099043004432837706
148094204214205167130003000254286406
148094169017217008113242000805820006
213176055236199168153189004434044506
049112197226205251207214496500104006
044068047245237042073100004433764406
150095094196215167140115000805774306
044002237020237042073093004430623606
196085010198194031116066036584467817
047081124095237042073105004434953606
062205036255205187185093000804106406
143165185059198243029005000805234306
058245242020199177255207092120930917
047061203040215177242173004432714106
136076194227205126037197000254673006
100197036136202030105033004435626006
016012080195237042073100000805555006
141236059043231225123075000536008217
202217215109248200034042572754222006
062213169019205195121213004430231906
153039126225199220210093170435329706
062238048253199224151141000802644106
016207068213139113197206647900905006
070243079058198193186192000804438006
085017222121073165059012497320044506
124002174088116247217234000000000001
197081218227202030083096248770218717
044073235076251190074029004435045706
142124162076244067211018004434928306
218225090096116246215086004435188706
209155031107202031045107000000000001
134164179075237042073094025151401806
196093217211064005155100472580905006
034189197168050065143081592830044506
211204076007199169214220239336499606
223007030181237042073098004432632406
016012080217237042073098000805983206
032073171071215163006224303036426206
063165121013205098236066000804975606
002073059171073165079181534990044506
122024154230064005155230000803533506
137104070223199169195222038511401317
251103139043064005155235004434796306
148067222062215162057234000536187017
085133067179073165034209503570044506
057184217042202028062166001611955706
148067222062244029048153000530213217
194195131042205251205198594674954417
062194013183205239062099000805527806
131210219147205164099210004435030006
044048032094198247226048004435099706
243054081003231225123078000533312417
114116227109215007246013080003651206
030015093035138145203037000000000001
226169173083205167105174004435016406
197109216211237042073107000805352206
131000167221207180015058000802979406
062197230053135079171207004432448206
073155112248139218243209004434770306
133036080001212195071106274551021817
044003205117116246215084004435727006
002002132227202024004084004430164506
151198129011205180004203323890190017
058001105099207009240237000530840717
083016037177231225123092000532509017
213176048093199168233153052225228106
113037056169199153054175647910044306
042204063195244038133045060084768717
196154242108139061080170004455639006
047169209171237042073095004435222806
002141199001215160157150410581876717
075255020081064005155230004435113906
243054081004231225123078000535493617
047032168200135079171175004433210506
047162250155194102254194080004973706
033183167035198032156166004435553406
016012080207237042073094000800371606
196063230161202028201160503211212417
041144006215237042073103000802786606
119135206222212030198150004432629206
058203197127194207240029000802814906
098122221061202030105017056852824317
149042099213205180120104092120930917
044048236034199171098091004434885806
044000007196237042073103004433708606
075091222086237042073099070040044306
047123008040198231235160093393496217
041144237072237042073095000802867806
016215096005205251200120004435063406
075245163167205098029179000000000001
062253154011205098236083004435812606
218252106253016229020034512840044306
218225236112064005155210000804284806
201096072201207008086218000535452317
131176096153138152125195004434669706
073155112254244127022186004434760506
047100038064237042073096004436442406
133221168072073165105079503450044506
124101052210135079171146004431975806
249146105166064005155245004433842406
254230091120244038133045068813180317
008101061161231225123075000535569917
112081172136251100165221004434916006
030054086185207180015129547480435506
213179055119192029184095052225195906
131134146233205098232196001233684217
047036047250212196234035004434590806
091193198138205183043061005876074706
135168078131064005155231004434329006
049142246218215163200054603120102617
075218115131212196048209004435530906
103136021029244022028050453221361017
213175202232138091022066052222672306
148083149183244067133125005142183406
002002132203193065009181004430769106
133226200142215019014000093060515717
218225091066231225123078000530446717
119163132079205249007131077775020306
237042071024237042073101004435959206
195223248234199224149005000804944906
238063074219192166170163567980002206
099141032170116246215069004435355906
044027179127237042073101004436058406
125020145195064005155139000803727306
063166174124215255217070004432823806
148067220251199204103181000533074417
140075251082231225123078000530123217
032191132041205230080173004435815206
237042093050237042073103196780008006
231128239028205239048153004432662106
196043026097231225123092000531105517
109193075101205218041103543885479017
197043153088237042073101298660044306
016242056115231225123078000532079017
064004255129231225123094000535952217
002136137233050122167218004434925606
152200233234205217254181004432812706
044086171084244248141253004434864606
128009252107231225123080000531711817
148080076043199204069033004435004206
080208008082202030136042492733687117
048181084173139005145045000802665106
101021013122131026048216578620008006
047185210157205216205108004435879006
148094169025231225123078000531872217
103245144075205184078118240195787417
044025052213237042073105004430596806
147211144126199152004069220230503806
047110181203237042073095004431775206
044051203159198231053138004434784606
047101001068192167127255000802697406
013024037175202024017208000805958306
062242110210135079171128004433017106
034120099238231225123080000536529717
213175202210205200149026052223376806
204008169036248200053004004265018606
047004073100237042073095000803592206
047001189248244248213093004435008706
072011141014231225123076000531265617
196014049171231225123076000531852617
131208004228198209142018614562730017
047112146082064005155219004436119906
204180177191207183152092068810688117
247003110196215162167253092170930917
103240064219135079171128004433133406
127168149027193065105226070795157506
073024225211237042073105004432815606
016212018007205066252154004434238806
047100068026237042073094004431047206
141183211149202029070148004435551606
070243078230192029092015040075118806
149042109042198193176089092172646117
077023208110212064082109199944915706
055250163109205218041065004433815406
016041098161205125184118004430336006
131134146233205032022208001230217817
245212057148202030118153000805044906
131184001166231225123095000535140117
135084107064237042073102000803817406
044203215203212227179058000802837606
244200013172139072053034000800984506
016012080215237042073106004435220206
147202245059231225123080000536328217
159090011074244205009010170990002206
073155115075231225123078000535413017
238063074219192166172017506280002206
016195254107116246215241549660904217
047084229098237042073106000800857606
081003213186240063114060326630008006
073149219158199224151090004455468206
062203139120050252039173004434908206
206168183181202030067194200902540917
137188005018199177083071004435437806
223007030181237042073103004430660406
002120212067194017239057000806410806
201072135128205184067007000535128417
044085156224205219223195004434680406
213173027113212227179066004433736106
207117254228064005155111282690008006
244199180007193065033125000805928106
103227026161116246215083004435280106
237241130097193065104178004433073306
129033027060138145208007000802706006
142129202241205250011030004434960806
134194241215202029070062004436206606
041150227113139143183154004435076606
044086220045192166215146018835628806
072165049076199153102059527120114917
213175202250198231053189000804740606
063161039000205180139218004430199906
149042099141205151251253092170930917
243054200201199221126006000805417206
134134130179237042073094004431689806
202217215109244029086122572750166006
070077184103073165108152172260044506
149042099141198209173088092170930917
085120088180202024016168000800719606
111224184116199171090115004435765606
223010192237205218158082000802705406
112081212090251190163223044445765306
044006157000237042073101004431060806
208070209176205066242014052223906506
114049243159050065249115074450044506
016049112217064005155245004433769906
021120111088205212182061004432062306
248199037074202118007060452300012317
146041217165205071139075119035264917
133075194178073165105076627590044506
146017019059231225123090000533588717
103201016249073165108237565970044506
122028053122135079171207004432561706
044039051199116246215094004436168506
080201111086205218158241551145492706
136061245027073165069065552090044506
253102008178198247245242001235206917
124042215072116247217234000000000001
213179055015050120195113052225630806
047168103175237042073099004434397806
143011220062064005155148000533579817
044103183198202028149177004434874706
251103139063064005155232004434142306
196114107254064005155182000804191206
047084229098237042073092000802741606
119039226250202028018073004430175206
080215252197073165105010470280044506
141236062152237042073106000534431617
223007030181237042073099004433869606
080207027044205164096177610472419806
197091195201205251206128004434692806
213175202246207183080030004435591706
047100068026237042073095004433472006
135072012167244001019238437394567006
106006141089240223184069584620800806
030214173030192182227000000806480206
247003207024205218072008000805249106
116152239235202028053037000804918206
197202027124205184077093080805385706
237042091035237042073104004434300006
114064185161199221119051266385830417
197016034168050252039173000803371306
103114091224199152010119016470002206
098106010007050122105077563214916006
237042118043237042073106004435663606
148083149025207020027213005140641006
116181229232199153051114004434990306
021091197078064005155149000806130606
197122065207215177165029004436292506
075091213019237042073102004433138206
044086105165212197255248000802428006
050084201082207180012160250985502506
041147240174207001004059000805668606
047190118090202030240139094434972606
041166031197244029243152004434942706
069124147200202028023226441745151717
141186045158064005155201004435774006
056021221092194207242080004435490606
237042071051237042073093004435565206
201201069199138146060070236755269717
231148131084205218157141004433146706
253102008178205211043251001230012317
072011141002231225123075000535482817
073165233249212194041215004450243106
044198159141231225123091000535557817
213173027180194043179125004435467906
119132120169050062046165004433103706
085031240243050065234215575800044506
210011245193199152114078391222280706
047034096136237042073103004433001206
063169213164064005155195004435068506
126039175057192030004237116110005317
124243178072199135047086000804922406
131026009065135079171006336270445506
063164150187199153103023004435149906
048167194233215167140115000805774206
226154177240194041041213004435971006
077020195100198247238220000802748306
237241130074202029213174004435265506
070243078228205164097045000805411306
073155112254205126032241004435949006
148092183118199224158141027035923306
097133087114231225123095000534273217
253102008178198193179157001230012317
044094204103219092051164004434168406
047111122036237042073100004436380406
021112097091205250088126004436102706
213179055027205216101116004431812306
047045135230192167127138093393409306
131190120054139143018199004434113806
148094169017202029103219004435043706
044201196116064005155209004435169206
096177157156139093081146603613524617
076084179115198240170209080644705506
153197155111193065005049590443692217
047111041154237042073101004433441806
066216240157205249003119467212818017
143090042085205180008248004435142006
122232243238199137234143497970427506
098107081029202030064212155290002306
047081116200237042073095004430913206
064004255129231225123078000533396417
140169207210116246215094004434347906
075091213029237042073106000802318406
113106023132202029173057460516243517
127242036067064005155228004433477006
124101052205135079171146004431634706
196043026097231225123078000530338617
210187077123215027184232068812766217
072011211072231225123077000535752317
247003207061205218158048000800827506
131000232124139130006207080044983506
211023002087205180041183005875686006
119132120180199153060118004435072606
249070079098198193177241001230012317
091177248076192182193067062360012317
044006091002237042073101004434458606
135072013122205164122070348525925117
141198057156139219142162004435176206
207214205140205250093233273244856817
135035224175202030213125004436235406
007108239230138154105125460946033006
099096086046207183155099270322703217
124210139079199152066155004430912406
073169061106199169214220048773996906
239213054076205066249105004434084406
075062217254138056072169000802897406
127107225023231225123081000533109817
141186045158064005155201004435773606
119132120174244157134093004433600006
047100158133237042073099004430883806
041144006215237042073099000801624006
042188102049212195029212447564534517
044004081143237042073100030005772406
016012080207237042073093000800650206
101235247109199152070082004435641106
148067222062215007246013000535774517
233166137079198243031240377703215717
148094169017205167207100004435073606
086036133108073165109056062140044506
016215208159237042073098000806113806
015074037042073165065228594450044506
109210154009194102250231557200013906
047063038136205219221201000802624906
016173092012202028020004004434606506
073027040006237042073103004435843406
047111037100064005155202004435767306
147206182221073165108147609890044506
016012080226237042073098004435748406
086038028175199208144238300484509217
127023035199139010250129573020008006
122048066026135079171104004431860806
148068185187207183150235004434928706
244014071050251073163136004431177106
047122010220199224098173004435633706
044007208032237042073101004433758006
135084107064237042073104000806138006
021068197201138145240047004435247806
047050193212205066250029093393550206
149164124059215177155130004433484906
158067112089199171100162322404236106
044001179238135079171128004433157706
062228148042192167127138000804631606
087160001177205184042218456820122317
016242056211205183117061000536398417
245098079031192182030235463110812306
122028053239135079171158004430892706
049058020020138152125118502076264217
237241128252205139168121000000000001
109204219229205055128226583640000106
047186163191205250091073004432721406
075250243066116246215086004436119606
119128008127064005155219004433289106
047004092003237042073095000801494406
030015085218138145203037000000000001
044021083010215177177237004435324206
096186226185198247248208080804091317
086037130152073165079044543330044506
016177012201139113197143614876553506
048181080127205166051173068683765206
140169207211116246215092004435075006
044026206013237042073098004433057606
131184001166199153050204000535603517
002246012011135079171078639490044506
062200101139237042073097000806086406
044024248059237042073094004435103606
112144003216050065249075493840044506
005191024242199169022007514134132217
062194119127244038194154004434588506
044063244192198253200242004433447406
088131075058139061080227086003488306
123188127039215007246013000802059006
213184192019205066251011052224356406
131000232124050122105077080320463106
008072209240215013113167000805642306
016012080222237042073106000801394606
034080172094205167107025519070002206
083180194091073165107207640830044506
116069050198251190074029004435046406
206155091153202118049109521115141317
044003159019237042073095004431716406
158051010026073165172185653040044506
202217215109215019072217572750588806
233060186128198192127132514145538606
042188047173192029094254526680312806
041150227122205139035254004435253906
197016034168212232224034000802772106
119242050020205203249056543545686506
042038151147205066245070454423129417
044036188046135079171079004433745006
198140039235116246215053516350008006
202217215229205212239001539510402806
016012080224237042073103000801787406
119046068062139212102173093005218506
070243078224198209170004000801340306
244200083137212197176077037245654006
075091213060237042073248000000000001
076177102218244212229200052225605306
075091209196237042073094498820044306
112081188215194207240034080680215206
075066094234135079171198004435364806
148003126058116246215069004435446306
016242056209199208061122000535959517
103210242141251196147110068816089617
139130165224116246215017527270044306
239197179146207001009025320055592506
092016112010194038149087377875741217
070048059038244089100193000805536606
202217215109205066243249572750922206
047100097008237042073100004435311806
041144203190251190074029080006054606
079104198033205218030093208850808006
105046130055073165059216543510044506
200182147160138145231110606340002306
218225094005139180042039004435065006
062246061075237042073105000804115806
223239026122244127065010004430162306
047108146146199169004236004435745006
131092194054192182011246005874077106
097232113213252248203051180754596917
047125155069116246215094004434472806
021091199204116246215070004433689506
062218077006131115160074004432629106
044205039242212194052009004430793906
134134130182237042073104004432036406
097133087114231225123074000532122417
116116093247199169214025099104207006
016242056115231225123080000531184717
135243027124240183033098004435738506
096141116200073165110009496520044506
207229033028050253170215185324701017
140066202234249237198146000000000001
112182043203207012140253004434182206
030210069029138091022122004434993706
008072209240202029091169004435226306
213176048207215177242122004430646606
245212101173244212230125093404940006
041245198160240063113219459740008006
013005210171202028177057000803804906
142079206020135079171175000801112106
194248083016202031030248580563281706
196093065108231225123075000533249117
153173169042193241060044059385125606
047168186061237042073103004436342206
044214194252207001174217004435179606
133075091103073165107242519990044506
062199067158050248123111004432762606
124147071073198243161200004432708406
044025007046199224099246000806470306
210042162057064005155175000806513006
148067220032199153099086000535695517
044095140166138091022122004433013806
135238185058138091023085080820757306
222081006058073165089066593200044506
131255054169205212236250592415837817
030193143156205148026048131005062006
030132163119073165034125014310044506
197190132136073165079200588350044506
044054132120207183022241004432458906
231148133068202030194051000803759106
044009191078116246215084004434000406
047033119126131115053041004434985706
044027105057237042073106004433472406
044027105057237042073094004430849806
093210118049073165079114581580044506
044025190174207001175242000805359206
041150227104244158083125052221986006
148068184013192182008190004435326106
140169207146116246215085004436063706
057184217043215161106151001613567306
066150103171205113197156004434796406
047081000167237042073099004432513806
086108163246192029094254583930312806
231120120239135079171142004436095806
047170185117237042073104000801790606
093041054173131026013064114300044506
239213054090199168156252004434700206
096192157172202028064210036580365817
042088027148207183151219535114368306
100237086244244001198225106470002306
214002172147073165107031502090044506
070243078228198240073059000802760406
223239026122198241224220004436279006
147104144058231225123073000535155817
148083149175194114063138005140698306
152060186109194017228042000806472806
155038086108212034244094000805929906
108048137196207180012223270325872517
113175002229207180015129579720519006
128106182064135079171142504680044506
087107050016073165054051027830044506
109210154012050122122077444880825106
203123105154050122231189618325171906
223007030181237042073096004431115606
025188227154202024195152350740190017
135079185169215162059105181790044306
087244222094215162167253000000000001
210030029151199136086016004435010106
141183211149202031006108000804131506
016242056115198253220165000534647517
044215090173215161115152004435744806
062209211211212230037158000800107606
237241130097219092051173004434199206
114242109091205180111029000530212717
062205119113205112188173000804041006
016188225026064005155190000805660606
103218046253135079171207004436474806
142079206045135079171175000801577806
044214210046251190074029052235540506
062245209014192029187049004435929206
044040236175212194052175004434935506
213173033216205139035230004434563306
088053176221199224098189389240312806
141236058135231225123090000531103317
076123171040205071032190010330113817
016242053139064005155183000803760406
047185187116116246215076000805105406
070112130095202030135046172802368117
044025079037237042073093004435357606
218225236112064005155210004435196706
204206248202205200226102004455159206
136053123146199152012220000803207506
047110181203237042073107004430405206
097133080177231225123076000533780917
213184192000205187188059004432666406
237042071034237042073106004434550406
196043026097231225123072000534334717
243054009034231225123091000536477617
091194156106202118036222000000000001
075230047148064005155190000805305206
073155112250215167027177004435031806
101160237152205180004203153780190017
077137031098251224116037185455675817
218251142044194043181019607812274106
239213060003205187188066004433341406
213176048213205217245228004435224806
047028171211251100165095004434156106
231128055195244003005213579860548306
047160113040237042073102004432073806
013157210253205164124129052233835606
030054086185207180015129542750471106
223239026122199177241169004436295906
074227142108199136091120068825147606
148137139143116246215074094825629106
098138176111205032025253586926051906
044024116039237042073095004433741006
125145253127064005155244004434642406
044003153154135079171167004435392906
063170042025202167129254000802664906
096132248037244157132105592120312806
131003246171251100166062004432660806
047005247119139219142162004434061306
016062239182064005155055095004878306
218252199254205200240018004435444106
231148130062202028173035000804477806
149042109042215006172177092171051117
141236062135231225123092000536466117
035214042022205211043031308373491417
047113011130205238170186087654921417
047169009129244248042018004434367006
134009119017139212104149000534094417
070243079033202024016118000806216806
047008157084215255062183004435993706
243054081014231225123076000533866117
044026234095237042073096004432305206
016012080226237042073093004430872406
016237093079116246215082004434820206
047190083086207180012010004430284406
016007222184202024005208505103372606
247003121223198254090201000800907406
062248126195207180188197004431397106
066255002053199169197049145872834417
016012080227237042073097000801702606
016012086153237042073101081804381006
134042003119192030007221000535508817
047034071079205212224209095992687706
214028150085205236239036000235899406
135243027125212202219165052223289906
085187250115192182035036000253893106
237042091030237042073097000803699606
047032149203050253157131004435207606
073024217069237042073093004431401206
253102008178199169223187001230012317
101133191062199168152106323982582817
213176048137205187184085052220159506
047164108139205239049238004434043606
044221144004237042073095004431472406
119039226250205250088077004435323406
044058184067116246215092004433358306
139130180053116246215223614080008006
110242229028205184066205594010968317
114091154182194039040229004434270406
223239026122199153047039004435097406
206240167114205230090244059384916806
123188126234199137234111004434969506
077022112105207001054021546872773706
048163252113205167130002517484980906
101081106071192182170117004435041906
158254145245193065075131621922020717
044039121190116246215068004434881306
075091210210237042073096631700008006
213175195099251190082009004435526506
047032016048237042073096004431831006
213179055095240063017189052225646906
213176048039205251072213004432060106
231128055195138145239138579860549706
047034214121237042073095004434382406
053056197144192182184100068905987006
226102051053135079171063104380044306
094022102214199169014172218745835517
047124137016205149041228093395028417
080185099016205071032086200683918817
048167202045248240123169000000000001
047050177076199152012220093392417917
044004213176237042073100004430614406
048181199121202031188222180015027006
030214173103199224155225000805903206
058001015085205184032153059380417506
152200233154212227132077004435189706
016012080230237042073098000800594606
136033151060050121119251569380005317
213173043245212034247134052223587606
105035246094193065098018004435276806
208067065206205200173065000000000001
196043026097231225123090000534357417
075255020090064005155230004434825606
131134146233199208059055001235104917
081175111192231225123080000533594617
044032039194212195084217000804628206
062197117138212197179178000535031217
197016034234199177083019004430778906
136157070208231225123078000531681117
141236063126135079171075000534722517
243054196155205251200120000805250306
030208025253224134174112623150008006
044060234054116246215094000806479706
213173027167244022242180004433744106
135084107064237042073096000803474806
070243078216192030055205004433957406
213176048255192132000229004434494606
158051088200198193187025139560166517
195175238155207180013084587323119917
213179055094244212229043004434787906
062215016236199152014109000805977006
237241146012199224151141004430224406
218225234175064005155235094823974406
047091000043240235109085093392911617
149158138245205180066149388860338906
127198129018215161104084065660012317
202017126114205239079024050600524417
092016226207202029053031313630899917
127107225022231225123073000534942317
035118047149215255200002456825942217
213176048137244248042061004433653706
044085129151205112188193004433935106
100208217209231225123080000535361017
085128097192050065170057521000044506
253102008178198255177173001234286017
044025250041237042073106004432136806
153039126225192022160221170435698206
244200209057194038091253000225519306
016012080210237042073098004435053206
016212042193244248229162004434946106
044000024175237042073101004434030806
076084087232199152125214607666053917
237042071051237042073096000804650806
099035121241244038133045069041258806
211247232227207183132146001235215117
122016143106199169214062000801943206
044027253156237042073105004435006406
221197096168192182249007004434451706
244199180007202031036050000804930206
142124162076244067211018004434928206
047124226069251190082058093395721717
202217215109205183118195572750511006
082246206176215177154188093250002306
077060151152050123083011005874920706
148067220032198255170194000533374717
223007030181237042073101004431824806
062253205248240183033114004433738906
044025110009199153106017004432711506
231148131087244157132058004435288106
148087167214215013075099000805140106
218225091066231225123077000532238017
206089105236194042036100614592427817
244200013172139072053034000802853006
195197145070199153046045028530103617
148067220032215163175033000536503317
096189195254202031137181004435220706
044001146208237042073095004436187006
196093066066207001132215000000000001
207014066245050252039173089992779317
062203068179199153110191004435109906
096036045095199177242063004432805806
218225196096116246215093004435682106
129107151105244029240245004433444706
194147230059205032025168014564611006
047119211146215006174080004434728106
197085153095073165110080523800590006
044000083182237042073095004436305806
200127104211192029094254000806000606
047081116200237042073104004435683006
070111139170073165081109599400044506
114091155104212030203103004435781006
016193028196116246215083004436071106
062253109247116246215071004435995306
016098134156215018163219255650342606
223007030181237042073099004434358006
044069006114237042073107004433334806
086038021227205249014117105305141317
106170033113205138232089300675140517
070243078224215161079110000800479806
223003051092199223112217579750812906
030015078024199153054139000000000001
055233073157237042073099004431960606
057184217043202028103054001610575606
192123234042205250089242413315133717
230123000233205126036018449195341317
140242209138116246215073094823676306
075067250201205238169180000803014506
050094093111231225123080000530867217
096140249151199152013194588742689017
113130204070202031000155405004050117
073027199013237042073093004433333406
044060128138138152126050004433598306
143234087238212196220006000805709106
218225090034116246215092000806077606
196041003160064005155145517981164017
149042101045207183082180092170930917
150230011162193065070237000256387306
047170254249237042073093004436335806
097132228176231225123094000535518017
047048211089192167124058093395316917
016245219142205211122025387690148517
119131066057251100221159004435057706
137118038165205194212059562500808006
112081189113202118044098001234844317
021120108091205151253062004435116206
091114028194199153045110279770002306
075254248150016045106041000000000001
047175200063237042073092004430694006
131170083102231225123090000533232417
245098077021016230164158483770338906
214034170134050056145200533970044506
218184177142205211122023000000000001
249237194215237042073104000000000001
002205035055073165173244649700044506
070232030057202030102013273455032106
213175253251212227179006052221272406
047108165166205112191100000804580806
119132120173192182240060004435271206
016012080221237042073097004431736206
223239026122205055128221004430710206
096133245188207020253210025790338906
044219027059202024006015000806165006
044025250041237042073101004431289006
062197064083116246215082004434100506
118068185040138056035086622493020717
213179055114205166055157004432671706
093047217184064005155180000805468506
132160144026073165104093615880044506
022213076207016228003084000000000001
195200015194050255212237514133866017
197222188038240063113163484070338906
136053123146202030003083000805320906
109076194071073165108022634140044506
008072209240205164096189004435314406
030015074081138145203037000000000001
084054064070199169206186500386027317
076177103195215161084195004436072506
231148133180202024006080000804330806
203058008171244248213082506862122606
112081188215205213185107080685054606
044204235237244248213082004434386806
112178096107212230042118080813406406
047111122036237042073107004430926606
127101029093192030106038521663049517
044211175180207001000063004433899106
047061182251212227179137478331629406
206126025203199153099166586100002506
215193111191116246215012000000000001
148019228069131115011170004435311006
044019048138205187186221004430198206
070243078240205071138198000803451706
044222003232064005155181004435031606
073027006102237042073094004435840006
196115231117064005155245004433986306
111215031132138030204149556785293006
044057107028199152007066004432654406
016012080219237042073097004435045206
044036104204131115180250004435166906
044085093161205184038140004436096406
047081091076237042073094000804209406
044069006114237042073104004433115206
047011160052237042073101004431143006
206089105118251224119081086633149717
048166115129198033105216000532957917
047186039145212195071205004430441106
044204066086116246215085004436171906
200124200090192182193067192360012317
098110229200205066245181004430696406
236146136233205164123032000806475006
076177103197205187188205004432678106
042086152082050065214086507760044506
012130008064207001006092004435415517
231148132145205166126197004435346506
213175253233212034247174052223961106
218225196048116246215093004436449706
142071253182207022029218381630002306
104136165022016233092103000000000001
088046086251199169214025086264369706
062198064169198231052169004435562006
223007030178202118038018004436047806
077190106160205112188193235293823217
047043052113205126132098004435332806
109242153074050065214225574380044506
226154176178207008087070004434967106
238020106103192167233241004430961106
112002014222205212181159492430044506
073171192226192182182114000805768306
140255108222192029209118004432706406
218225090096116246215086000805736506
239213054014050254095210004434062006
149042101045215177164213092170930917
239213054011205066245200004434517406
218225090016116246215069004435336006
047100068026237042073097004431776006
044025066060194017236141004434138906
048166070169202028017063286223559706
223007030181237042073103004433269806
148067222062244029050044000532352817
248199069105205127099158040005705006
016012080221237042073100000803001406
016012080209237042073095004434734206
113169070246205212176066248325690206
119046068062193065016214093004985406
130004046201205183040001000253322206
129107151058244031009056254614891006
100202255180207180012223000805913606
228079155183212034079092533850002206
111224149012244248213082004436014906
047091109069199153109222004433335806
121136131070205184039240490000102417
111174049223244022109007644774425317
241105017136231225123080000000000001
202217215109251196071252572752888806
238041086213199177251097004435255406
122195147183192182010054004653553206
021120125252205212176066004436369606
016012080235237042073094004430219006
106159172114251215113138517570338906
155216242121212171015082631480002206
044004199049237042073095004433533206
047081231144237042073106004432722206
136227068188192166168059364600002206
214027252097135079171074630210044506
016013196081244212230252004455501106
047185187116116246215076000805175806
100124196217199137229197004435101306
210030029220199169214223000801077206
196040118134116246215137383600905006
047081219017237042073104004431401806
218225091066231225123077000534376817
237241086225202024016089004436086106
134164178095237042073098000802240406
090051029223192182193067007140012317
223007030181237042073105004433755006
140075251124205236124101000534991117
105008076232244127157143623480136917
210004148219215162059117646360044306
135243027125199169023236004435386606
064031252091205113252241334920905006
141236055055215167114194004432740306
104081092122215027187202538452645417
089188023254207022045110130002662417
016012080220237042073093004436496006
210206026081251196144199037590038917
105084038218205055097074000806108106
089035120107199153100146601005639106
116246197144116246215050367280905006
050075150025202024007109320056459106
086172226207205249049095371724180006
217242091103215161105065099264921706
119132120165199153099214004434576806
016195253098116246215122004436381606
195072182072205184032103126954798417
002002130244202028168108004435444606
044095162078205098239114004432884406
074227009075248200034124162573484506
002061124058205180085094541510016117
075091209199237042073095000804233006
044210046085205239062153000804320806
066137093054205218043084004435014906
073024200079240223181066004433748506
249158180126116246215075004436208606
073027110110237042073093004430788806
062209203029244031010023004430317506
148137206218244067211034004435092506
134194241215202031031119004435972006
049032068061219092051188372895143906
044025079037237042073098004434954206
223239025072199224153062004435509906
074231040005193065055170453864350517
049236120068192182047221000254688306
013157066193212194090026004435431806
062203076242215163115082120000341006
249146117222064005155245000805554706
140158138121212230061008000805959606
195222041230202024007171000804544406
226154185126205249006115004435722606
218225236073064005155210004434825906
067002134232198209169034534802342506
079001012234205113196137375564698917
048181106054016230168186339420008006
223007030181237042073095004435217406
111057109039202167044253330743275317
238041140130231225123081000532586217
064031252018207020029042375190905006
148083148055193065101149000533727117
044049128127240235109042004434656906
204105086249192182086043214044833517
091229069088244003007227317106012206
078167019192205200147195646350005317
129077083148205239062099261184392917
152238244247205033004091050240038917
062228193004116246215071004434018406
134164179075237042073094025150923006
002002132232192029095215004432966606
097132228080231225123073000530308317
127089203071192182178053387263343817
119132120173138056035251004435053906
195028220058202030006105440215687106
238063074219192166174028398200002206
140169207157116246215071004436135706
044220083167116246215045000803404206
210061167163240063017189004436067817
076084236255138030192170080503875006
213187203121244031008015004433538006
195211075191215007140142540560208806
044085150055205251202104000805860806
093041038053194086007178369890509417
135243069212244003241052004430326606
062196124084205066249084000803591706
044019182230205167107229004435163806
016215014005205230095205004434713706
044092027170135079171006006364256806
141236058214135079171152000533898317
091209087229202030183179589495502817
058125140014138056077082338001896417
008075075233194038152045004432220006
108082049069215006005174222224417317
121149058207251000115138281284373917
047176066036240235109118004434835406
243054009052138030251129000535535617
058101132233199169197163004434815506
075091210223237042073102004430953606
140074061105116246215050000534122317
239213060003240063017174004433979906
213173043238240223181066004435526106
047173091017116246215070004433529806
213187203116205139034077004433763906
075011030163139212123098050023714306
218225159093064005155201004433503306
044007043033219092051205000804769206
016225161091116246215015464780905006
204073039049050122063020004434989906
129048037255205098232217092174126117
141183211149202029053054004433910906
044068092206244248165126000801528206
044210176042064005155190000804282706
213179055119205139035178004431263506
233055195224217008038197082390002306
239213054007194114089196052225726506
111234250192207012129092004433725106
151198129011251108224065526440190017
007205217013240063017189636970235617
016195143015231225123090000531488017
044001146208237042073106004435193406
211247090171138145209008004432634006
213179055010205112188193052225404806
007238133124139136059148000535500317
213175202196205251200098004435123006
044192176017244127158066004433006506
047109074090237042073095004433728606
062199199202205203003040004435559106
158049010114050065216189616280044506
109153061170205250089202004435671606
070243078228215006143119000802692906
013216141173207001170186055045731317
049239054246212195128205089992560306
008075075221205166120172004435925006
090077242239244022199040419755161417
042092029211219092213041636390689017
088054103040139093095063304951121117
237042071035237042073092004432549206
042204060035205035005166070083372517
071010139048212195133137066724019217
047045155105205219223073040174798906
134164178091237042073103232820008006
231148132113131115180250004435060106
047081000167237042073100004435371606
199213138141205250089242386974746706
044023186070244001196017000802905306
202217215109192029082107572750722006
213175253213205187184005004434956206
231148132163205066242083004435148506
148113061056244089082133000802674706
223239026122207001010105004431087706
042204053175215013072176070080599917
214169020186251196145111068820899917
063166079206205187184009090013776706
042055220011050065188199549980044506
047123160251198192209050004434010706
141236062132231225123076000532025817
047028128176205187244245004434835406
033239237020205212179080004436268806
223007030181237042073106004434539406
193080080115192182172158357870103617
103208036205116246215086004434115406
146072194136192029092226004430218306
197122065206198229191231004430210706
249146116200064005155245000803544206
130012119178231225123095000533257317
021120109063198228176178004434989606
016149188226198209156153495295483617
047119207040116246215079004435270606
140194242150231225123041000000000050
203125170154198243166065377840002306
119132120173207001001066004435165806
070080035068199152111204359711247517
130004046202192030091149000255155806
073027146097237042073094004431481806
044023064065205236103205004434521006
044007107033215255200117004434752206
076177103213212227179002052223690806
070243079033202024006063000804160206
047028099019205218014111004436416306
123188126245205249045138004433569706
133231219061198193186015617360688106
202217215109205218028087572750344406
125144201161116246215045000805623806
058226197029244089100220051564955917
035002084068215160157123118353186917
086106156033205216101040000806460306
136157066206198209141044004654734106
202217215109212030159027572750455506
131021132178064005155183000805430406
149042099141139093086036092171202217
047032061113199153038218300003866706
106131090228193065102182020965517406
141236063005231225123091000535223317
089184203039251224088146388184276317
213173027103215162050110004434136406
135214115110205125106239004435566306
025203067253192182085058038001659117
025244146231122195111160427520044306
131143133229205250243065000534473617
131134146233138030192235001233986517
148094169025231225123073000533449817
200162003045073165111094640770044506
239213054087202167001096004432737006
237241130097199224156157004434749506
044002149129139219143227004435270106
021084065144064005155218004434623206
245098082143139061175065453840800006
237042070084237042073105004435013406
109195136250207001003108524744017817
240083159071192030065042005874301306
072011211052231225123072000534944817
150167180106205200027037004435507606
047037222179205218013217321000488517
245208181004198209152161004436053006
058001025032192029187179059384943406
136227068188192166170086410840002206
098012120142207180015058236555932917
127242060237139180042127004435241706
197064049162231225123090000532619117
223007030181237042073099004435455606
237241130097139218240189004434928006
218225236113116246215069000804716106
044042198147207009244223004431621006
213175253226244212229043052224310306
044059096034207023228023004434838006
107056190060207020027130305301792206
206016014026202024004225350540457406
213173027116212202217013004435839406
044212058095205218072133004432698506
206155114021139072053034514172030317
197155091164244022198191004434371506
074043107093251108156178608143491417
058094099006131026013187029990044506
090212110068198193185007151590002206
016245219151064005155067478100148417
033239237020205164118084004432744106
062198118118215162050050010035553806
249143060071231225123080000534901517
135079185158215162057079271390044306
198140020173116246215053559780008006
136227068188192166170064533750002206
114060195150194038145242348825414017
193253141242116246215026498290008006
149158127013138075180008004430234606
049225179142205148025190000000000001
022197107065205139035237000802643106
091233209225202031041184288853107217
050084201149192022173005222240250906
194161144051202025043229233840232306
239213224190244001198242052224557306
153158249124244001171060000800321906
073027099015237042073103004436049206
218225196096116246215086004436507506
153173191111198253203037000800179606
044214214130215167114022004434636306
127168149027202030009064070794939906
047109124198116246215094004434822606
059183093015199153054090000000000001
218225162171116246215243358890904317
048181084192205184032056004434509306
079228037060192029094254509770312806
248056214168073165091243519450044506
199002250160202029204054521962520117
112001185057215013072176540171211806
218225246076205211122024000804352206
244057113071207183082162222220261406
080072192244202031188221543124360717
243054009032194042195157000530918717
047119173016199224109078004430245606
140215073215205239087221500004986906
002002132203202024007183004436458306
102076052037192030127156433076104006
197043152176237042073106242980044306
016012080205237042073092000804989006
080210021011192182207121600304428617
070032085113205239053072588150002206
058063071011073165059160494380044506
124101052211135079171146004435648606
223007030179244067211103004435102106
073027217212237042073097004430795606
016012080219237042073096004431743406
054124184051199152010025190290688117
064031252026205236095026635700905006
213176048139205187247198052223757506
119046068062202118022069000804947706
116247099182064005155190000806293106
213179055068205166056009004431511306
213176048160050254094252052225788006
096189174119202029062032004434398706
057184217041198033063022001612815306
153137074042199137227081240001747406
047051059159198254088028093394403317
034193148180205183122195116930519106
007147109136212195130006238031284817
202217215229205113206060539510400806
047110201205135079171167004433679406
133127045036202030006105068814983506
044010114146207183082122004435071506
047011250058050254095245093393948106
057129196041199208062128018633613917
102085232164202167044253568786469706
007238181100116246215243371010904217
058226202246199137140191050562633017
002192117110205126137127466380670617
094066012002199208148122200110002306
218225236172064005155132004433759706
044004112121237042073094004431681206
042095052095202029044056302142144306
196042239064064005155181000805056406
085187250115198209142123000254152406
075091213016237042073107004434027006
044201007052139219141079004433478506
097132228080231225123090000534511717
113134204133192167126051000255474506
047160019129237042073092004435406206
238063074219192166174114423420002206
152001058053231225123090000534440917
208070209176244158083125004430149806
085120088168202024016019000805876306
138147081042139136059143000534102017
088094079112205166121094131190102517
139129044217116246215063352000008006
141183211149202028229186004436006206
075010192210212232238255100000910117
047167114092237042073095004433107606
127006070156192029092170000532684117
200035249006199136009168182030002306
063147027092244248041052081180113317
196085001142202030105015482583862217
101217081109193065013138000222345506
197222188038219092126229566960338906
016012080233237042073101000805815406
149140036152116246215121004434237206
016012080235237042073102000802969806
135084107064237042073092000805865006
055224091178073165080150134210044506
073027040006237042073102004434819006
105063140186199204120254160083070606
044202024127135079171167000804370806
044006252250064005155228004433790706
062254125250194043191018004434206606
032042230161192182008095000255452606
223010192255205218157173000805300806
114218004102199177248209430980238817
218225236073064005155210000804274106
075062217254244031075061004432763006
128219198228016229039238507820044306
131134143130215167248080001233774717
044027081128237042073098004431274406
224007099253193065010050068895044517
002122047055231225123073000532324417
073024013211199208061189000806489106
016012080225237042073097004433659006
042204053184248200034178070062763606
222081081172199177242111497670002206
075091223089237042073095521100044306
042093106082202024004254599542763217
044032246017212195125028004435769906
141236058011251190010037000536257617
119132120165205212176221004436467806
239213234139212202218031004435614506
197143138162205216066166004434931506
135079073034205203026131001435184206
073171192114205032024129000806327206
231128055195139093081060579860548406
047108127139237042073107004430272006
008067095217202031036135004434984506
124243178072205250036146000804742806
210011239079212202162092499941406517
013024074201202030064250321002790317
002014195225073165091179551740044506
223007030179193065038105004435129706
021068197201138145240047004435247906
087076102127194043124051004654636906
044222229111205239062133000803166306
141183211149202024004065004435695206
005085043000073165172041400980044506
085048180201073165069111571480044506
047006147026199208062090004435710506
131134146233207001009023001234526717
088094109228199137227110490613243117
213176048053194043180033052223337606
034180201110205125081143079824546817
106134198132073165079133416200044506
076084179115205070214003080645234106
027155233019205184035163643600125217
062242127055116246215071004434204306
223010192228212194042038000805102406
208191243035198231053138004434203706
050075115143215161040190004432823506
075009203237202024004084000801624006
213175201181205218012061004435162906
075091209194237042073105000806277406
062212179194205230095205004435629306
052135059070198033143036000804529606
013144230231215161087213578245328106
016020219082205148085179360024742817
140066249106205164112137004435666806
197085153095073165109248522450590006
131031158078205230154092004432859006
073171192114199224155227000805430406
055229124126073165109121572020044506
096033087134205249011065187233062717
224213113095215177154219629033740517
237042071029237042073105004433774606
125145253090064005155211004433957206
033182062204064005155231004436154306
253102008178199169223012001230012317
044055166197199224103187000800308206
140066161028064005155210004435220006
047170254249237042073103004432096206
129048033106212232088214004435292106
237042067019237042073103000800772006
041150227115207183083130004435080106
135152109069199171089114000535155417
223080178255212064145050000803815306
204124090197205149040194260560634606
197037227157205211052152533093696106
047039006058205216103212093392689806
136147191096244248141253486674915006
030214172249212230042124000804981506
097250042197199171097192406490002306
130004046202205125122027000255174906
197043152159237042073101405220008006
202217215109192182137219572755777706
237042090149237042073101000803130806
143170204072202026106103523560812906
044060234054116246215076000806268506
218225237063116246215092004435670806
130004046201205180041183000255357306
103119022065194017228064000225826306
047184084218212230042082004434949706
044008139092116246215084004434532006
213173027120244205137162052225433706
027116193156064005155247094825148406
044084123100205166046170004435310506
239213224163205203039144004435328106
196014049172231225123073000531024117
016012080204237042073101000803342006
125229017022135079171106000536353717
116247053099116246215079004433670506
007239046097212230042069004436350306
064030088189116246215074004435242406
110163130140212202162092089991406517
077184186142139093095121004435835106
013025156105202028033175052233827706
209198085005205250088182080806065006
075063140169194041038066000805228406
218252045132202029082191004433956706
122024154231064005155219004434859406
239213054002215255201027052224080206
138218183200016198228255497820044306
213189214024194031116092014431406806
238063219209202029054221000804160706
218158123210251196144102174725068806
213175202233212230180141004435060406
131134146233199153104000001234384617
202217215109199168227007572750166606
126123198214205148081141204335148817
008069239058192182034212000804604506
087198193063050065235194613510044506
103139076232205126137110648201423917
016012080233237042073096004432473206
149042101045244205121200092122646117
124101052207135079171132004431551906
103173175076198193188208000805131006
202217215109199169198135572754999006
047160113040237042073105004432549206
253102008178202028216137001235193517
041144227129205149040113004434246006
133032176001212171043226182033978317
222081081172199177241104399320002206
062229074168194114083055004435167706
197143138162207022045057004432310706
049156172101073165073231553540044506
202217215109198209162128572750144006
197056182022194038153122000532016017
087049183035135079171178617770044506
036170185094202118106216474680002306
070039107041194031045095581765490206
228079014084251224005253000804666506
016012080234237042073106000805267806
016012154142193065050114004456060606
203216139058073165107044376290044506
002076150047199224155189431464855817
040047171056122195111160407740044306
075091210251237042073092004431117806
116247100027064005155245379430905006
141236059174231225123073000532294017
131003246171205218014189004433065106
142079205164135079171128000804409806
035071095246205071028055356910002206
223007030181237042073103004433947606
002158063159212195089174165303666417
218225091066231225123095000531448417
044050048081198231051050004433557606
119046068062202024004229093000555606
210060038207205250094203004432726406
223007030183212194043093004435306406
047091248002138152126165004435371506
213175201182192029184061052224571506
237042083118237042073101037320044306
013026045073205126037194240501752917
048167194200199137234143050216110106
238063074219192166174047473460002206
044008227080215177242173004434376606
047048077208240183048228081165558306
047045155105198241226017040173456106
055233073159237042073099485980044306
209114191243207001131121569385553717
044025052213237042073107004435515806
041226124036199153046045525375141306
044048002021064005155234004433457206
140161225010212195128205084433658406
047091154224205194242081004435066406
092019103091192030101215000254476706
193253252154116246215223500220008006
237042071036237042073095004434837006
047119074047116246215082004433561306
044042091228212030170141081024928606
239213054006212232184189052226223106
081164182228202030089171080806505806
097095222003073165089190634880044506
044039208120212171083065004434028906
132074036252198193187025569430154417
223010192238192022160221000800200806
033163048167116246215077094824817206
231148131082205180036095004435060206
125020145082064005155228000804152906
021016162203215018093055004435824906
044208181144205216062018004434232106
238204102237244038066249004433903906
197122065205194038092206004434250006
128121247014212230042126004436042306
044023054214199222143138004435343506
206217058149205249051081284315080117
147003166037240235109089321005708017
197061129192205211045158092170930917
202217215109244003024128000000000001
213179055123215176003238052222010906
127168149027202031155140070766306506
114072023197205199057103004435268206
062212248050251190083176004435501206
041055119110194078241192575990104017
030015074085138145203037000000000001
070093045098073165111055505650044506
133038129244205199053093010294095917
122028054016135079171175004432014706
131252175165205032024129004436329306
087028196120240063114060649950008006
047186172125199168235160004434960306
131184001166231225123078000534199217
153039112164205251207218199915127606
251000212077205249058003293902027317
114226094090199153047033134044219917
237042077127237042073098097160008006
073146194133207001129198099930999317
062202143243135079171198004434570506
197222188038219092126225472000338906
087223088072199169194038525570008006
134134130182237042073092004435707606
062242247246139096109001000802667606
147117021101192182089179000000000001
196040118094205148025181501320905006
097133087114231225123075000535604417
223010195089205180049176000805106206
016012080211237042073104000805550806
227010076019116246215095004433754406
135079169063135079171063215450044306
131176096162199204066117052234405006
196093065223231225123093000531948617
213176048071205166055177004433472906
131184001166135079171057000530312917
201072135131244003026123000534045317
048213228244212197254133081813649217
047108127139237042073099004432969606
109138071125050123082076000000000001
245098103029202026167109535260002206
218225090096116246215086004434028306
047100179217237042073097004431847406
044021176170205236081025004432648506
044002217229237042073100004433510606
076179087063135079171185004432515306
047012055113237042073107000802479006
206157040181050254095210004435189906
148071115158139136059148000532869817
158159150180193224221217339270555506
030013029107212227179141465520870306
100208217209231225123090000531318817
196154199205215018244002094945528706
122180058025207001005078000000000001
218225091164116246215033004433451406
244199223155205249051081080006174906
116118134065207020027118004434102506
080038168146202030192089514980143306
070093008178199224102173000000000001
112080112066199177087109000805020506
076177102218198209059209004434268706
044024116039237042073092004431062606
213176055230199168155071004434797306
213175201188192166212142004432727906
106178024241073165228149540060044506
047004158254064005155183000803831206
208106161104138145205098151390038917
047124255076244020135080093394860217
208181140212135079171128000804885206
062241117029205164099093000805828206
044020225246244127158096004435102406
072044105173073165089060278040044506
103245144058199224151157504820197417
124101052206135079171198004435337306
047176142117205113206097000805753706
016012080229237042073095000804498606
047034214121237042073101004434147406
032128174230244003243223004433578006
253102008178050253202047001235829517
132131226145050065172184019460044506
050084201125212194202248000800134906
239213060017212196234211004434692206
108062148157212202162180156190102517
085135107062050065196228636230044506
081168213077073165034151412150044506
238174120075207180012223100005839517
213175202211131115009000004434121006
016195143025231225123076000535703017
047001210041199153103126004435069506
062238028108244248024143052233895606
049008180248199224153058511000338906
062245204133237042073107004433580406
062208142246050254103162004430416506
193253153254116246215223571970008006
114218000029073165059245628310044506
025066195235194100113178103823698106
196042228238198033143055509360905006
119132120164205238230214004434295106
047050000215205166057123004432653606
202217215109138152246118572752666006
204008207234073165109192628510044506
110107135095205201186128270462872806
077027055106205184032057206133938217
062194058225237042073100004431280806
213179055006212227183056004435990306
131190122252139143018199004430323206
047123110112199208057054004435587406
140215073215198231051221500006095706
080118109214202030129046072526252006
140065118211064005155245000804672706
100208217209231225123080000534124817
148003126153116246215086000804832506
048213019078205055097082080014628306
047107169252205184032024052234859206
044001110112237042073103004433491606
200162186189131026013181374220044506
247003110196199137233223092120930917
047186014067194207242161004436418906
195200015194219092051184514130714717
070032085113207008083169588150002206
253102008178215019187142001233436817
015074139018205239117065574820044506
047124240061251190082050093392835417
200163012120073165090241445720044506
149046207136135079171104000806220006
100124021031215006142181000802829506
136053101185202030110012080804486506
047026125122205183046112093390182417
138055207071215013075116045000450017
036218200065199224158173389790002206
213175195123251108156239052223914106
073027217212237042073097004430256606
146180104151199224156054594720338906
237042093048237042073099004432951806
231148130214192182208165004435138306
016012080217237042073102004434096006
208181140212135079171175000800268106
213175201162202167001089004435286106
134233176168231225123078000530696917
127254177245135079171172000534339317
044003214238237042073107004431688806
059172099140138145212069592985211017
099214234177116247217133000000000001
103082061234205126037192529625773806
002002132232050253202188004435180406
217242028149205250091007011002665806
036218220230192029092226477730808006
080077250193231225123079000533142717
222081019117244038134057512900808006
113109015233199224155194068905585806
034040180010205164126124000802674906
030015093037205139168121000000000001
044003160161199153034017004436270606
041244122045207001014154004453152306
134164179075237042073093025154180206
137027250245116246215241383650904317
087062241185202024016079004433065406
239213060012205139033142052223899806
044208102091135079171207004433435606
047191019014205187184194000803779406
109195130140205212182122068810533517
076177103211215177154219004430659106
100235109212050065216059203670044506
124101048221199153111009019355112106
097132228080231225123077000536512517
244200076125202030113215004435360106
070199019032194042037148618694778306
077188068005192022167203010314916017
119132120165192029095208004432719406
044068128199237042073093004434503406
002173197104205249003219270326235917
124101052195135079171167004434210006
044037017006116246215084004434660006
114242108216207180012205000803227106
008075075202198193179110004436414906
016012080208237042073095004431871606
206157040181205219221246004432998706
104160174088231225123076000530724917
053082062242192030021254403451009906
213184192012205127099193004432874406
200223137184231225123093000532649217
077023218086199152001012092120930917
062196047072237042073092000801590606
016012080219237042073095004432971406
134164179106237042073095025150241206
062199045180205184032018000804739206
016012080211237042073095004434813606
129114096254193065095010548146203806
203203204161199204101057000000000001
062215236215199168153249004434940106
063173171044212030093185004431550306
131151065185193241063241000533530417
064031150145251215113218004435995806
116163041122199153109209004435334006
044089087002237042073104000000000001
112081247227207001170186068815554217
044063198161244038133045004432342406
041150227104205216062032052225663206
109210154012199169223251444880822306
208070209165205112188173004433932706
073155112254212030198220004432632406
141236063121231225123095000533719317
122028053239135079171175004434862106
044003062111237042073100004432469606
196092076111116246215074004435500206
073027095064244212230125004435009006
041147198189194114091194004436125906
047119197213116246215075004434863006
027136167112215163005169386922797417
062196185181205187184146004434081506
223007030183199204114203004435463806
243054196212205217255045004435026106
041155124125237042073097004431151606
141236059034205139032210000533484217
105035246080205148027226004431840606
227092245209231225123077000532131717
135159110072139180038212000000000001
030015070214138145203037000000000001
196093217083116246215144434000905006
197255118122139130004149004435160206
044058199092212030023223004435169906
044068128199237042073097004434499006
244199180007202028052189000806224006
070071044246205185131013000532859917
196040118146064005155102392750905006
231148131161205167206218004435071306
239213054079212202218063004435640606
069229016145016230171088000000000001
058245242020205239048152092120930917
016215208159237042073107000806505606
224115233227192029084146000804991806
070243078228215163115082000804983206
197041224132212195133130099994427006
196093065108231225123091000530882817
228079242115050056082031000805587306
044058184067116246215092004433398106
200124200090192182193067132330012317
016036124160116246215122004434599306
075010128239192182205140000805387306
247003121223248200070101000803857106
130185185233215167114013414972790706
202217215109194038091095572755777706
062243112112135079171175004434962406
124101052212135079171132004431625406
237042065008237042073095000803943806
152009175082231225123093000531624017
030182042105205236103205004431782706
237241130125138145203037000000000001
053054033021198209170109100825630106
088088013137116246215210000000000001
062207024058207183082178624606480606
223003058061199220219192516190812906
148094035140215177154219000802772106
219247249169251000115188603600330606
044211172143131115160074052235436106
047026193076205032251054093390193217
073027146097237042073099004433046406
044094004254212194054104004434524906
248199055200202024005225000806241306
092019103091244029213138005874266706
135084107093237042073105000804924606
062253198192199177083019004434879506
213175202227198231235215052226503206
047063025178199137225016004435480706
197043153107237042073103000806053406
123188126106138147091009004432825306
206163042107050065214162555030044506
103083134251205212182122654382860117
135214201038215013082101000805123906
200163176079073165073103546450044506
078094190187192029094254502320312806
108233129121207001003192612854468917
016242056115231225123072000534654517
044026192001194114091194004435292706
073024250052116246215082004435229606
016251022004198033143048000000000001
062238177141244029086076052233695906
140065118193064005155245000805319406
070239252045205071016083650930688106
101163132037139093091100438550002506
075091213026237042073106004433543206
224134219185116246215080004434459906
062251208073205184032177004435643006
030201077100205249004179273696189117
085129108238205166126205654285099017
231148132054212230042092004435237006
213173027119205217245253052224565006
062244232174207001175253004433406006
218252111181205211052252000234717317
237042064210237042073099004433344606
086230167011199153102059397710115217
112081188215205070220141080685034006
027136152234205249010057037242686106
195022126183207022024194501212942417
044005207252194115213194004435581006
090128117206199152003019004433761506
231128055195199224220221579860548706
152200233193205112115010004431122706
044218070036202024017129000800989206
021084065139116246215013004436495006
213184192023205032251042004434105106
042090238087202024005222605742959106
213176048091215163040213004435765106
080205253129199204084059000000000001
013216219121205249053193240202711317
218225159093064005155201000805562206
070243078230194017229141040062667706
232188051070244038133045004431311206
047108127139237042073095004430471006
075091213012237042073104004434359006
119132120165205166046117004435131106
223007030181237042073105004432516806
197241237050205249053149497815338506
078079115028202029152107004433383106
044056171043199137226244004435090106
062214160121199224110070004434896506
062200101139237042073096000805147606
016215105180215163004182004434970906
141236063200231225123092000532077817
237042071047237042073097004435644606
113174230028073165091014512830044506
197061129195205180073087092120930917
116086068189251100096254004435981706
217166051016016198230169499820044306
244199180007202028068172000805076506
243054081004231225123079000535966417
002002130239212034176077004430454206
025206138054073165172199498660044506
240083011053192030091021000253842006
122193199001116246215234000000000001
097133087114231225123072000535748417
091173073250202031062218126890002306
076177103250240235109082052224790406
217166051016116246215038577200044306
237241128239205139168121000000000001
047171060008135079171207004430634706
016012080233237042073099004433176406
135211169116205211040107000805472206
248199105000202028145036000804744206
195192156061212230042115000805840006
213176048114240235109034004431393506
195222040046202024004105004432221106
206112248111073165034143533660044506
080207024235202030079024353692817817
101081106071192182170117004435041806
047162022179207001130247093395173706
116246040188064005155183000805296606
047028099019139005155133004434955606
057104127189194017239253580300038917
196052037242215027091158151514915517
124102076047202029034025113065371917
213175202237240235108140004430197506
223007030181237042073102004433986206
092044224232231225123077000535306817
044084128243240202184160004430302806
213182131050205251202087100025371017
249070079098139180036031001230012317
213187199254244029213237004435872506
097045036106205071047204309553480317
137119240049215255200019618030005317
063174237039194114125249004433955506
002121036131073165069123623470044506
197143138162205126032234004434867606
123188126168192182087123004433280206
152082001080207180012010120431534506
044003214243192167126026004435227706
108072033017116246215161000000000001
213187199252207001129237052225964206
140169199176116246215121004435779706
136148215083116246215210000000000001
047033146254237042073095004433296206
087125084252199136103092004433545106
016012080205237042073097004433814206
047062092253205098225121000804076006
201204117093050065196035620590044506
196092076144116246215086000804064406
057184217042202028008049001612607206
016012080233237042073092000800856206
008126025009192030004237049620005317
007234225066231225123081000530924017
047038101206212171082252093392642017
152148105234205164190034088425087506
231148130057198243031003004432754406
048030083026205216097116004435344806
047124003054205126039013093393980117
062202143243135079171142004435442906
044011036132116246215069004433971806
050048068165205249014183000804839106
047107000071116246215083004434425206
044073194009212195089178000805223406
044005076192237042073107004435515206
047038204016207001009023000802663406
093106072039215013072176420271659406
091070114063050120179022570242642917
135059221234215167114193080040705006
044022147173198254094066004431023106
227194174023205180032245005875810806
237119088186207001186130000000000001
044003127078237042073105004430606206
005234119089202028171240428232789306
231128055195194115203072579860548506
044005147162205185133080004436359506
197115078063205251200120004434861706
044006226094237042073098004433919606
044201060045207180188225000805154506
099200195104073165059009638740044506
075062217254205203254207004434792706
048166070169202031028167286225080806
253102008178202028028068001235390917
087104241164073165034179270930044506
070111165065205183117061000531429117
247003137135202029069188000805010406
200223137178231225123078000534858317
044022094135205236228203004434499406
076177102205215177242173052222937206
083183165228073165172056570850044506
212230093210251196218162502535319617
115153051069116246215186000000000001
047111069070205212228035000803548306
156178224208199224099226621430044306
131208002251205180032198614560102417
036218200065198255169236323500002206
124050093149192182089227004434918106
042064175134205184038253619286527506
047080124018205236089095000805812606
044020145009198254091153004435145706
044026162066194043187147004430156906
062210111009207008082036004432731006
047111122036237042073094004434842806
044202024127135079171185004431817006
147250114103199152013247000802962306
083185252186202031160026533314732406
253102008178215167025070001230012317
047123172168215007246013093395550917
042163182145199137232112296655076217
196014049171231225123081000531532317
080101216024199169193205170334929017
044003062111237042073100004435373206
209088002059192182136127221324957206
213179055098207022045038004432703606
129163016203251224032137004432826306
091209087229202030183179589515502717
122013122213215167248073004432653306
080072011233212196048209429095703106
044054089149205249051081004432824606
062202143243135079171167004431420706
054127209076215007142198493900044506
148092183115199204068226027031361606
238066205009116246215068004435686106
044025010021237042073106004434937406
037011067052207020019036000805497006
199224070184231225123091000532339117
135079184249135079171006570860445506
044023050144205211122025000805406706
213184192023199168227099052224685006
037166126082192182191137012515618717
243054009018231225123078000531385517
223239025072199171206227004432659806
128150218157073165034239391560044506
139129041101116246215059147220008006
196177112166205200149185004435840506
091177248076192182193067619510012317
007069091022202029155167033600002106
075165067003194086013152000803231006
109209061048215177178030000533891117
030214173025212197208060000805300506
131210218147192031069045004435323506
197109216211237042073107000805353806
195005227089139180038212036580365817
015043158080050123066002000532143017
047036026070237042073107004435503606
070243079058202024007227000802261406
062254148251198231050050004435141606
044072162198064005155231004436171706
070243079058198231053138004434089906
127168149027202024004209070762530906
110024223110212195128205542774842417
122022037188139212117005000805248706
062196102009237042073099004431359406
044072146128116246215079004434076706
047050174242199137235243081105746606
237113105030231225123090000534797217
047123237054138152126210004435067806
197190098123205217254232424720338906
141186045193252248203071004434216406
224115233227215162204121004435820506
148047042197116246215093004435654206
072011211058231225123075000535863017
044024098189116246215079004434579506
044007060143237042073097004436024406
062194001173207000086161004435616306
127165132136064005155174000803788006
085024185054050065234117524230044506
044024100210064005155229004435675606
228079063066205219174246004192752006
134236118205199153057090004435823206
109028045136207012136247437932741817
044002162165237042073095004431127006
076177099137215004234101052225263006
030015074178138145203037000000000001
047170093193240235109162004434307106
237042090150237042073106047880044306
202217215109194042194152000000000001
202217215109205185136144572750711106
244014071182231225123094000533792217
237241130092135079171145000805962706
016012080227237042073102004432719406
243054196149251224032197000804675506
153071177217139180047068004434922106
047109124198116246215094004433381006
124101052208135079171142004435245306
103229103081231225123074000531475517
208070209176244158083125004434855506
213184192001205112188162052222637906
101106240057244031072029001436063306
042004217201205250010035575940044506
135238182035138152126165000800195406
047034096136237042073101004430865006
237042071048237042073101000801394806
248240217244016045106040000000000001
044001245000237042073100004433918206
140066195199202028070237004434086006
152148101101199169012173087384981806
007038167046202029018242089995399706
082242143169244127141129000863769306
213187199250205218013249052222739506
047123237054205238171252004430582706
044008108211205236089082240105673117
044025045054237042073096004431019606
103240064219135079171158004430342906
140169207157116246215068004435292906
030020044004199153058093498850102817
244014070053199224155225004435103106
225117025063198254091153650045559606
021091198018064005155183000803569406
140076018204192182035060004430151106
128098127079244205077067000802738906
203216241162240235109061489885652606
070045046106073165173215591910044506
044039183172116246215084004433602006
127168149027202029002145070815020206
202217215109215163083064572751555506
224134211238207001165181004435010006
036218193188240063101109169780002206
062209212061244067235079093390236717
062197230000192029187075004432710806
119197166187205151251253004434047806
044021153053116246215073004434739206
070243079058202024007236000806251706
048180136105252248025120495020012317
223010192228199208059180000802824906
134172201176231225123081000535230517
025202120118202029249060471485471617
047100179217237042073097004431379806
016012080213237042073107000804077606
218225090096116246215086000804385306
044024116039237042073099004433196006
211253200238244029049123569913833817
044002114207237042073100004432474406
021020041205064005155182000805393006
070241086247205236095113214543491417
231128055195199152013197579860548006
036218200065199136065136159410002206
196093065108231225123094000535809217
044000015180237042073094004431786806
237241138253199153054139000000000001
213176048024207183080028052224795406
213179055089207183081003052225722906
033166223008198241226238442340038917
195066236001199224099094156154440006
213175202147212227179058052223377306
075255020069064005155193000806341006
016212010116198231048022004434483506
251000215220016198228060606210044306
135059241156205166145009513660450306
129090182074205098225239108795137206
030015077056205139168121000000000001
136053123190202024017128101474814817
016012080227237042073102004432833806
016012080218237042073094000800816006
077191088252240063115086407425155806
099010237005139096108241000000000001
100208217209231225123091000532414917
099027082139244001019213590824036917
044095209206205216098255004435282806
149042148147198033051130000530873217
218225090099116246215093004434226806
075009203237202024004135000802927806
044007103049237042073095004433650406
044003062111237042073104004430237606
016212238126131115160074004430212506
213173033207131115181088004434438506
148064201177202031170060270195388117
208070209180205185134097004432700006
131134146233202024166242001234242417
021020031204205164112014000803912706
200076049197205251148225503214743017
218225090096064005155210004435228906
032104114104192030029040089995156706
044208182202244248041123004435137306
206157040177207001170186004433765606
044084099210212227133021004435639606
200162224082131026013130161250044506
044000007196237042073094004433866206
016012080215237042073096004431405406
047080031158116246215068004434586906
073165167051207001013053071714921706
047011074112237042073106004433276806
124101052205135079171205004434301106
034175102242073165111240616390044506
213175202242215163115082052225178206
049196070034016229043079000220008006
047004232044116246215084000806416306
140075193191207001188005004432686206
218225036067064005155139004434903106
200124061122240223212163052243339506
015043158080199224146018000535721117
253102008178199153108248001235203517
062212136101199168234052093396386017
034080172094205167204183258990002206
140255108189212197087112004435074706
093193169081202031004112531244899606
231148130018199221127109004434965206
136053047100240235109089191114973717
044206042074135079171207004435887406
044051090052205139035178004432677706
044072159253192022173005004434040106
211038129098240063017189004435292017
044200000013231225123075000534808517
053111012113073165105214539390044506
237042070093237042073094039460044306
148067222061199153099165000530977917
050026130118205166122175004455185106
202217215109244158139001572755999006
135244038157205249054187082946227606
005254145226073165228052333230044506
197078203161135079171148000533467317
108073001230199153045144064682397617
213175253226205195122012052225860206
044204146171116246215085004434699606
231148133090205200226116004432872106
247003110196199171102231092120517817
044039223199116246215082004434375506
047168186061237042073097004433566806
148097182081192029084149000804437306
075091210218237042073107004430746806
070050158099202031156201102792180617
213175202242244212230125052222802706
244014070053198255170122004434240306
116069050193050062046170004432669106
070247014155202029229106000000000001
021091198024116246215077004434451706
143234117226192030051000056475350306
047012007131231225123095000532429917
127107225023231225123093000534086217
197222188038198193180252056030338906
136017031254231225123090000531133817
016195143026231225123094000535607817
096004241251138075186004408640002306
044003127078237042073100004434747806
044006226094237042073095004434608806
213179055113244248205095052224559406
213175202098205187184009052220889406
240130018059199204106086469920002306
016212045084205149040113004434291006
228079052104212030170141004435029706
196177114064205126032236004436538506
231148130178202024007013000804217806
080101247177240223014061068895458906
048181084192215255200002004435113306
044222124249198253194250004434283206
197155091173202024007157004430324806
044038105216205251202002004435184706
149158111009050253202167000806387206
096189055102199153035101092170930917
140065118211064005155209004434149206
228079105182194039037018004435110206
097132228080231225123091000530340017
130004046201244029085236000254813506
201119231060207020027073561392083317
042088174091202031006006478624159906
050053037009215027184232068812761606
136053123146202024017005000803049206
213179055079244248205085000805509506
127107225023231225123093000530131017
021112097091207012132144004435860206
223007030181237042073092004433094406
044021061153205113216251004433495506
047160184017237042073094004434933006
076177103239131114048195004435981206
213173027108205164190034052225652206
137119240049073165172072017300044506
075091212233237042073100004435006806
149101154166231225123081000536451417
113173194250244127067110517682970106
218225037006116246215087004436316406
044068041155237042073105004430348606
076084179115212232237237080026017106
223208143086192182052109000804405106
016171184192192182057061005874154006
237042065008237042073103004430371806
153173191087050122063099059384916306
070065137201244003007245090546257506
225126037212215027185154036442736217
058091094032215177154201000822721906
022195144208207001050205081000104817
016012094107237042073097081805317406
044024098189116246215070004436178206
044024248059237042073092004434873206
057184217039205138232115001615666606
213176048210205251202012004432670006
076177099152205216098110004435023106
102056142077192029211131633246198917
237241146012202024016115004430578506
202217215109205113254147572750711106
213173027100215163040213052223761106
086203014038122195111160514520044306
081126059191202026062133577110044506
218192201032205148087201004435616406
016195252197205113252248000804239006
153158086238202024166249004435451806
149042101045207183018068092120930917
044003159019237042073104004431768206
062244014101205126037089004435220006
096189055102050251002012092174591817
044210237082244248229162004433377806
088088165080199152014196618562473817
131000132077205149041117004436197106
047100179217237042073098004435147606
104210212168199169202100514133478517
103195139038240063103161078566519817
131210219147202118117033004435781206
200016118132205139169045000532407217
100124190018139072053034000802965006
062211212115212030093154004435283906
047119043070205055130231004435592106
143129027201138056078018645735032117
013157021107202024007122052233511106
097014038226244003007245555820899906
134164179146237042073105019102837206
109204194225202030176089578842938417
243054081023231225123095000532257317
138231179025192182248235396355185717
213179055031215255200013004434147406
070243078228207001175253000806339106
088193162154050254095245100160910117
243054188161192167233248004432842106
114242104196194042205157004435359406
202217215109205199055000572750377006
237241146017138145203037000000000001
076177103203202167000198052223994806
107063221203192182190021607615954917
021120124167215022058047004436119706
016215096138205149041131004435995206
196092076109116246215069004434826006
075091213025237042073093000801324606
247003124155192133085040004434242906
231225121216231225123041000000000050
197084090131251196145111588910899906
198140003034116246215059514740008006
119046101194202030243187099984336706
131148087034231225123076000531627217
127043091249202024006200000805987906
244199180007193065117157000805839406
228079252082199137235247081235478806
079047118141202028159081460245077317
070228147016199224102173614403672517
013217248252199171108245240004273117
021068193034205212182125004432731206
119132120180198193184054004436359306
062198118118139096108004010025016606
044072199058237042073104004432221206
098090208240192166236047638601269017
197085004085138030194187000533405617
129023133202194115211034059384920606
223010195105205184071029270196268517
032248175102202030084129013423553717
213179055100205164190118004432643706
016003076167205180039207654003450317
135084107093237042073092000805681006
044008068193192167127120000804964706
243054002226205250244146000806286106
016012080235237042073092004433384206
044005193186205066248037004435161606
076084179115205187185093080643554206
016012080235237042073095000805220806
044006226094237042073096004431966406
047101000113116246215079004435095506
141186046108215167152226000804454606
047187037008198247226199004433932006
047009025167237042073105080521779206
047090178000240235108140004433287706
239078208005205251200174004435132806
207121205168192182183212089994778317
092004084083050065249128263340044506
248053189075205211045105545041237006
224134211182251215113218004435985906
149042101045207180012223092170203317
075091213025237042073094004432926406
094107229240199153102059201656264106
130004046202050123082208000253282906
239213054076205071135148052223540706
070089022082064005155192004436534806
231120103013135079171071004430406106
244052158188215177241058089990466817
077220169143131115160074270245701117
149053203018199138218125004435008806
075010177200202029110097544895118117
218225196123064005155132004434645906
103237159083131115009035004434713906
044023054214199222143138004435904706
195186026078205251200174619255456017
119046068062193232164197093005036606
033182062206064005155231004436214106
044206058172237042073093004434322006
047100038064237042073093004436520406
109023179185050122228221182115695317
075067206158205071019170004432296406
124247190007205164096216052221422406
097014213100199152010030319062677817
047081091076237042073095000806513406
094006098020202024004215425542827717
142073049132050251141124275960038917
090118102126122195111160219520044306
242022231245205184073173470120960817
062227221103240235109085004435297606
213186080223194114091018004434935606
130017247253050065234028652430044506
016237093016116246215074004434824006
126067008050116246215087000000000001
155176119135194078242244295031257906
044201069112116246215085004436137506
044024100210064005155209004435942106
152200233208205066136143004434065506
201113079079212227155206000000000001
192044165083050253169183638721277317
130004046202192182140241000253393006
252171219033193065011122020131543406
044000247093116246215082004436526106
047027074022244001171161093393939906
218252212069205236089190320056358906
114038127130215167114145409415371217
251103139063064005155210004433277706
131134146233202029212060001233705217
218225196032116246215086004435038706
030015071153138145203037000000000001
086106156034205216101040000806460406
141236059215205219222009000531091017
248199202081205055128081000803539806
103098098044131026013034622360044506
127018021241199170228194004434976406
013217250067116246215075004436101306
116069050207202031130014004435039306
213175202216205112188162052226062406
016215186227139128098171004430334706
075091212219237042073099000804801806
243054196155192029095210004431762606
092004118037073165105169214990044506
063175155098212195084217004430159906
047049205230205236089190004435262306
044090253165207012132243004432710206
213173027165215163040213052223593806
062196047072237042073096000800685606
044205022101199169021155004435734706
131148087034212195089157000535942817
044020073192237042073102000802516806
124079159193192030101077080463922606
063161108000205239062133004432650806
086100119105215007236217080002644417
047038233172205236087208093393771217
224115233227215255161054004431077406
047084229098237042073099000805266606
113035048020205113194110584850102417
047081024140237042073094004430933606
044201170149192022173170000804924906
062209183059131115180171093392689717
141236063183135079171068000530344517
200162147231050065138089186410044506
096036045095198247245060004436214106
047050034142199153037226004432686806
016215208159237042073096000802347806
016012080221237042073102000804839206
100197036136205098227039004434920106
213187203098205164190013004433776406
073026251253205216103131004433161106
135084107064237042073095000803221006
016212182045244031010028004436149206
053216153049205071016105649120103806
079001210013194078209043147953552106
047160184017237042073107004430345406
218225091066231225123079000536153117
108233222200244031072095148881508617
204150012238202024167133227652139917
143090042095199221118182004436257906
124101052202135079171205004433338506
129166060254139010250151116370005317
254216203126135079171142004432855806
047081124095237042073102004435207606
223239024084244038133045004434272006
016179000114064005155235004435235806
119132120165207180012223000805598106
130150037145231225123079000531521517
203189224136122195111160421570044306
016212142131192132002121004434565506
091030088036240063113219216200008006
044221170255237042073097004435496406
101160237152205249043017153780190017
093219105115244248024000072320002306
044008069204198192209146004435204706
241081131105205071047208576535303517
047045209138215163167044081003443517
047119189171131115180032004436340206
073026242226215177165018004430203306
140065118193064005155209004434183006
119131066060198243161204004430577406
124145217169064005155132004433711006
047049202076205098232129093392340917
100085125077199153100130270325648906
237042066200237042073092417500008006
016179011103016048144184000000000001
200124200090252248025120422230012317
126067008018116246215120004433624906
052135059197116246215075004434884606
147142083185073165034031570630044506
044025250041237042073101004435549806
066003179044205230082162288184844417
055233073174237042073248020010200117
055228110069199169004077365890102417
062239037003199171102099081102059517
218225037019116246215120004436092706
159196101062244003251036636742647106
002157023118212202075077024924028117
047185187116116246215094000804982806
213176048154240235108141004430203106
202220175106205239079024050600532317
047026045132205139033072081141540017
202217215109199204118082572750811106
080205071176215004233216000000000001
092018247151205251205198381524869106
129121046151244001021237093060343217
135079184247135079171006202970445506
153146131107205098238137006555051006
123188126170139143182143004432622706
197016034252215177138095004433589606
062208129255116246215076000806254106
243054249142205127000243004431130106
047168186061237042073102004433209806
044196090249202024006091004430140306
127088063015202024005105367963343517
050063210180073165081214654300044506
213175201162199168235011004431020606
197171207038198193191144004435583506
008075075234212195128205004431307406
086172226227212197255238400220729706
218225141147116246215243623250904217
202216199026205218042170367240002506
096039014211050065196068471700044506
030214173000215005008244004430432606
044085251009205219217105000805566606
206110124127205113245099040015233006
047109124198116246215074004434644606
127168149027202024017021070792588206
122030155099215004234054361633343917
134009113047231225123090000536149817
096009124178192022173005068813254417
054167003214116246215012000000000001
047030158153116246215076004436162406
074043012228135079171063554640044506
025207246222192182231236152305317606
047059142049244089100228004432883506
112081189113205219173150001235481717
249222148047205184073173614651817517
127011109116231225123078000531847317
248176087044064005155200004434685806
062199239114194102244019004435532106
213173043233207183082238052225263006
016242056115205164112224000532968117
208181209199215167113114001436158906
070243079058207012138035000804113606
044025147151139096108157000803412606
047109177040237042073092004436010006
143157135074194041039189004434948006
044069006114237042073100004432548006
116152239232193065074093000802659206
047108127139237042073096004432048606
248199066080064005155064004435390806
098033220217205249048218574566239717
002120212067194102243160000805824606
151205000101212196235080122720002306
199182092242205251202161574210163006
008075075210050120061052000805160206
073155112250244158137033004435062706
218225236252116246215084004433404906
036218200065199136065133317490002206
153173191106199169197097059382398506
218042013170240063113019594833257017
089171033043116246215210000000000001
156178224204205236095159187280044306
077239059209192030021098068813072817
197043153082237042073099004434135206
141236058067231225123093000533779617
204014214092244248041049612741997217
002002132232192029095204004435803506
203029087041251196147123000000000001
113015094192205113194110613612050217
016012080206237042073098004434905606
062209207040215177111191004432867406
097133082094231225123078000535816117
242082173105192167015160004432037906
119046068062193065104146093002264806
114242108025202029177027000804061206
053196210155073165081040494110044506
101243197170207022024166069692678317
206127146043205217248104000804955406
115137028200199177248013004432692406
237042084202237042073101645880044306
044027144165237042073093004432478606
213179055091215176001147004433299406
034035045077251224090060516150002506
129201163021073165073231553250044506
044003153154135079171207004435025206
025206002195050065250061626130044506
055224240087199165045075004455397706
097180225201199136088086260850758817
062248225118205236253195000803351306
072011211057205219154029000533319117
202217215109205230094047572750866006
044051151013215163101210004433759006
047110181203237042073102004433952806
086039076063205126037195639885533917
075019108050199169022132092120930917
148003126058116246215069000806302706
101160237152205032029010314240190017
213173027179198231052169004436531406
100197036128251224032194000804662306
086114092144199152013213549020312806
195198209059199153054217136550102417
002164213021194100119099615290338906
050084201173199153054060135444958706
111233233079194115203118004436536306
044008077201212171083145000804861006
135243069076194031031125004435385106
033228141155205032023242004434878006
134134130179237042073099004433585006
206157034032199223101193000805193706
213175202211205183040198004433373806
156183092131205212176073004432626806
044009196231205055128226004434997006
059170005097244022242188209100688117
050048068165205249014183000804839206
223007030181237042073104004432900406
113205086079205212182122068814196717
217006054180251215113218000000000050
070243079033202024016125000804580306
044023243060199208049252004435413206
047011184196237042073103004433222406
100235010142131026048137611390044506
140169207146116246215071004433560106
125020145194064005155201004435775106
233070135127122195111160458570044306
200097192089205239062025000805915906
193253252139116246215053102600008006
083164116108202030176029086555507117
137181131133215176008226004431482006
007239139135116246215080004434227406
030178011011050253170148000805485706
141236059156199169195005000536284617
141236059035231225123092000536539917
213173027107207001129233052224860306
149205225124231225123078000533317117
016035131115138091072052004435138606
033241125179116246215086004435182606
041144149077202167129254000802671306
253102008178207020023232001230012317
231128239044198243031006004435552006
135207186068192182102029000535319017
135084107064237042073096000802741706
047081219017237042073102004433094206
047176159053205211056084004435630306
044068050068237042073101004431211406
133236163002050121228117176891385717
150224045029244248142021004433911506
016033078172016229042138494960008006
086106176015202118062080004455969606
044021013055116246215076000805486206
140173240244198247243209004435082606
044084123018199169214218004433432006
085247226187194031116070004432665306
075063078217199208049046004435374606
073027199013237042073100004432313606
013217234069205032022099000805370306
092018138143251215148150598603134217
033239237031194114055230004433800706
053071116011215027045049524905283206
047032037163205212227087004430648706
062197230053135079171198004432252006
218225236113116246215087004436367906
128116194061205250010168204236504106
238020104224207001002253004435832206
104220089185231225123094000531293417
137210094001073165080002598040044506
131000232124199192038101080280159606
047168186061237042073104004436225006
003144073078205251205243000805447706
048166171154244001021194090002665406
064049032210116246215095004435771906
037047154150192182251246119502729617
155140186184016238145171000000000001
098106024197205239062025152406001206
104053124196207008085229068811456617
226154177240205219153122004431632706
044192030134205249042037004435674106
213176048088205071139023004435895306
070122052217205113202081493675064617
016003076040207180012010654763979517
016012080219237042073100004434062406
135084107064237042073098000802047006
048180136105192182193067310790012317
047062069159194043191034004434916006
062247003052237042073102004435962806
135211169114205250088077004435326706
047024134095244003004130004436404106
197036178202073165073082585160044506
072011141012231225123093000534230817
204121079021135079171104004432043306
158207031059205239066039262883396717
197037188092198209059209000252320306
245156195248198247224113112030895606
075091212215237042073105132220008006
068120183053212232088181174612017417
218252110062212195069081220823370017
212143024236116246215082004436428606
204090238132050255212237336402435206
048180136105192182193067198190012317
237042093036237042073105000804826806
213176048092205187184009004434658006
085058076093073165105178538420044506
137234065157237042073104636200008006
213179055067199168236079004435344306
116069050233212197177153004434310306
113104019222205055202157000000000001
073155113214198247246224004435784606
213179051238240223029005052225521506
124057180101199204103066000806178906
196093064208231225123093000535236217
093041038053202024168005309911055406
122013119212231225123075000534458317
076084179115251073188083080643631706
047171072101205126033157004434950706
114242108253244157132148000804915906
112182043203244127020177004435611606
044048102158138091022109004435896606
249143060071231225123079000531381117
154048155078194102244093303145492617
132202115011073165111019499860044506
075062217254212195128205000802705606
141183211149202024017161000806265506
247003207029202024007103000803634506
213173043238050121196226052225782606
075062217254244022198108000805817106
080198193111212171043226527273978306
149042148152138075188034000531398017
086096247108073165034130581290044506
139201198104231225123074000533418917
237042071050237042073092004435790206
108061199127199137141222537223023617
062206107207199224156157000805434706
049101236050205218008153050563731917
213175202243244029213118004433729906
047050145222152098210055093390188206
034080172094205194213081525170002206
007234225066231225123093000532317817
193253172247116246215223590940008006
201200116189073165104120614900044506
155038086096215106210138000802879506
044002105251237042073106004434069206
200124200090252248025120349800012317
047100098202199208063032004434081706
124101052210135079171132004433464606
213173043234205127099098052222840406
044003245085192029185108004430867306
196093065108231225123079000533028517
100219060130212194144229000805606806
208070209176205216060200004433520406
140169207242116246215068004436346106
124101052192135079171187004434061706
197155091164205250092191004434312706
140215073215252248147085500005653106
049086209067194017229149228585946006
238210026066199137224159000000000001
078080065024212171014155018635889217
104220089145231225123077000532120517
197052018203073165079140515550044506
231148133005192029082255000805993606
232188068251205212228125000806155106
204073185150212227163192000254903606
101205054149202118035102059385145006
008071035164192182172102004435757806
044208093115215177242182004430152606
131092232184231225123079000534972517
135210139065205251202012080005706806
047028072150240063017153004434177906
210030029151207001007171004434606906
002002132227202029238125004436148906
231128239025251196218162004436007506
239213060013198231050122004435694806
251103139063064005155232004434141106
044222128218237042073102004430430806
228209163153194017229140004435402406
159111133128202028024044000000000017
072011211060207022024153000532050117
125003084214205249011254623454913606
231148130140215255019061004435503306
140169207157116246215068004435186706
101235247109199152070082004435639106
034040144193064005155201000805097306
214030223131073165228084160450044506
129022119158244003024111089990102917
016003076166199177248013652492683717
148086154091192030007219000531670817
099024229120205218245053043273878317
047090227114199137224242004434816906
130150037145231225123094000535780517
223139077200205113246205004435696206
231128055195205239104111579860546306
127242060189198209186197004435137206
131026053112135079171142044550491006
044018161203212227179058000804817406
056036141071116246215087000000000001
205216158223016229032138595010044306
204046026097207012139034592270235217
044023023224212171082222004433600806
044004199049237042073092004434291406
016012080217237042073106004435850606
213173038232205216103219052224647006
237241130122138145203037000000000001
097132228080231225123078000530471017
047168186061237042073106004430295606
237042070086237042073099000803565406
131003246171212194146194004434992906
143165191189251215148150171770323806
002002132227202024007123004432120906
021068198041138071027205004432435906
206038171198205180085214093070016117
228202120167212227133109004432780306
129245244078192029092069089994073217
112081188215205149043004080685163306
131023044129231225123077000532655817
150175127168202028190136004433743906
070243078214202031016106000804297106
151026115062205211049098519455317117
123080241229050123065244004433793106
147065046118207180012223000802845106
218225036211064005155200004436128106
076084087225202028118133613315455817
223007030181237042073093004434121606
131134146233202030147121001233823517
083183143049073165064128522150044506
016012080212237042073096004435011206
055238053077199208154176000000000001
123188126107198255172230004434452606
200223240249138152126050551655530506
025173107123205055132144108932392717
016012080218237042073107004433221406
112081189113205032031015001234717117
041155012195231225123072000531523017
062242068165135079171104000801190506
249127121020116246215087000806101306
077203045015205125099030633870104517
044027179127237042073093004433806606
245098018073202028086108090100910117
108043041206192182087167004435162206
218225236053116246215156655230904317
105035205166050123081057000253372606
047044023125251224004041087651091317
002075189247244031072095068825466306
074224091150202030189018171486345817
070243078240202024016243000801672406
196054226030205127099026004435704506
044002237020237042073095004435819206
141236059172231225123093000535076717
213173033196205139035069052223715506
047090190132138091022086034805726806
044054146028116246215071004433348206
062214173016205066136005004433638706
085044140082073165173119556110044506
044048060112237042073093004431561406
092019103091192182151103005873641406
075065172146198254094106120725013617
002164214021251224034235265050338906
119046068062202024166070093004475106
251103139043064005155135004434290706
090251245182205219172191080803760906
148094033047251215113218004435088806
064004255129231225123094000534621117
135243113027202028050211080011487917
044004017070194038088109000805160306
237042118039237042073095000803720406
047169209171237042073093004436279806
098117198142205251205181514132852417
047082035207138091023141004433889106
137176216051073165065077619500044506
075091210208237042073096004432030406
080207015033205211049098011202807717
073155112254215167248157004431165106
204000197208050065249201638640044506
077170174192251108156178644653491417
197043152174237042073102000803629606
103110068155205183117060535260002506
196092076176116246215079000804219106
055233073163237042073104004432198806
237042118041237042073104004431094406
197183208069240063103189030440339906
136075012122050065212069583750044506
218225196096116246215093004436152106
057026097039202167044253411846327706
199110119093215163101212301410196906
116247142134199153061038000000000001
211253223118244003240026545290236917
156241125071073165054154470750044506
135084107064237042073103000801276206
208070209181244212229079052220244306
099035082202244038133045069063196206
228079204249192167127014004435556606
016175126155194114059022000000000001
097186207202199153045144127286414006
101081114119193107087005580140002306
075091209198237042073094000805206206
125097070206244038032246633192665106
213184192016205183043162004435270706
251103139042064005155066004434539806
044002161222237042073092004436331406
044026167200237042073101004435826206
237241137076138145203037000000000001
070028005193205126126122535490002206
196093065108231225123081000535526217
197190098005205219220130436150338906
044221094072212171083065004432663906
104220089150231225123093000532831117
202217215109215163082212572753111006
075009131116215162050050000806165006
044042000015231225123075000534530517
141236059222231225123095000536150717
111017185249139212124082000535801017
044073194009194017237237004436170706
148067222062244158083089000533633217
044068100254237042073098004431339206
075067211162207183080028000805092106
116247129044064005155192004436056706
057184217037198033016175001611583406
129117087084192182057159000253485406
249158180126116246215076004434803306
048180156248207001003212004455808206
044093196178215006253045004434240806
131190120055139143018199004433403806
225126066149205249014117144025141306
021091199204116246215077004435790306
030214172158205236239026004433128706
062239222078244089081032004432967006
223007030182207180054009004430777006
253102008178198193190010001230012317
251103139041064005155064000803891206
058001028130199153041005059380230506
239213060025205166055169004434344906
141236063010237042073106000533061017
126047067204231225123076000531601717
141183211149202024006175004432121606
140173240068139180032151004434588206
073024239137135079171207004432844306
149042101045194086000036092170930917
149042099141202118092066092170394917
098138179011198255177098270254917006
125149139007064005155136004434641706
135240062191244038133045000802629806
016003076156192030028020652294913617
044001110112237042073101004435595606
050084201018212171082252498272636606
016012080223237042073103004433318606
134025129027231225123093000530990717
044060235083244029212089004432637906
063170037103199169022172004434384506
047168253102237042073092004434427806
104236017138192029095208539062739917
070032085113205127075021588150002206
150166085030198247225162034780806017
047081000167237042073101004435246206
155140186184116246215210000000000001
213175195118205185136196004435827306
133043176211050056145002450583147217
007234225066231225123095000536286817
224134046157194100126165004435302706
213184192005215176003208052226284206
222244094022050065170194627900044506
062251091048205213185134000804701506
206157043065199153035251004434177206
194058246136215013072176619351678206
131134146233202024167092001231573117
005235025174202029231130491605544617
152200233128205200225212004435048006
070235052003202029053031631350899917
128087134242050123081181004654057906
044204033251199177242063004432790106
206043135191073165081114569190044506
131134146233050062034042001234035117
083042177008240223213202000230443406
245098109212202025221229480930002506
016000173246199137238005183480012317
075110154138138145213185000535651917
064004253207237042073106000535134817
047028181190205164099050004434719206
223007030181237042073103004436398606
077091007144244031008023360200111017
131148087034231225123078000533571417
128087134179205125122106004654748906
213175202098192029212033004435502306
196115231116116246215120004435174806
075091223103237042073248020010200117
047168186061237042073101004431025206
070206036211202030141146283281688106
067014249139194078255064010244169617
105110073252205211049098552832807706
047006035201215162113090004434866506
150166085056202029241206034784245517
044000024175237042073100004434465606
193253214130016229031026238700044306
196093065108231225123077000532437117
025129019253202031188221000803592006
048180136105252248025120558270012317
100079137011199169221207000000000001
223002193198202024017021000800459106
044025168013237042073098004432478006
232188068251205251202064000803939306
134164179107237042073099025153801806
119132120158138154105125004433882706
027161027250205249006223167792222717
135084107093237042073102000800652406
213184192026205195120054052225191306
049008180248199224155069071640338906
223007030181237042073092004435693206
100124021227202028222226004436138106
032191132052215161105041004433379306
078078053160073165110236079720044506
141183211166202028043056004433502206
213184192008240223029005052225888506
044025010021237042073092004436261606
088098028153202031062203071810143306
047044023125205216103131080003784117
100208217209231225123094000530127917
047185180181064005155235004433800406
101089233062231225123075000533684617
103110066055198253195140499860002506
116118123162205239062013000804919006
151235035153202029043250590440002306
041135050045205164099210501582233017
075091210250237042073107004432261006
050075028226139212109034081014999806
002136114002202118035093004456212506
062206164043064005155190004435998806
213179055064205187186221004434568206
122133241184240183051070000805210806
099035041018244038133045069073735806
202217215109192182243063572750655506
101081106096198255211045004435384506
082252201110138145216116337140002306
075062217254205126033101000803358806
096189215042205218156147000805850406
021068194218199169214066004435995306
047100067038237042073096004432564406
213173038229251190083176004434107206
002002132227212197209023004435150906
084206084065073165064036044500044506
049116127142251224032197268115850506
197043152163237042073103000805178206
206157043163198254094122004430238406
075095166011199153039035550002696106
239213054077050254094250052224993706
218225234169064005155232118915269006
044079223196199220215254000000000001
223007030181237042073096004434749006
053159053202240223215226558540102417
062208173217205251200212004436370806
237241130162138145203037000000000001
044202136036244003027120004434316906
223007030181237042073101004435209806
044084080103050123066188000805248906
148074155144244127020085043796197117
204096127004138091022086004433692206
205199091149205126039009244366224306
065050244011193065095010080666340606
251103139043064005155135004434290306
112079046106198193187025400120156506
015043163107192022160239000804160806
237042071031237042073106000801050406
021120109093050253170165004436215806
062199082095116246215070004436022806
218252053227215167025218208902660917
092240093198198255176121061133898506
127029207228050123137115004432637806
213173038228050062034042004434261206
016012080210237042073101004434605606
112081210139244248041049004432944206
152200233114192182244201000805878106
062194119127131115180170004432678706
047186156022212202218048004432642806
213176048154205127099101004435859206
062193214001205066230051004433093106
138119065051240063017146293170116817
131184001166231225123077000536194017
197037134242198241201167435220044306
239213192230116246215083004433371806
239213060013212195084193052223965306
146028161245215019232002364974778306
125020145082064005155228000803395306
025066038079202028050014329560002306
119039062160202024005097004431225606
136132104159205212179080000533678917
047170140165237042073104004430261006
147159022247198033214145043250002306
129253162185205126032204529890438906
137113101045073165064121178350044506
223044129146199135035076151514915417
245011004129198033104132461340005317
109166053177212195130198331801096317
231148131014050062046170004435095706
097086192044199168157149552485150017
131134146233205213189161001235316717
253235222026205113197250486440104517
083017026226240063103090543040002206
047160238065237042073107004436550406
047038029046205126037146093393320317
044009043062244158083125004432691106
148137206197251196146149004434927506
063170065157237042073092004435624606
008074003136207012136111004435664006
210184075182205239062137617415134117
044068100254237042073107004431332606
082051140220194078242164172745064606
032191132051205066250104004435039306
047034214121237042073096004432862406
148152024128138147090121073502652417
088053176221240063113219560800008006
149140044174116246215122004433563806
049047067211251000115139541752072406
047090143152198253203197004433425306
044200141026244001196166004430299506
206163133099199220209195581160312806
218225236211116246215240430250904217
116118134065205125079101004432732806
013213040128116246215087004433405006
070071046255205066060218080114848406
129066131083205180043010005874328006
082242143170199224099045000835231406
231148130000212227179066004435341906
218225236211116246215242430250904217
075247165186116246215230635040148517
044203029081135079171198004431050306
238063111203205236089190000805237206
047124135219192132028081093392962206
063174039084212195084217000805090406
025071213109202030128108004433278506
099248174202244127157196503212870917
075091210251237042073103004432356006
203152006138050122231189093056306217
130150037145231225123077000531356717
099033029069116247217133000000000001
129090144220240063112203492580104906
054146030217194041033077040505867017
008075075234199169206005004434983406
238063142232205212176073000805701106
077007165052073165111137611600044506
062193233156199177248174004432669606
022175186086205138232167000806014606
048181106054016230168186420360008006
100128074143205212225082616120002306
148067222062244029048153000535947417
195222041230202024007171000804782006
064004255194219092213062000531743517
233035210223215018170036532640002306
148152007175202031017091004435810606
124116064119116247217234000000000001
204096127022138056032176004435315606
050070009067215167153238004434951406
062202143243135079171198004434570906
148074065161205250244148000536327017
075091212007237042073092000000000001
122139182127199168235232070002634606
044026181255237042073095004435600806
075205198026116246215122004434749706
044050048009207001007244004436027306
058193208106205251205181645781690617
148085196085231225123094000000000001
105139128232207012139107000802952506
062198036118064005155209004435614406
249149130142244029048125004436549006
243054196141207180012223000805435506
228209028098205126032065150001717206
088046077081205071041136004434443406
016215208159237042073093000801856206
032042063051192030007219000535447517
016038126038116246215081094825084206
062224052060205219223045004432682406
195222041194202024007178000802443706
044006252250064005155229004433566906
044002171124237042073093004434964006
223007030181237042073099004434148606
134134152080215163164237004432667306
086108167054244127141129555790808006
044204066086116246215085004436135506
136227068188192166174048407460002206
073146031004198229186049004432646106
016012080228237042073107000800927806
021120096193205251205243004434965906
047119074047116246215068004436228406
047186014067199208057230004434993906
223239038191207008081075004435116006
129090144220207001054070588460409606
197056182022194038153122000536379717
016012080215237042073102004435717806
139197074118016230167039492780044306
152200233208205139220096004430615806
075062217254198192126139004432781906
221191091086199169214059487041530617
196092076135116246215079004434532806
197048048038193065003045253420688106
131176096154205212180029052285287306
086172226227244022031136488600164306
047168186061237042073103004431441206
047032016048237042073101004433447806
103211029157244158007024260024502406
134009113047205183117061000531171017
077190062077205236237154000000000017
134075125215207180048013004434433606
058203175024199137227161514131807017
062197166154215177109205004432775706
149042101045050122184201092170930917
122027138121194043102248000803471206
231148131094202024007000000805593806
047100158133237042073093004431622006
032084215206205187185093271944934617
044006044041237042073098004434692406
223007030181237042073094004431543206
141236058106231225123076000531291917
053062135133199153061038000000000001
133161034196016229034164527830044306
049028209247073165059236498450044506
106215144157205180042212004654665306
197222188038219092126175480790338906
047111131233237042073100004430377006
086106052001193065086210250004759906
078141087220199170235146642046418717
140169207146116246215068004436091506
030015077060138145203037000000000001
016215004185198231048022004434017506
218225159014064005155101004435521806
237241130097202024007247004432125706
196085210179251215148144442666003917
212143025086116246215156632970904317
063166173173116246215069004433625606
044200121221237042073107004430953006
097133082094231225123075000536449917
231148131160205184078184000800197506
068090094152215162057070517040809206
047084229098237042073093000801307606
119132120169205185134095004435347806
049097072145205148083086566960008206
193253141242116246215010498300008006
153173191109139219143061059384916706
212143024236116246215082004436416006
124045100200192167234243377333343817
044004112121237042073093004434931206
030214173024251224088133004432728706
100222095030138091023157004433919506
062198199145139010250151166050005317
112148181046199137227088033892481806
047123186188050253170215004435512506
237042064228237042073093000804709006
204073061033205186002246455604925406
044000007196237042073099004436036606
228101229185198209152099580114530506
130004046202199136071157000254182006
034185022066202030210171229346470706
237241128214205139168121000000000001
104159061025215163004120000000000001
237042071031237042073092004432071206
079121155115198247249190552630002306
218225237187116246215030000804224606
222081019117199169194038445140008006
253102008178215163175031001234869517
044203206138205180139228000805467906
044219076215202024016017004431327106
044213200143205200241113004433699206
044084128219244158005052000806371506
239213054007205187184085004430167006
119132120171212064083073004433597006
089127059212116246215008000000000001
086114047098138030254070478250143306
044027170124237042073093004431595806
062208029178064005155235004435839606
058122088003073165228025586440044306
197174047210215027088215093394258606
143238252045194102252055004436312006
129048012205205185134095092220930917
044091234251212227179051004435997506
087230015199240063114060438310008006
213179055025212230180018052224711806
108123182110215162059075505160044306
007237234187116247217105001230012317
016012094100237042073094081805449206
231148132054212194146194004434939506
206235023249199153100146449015639106
223007030181237042073103004435013406
102122161205205125092228592955541217
200183020135202030190081004435420606
022195168199215163004203081165775906
127242060237199169214220004436029606
021091198024116246215077004435840806
132221245068050065234221584100044506
089105138097122195111160381520044306
244199180007192254115188000805022206
147129053082231225123076000533544517
044095218225205236255242004434031406
047123220199205138232190004435745806
044060036003205066142148000804352206
063164129005205239062174000800289106
050239207201244001169249089994688117
112081162172212232239084004435976806
122139190057073165081220498240044506
034080172020207180012026476830002206
044016125162237042073102000806437206
057184217041198231050077001615250906
130004046201205180044109000255087606
125172050046215007205173099700232306
213176048152205216060033004435580206
016012080218237042073103004435311606
075063078169202030242210004434002606
016242104220199223120047000804936806
140066161058116246215156432870904317
073024051109205239062133004434932506
100235228010050065170175651110044506
016248186117212194041059000805268406
041144006215237042073101000803107206
058226202253244089100220051564947817
044027170124237042073092004433985006
129048033066131115160077000803233606
237241146157138145203037000000000001
231148131006193065028138004434953406
213175201180205203039182004434904806
081018173105192135136010018635027117
044024116039237042073106004430397806
082136099018073165034092508030044506
204096127014205138232078004435739006
223239004168192182087135004432793906
044001146208237042073095004434423206
075062217254212064082150004434678806
062209179245198192208111000805048806
135243072125205184036018000805674906
248105218193199169198250000533541717
130149123147202029180046000804990006
047124049093207001009042093393384017
070231208183237042073093409960044306
226132022217215004019210033896469306
251000215086248200252010090813430306
044027105057237042073106004435592606
073027146097237042073096004431265406
085226154156212197221228441610143306
210018047249202024006041000803198506
195042009133244248041150068810112517
002140217217050252209077549574765317
007234225066231225123078000533413717
196043026097231225123073000530961617
108046075041205239048153000802638306
044031085088194114081175000532114517
054088003026207009180235072741487817
141236058240207180188197000534781317
021120110040240063017174004436194506
053197216082073165069113494430044506
231128055195198247255119579860548606
107039017223205071020028239556448517
048181084044212195216177000800661106
047109074090237042073103004436220006
226154176178244248043249004432682606
047027068147205071038233093395027217
149042109042205071136251092172267517
047001131239205066043212004436043506
231148132105251190074029004436111306
062248225118205139034180000804709306
196093065108231225123095000531677817
206111251194231225123075000532673917
231148130190215006172191004434945406
223007030181237042073100004432415006
021098062008064005155201004435560106
091233003143205199053187505056111906
195255193011199169202100130003686517
135079125217212196053173000802939806
016237093249116246215074004435529806
044024116039237042073095004432426406
030015085240205139168121000000000001
129048033243205219222094092174284217
198140033053116246215053587740008006
210025199052116246215086094825819006
197222188038219092126196503840338906
003139124146139180044024244460044506
044068041184237042073094004432100806
033245039238116246215069004434997006
224023181001135079171175000801049906
213173027118205187184005004430180906
231148130199194038155242004435831406
047091053226215160090199093393969917
007234225066231225123072000533578217
047080124018244029048170004434821506
021091198147116246215077004436072606
147250115044251224032205000806379906
080206127251202024166004147703014317
148067222062198254094066000532818917
047122244026205032019048004432781806
007232204044199136067118000800429906
247003207019244205136039000805022506
091098105044202031151125430150899917
218225090099064005155210004434004906
076177102193205216060217004436521006
136053123146215177241060000802695006
088235095225240063113219000801768206
021098062008064005155132004434954606
044050013121212195125225000800202006
016179000114064005155192004436396006
131134146233202028185110001234297317
197156146136139180032017004435070706
133241151237073165173055141020044506
030185107200199169202100205993494517
047100122012237042073095004432582206
124117015038135079171167004435921106
245098042036199208048165000805017806
196092076207116246215074000806202406
141236058201231225123093000533813017
016179042098212034176077004430467606
047084018195205126033101004434208406
135079189081135079171063536120044306
047032028020205236227245004435142606
106083216253205180215011306515220206
102231024195244038204221427762151517
047084229098237042073096000802025006
047186014067199208059180004434977506
037011176169199137233223055812768917
203123204176073165064155552710044506
037090100103122195111160482600044306
112142080113116246215008000000000001
016012080217237042073099004432244806
062229101214212232013068004436002706
033228168007194041038066004434990206
047100158133237042073098004435024606
204162166111199153100146622565639106
202217215109192029170217572750988006
073024217069237042073105004435375806
044026009006237042073092004433373606
130004046201192182040242000255206306
119046068062193065023157093004556706
075091212227237042073098291280008006
096205213251202028114089030740307417
131121155099202031173026004435053306
048166059183194114091018000803563206
127045103210116246215077004436095406
073024225211237042073098004430859406
047125188161205200149026093395337117
116246191059116246215085004435720306
199157006180192022164213531755085817
224134233062199170237185004435153406
238041090103138152126074080813005806
193102030234016238146177194590044306
127168149027202028024144070796063206
040047108145050065235140648110044506
147183252092138145208076373320808006
116246127074064005155201000804791706
044020237043199153097075000802701206
047091049084244029048172004434286506
044206000003139005154013004433960306
141183211149198252041128004435531906
140043044243207001003193089014928106
108233213206193065072202197930146706
213175195099205195120197004434925206
223239006009244031126158004430335206
076086009019244003004211004436200406
042204056091215167114145060082659617
210061166081240063017189004434367217
122013122213205139034077004435198406
237042091048237042073106239320044306
213179055098205200149004004434653806
072011211052231225123072000535571817
063166070161207001130205004435729806
047090250250215162049141004435971206
122024154239116246215122004435402706
044201160146198192203202004434692106
047084201243199171102079004434569206
159090027101212232224115372595557106
243054081023231225123072000530848317
141236062095231225123080000530544217
063166040176116246215076000805627206
096019033001215106052199635664988317
007234055044116246215243355760904317
044094209029212030093130004432736806
103245145214139072053038622414511717
047034190173237042073100004434051406
141236059208205219172197000531086817
016038126017116246215031118915583606
213179055064205066246223052225153806
030015074160138145203037000000000001
134164179075237042073104025151927806
238063254254198033224047537340808006
101160237152194043107013459740190017
055233073156237042073100004434849206
096187054001199152005234454073321817
122024159008064005155107118915647806
123188126212212227179009000803544406
047048046167207022024194093396022317
237042071021237042073100004436019006
196043026097231225123091000533269717
034080172090194017238249232850002206
076177099144205112190083004435574706
109117005218215177155093648555598506
149158111009139093080014000805033506
016012080225237042073103000803197606
213173043241244158083125052222769006
016030127017244127067110004433582106
053193145077199152107199000255628906
237241128106205139168121000000000001
109245138023192132030139371542818017
033228168007244212231050004434740106
044031020121205139034177004434276406
030015071074199208059064400035293817
044008001145116246215075004434616706
143093198225231225123075000530658517
002002132227202030146248004436490206
016012080205237042073100000801702806
233101156187202118029077176603181017
112081189113199169214181001231022117
080056201217202030022235239530899917
223007030178202024007070004433256706
073027110110237042073097004431110206
034108090061205251202136285355328106
062200101139237042073092000803334006
099035121241244038133045069025209806
119132120169251224088154004436393206
016012080211237042073099004436407606
249114057232116246215084004436183606
208191041067198192209050000805181006
140065118211064005155245004436514306
231148132141198228177000000800267306
197202025096202028087189004434994306
016242056115231225123093000532071417
140075251124205203039104000532268917
044017055027237042073107004431025006
044007016245237042073098004435485606
204073078177192254115188000806195006
213176048238205187185093004432821306
206089105007251224004206469952696317
048180136105192182193067180780012317
008101061161231225123080000534686517
021120111005207022026079004435173106
050074105087231225123090000531393817
035212033114194207240053503215261606
016215208159237042073093000800397006
119132120180199177092145004435398406
223007030181237042073095004432980806
044002014223237042073099004431519006
062241035233135079171207004434838506
049021080141202030003086413166176617
047101251116205236227163004433048806
127168149027202031067095070796524806
049158251122205127000136080802726506
195020039070205212182066068810102417
143090042086251100097010004434263906
062208094022205194242052000804361006
058203183087199153055045000804750506
063164184054205239062165004433956106
099035124229244038133045069001075706
058001015083205218157029059384927006
202217215109194039044129572750599006
048166070169202031025078286223278106
099161220232251215113173632241439817
047111041154237042073092004432680406
002239059157073165081069628630044506
085224005153199170229205176092608517
197155091172193241061248004436541906
153071177226205071047140004436207206
044222120012237042073104004431541806
204123075046131248239114490011257217
244200013172139072053034000800983206
196154056218192182081168098343537906
233101156187202118029077136046532817
044061198243050056159099004435824906
093196187019138145217188415920555506
044058225090244205128050004433981906
196085200112202030109010000000000001
140075251082231225123094000535396417
044010087008207009050230004434887606
079045127066073165089239567370044506
047168171093237042073107004432957206
101160237152205180022222153780190017
141236063126135079171154000531123917
143089160213205236086098004431596206
047081124095237042073097004430916806
130004046201192030081075000256082306
003167197211205032020221000805045406
074107188001198209155049000000000001
076177103218131115010219004435042606
074103213217205249006073508052793506
044219142135202024006211000803565206
073155112254050056082029004435094106
044039128183215018163189004430386806
238020104121212171245130004434757206
213175253200205164190005004433566206
153158080058193065090114000535914017
070243079122202024007200000802828006
044011109197207001006044004431113106
007147219058198243029005245925946106
156123160214244038133045289034953317
076177103199205187185093052220197206
096036045095198193184175004434956806
016227153240116246215075004434330606
124050093149199153047035004432587606
047163236015192167123221000000000001
237042071039237042073107004433641406
146089064156192167123094005873973506
200162136224073165081132063340044506
103229100137139105124085000531281217
055233075058237042073099501140044306
220111145100215106210138322542227017
200016024013212227179073004435589806
238063111203205236089190000805237506
044060251146205239062060004434735306
136053123191205187186093101402672217
202217215109205071038060572750499906
044007060143237042073107004432191006
047123008023205166057046093391022117
033166223008198241226236442340038917
077157115042199221127201311215687117
055230146086231225123078000534385417
037047154150199169003102119505032117
238193045227073165089108639580044506
044004247143237042073094004434033806
158050105124202031021214529893919317
131208002245205201187131614560102417
044027082012237042073094084432025806
204158162030205180014195608165783306
049196095193215019232002004433366606
101246137041202031031171089995151317
044025190174139096108004000805062306
044077165194207022027203000802997906
103195002030207183082162004432738306
034064248020205251200219550235328106
224134053212212227179089004435076906
044072089133212202218048004434692706
193123012189016229027041626530044306
044007154224244248213085004435766306
007239235096116246215082004433500106
013213032032116246215087004434238206
044087120033212197179178004434970206
044069006114237042073099004431529006
063167011166244248213085000802640506
237241130097202029202089004430146706
135154083114064005155201004434198106
195114107229207001175102650875938817
047186075207198193186093004435948106
047034214121237042073106004432180006
136053123146202029143105000805972906
070243079076212232224018000802648206
109192121074199137227109222223190717
047101246214237042073098004435925606
016036124160116246215122004434598506
140169199137064005155235004433919606
093168169034205251202136000804996806
050050215176199152013243000803148206
243054009052231225123076000532629617
044025045054237042073107004431720206
062207243248202167044253093392675506
223046078163064005155203004436394806
223003018222199153098197085076290206
079121155115198253201249341850002306
102228235254199177255001649276238506
141183211149202031154002004430116906
124102153163212230042089058165004006
047008178118237042073102000000000001
105052172160205212182122000000000017
231148132215212171082222000806058606
016012080226237042073095004434664206
070243078224215161079110000800479006
087034211018205216065031430870038917
016215024027212194054221004436371606
033239237031244067210224004435934206
070239175239139061080170004455938506
035210015239198240073077094710688217
134164178084237042073105000803939606
044062217184212230042093004432755306
107199024037215162121126100001000017
044025096147205126032162004435340406
044214017019194038091253000224434006
044001110112237042073092004436259606
104048227148192166236223350262261017
103216052064205217247248004430288906
222081081172240063114217488360002206
025131042230050057213176115410002306
104095228231073165109110608370044506
044202233208205126033101004433899906
075091212232237042073107000805850206
044027170124237042073103004434631406
075229000169116246215077004436229206
099146183242199192035196411000808006
059174162219212230042114010305996406
194034178116199152012217629314864306
047080081137248200243253055145937617
101133041224194114125249030746108217
044061105053192029209125004435546106
044068050068237042073102004434737806
213184192000215177241003052223957706
054110009237251073161183133822697517
098062226204199169214059471103286917
062243075221212202217209004432860006
122016143106202028035045000805530006
245031229225205249048218004435628506
062200062195205194242010004435263606
141236055055215167114194004432739906
063160063158237042073094004436138206
141236063067231225123074000534333817
197222188038219092126179085880338906
100238196121194043176131560380002306
005011146021122195111160507000044306
044004199049237042073106004433942606
213176048209205071139075004433581706
030015068054205139168121000000000001
087217072209244003240047089990297006
133038156210198247238220446242583517
134159101059193065004076056045508017
044205207160205251202101004435092906
044048039057205098232246004435605306
047187081022139005144223000805205906
213176048053205139035130052223157806
239213060025205251202064000803607906
221197114020212195030136004435961806
008068107014212195130225004434915906
062242067066205139035237004435512106
044025010021237042073106004431016406
044068198245207180189167004436297306
075063078070139212126148226100011006
158238006246016229037103000000000001
002248063153212195128205555873820817
218225159176064005155100000805084006
047011160052237042073096004435218206
044032149233131115160074000800176406
221197096168244038033006004435327606
076084236255205184032019080215143006
218225090096116246215093004436051906
131252060049205032018154051210337406
062243022011205216060091000806130706
155216242121212171015076257240002206
007234225066231225123092000535715717
129174199009199171108125059384919006
224201050236251224228010177685266117
124045100206215027090163376693344017
013025215059198193189172000803737306
238204229055215022048037000800364206
131092194140215004032080099922630506
155038086088202024017070000804336506
148003126058116246215069004435386506
016242056115205200226152000533264317
063162084134198231053138004434997306
097117121028135079171207004431859906
109192126004215019232002233014778317
140065118211064005155219004434080806
069080079015207022027020358816373217
135238170018205184039150000805422706
200044119107138071030116122252909417
213184192007251190082050052222636906
002247154208192022173005514425892917
097133082094231225123081000532802117
097083247064202030136014514132511317
139130182033116246215063540840008006
223007030181237042073095004434031206
096133245188205139007074032230338906
103245144133219092009137629032168417
119039226250215163200054000805663806
075091213052237042073106000800833606
073171090160251000115141000805288806
048165205028205035001136088411617506
044003159019237042073098004435695806
131184003015194031086047000534309306
070232117143220021118166017370143306
072044114054073165054027638020044506
044068198003237042073099004431393406
134133154001215176008130000802893106
122027138110212171014189000803087506
076177103216205166055169004432644106
100231128104050065172036502140044506
152128087061199224155227004455193506
062254027108205138232131241602092917
106200142226050065235115511420044506
197109216211237042073107000805349006
253243238246205071033108001233879717
196043026097231225123074000533271817
136148215083016238145171000000000001
227110019242205180013085128433709406
136053123146207001170180000801621206
112096067220240063112061558813725106
123188126170205250008249004433733706
193125182154016230162200524770044306
119136137088194031044162004435663906
197016034018198193176050004432703706
047119196223244067234160004435493706
199021148053205239062013342725837206
148047042197116246215093004434875006
096036045095199169012057004433545206
104220089145231225123092000536250617
041144181212215022056248004433714106
197003183099207009245015000805116006
044025052213237042073099004435584006
123188126215205250244106004431082806
062196047072237042073092000801566006
133212155132205218014064227160675517
073155112250205212224208004432703706
089137073157205249003117000254150106
021120111082205184044179004430553306
008075075143244029241022000804996106
044027043142205112188198004431507306
193253216057116246215059502810008006
032191132039212232184243004435093506
238063074219192166170038509140002206
099214189226205180066111383402968017
124050093144192135168139000805429306
077085157155199137231134130332559817
106215144157205125075224004654918706
081096181219199221121052471615881117
213184192026205195121084052222633306
202217215109199170227022000000000001
197043153093237042073104000800792606
202217215109192182137219000000000001
131192122228237042073106004436409006
062200101139237042073104000803913006
072036051046215027212060079110002306
047109074090237042073100004431209006
109019243075202024005070448756520417
099035121241199171090167069015037206
133212244253199177082113340166103217
103119020035194017228064000225488806
197143138162215167112197004432852906
062194013183207183081199000803538106
206219136148251224088150323853157117
239213054002215005009125052225971406
063165153218205236254234090012362706
129101238229135079171198004433254906
062248187085116246215070004435236506
047051025064244248024143004435058606
063165079047244001196133004430185406
197135179116207008087044000803755506
050051033203198033146245175555992306
044068128199237042073096004432641606
073155112254251224032197004433761006
141236063014231225123074000535677317
047119239160240235109085004435345306
044003214243237042073098004434810006
136053196156131026048134651440044506
048230212009199152004253458000338906
111075119194198240075010046620161406
089218126168202029093164623480688117
016012254220205217251192004433568406
101157223014205239062002465622753506
047168171093237042073105004432359006
047011160052237042073100004431651006
124145215238116246215087000000000001
203123152123192133025126019670044506
105041223160199224155051000805891606
062241169167135079171158004435799406
082100045164192182025251069085669706
044029150101192167127002004435232506
044004247143237042073098004434255006
047123227097219092213062052235987506
197016034252131115010055004434503806
044006155040237042073104004431180206
131210219147215005024224000805118306
070071046246205139169073000806516706
243054029173192167232137000802798906
016053146123139113197162507506553506
103197085153244003242128276456234717
213187194102240235109089004434362206
223007030181237042073092004434435206
076177103218198231053187004434837406
048164245056205239048141000000000001
044026196229251196218162000805294806
213173027169207001186130052224772506
206030243237138091020046372806171306
075229000155116246215070004434657306
047012118235199169001133004435828406
044094204103050254095245004435660006
047114170027202024017197080903713906
146109082253073165172171531830044506
030214172209138152126165080805470706
214191245026251224032197114970102417
134164179105237042073095025153166006
124116094049116247217234000000000001
044001097030135079171207004435148206
253102008178215161064003001235790117
237042071028237042073102004434210406
091018116145199152000106074701451906
048181080127194043180101068683756106
202217215109205032249093572750666006
062196021087205239062013004435854306
135214201046202031155161000805557406
075067205097251196147156011941468917
002164214021251224034235222170338906
129217111006205071138052556524468417
073138247041192030125051000804938906
197174047210212227179009093394217806
100231212099050065143206527580044506
048220067185205212176073022845406817
134134130178237042073092004435934806
075110152175202024017070000802397406
213175253199205112191182052222824606
070096183005073165069199538020044506
083017026226244038132217533740002206
116115090060251224229116000805389406
044008225012240235108140004435185706
003167197209231225123072000532548717
223208143086205125115019000804638806
224190035232215004019210033896010806
088046086164199224156157086283812506
210030029151205151253023004435354906
097141044038231225123076000535511117
203099045254138075179193419830312806
123218243039215004018236505454402817
193124231102016198224000532990044306
003157072042205125076219000805058906
129211089091202030159214098765137706
108206060174192132068029000532654317
148094169017202024005005004431002406
213179055119207001131073004432854406
047050009167244038194197093393956217
238204131083215255060066080814406306
131190120055139143018199004430825606
135079190114135079171063617410044306
208016138113202030006130068810688117
208181140212135079171198000805323306
193253159041116246215026580970008006
131040222060251190011213214346328917
016146204198240183050239117060005317
213179055092205251205243000804910006
148108124226139130004214000234279006
096016119070205184066250497121684417
124101052200135079171146004436244606
073027215033050120193052004434972306
231148130233202024007085000805160706
073167152204050122123037004435014406
131000232124251224004112080285399206
044059007011199208052109004435071406
062208134165212197208154004435812806
205024071176198254091153064643449717
197061129195207012129092092121097717
044011216122205098236066000803390206
076177102210205187188141004430191406
103245144183207001004123609534579717
073158140130205200173086292945899606
218225236209116246215242422560904217
015048118221212171082138514134079617
073024161095212195089174004432638706
149158111124205249055218088855700906
134164179105237042073101025152440606
041149159087202030166229099983367406
047124158007212195089174004434342406
206240162230205055142220059380111306
245098098027202030022235257880899906
127168149027192254115149070793327506
109210154245205236083154374253338606
044027144165237042073093004434364206
230123000236199152001211369725341317
139135089245016238145171299390044306
202217215109205166254158572750244406
044026155074244031010191004431205106
044026234095237042073103004432315006
044023212135212171083065004433963606
215144143000050062034037004455371606
149158096184199177247226071024950306
140169207157116246215085004436086006
047111069070231225123095000531078517
119046068062193065085090093005009406
044200006019116246215093004435063106
097095235234050065212091602150044506
097133087114231225123092000532731217
090051029223252248025120145850012317
211038050149116246215087000803880206
044023048236215161115169090014234706
016012080221237042073097004430447406
096236137015050062046165420740698917
213176048018205099152222000802725906
008074003110199152081128004436319206
130150037145231225123074000534615217
141236058097199177241169000535023617
210022242067205212233089562585080206
030214172218219092011204080802808506
041167162195194031113168000805938206
050050109200050120062217021120044506
047091089027199208061188004433593806
213175253250251190082073052225149906
069078218086073165104022598950044506
119132120180205125077176004435250406
141236063189231225123079000534446317
131128133046135079171167000535892617
237042067016237042073095246000008006
154224056114122195111160496640044306
200173003028205139169073000803759806
146145222142199153054042070340103206
221197133081139005155037004436032306
194129092252202028133024324673003117
131003246171199152068047004435087306
047160006137237042073098004433586006
147180206230073165079094605690044506
042204059034050123065218070062940806
016035125047215163189165000533095617
136227068188192166174110448320002206
124244081067231225123072000533580817
207117057112202024016182034785830117
109210154009205055130153557200013906
131210218147215176018242004435890406
044069085128205126032234000801736206
044024248059237042073092004432070006
021098062051064005155218004434719506
050018088115202031036067627144902106
223239026122215006004186004434943706
096036045095244031010215004432751006
197143138162217008247061004433876606
194191117079202031149164331075050717
047049210191205219220215004433713206
007239235054116246215082004434220406
206027066054073165228017598390044506
214000200131251196218152000236080706
135148178212240202184164000804982406
047100067038237042073102004434728806
149042099213212194187255092121711217
041150227118205187184146004434170506
072011033112231225123080000531269317
096009104134073165111031530140044506
135154083114064005155219004434380406
108249004148192135131152596195048417
062197109171237042073106000806197206
062208173252207001048132004432674806
116086068205215013075146004434448806
146017019058231225123094000531813417
131031218214212227179009004436404406
016241017216064005155200004435623406
123188126160138152126233004435876906
002002132232202024006221004433368306
044005212238135079171175004435288606
050075157197205032251042000805007306
136227068188192166174233435410002206
149042109042212195031222092170930917
047177073014205139035130052236014106
007099210251198229188199427204382417
254216073040198255211045004435666706
044027167065064005155209004433568706
069051086021205203028025611375855206
213187096244139113197183004433619506
108120070058198255185126434545938117
237135129047205167107229000805866006
213176048030215177242021000804665906
237135129047215007140142000801768606
044000024175237042073094004432079006
062196043075215163005085004430871606
044001110112237042073107004436266806
099158128202215161105165004456333206
210061102031215177154198004434466206
228079063076050255048254000800482406
218225236115116246215087004435106106
044215081177207001003108004435621006
156229162247194114059022004455915206
062199082095116246215070004433679906
213173043233212195089174000803820606
062205002031212171082138004435506706
123188126243138152127123004435310706
064005214213212195128205034784708817
124210154255215005011179004435173806
135238185058199153100004085565013706
152128012245199136103083004432796606
044001159232237042073105004435257006
218225196096116246215093000805600506
127254177245135079171064000535696217
135207187080199153050204000535554417
075175032159139010250151032880005317
214201164208202118039133161682006017
104220089145231225123095000532656417
016059207223205127113040004432678706
113105073200205071021003625554489617
140065118193064005155209004436345606
119136137148192182003028004435746906
047080018130198193176013004434935506
070243078127212232184187000803866506
076084085018244001169249092120930917
123188126104215004233106004432693106
196043026097231225123078000530807717
044024176172064005155229004436246906
044038105216205251202002004435184606
197043153099237042073095000803003806
141236058234231225123072000535225617
047169248036215162048224000805281706
239213060009205066248129000803555406
103113194181194017228064000224237006
123104020145244248205083605794524117
030015078012199153054139000000000001
135207186068135079171106000534029417
152244033173139136059148000534795117
096205244167202030190069514134099317
021068194223215163004047004434930006
044049231022050255049118004430495406
044002062044240235108139004435582006
062233203244131114015077081183674006
062202160041240223037058004435399106
016242056115231225123090000532731817
047021050043244022028021004435753406
122163015178205071044196591665331817
200124200090252248025120167780012317
100208217209231225123093000533684817
097132071237064005155233004434680606
047028063235205199061125004432124906
016195130073064005155103000804494606
193253220039116246215223517270008006
048213156120205035001136088416538006
137113197080215013113167337030102406
049020059038244089100204143886076617
106053100226207001005078000234970106
147250125245192182226024000800249606
244199180007193065101101000805064206
047100144058237042073102004436158806
140180208166215019232013088015355017
136053123146202024016001000801616006
197015102164207180012223000805861006
048213155024248240123169000000000001
128087134242207183131192004653286606
218225090096116246215093004433485606
062242126053205149040119000800305106
109026099201199137227017626920423106
070243078224215161079110000800478906
116069050237202029212150004435277706
124247190128205251202087052285340806
137113205250073165173154603160044506
016051194100138091065008004434993406
152001058225251000115140004433974406
249167088058194039040082080002610106
202217215109205219218249572750611106
079121155115198231233013357030002306
223011156115198192205182088012941017
080208041012050062034042177085854406
147162117069073165079094355040044506
047032061113199152012142300002687406
231194171035205218245063270452674317
083183019005073165073165591520044506
044000024175237042073104004431449806
044039165043205219217137000802641706
088046033130205164117219150003623006
212235192243240183147163000802650506
122024154085064005155133004433364106
053105123037198033136227000233557406
047177171245212202218052004433436606
213173139062207180189167000805963906
047168171093237042073092004435537406
047160113040237042073095004434183806
049196119190202024167091000801965106
073027099015237042073103004434796206
021068195090207008085174004434964206
148068187251215167248138423510326806
059252155150198241224169001233120117
134164179107237042073098025150446806
223007030181237042073094004433226606
016012080208237042073099004430991606
047185187116116246215076000805179606
135084107064237042073098000804314606
008074003159192029170002004435868806
208023037213251073189165068872831817
223080223157205211062046000805277906
016012080219237042073098004435355206
149158138246198209176041451120062306
047170140165237042073105004434380806
047034184031237042073102004436175406
058226202246244089100220051564958517
087107212077050065189106279640044506
116247100084212230061010460600905006
064004255129231225123075000533746717
041135145196231225123076000530370517
130150037145231225123080000530433517
135197173243202024006221000801709006
082098119206212171138202097020377506
044198159141215177165039000533952017
210221086024251224005229188733900206
002002132227244038067123004433042306
016012080220237042073096004432127406
247003207036205098030074000800138406
122199007067194042201027004432718606
239213054000194043183205004436067806
042204063195205213189188070084754817
002244089139194207242160004451836306
213176048018202167002161052224714406
233057184157199153102059203926080306
041147021252138091022105004433709706
223007030181237042073097004433923606
116247237227116246215136544760905006
013212204024194038152114000800760506
042055122212073165091044181250044506
208181140212135079171071000804000406
079129115032199224098189603970312806
047100179217237042073094004434320806
041150227114207183093078052224909206
047003086226199208049122093391312206
096189018196205201093121447940008006
152157244218205164117120000805817506
092016233200251224005137335752944217
127168149027193065059045070794998506
047081219017237042073094004432543406
119052241117199169194038478340008006
245063088036202030175173540585595117
124029100251231225123077000534601117
008074003069205217087172004434908006
002137228072212194144064384320002206
073146087136198033104134000532460417
213176048167198231053138004434423906
044208235055135079171167004434756106
218225091067231225123077000535153417
113064003193202029111184170070899906
105129120126199153110089000805407906
016251000237207001165079000000000001
196094249122016045106041000000000001
016249230247207020029042400260148517
122027095134199153104204004433942806
048164099015016238145171000000000001
210030029151199223122215004436114406
204026026134199221119051083565830417
213184192006205251075006052222999106
134249009025116246215076004434279006
128187122210135079171185004431881806
140169207166116246215094004434449406
044056231255207001011217004434785106
086100104039240063113219441800008006
062200248211205218008145000804704406
044026173027244038133045000805095406
030054058146199168158126000000000001
231148132108215163183028000805430606
206089105214199177245245127432795917
239213224183192132028080004432659406
218225091066231225123092000531685917
062206252155244001199058093394141406
021068195092205249003219004435102206
197016122159073165107144649040044506
047109144143237042073104004433722006
044203015243205211031231004434814406
140066195199202024017039004436305806
047033146254237042073094004431571806
044003255107198192214169004435179906
030178011011050253170148000804816606
034255251096205180031125237845144417
213187199225199168157118004430464506
103224084210050065234012621850044506
204183071142193065075082068812682706
053038177139205125103240000254896606
047032234134205055132144004434967006
206111181159212230173215000804206806
097133087114231225123094000530295517
048181013198205166253248000804934506
075065173250139093087219133111008617
047111041154237042073095004432747406
194131023169202118031141027433793006
073027110110237042073102004431629406
116247099154064005155149000803313606
044206199069199153106022000805000206
146075041170202118049161476980312906
247003110196215006143013092120930917
016012080207237042073102004434340406
050075028226202029084113081015067606
148067222062050123052185000535996217
047023167243196092079096000000000001
073024217069237042073093004433582206
110096173009199177241169409596529706
073155112250205239053130004433769806
034120099237231225123077000536203717
044042118176205166055169000802641706
058039172165212195130251455495129617
135079178141215162057118506690044306
223007030181237042073100004431458206
134025023064207012129092522110717917
055229054194215255163163089990149717
226201014154138030202161049410002306
105170167097050065143188592360044506
228065175005251224228010513895266117
148083149245202031173094005142237206
114029092239199153110137542583794406
200162003045073165108013640610044506
044201028016205164190034004435158306
197222188038198253193092419290339706
199048176190251224228010247935298417
030015071107138145203038004432387706
047028053090139096098164004434551306
080053062167202031104083302684568217
093228044090231225123090000532680817
195255025117215004019210033894939106
119142160197205251202064004432688006
047081000167237042073103004430267806
133240162029194017238154358721453017
077052192144205167204207012976418317
016012080217237042073099000805013806
088055050070192029094254523520312806
089179247029205066063008000531517417
140169207210116246215092004434347606
096100183238205251205198004432652206
062209009011192022167016093394513306
047100067038237042073106004434831606
041144197146199224153013321001161817
032097139134205249054044371720002206
100124021229207008083102004435062906
076191092184205164099197073514971417
090051040003205218042237000533337317
002130205146193065007105514133777417
237241138236199153054139000000000001
213175201167199169002022004434204606
072011211072231225123077000531937717
044009163225116246215079004436497006
041150218102205187186221074745310206
047124189159199171105155093395560917
231059048110198254091122401795877106
218225159157064005155101004434176806
034090187234194207240187261350143306
044090247097251215115082004431919506
148162114233215163005165000000000001
044222128170205236224173004435205506
251103139015064005155192000805810106
134211152002205194223164009995103406
101105114179251224032205347382826806
002002132227192132183097004435512906
048167178066215177242186000804647506
237042071048237042073097000800962806
123017205183215007140194004435014106
016212111012205236231188000806147306
239213224176205251206128004430153506
213179055004240235109118052224827406
210004148219215162057047636140044306
097165057197199177255009173641250617
238063217233198033109088452730012317
149042109042192182070148092170930917
030015072243138145203037000000000001
127242060189244003243244004432798706
106170042133199152013194616154523806
047038039194139143183029093392651117
237042071048237042073094000802326406
047124021049198192209090093393258317
050050182178202024006230004431751206
047063038136205219221201000802637106
140169199206064005155134004436233706
197016034234199224147214004435028206
130150037145231225123095000535207417
070112209069207180012223453044473406
041155124043202024006228000071831606
053005071094199135037184141810102517
113111011252199223127128548665305606
008107007128199221126029000803752506
141236059183231225123072000532130817
141204003055202029197050000804478806
143090057115139061080170004456477406
032181035152138075188154059384916206
155061177218251100166226000234414206
141183211166202031095064004435255206
063162175043205211051067000804570206
127198223243192022160239000802670206
007234225066231225123079000535517117
085029094127207001003108068814019517
208070209176138091022105052220974306
063161137044050254095210004430210606
111057099170215161111225568732705417
196093065108231225123090000532799417
055233073154237042073095004432605206
047101025201237042073102004433032406
044001073042215255062232004434767306
140229104121207020019112004435212106
136027083010248200034123470052940806
058020100201199208056166198162124617
076177102205215161087253004435809306
063167129054050255048254004434288906
016012080211237042073099004433873206
103119018193194017228064000223369606
063147052086135079171158004435325406
196043026097231225123075000535334617
047168055252199177255252122015911306
243054190091205167104005004434347506
044094026219194017229018004433769306
223007030181237042073107004431652406
141236063248231225123076000536402217
135079169193135079171145004431749006
102172105169244003007227515376137906
223003055197194038153166450520002506
084126040130073165080211532540044506
149164124024215177154201004432680817
204214170208199223126076308520102817
133094088091251000115141189794565717
152045085017212232142226004435347606
141236063126135079171170000536172217
124101052197135079171146004432783906
202164162172116246215043126410008006
044006155040237042073097004430594806
239213054089205071139022052225610106
197115250019135079171158004431117506
092029093204215167248157124852603617
217242007040199153099173087660194006
007168132007199137232103621451740917
058001025038202024005221059386015006
044068041184237042073098004430990006
074146001012244089055229189344930106
021120110126205212182122004432656406
047171060008135079171185004434189706
008068107014192182224250004434980806
096189132250205218035180004434333706
101100190037212230042118167101792406
034080172094205164099195119390002206
214024031240192030029062372624329117
016098134039205212176179255652667506
044058106209205126032234000805281006
044073214113199152011001000804692506
131092242153199171095094060144918706
059017096130138030252144461440555506
044094166096207183018167004432496406
213176048210205055205141004435670506
125228248209199152002039100864417206
107183214079205236085045420295720617
206118165134205239062170120166049106
047123206127202167000230081113637306
200124200090192182193067088770012317
062212078195199177245245004432745106
218225091066231225123072000533265017
047004093071050122167180004433483106
050075043044194031116070080802427606
086246158228244038134057526510808006
198140020217116246215223592290008006
247003207046192132028060000000000001
053037096145199221114239136445246217
062215236215199168153249004434939806
148003126058116246215074000806231706
223007030181237042073095004430896206
047005063162244158005051004435517906
098115086034073165034145533670044506
156108211212202028024044176021263317
042204053160212064070159060084395017
097132228080231225123093000530554517
085056198192199152000106503210102617
047032110241237042073093004435143406
064092045108050252038020143370002306
130150037145231225123091000533722917
044206014176251100166229000803681306
206110117167205066249060000804831006
137105066186231225123079000536427517
033038140231116246215082004434301906
047038156255205183039097093390144006
237042067054237042073094102640008006
016195252197064005155102000806470206
047028248160207008081007004435050806
047003136000194038091253000224701506
102215010139205126137116497591296717
148137206218251215115082004431495206
016242056115231225123090000534857117
136053123146215177242010000805661106
083079103014116246215008000000000001
016012080232237042073102000802222806
159090048090244038132206391490002206
042204053184198254091123070060810006
249237198042249237198146001795648306
062207024087205194242218080004942106
044026234095237042073096004435861806
213176048254240235108141004434459006
064004255129231225123090000534652017
136053123190192029060179101040308217
206117241109205249006064553312817106
231148130138199136065245004436390306
044020145009198254091153004435203306
112132019046207001170017546820002306
100197083029205236089190004430217006
101235247110194043106045004432638906
197008099022207180015086077772234306
062200062195212227179009004435272206
021091197012116246215070004433701906
062202160041205127099205004433969906
073167155193251215115082004434405906
058123163121212202161204603440102617
070039104125199224145205000000000001
213179055069205187184005052222638706
135214201045205032021241004432991406
119049193093064005155132004436352106
041144237072237042073103000805222806
062200062138237042073095004435905406
148003126058116246215069000803989006
047036245166205138232073004435874606
047081219017237042073104004434710206
210011249077205180084151345192556506
016012080207237042073096004436528406
097132228080231225123077000531864117
104241230221073165054129500240044506
147250114103202167044253000803310606
072011211057231225123078000533511017
226202039164205251202109000800441206
149042099141205187188205092172646117
197043152148237042073093167000008006
008068009245192182139124000805193106
231148131087244157132058004435288206
075065173250139180043208089991331617
044025010095139005155133004434954606
016012080233237042073105004435289406
109210154245198192207061352140909006
134009127030231225123074000533574917
097036125159199204093251100303871417
042094072063202030209189026692759617
249149130142244029048125004434537706
069014109042073165109187107610044506
075091209195237042073106000805546406
016012080222237042073099004435840806
122028053239135079171175004434153906
127107225023231225123093000532680017
200124146153231225123093000535413617
133075204147073165111000503050044506
200124200090192182193067294680012317
197249131077202030064098088885975917
047111131239237042073101004435230206
197016034018212195130180004434767706
047109144143237042073102004430208806
131134146233202031003207001233643717
097085211066215163165108308105018306
127168149027202028245016070795431606
044221144004237042073104004430586006
072011141160231225123073000535798117
141216184215240183051070004435697206
033038140231116246215082004434306506
102169013206215162059075182700044306
047091205237199208059034004432625506
022197107065244248142058000805839006
196043026097231225123080000536104217
149042101045207180012223092170104317
047008152249215177242010004432757506
058249124056138075190043000000000001
104053104126205187184009121934804517
116247053073064005155219004436277506
042094079135240235109102185236411317
151165110207122195111160116800044306
244199225187131115180171380000430706
042207241235139072053034491606054517
047032110241237042073102004434435406
062204122010199171098150000805275106
203084214106073165228052577030044506
047119173029199152008217000806243606
213179055092205127096150004430245606
148137206197251196146149004434927206
137015039137215106052163004433658106
127183004021244212075229000803481206
149053203018199138218125004435008706
213175202235139143180020052225012606
237241130097244038133045004435184706
123188126168251073188066000805329406
076084200057202118042090088886182417
197209039077198192207255430850909006
097163194107139180034162110545563706
203224017136240063113219605000008006
016147136175194086014079004430460206
147088008245199153053006483170163917
152157244219198247227209000804610006
253102008178198193186020001230012317
008075075200205212176221000804928106
133039075194205249006069185292730906
013217227106215255201093000803564906
131210252196194039040077004435502206
249070079098207012130128001230012317
205216158237016229032138580430044306
030182042105194031116070004432666206
088046077106050062045081086142854906
152157244218199137135045000804771106
021084067003116246215081004434682606
206182040104240063113219559790008006
041144093050205032023023004434990206
044000190172237042073098004435898806
141204003138240223113035004435139506
047043220136244127141205004436495906
142215082130212230173063004432062006
223007030181237042073103004430659606
237042093027237042073248000000000001
093123234034202030006130623500688106
085197056075192029094254513050312806
149158127013138075180008004430235006
040244206040138018046127497000002206
142129202213207008087057004434863306
021120110123205212183176004435273606
070249126130202030022235089990899917
021121012210212194043008004436528706
137234065157237042073096343140008006
195130219026073165091214605330044506
044059211126215007246013004431453806
153156131132205180071130435945213106
139202016068016230171046135480008006
047185202182199177248206004433621706
058001105099207009240237000531854217
218225090096116246215086000804212406
050065206036205125076061004455990406
016040071252116246215069004434595906
021084065137116246215058004433915706
243054009039231225123077000532730617
047169075075237042073099004435046206
223239038041252248201042004433565006
245098102003050057210081537300312806
206097149051205184066210580975407706
151246018218212194251166000000000001
131026038159207001174117004456551106
141236062053231225123093000532187317
247003110196212197086144092120930917
218225009207116246215084004434756906
047187239110240223181066004432955706
062217192142205239062170081006049206
125229017022135079171079000530557417
200222118228215176181216000803871206
223003050110244001022026080605006706
208181140212135079171175000806421906
032084064138244038133045302150788006
213175253229205185134066052220271106
127168149027202031025050070765058106
119132120169205251202072004435085206
253102008178244038067131001230012317
213184192016050062034042004435169506
098086074204116247217133000000000001
075091222060237042073094598500008006
079046254138199170078231000000000001
129048010014202024007073000805849806
007030015020207012138117046635293706
044037027243138091022066000805133906
007175215201199224145205635472802406
123081130145205250038114004435950706
119132120170198209135060004435567406
008075075215205166127066004436250706
042094032059205236085045010295720617
126117023166205249010089239153387717
025206234120073165080125335240044506
131000129018194078203172004432748906
063146051199135079171071004430719706
081164136145202030086188009935677006
199180108063240183051070138306388306
064030186237116246215231466960904217
122028054130135079171185004435321306
140180208166244127020060088012649817
063172210172205164099050004433689406
073155112250205180101155004430284206
047034096136237042073101004433420806
075011030163139212123098050026375406
047081231144237042073098004430704206
141236062168231225123077000533577617
136053123146199138218122000805588506
044054075193199153050252004436014206
048167178066202024016067000804559506
113107211026205239062137622236283817
041167162195215176008157000803789606
114242109000205071138250000804917006
049196075230202030214230000800117106
075091210249237042073093004433591406
096019043176205167107229036580365817
226154176178199177083230004435152806
047033096037135079171185004434395006
042093234220202167046207521900688106
084116015120073165069224579210044506
073155098048212202096221004435666806
016032025242215177139184004433862506
076177099136240235108140004433531506
044202017032199168153244040704480817
050084215093207001000068268404929106
044003154192205251202237004435195406
136037243004244067209150283064358717
196093065108231225123081000534799817
073136109206205180122105499655957217
134187200094193065078089000530823417
112081188215199152014239080682664506
030214172228199204119034080805841106
062201014041198247226105004435021606
070045176232202030065098563724925917
100208217209231225123075000531912317
075225042212064005155148000805863206
097008134152205249051081533335080117
062251120101244248213082004434970506
021112097091205151251253004435451206
155193154088205071028210363570143306
207244036000050253170215191634701017
044006122120237042073107004432417406
075091212235237042073098000804948806
206127246250244158005197000800384906
135243069076212194052213004432762006
091194145239199208154176000000000001
147214031163194017013171005874389406
159206183011192029094254004434310906
047033211166199171206034004433539106
074250101244199153047033244264219917
002136131000202118017210004436415706
032171134215212034079040357740002306
047123015178244248042030093395414117
213173027175202167002064052223397406
197016034252205126137053004435327206
148091245182198033051197080815083506
104210017147198254091122514130322617
044030168152192029212111052235238006
247003110196215162036209092170930917
044026153097205126034223004434873006
085134038096073165034183643200044506
116247053167116246215115340740044306
044002105251237042073093004434172806
237042093041237042073106004434308206
103170030202073165073134612680044506
035226227193207020027128203240002206
244014071021244001019238004430305606
238063074219192166170026503140002206
213175253247212195089174052220113906
090054075087199208051072107730102417
113055144120131026013079641190044506
119132120164192029094096004435661506
207080236032016238145131506170044306
113175002229199137226250131350504906
047045155105205032251045040176275306
112178096213215018089244013374565106
047100186136215162050200004432830306
239213054008215255200002052223558006
231148130226192166169190004430922906
044007103049237042073101004432113006
047169209171237042073104004432521806
200174155096202028024230368805902317
213175201165251100143082052223778006
214132246184194100115058209195032117
131190122249139143018199004435026606
005210119111122195111160566400044306
016043038078205211122024000805030806
244014071021240063103151004435216806
047091215088244003240093093390398717
110108219234073165064028528570044506
137067095126207180012205340473070517
075062217254205199051005000804702306
047109074090237042073094004435993406
223007030181237042073095004434816206
047081231144237042073100004430581006
016147136238199208048030004435013006
044068123008237042073097004436302806
210004148212215162059116494190044306
044069151198207022045085004434583206
016036124255064005155210004433548106
002136187178219092051205004435169906
062196127252205098232204004433645606
237042090148237042073102605600008006
200124200090192182193067140830012317
058010108081194039043166037245759306
049196070034016233082188000220008006
237042118016237042073105000804820606
101003044254240063115086208953449917
076177103217244205226185052223443206
077201228175205180014195559656084317
021137022206116246215095000806037206
202217215109205184041036572750188006
044002161222237042073094004430899806
197143138162194102242092004433920306
076084085018205125180182092120930917
047028138149199168152226004434807306
002048047049212030146127000000000001
047081091076237042073102000802652806
197011062091135079171104004431955106
140169199136064005155139004433373806
213173043249205183039148004435505006
237241143113199169214033004431113806
016251022004198192035232000000000001
099140221106116247217133000000000001
210013122221198209185095594442676517
044003153154135079171071004431023406
140169207157116246215085004433784606
238041210113205238230053004456094306
130234064207116246215092004433590006
044026234095237042073099004430299006
218225036211064005155134004434617006
243054196226050121229050004434364506
097132101087205166127066000805893106
197030218087205139168121000000000001
044002105251237042073092004432257406
044005191028135079171142000805789106
223007030181237042073092004432272806
044007016245237042073104004430541806
231148133155194039043003004436280406
016212238126050255049114004432633006
203024174235205098029246517932889417
062202143243135079171198000803580506
232188027044205218158090004433541306
064030127123116246215087000000000001
016036124160064005155193004433789506
238041035108202030208156004435728506
047034166168050255048254004431401606
016012094083237042073100081812500206
047028134229251100165218004434132306
108253105140240063017189269412277817
091125254118073165172206582920044506
063160129203192167127105004435579106
016012080227237042073099000805831006
044031020121199224099214004432535806
245059251004244003024109534400143306
062239094013205219223044004431122806
149042101045207001008036092170930917
073027199013237042073107004434125206
070214217119138146063253409752985006
103077157173198032196152608810008106
135084107064237042073101000802829406
203018111116202030075157563386100417
096100073131198247229168557611929806
047109177040237042073101004433966406
137121069143073165228217500760044506
249158180110116246215076004435032906
076177103239199169012173052225609206
194222196185202030130244167621281717
075010084096135079171185000805875106
119136137148192182090197004434854506
044023089053135079171104000801548006
047036057179231225123093000530883117
075091212217237042073100004434365606
062201012208215022057063090813953806
218225159161064005155102004433717606
053192093121050065212076625940044506
050067246231202031067034099994715806
055254154140205250094153121640002306
142215081146205199063110589742441117
129205011200064005155148000805878006
223239037084138030198088004435127606
021120124168205126033103004434711006
124045169145135079171158000805171106
047169086024135079171158004433562706
057184217039202026030060001614876806
238204099219212195030224000805177806
231148132091050123053225004435235106
131092242168205180045136004655683006
197172050017207012138117532825381106
096079128053215255200123152360002306
053055065107215177138246449981090017
008074003059215176008218004432784606
044085112255205166253248004435829206
076084236255139093083065080701104206
062247021110212227179066041004755817
062242129159205164097081004433951706
048039050108192182239148626176018717
070050024005215161047243000534576717
141204003055202024016173000800272906
016012080219237042073107004434162206
048105231244207000067229288350104117
237042071034237042073095000802758006
136053123146202028002078000803367606
130150037145231225123090000531915817
154195161124202030151040564245585117
151198129011240235016232646850190017
091127056203073165080191623790044506
218225037016116246215087004434514006
074231108221205212181001305940102717
072044180045073165054124400100044506
044062144189199177084118004432863906
041146215126116246215075004436181206
080205169172202029089122303313276017
218225090034116246215087004435750706
063146181106212227179009000804335506
196045051030205098225230514135000806
121102114080251108225067530840338906
047111131237237042073093004431873206
140242147057064005155133094823786906
157130192027138091018175431930808006
016012080234237042073105004432798006
044002014134237042073101004434322406
053193027093131026048099634090044506
047038101050205194245065093393189406
131051241093202030023071088015880617
141183211149199169223159000804980306
063175231215205126034214240104843217
059222125145207180012079052085967117
218225090099064005155210000804251606
213176048140199168152106052225090406
148083149019202031125065005140150006
044069144230198193185026004435664206
053034030073139093087219599891008617
155016225255139061080170004456261706
044210060034135079171128004430597906
021120110038205212225023004435449706
030015074154138145203037000000000001
136131011064050065196148645480044506
016196006168116246215153388400905006
218225237182116246215023000804489606
208020198246244158083125414580976417
097039079072205211054241572380339106
124085080227194115213194088882182517
105142024057251224032197354703649317
101191193131116246215095004435557306
002136178219252248027066080883719006
016049112172116246215087004436461106
124045100202244038192221376733344817
047081024140237042073102004431950606
119046101194202031162191099984589906
147164237251202031094228004435453206
063166140253205219220195004432845706
123188126107192029209214000804753206
139116066160215161105124261025480517
048163252113205167130002517484981006
047051249211240223037058093393784417
109028165050207001005195491275529617
141236059005231225123091000532666417
237241130105202024007001004435694706
135154083114064005155201004435711906
135243072017205218030139000803500706
197113104016244205079093004433424406
062209130074244038132196004435244206
237042118032237042073104004431679406
146107156166198240075220004432689506
133237192110073165105195000860044506
140169207158116246215087004435389906
237042071042237042073092004435119606
075091209200237042073104004430500406
152200233196192182097022004435242206
114225080037050065234167508170044506
044000048038139010250113195320044306
238063074219192166174020470340002206
135084107064237042073097000805003006
249237058089139061160140000000000050
237042071035237042073098004432170406
068110042086212232224034111361146817
129094083162073165172166632570044506
237042071047237042073248020010200117
112159119131192022167203226604916017
048166059183205212176159000805665506
134073254017231225123093000534305917
148083149210202030179228005140292906
197030218144138145203037000000000001
044022084197207001131146004432554406
226154057172198255179098530710008006
124045135085231225123081000535377917
016012080218237042073099004434804206
138053067173231225123092000535266217
119132120170199152068139004432631606
062198118118131115160077010034069006
223007030181237042073096004433137206
099017230047205249004129068815222006
097210140046199153105131491782112106
131134146233202030085059001234403817
116086068189138154105125004434987806
140076018207205032022208004435023206
211228148195240223014061633015165206
197014024210073165073172606750044506
253102008178192031069223001230012317
123188126243205164099243004435158206
047011168210199153058085004434920206
078182214216205239095069090893772217
237241146012202024017086004433211706
209154015123205200149026095302933317
079001015014050123168021513950102717
016012080233237042073103004430474406
032234102058205183043064000254281406
213184192002251190082084052225423806
002002132220212197209023004435110106
016049112237064005155192004434588306
016212025129135079171142004435462206
015043163108205236089190000803926906
243054028212207020019136000805636306
047168186061237042073095004435459806
197143138162205126037195004435398406
062226044227212230063244004434739906
062211105174194114125249004434013506
202217215109212171137156572750644006
101185214218205032024094403381452017
196092076132116246215086004436163306
044007243054116246215069004434438706
070243079058202030212220000804761606
213179051175138091017250052225035806
133233033077207012134080089996380417
146017019058231225123094000533446517
044030142210244029048172004435648506
047186215057244212230230004435455306
197210124091199136067118529303988006
251103139043064005155135004435504206
044086220045205195211079004430700006
224134233062207183133078004434918206
087121001092207012131001148345848417
044205176060205066158143004435157506
204098169186237042073102004433614806
002002132227050056145002004435009106
044002162192199171104076004434775806
208067116094205200173065000000000001
131208002242215006173242614560160817
086037019127050065234015527230044506
213175253234240235109089052223300406
016012080209237042073102004431892006
112096067220205166255078510553725106
050079061060251196144199439760038917
088088012234016229032072000000000001
103218079250116247217133000000000001
140075251127231225123077000532363217
044017138240135079171128004433217806
047091229173198192203069000805801206
124210154255244038133045004430155706
073026208156139128098174000805212106
135243069171139072053034004435373606
044202153201116246215084004434762206
044027170124237042073101004433556406
062211137028116246215084004434269406
070235052003202030099146389030688117
151198129011205249044202323890190017
245251114193202024006255000800551506
016012080227237042073095000805969006
141183211149202028205069000804363606
073155112248192167239055004433883406
049252046225207022027203000803121606
136227068188192166168096609490002206
097233116224215160157123456823164506
089188211157212194187157255496154717
047168103175237042073099004431221406
241255101125139093091100223650002506
196085159181131026013109541150044506
127168132018202031017091004435829006
239213054089205218072114004434383206
197151170175194043182001000803056106
044002108016198192205173004433625306
044028226078212195084205004432628306
136227068188192166169165521960002206
223045209136135079171198004434119206
213184192023212227179009004433310106
054146019149050062046165040202710617
086106107168205185134078000805787206
101136237166205219154220004456240806
210061102046215177154201004435431117
075091213015237042073105000801362206
062205035202135079171145004435018006
096009190195073165108034533100044506
197090112204135079171145004433223906
063160200042240235109045004431894506
047168103175237042073105004431088806
044084138221199136069244000805884806
210030029151251224032205004435995306
096069208042202031037138405005032117
197052013103192167126208000253651106
100202255180138147091152000801954106
041147029139205239053158004433636106
133212180218050122231189538736284117
016012094100237042073097044440550206
016007210096193065013138000222373106
218225159013064005155102004434828006
106006141089199153056215584620208206
044215036147198247252207004435324206
213175253246240235109089052225135306
027229042235205098232222407041531117
047028149045194207240052004433390806
062193186244212230042095004432718606
044055088079198231049105004436184606
201001214182192135211024050035746017
047033066165237042073099004435458806
016215208159237042073097000802479006
213173033200192132000185052222800706
202217215109199152064098572755111006
105035206142231225123077000536308417
062255210240237042073095004431573406
197202027121215177155140004435270506
133124134142202028064234089995628306
070101203164202024005167608906043017
213173043238244205130043052223777706
044044191000138152126186110002649006
016012080226237042073106004434657006
133220059091138056035086000000000001
044026009006237042073100004435212006
218225090099064005155210000803393906
062199082095116246215079004435875106
084127154052050065249093641240044506
158043078158138152126178169493020917
139169064229116246215092004435170006
202217215109205125070106572755777706
135084107093237042073103000803537206
016036124186116246215122000805829206
223045056025205239062133549724176717
044000007086205187184126004435955906
044071024164237042073101004434458606
196095128075064005155239526601164017
113181108042244127157143417276483906
047038156255240183051070093395194706
044087149169199224108023018832710506
040244206040138030254069538380002206
044003214238237042073101004432596206
016012080214237042073093004434626006
076084179115212194186021080645022306
109205237119240063114123424880141217
044205014163205212227149000804900506
063174237039215163203199004430944406
044016207029215007140194081060600117
042055052032205113246205128210899917
047036153007207001009042004433645106
121152077235231225123073000531031117
213173027183205099158078004431582206
047101246214237042073092004435865806
044011054219215162051042004434842106
213187193227244067235022004432647706
223007030183199204121178004434363506
129048033243244089149057092170930917
213179055023205213189181004434967706
088211170050202027123054607180002206
122027135182192022161041080005100617
034108090061205098239253317410808006
034120099239231225123080000536348117
062205145019116246215070004435090106
048164138025205219222009000536207217
073024212066205166058059004431985206
223005166134198231073164587685341317
127242060178244029243194004435011506
016190105236064005155182004434059206
074146145193251190163139608912464306
047101025201237042073107004431062806
213176048089215177176071004435391006
239213054007202167002161052223012106
064031252148116246215182645320905006
030003040065251000115140000000000001
030015085203138145203037000000000001
245212234060193065087085004434542706
096071077124205211043037547950688106
107079205012217010239155461160514917
073155112254212030199041004435675606
075011030163139212123098457031500106
016227153240116246215075004433883506
213173027188244248165093052226364106
100208217209231225123080000530873317
080200007242202031036067560534902106
119132120180251224032205000805886406
136151110106199153062226000801311006
044199237011116246215076000805288406
111041025184251224229122120681148917
244199180007202030065131000804974306
007236109088116246215243536550904217
154044160019215005008165194416390606
044018205085240223029005000805709806
044089091038237042073097000000000001
097133085108016045106041000000000001
076177099144212227179002004435031006
044068040039237042073107004436125006
197143138162198220156138004436471406
044004247143237042073092004432154406
130077202007116246215070004435358406
253102008178194017012240001230012317
122007216001205239062133021186327706
158051010115199136084200043795556106
044037086107244158005052004434372306
119132120164198255176220004431365406
036223184098199171206242060520808006
044084080019251190010105000805686806
044055232166212171083209004434715206
210022242067205212233123562585080206
072013098076198253220163046740012317
110063044180198247229142654190105617
136053123191205216097167101954509317
021091197012116246215070004436264506
213176048118207001129237052224431806
126016022195199177255195553405709717
129217221213205126037147000805664506
157202008207198253220163321720012317
044006122120237042073098004431186206
008075075159199153096053004435789506
125020145195064005155139004435728506
122016151097199152010025004432732906
197016034000207012134150004430153106
131252134104199177255194000804032606
196093065108231225123081000534840217
050075028226202028214077081014938606
007234225066231225123077000531470117
119132120171205212176051004432630706
201205052218073165069225406960044506
140242146114116246215087094825376606
076177099131192132001001004430367506
062211126071205219220022004432707106
021098062000064005155132004434535506
033236230128116246215084094825792706
124101052211135079171152004432352906
127101028217215177242182544982759317
213173043245207022044051004432749206
129117087084192182151171000254478606
197155091173202024007006000803864206
058226202246244089100220051564980817
062241149227212195125025004430302006
204133007072202024005122645925350506
131210219147202024006096004434367306
047169132095139219136169004432762806
030170086241207020027127270324724217
114242108220205184039079000804918206
223007030181237042073099004432667006
008074003110199169214026000803901006
111162097146207012135224068895032117
103168026058073165059080624610044506
027136153123202030187048037246301206
044218116053202024005024000801943306
206245253093199169214033004432502306
197016034018212195130180004434767806
047004232229219092213034004436363106
201192186239202030078219128254733517
016013243073240183007110020050120017
002076223188205239062137279924246217
034232158137064005155158000806068206
196043026097231225123080000532733117
213175253218138091020233004434111806
044072238032215255201195004435999406
141236062120231225123093000534091517
016214098033205219222015004432657606
075029050243244003006029000804716206
195011060237073165073144565380044506
213179055007205187186221004433473306
128214231021202030006105000000000001
007232071059116246215156398800904317
159026248249199135037191580860044506
044007218050237042073102000800936606
194187210001202030162027332895784617
107215015253215167248068587801993717
228209057122205032024129004436328906
032006071102244038204221075915600606
131021132178064005155181000803865006
027136163062202029045254004435275806
089093235142205071020216556692254806
077226133245215027187202228842645417
044003205117116246215093004436249706
047100068026237042073097004430807606
213175201169205251202108052224018806
202217215109205112118107572754888806
248199037074202027022155270790012317
047034147207205127097081004432680406
238063074219192166174023503700002206
016237093220116246215082004433521506
100124020139139128098172004433242506
196093065108231225123079000530624017
073165118193198255170234004455021106
064004255129231225123073000531398517
237233201173198033143058000804796106
208191255203116246215087000803481206
236025128046205249063025000804963406
030015074163138145203037000000000001
143232076048207012136240000802825506
129048124038215018244002581024187717
074146142011202030080087502493232317
032191132039215177165018004432626706
213176048000244067235004004434577006
206163133099205194213049581160312806
137107091146073165108216642660044506
044007182046199208059180004435867806
077151144011073165089064559300044506
218225090003116246215071004436183306
220000193012139180032249440742732206
197061251091202030144118000805598806
127043088164139212118162218160005317
213176048219205127098157004435581206
082157014210199153102059535556419106
223007030181237042073092004436260606
239197004086215013075193071725297706
047028013151215163112217004434748106
157130192030193065122201466620312806
248199107125202024016246000803533206
149042101045131115056224092120930917
140184245164116246215082004435094906
148083149183202118050189005141481706
047176245120198222247239081140102417
218225091066231225123095000533627317
253102008178212232224021001235331717
044000024175237042073105004434862206
044212129121244157168169052232801706
197015102164207020027127000805064406
059170032131251108225222202684050017
016192214022205211056075004435597006
047012077147205251202064004434613806
044001245000237042073107004433454406
126052081166205184040103320050879206
088232179085194115201195021980880917
062213188132198222247178004434293706
021084065149064005155218004433620406
213173043255205166049005004431193906
015121144139205184032120651791966206
007173166217139130004219068820184717
044021178226215162048186004434454606
015076235055202031186106648574778306
198140042047116246215223543930008006
062209014111138152125118093395738717
041167138164194031041250004434466006
070243079058199169001149000802681806
196115250150116246215120004434357906
112081188215244038195045080684923406
094014229045199177243231454260002306
062242127204199171206227004433797906
251103139035064005155066004435536206
135214201048205239062153004435224806
047008181033237042073102000000000001
124142109083199152106245000254071306
223080223157205211062046000805278006
213176048236205164190018052224591506
102059048200205239062170230854990506
044027170124237042073102004432532606
044031063214050057213167004432873906
211253220172194031033031521121167817
044037015230244020059072004433996306
062200101139237042073096000805167206
146127217156244089100220051564951217
047101186138215163201046004434202006
063161251057205186046083004434881606
147162000131050123083102004654660306
063164187099198192203069072754670206
223007030181237042073098004435098606
044000133249237042073099004431240806
136053112115205236237178000803984906
213176048223050254095210052222024306
131066071012231225123091000531125517
041144225102205239062157004433761306
040216212111122195111160018560044306
237042118037237042073100228820008006
210004157118251224088154004436397806
044021182125212230172233004434446106
131190122252139143018199004430477206
236146146229139212124082000535753617
047032110241237042073104004434175406
002002132232202030210171004433957606
047063092145116246215082004433764306
044206162237199168226024004433911506
154025066201205138176063501003710317
147088234210050065214119564100044506
112077009013199169202100409590252917
030015085211205139168121000000000001
227110019242205180013085129113881606
196040118195244020056037515480905006
100240200023199152112040361805732317
134164178091237042073106004433949006
030147082002199169214059496701355817
140169199206064005155134004433381906
132222120153240183146161031020808017
044006226094237042073105004435766606
062196183193205032021211000803591306
016036124157064005155230004435417306
152230007156215161044141051953613706
077022112105207001051113546563725106
053162181130194038145242280315414017
119046101194202030179044099984748106
253102008178215162049063001230012317
016002065098205098232174004436400206
113111205099139180034162490873327617
016041182158212194042189004430316906
016195143015231225123094000532133217
208070209181244158083125052225209206
076177102195131115010072052223622006
158207070125193065075131395042020717
044021013055116246215076000805656206
105197163132194114091045514135115017
243054196139212194146194000804129706
127254177229135079171164000530408017
135243069107215006172162004430135206
213173033216205251202096004432672206
016012080214237042073104004431417206
113049208166205113194110602472050206
218225090099116246215086004435268506
044004112121237042073102004434047206
113108119194251190074029000234776106
044048110156207001003131034796211717
044006155040237042073107004432716806
135084107093237042073099000800586406
079001015095202031055203552425913917
223007030183215162057212004435018606
030015072211138145203037000000000001
044001001217064005155175004434496606
097132071162116246215093004435133906
136053096056192029095215100250928317
044009190200199171104068004435100406
032243075234212202218079563696493106
078167019193198033105218545150005317
155068124023192182250234000230351806
103240064219135079171207004430210306
044039242168192167125072004436227206
048160172250240063114060519540008006
148074155144205251205198270176040317
147159022247202118201103043250002306
062242213018215167112218000802598206
070016019018050065170040477770044506
131003116161205180139218004435301906
097226064048207012136191566555032117
016012080235237042073096004431060606
044011218249199171104068004436208906
044004112121237042073097004434836606
218225159023064005155245004433302306
048164206124205035001136088416002006
239213224181199168153189004435122406
219122166028205098239114514136468917
148083148054193065087238000535339517
127254156218205180106238000254399906
016012080222237042073099004432770206
106220187018199223126076615894956306
237241128216205139168121000000000001
216098152196064005155148000805773006
044003061204116246215082004433803706
070243078228212230042118000805029706
223007030181237042073093004430292006
070197010157215007143187000000000001
153039112164198254091153199916088006
110038052187199171099193030740307417
047110064126205032018186000805105406
044002114207237042073100004430718406
041147041232205184032098004430495406
196093065108231225123076000535758117
044022237179116246215120004434755006
044214034023205071047255004433446306
126199180073215019149245321166384117
195175109002199137231134225130103517
047184173096198247228042000804696206
217166051016016198230169499830044306
047124077103251190074029081165832506
070109091073073165109017578530044506
015043163117205211062102000806330406
093210002076073165173067615410044506
127043088045202118036201164300008006
140169207157116246215071004434566406
021202243243116246215121004435549106
044005005211215163164237004432666206
073027217212237042073104004431328206
044039128183215018163189004430386606
103229102084231225123094000534822817
047028162240207023229192004435444206
213176048238212195084201052224291406
075091212231237042073099000804252606
084255136031251100096032413650143306
034175070150073165065177529660044506
213175253203240235109089000805409706
034175102242073165111240615930044506
153071177220199152015182004432387906
002002132227212197209023004435153006
223139227152135079171185000800328806
044090247096205236237226004435108306
213173027170244248167186052225048306
044027144165237042073102004431697806
131188254013251224032194000535817617
237042071032237042073098004432393806
228202120167138030200047004434967806
056047129138064005155190004434774106
074230178096194043105030603354240206
073171192226205212182117004435366306
048166059156205194221235004433471006
196043026097231225123090000530311217
047190169100205126137127004432631206
122058139248199153050205000000000050
237042093046237042073100000802595406
048166070169194100119143286224411806
088046086229215167248089086321762606
047123172000138152126165093396041117
044072164111244038192200004432625306
076084085018205250244146092120930917
208070209168194043191034052225862706
047110181203237042073099004433591006
193130130241205113203114092170930917
213179055111205066247240052225740706
064004255129231225123093000530189817
101246165087073165064052636360044506
124101052194135079171198004432223906
021120111005207022026079004435173206
075011026105207180188225004435520106
063162124183138091022105004432662806
157130192027212197179211431950808006
213173027179205200149026052225665906
208178086224205213185182000805857506
016036124184064005155230004434349206
047048012249205055130204081144216917
213173033203205139035042052225465506
075026139054202030121142537551575317
044000201196237042073107004434913406
231148132165205219217137000802635606
218225162137199136085066004435162206
073155112254199169214219004433528106
149042109042215019233023092170930917
119136137220212195128204004432236706
048154001085205250090170004436071006
109120165006073165034241625040044506
062196047072237042073102000803732406
131031159091240235017070004435065006
223007030181237042073095004435770206
206157040185207183018203004433620706
243054196213205250088196000800585706
044054132120212034245095004434741606
119128011095231225123094000533130517
063160124196205099154131004433742906
138141063133202030164090010261817217
099140193246116247217133000000000001
244199180007193065102069000806445206
097133087114231225123079000535011517
070043121003198192204180507390002106
133092042236073165064125514770044506
235233021022050062034042266500528617
223007030181237042073105004433520806
047109144143237042073107004435657406
116118046061016233089210000000000001
110169255012212232237246146043485317
047081199054244038133045004435988406
075091212214237042073104256980044306
013216254108207183081249004434995006
084113041115207012138232010244784717
239213192230116246215083004435127906
042088144180192029184127640005892906
223007030181237042073100004434593006
122199012192192030023072021875007006
223010192238215177242038000805018006
049216202147199171090167068810102417
050075040195131248146174011945617317
237042071048237042073106004434448606
047119177027116246215068004434323206
231148130140215167248138004436373006
070058056166212230173063004432629506
196014049171231225123078000534076917
140169199212064005155201004435889106
146242044027202118035010591750808006
135211169116244205242116004434957506
113141199071231225123095000535958017
016195143031231225123080000533814117
044020112202199171104087000804951306
249146116165064005155245004435289506
063163225037219092051205004430154206
057184217037202028057026001610881206
079045040122073165228242536600044506
063167050192064005155235004433280306
030214172187192182178147004434985806
140169207157116246215085004434843406
141186045158064005155201004435776806
062205196134237042073103004431578006
127168149027193065050066070794921606
047011174045237042073095004433048606
047109074090237042073097004430724206
213184192016244248165126052224571406
213173043234139143181009004432704306
136053123146212197254239000800577106
085129107132073165059164543940044506
200198108252205249003219000802696906
210018047250202024006063000800888506
149042101045192030220233092121033317
073155112254199204101157004432714806
044025079037237042073097004433009206
021120124167207022024194004434955206
050084201034205033005181152254915506
075199060089198193180210000804610106
072011211052231225123080000531653617
062196102009237042073098004434326206
063162198213207001001221004433568006
044002161222237042073103004432901606
048180188132205071023025000805536006
016012080209237042073092004435837006
218225090016116246215087004435528206
231148132059207183083066004435446506
036218220230244127141129129010808006
151198129011205249043017323890190017
016012080235237042073101000800261206
159089146105194041046019648160808006
213187199247131115011249004435725806
047001141076251215115082004431495306
070243079058202024006085000805176906
220253116081016230108211444860044306
143232087225198247241196004434858206
075091213020237042073095004434252606
218225159013064005155245004434224006
080210034218192182087135010351308717
048181106054016230168186635480008006
101160237152205236157176153780190017
251103156004116246215218019355948806
119046068062193065085090093005062506
042092189102192182220113495555591717
196014049129231225123094000532302117
103238092240073165108038549930044506
210052147084202028052098000224250006
103229102043192030029005004435528506
008074106097205125068213435944988306
196014049171231225123092000535891917
196040118221064005155102370340905006
107033183185205217245101346353856606
213175201160207001186130000800228006
078169122205050065234195279310044506
213173142219135079171142004432676706
062247021110205250089102040105875817
131134146233202028150145001233864417
070048059038199169201198000804920006
124247185161205251202072004434045717
084224224249205032030205436633257317
044060112092244212230245004436085706
067071112201205126032070545485524117
007234225066231225123092000532529017
098138202249116247217133000000000001
050084201149205251202012294684580306
140065118211064005155245004433552906
047186253131199137235246004433486006
125206040188064005155134004433446806
075091211155237042073096000802605406
100208038211116246215086004435567406
083140026148205200173065000000000001
106134118092192022167203121074916017
076177099136212195089178052224459606
016195143025231225123094000533169717
035005252152073165069127213530044506
237042067030237042073100004436111806
075010177249202029139040611925138117
196115242011064005155055366010950006
102011210071244038133045217700404706
239213054004215176003250052222809406
044001001217064005155175004434498806
214012056175073165107021563800044506
062239222078198254091157004430505206
152001058160205113196205004435518406
032106246129202030022235582840899917
231148131013205127141072004436080106
237042064233237042073106410460044306
047100067038237042073094004433389606
218225236073064005155210004434140706
047034214121237042073093004432374006
090059142168205218244149070033296306
223047225084199224155225004435149106
080215173123122195111160440770044306
218225196048064005155134000803729506
056021221130212232224038004432717506
063173024134205219220195004432833606
122013122213198247227172004433755906
100197003245202024007007004435298506
223007030181237042073092004435523406
083208064147073165081164031870044506
218225236113116246215092004435837906
131010148255192030071243005875734406
089141193036202029238084549404926206
109028165050207001005195602035529606
042052028057073165064007521700044506
096244147200205126037192010245773817
015043163115138152125149000804449106
111199203062192022167048087665120917
047183026095248200252010004435421206
016215208159237042073101000806233206
123188126245212064071080004433963606
148091245159202030081115004436277806
070056104212193226248255000000000001
108127159084215161111225572932086906
196177090162205032021104004433756506
044025090193205126032072004435734906
047024026080215106044206351156400917
044063167212205032017210004434054806
047113011130212195125024087650163617
062192208146212195089174010015631906
047033146254237042073095004436170806
206163133099251224230219581160312806
044207240149199169002109004433299406
016012080214237042073102004433647806
015079002134073165079011531320044506
143238249247198243181183004436203306
122144057075205148017045082924530006
104160174088231225123076000530176917
239004034157202029226018004435227406
206163133099199153105165581160312806
131142032145251224088146621390150706
201162252069251224004088068813568617
047033026131135079171198004434476906
030015071086138145203037000000000001
122143159112198247224048001100416606
098143044095198255180242000805782306
047122162075205126033101093394100606
238063254254194031039185537340058706
034186094136135079171092611160044506
206111251194244001169249000533688717
193253252148116246215026320650008006
197155091173199204127161004432687506
135207187091199153050204000535603517
113105086106215255201248000233619106
121208006168244003007245557790899906
213187199246215176003048004430286906
044023054214199222143138004433590006
032135211184199169214029633164227617
057184217042212171136247001616140806
076177103220205139035106004434047006
062240090165194102254164004435779806
139047186220231225123072000532777517
047111122036237042073102004435428606
195162020171202029146134089995066117
245098079031016228002001331260812306
157130128144202024016180000802035206
249070079099199152014231001232209817
081034162021205239048141004455990906
205143242040016229027041470630044306
087253175094016233091077000000000001
239213192230116246215073004433703406
197143138162205164190034004435024006
204096127004215167114013004435084106
047100122012237042073101004432711606
223003174028194078251127080805730506
025206145250050065249028647210044506
100197034182199177245242004432631906
124041134098116247217234000000000001
062204191225212230042089004435028806
075247165185116246215244371930148517
239213054014131115011249052220300006
016012080230237042073092000801257606
070105194082251224116046500125397306
102033018131198209152169452964050017
002136131000202118017210004436416406
149158111124205250090098088976083906
223007030181237042073094004433226406
063161053120212034245095004434872406
005019179039122195111160384140044306
002136099082251224032205000805332206
149042099141199153110163092170930917
244199224088205139085042000805147506
044025147151212195068050000805182006
096253013097205251200174004434950706
140169207166116246215092004435607106
086173021130212171149174072330338906
075091211159237042073103000800513406
047081231144237042073094004433558406
044000007196237042073096004431426806
025013203217205187185217351680891017
016215208159237042073105000806482806
030015068059205218074045004434287606
074107208165205180052082161112014306
143011220112116246215015000805250806
016012080216237042073095004435639806
096065245171207012143020107261281517
253102008178205203241068001230012317
058109097221251224032205153770581817
098067081212199136088086253950758817
197090136250244205009050000805095306
213176048133131115182033004434882406
119132120170205251202072004433977506
016012080194237042073096000804850806
131184042150240183051070001230004117
202217215109194115202216572753999906
062199244008198253205132004434632806
047063079131199152010024509202849406
116246197147205098239105529960905006
097132228080231225123081000534335117
218225236112064005155210004435194506
093022195085212171082154514135152406
197115078063205251200120004434861206
112081188215215006142185080682633506
075000118031205218244149000804739006
195021029064192029095201153605869517
047049207200050254095178004435081806
101167074102073165091179247400044506
075091209225237042073106000803237206
055233073003237042073097000000000001
194182061228205035078210429730105017
141236062191237042073106000533642917
050074119126231225123077000534987317
070032085113205217166144588150002206
053050227084073165079122501150044506
148083148051193065042026001230012317
076177099142215163102147004435042106
075164198102198253200189004432757006
152003011250139010250151485180005317
044089088119237042073095000000000001
036210236197139061093183557520002306
044058231250207183017005004435719606
116247053167116246215102465460044306
072011018190205236095130004434087106
213176048160050122167218052223301606
206126108203199177241169000806308806
021091199204116246215070004433677506
136156008066073165069199539820044506
245061225049198247228194491106150806
200253001232205218042237000534759617
231148133033199152014237004432273606
049089161197199169012057099975396806
047110173187198192214196004435274906
109195228007205251200174628800102917
053207187227131026048145598250044506
096161131029202024005058004451912706
124044067215251073162224232806548917
136151110106199153062226000800764406
140242176140116246215122004435060606
073027217212237042073093004434377806
223003051092202030112218369100812906
105004185054116246215075118914148306
041149159087202030065158099983782606
239213054013205216100083004433508606
218225205098064005155132004434857906
204053086078231225123077000530555617
075202202010139113197062000000000001
133043106061202028201134613884000417
124045100202219092207082376253344217
096189198224199169194038381540008006
044005076192237042073102004434808606
100222202186251073188242609396516606
044025052213237042073093004434902606
064071202201205219155013547300008106
237241146012202024017086004433379906
063175189236064005155209004436485306
109247000255251224032205246082837717
220253116081016230108211446260044306
253102008178205166122146001233844817
032065235008231225123079000531235917
203025162068205186006056554540044506
063164150187199153103023004435150006
005217030196199208061189566205438506
062241003118205251202012004435457906
142073049132194017239253131180038917
152060035190116246215087000000000001
202217215109205071044169572755888006
247003134093202028152070004435562506
044008077238205251206035000802919806
047170185117237042073104000801783206
086106052001193065086210250004760306
218225090099116246215086000806316606
206157040179205112188097004431740306
131208002241205071020124614565027517
213173038245205164190034052224621806
016195143025231225123090000530774617
223239026122205249181188004435133806
129253162185215013113087529890638906
075062217254205219152013000803985506
134164179074237042073094025156231006
016043038163116246215220383880008006
129068046129215162114179248610600017
195129121135207020027127270320878617
044000133249237042073105004434797806
057184217043251108008211001612956306
196177088234050254094252004432644306
047101064034237042073099004432094806
070055179114073165111211565450044506
213173014168244248205123004432430106
218225090140116246215019000804281006
062255044172198222247229000803369906
198140007065116246215027353840044306
112078144100207008082059622791671717
044068040242237042073103004433224406
021120125176244212048173004435460506
112182043203205218015055004435365806
044039004103251073163136004431180906
140065118193064005155245004434896806
129177126076199224103201004433152106
148094206199192030029244000253340506
126060001059231225123074000533620917
062205038099198231050050004435552506
021068196217207001013094004435963806
213179055093215004235239004434751906
206163132008138146063241463360338806
044003214238237042073098004435707206
047123025074244248213082093394835117
054167003177116246215012000000000001
044008111084116246215068004434827506
100232206158192030065180000000000001
073027151207237042073102004431472806
100255035243199169022142219496072806
008254242188231225123072000532064517
047049222157192132094024093392756406
097065159180122195111160013140044306
130004046202192030034075000253365506
141236180164205218025003000805515806
237038004209139010250151397470005317
086106131109205035005006080803161606
042064022189073165108108025200044506
047160006230207001011192004434121506
063175189236064005155209004434810406
044003127078237042073106004430422006
053104119130193065050114004456452906
135003062237205164099210100012233017
140066195199202028070237004434085906
062224185044205070213216004435846706
150000110159192031067063245770190017
077180108082215177176058001105102906
096189099128202024016166000000000001
080202025220199204084059651656312617
159119067089016188024024506080002306
206155026068202030209173185001338217
237241146012202028186246004435039106
103229090004199168153056000806521906
210011210145205164118209626243249906
196054246141194207240033004433344906
075009003081199177251097004435109506
195113038118215013073009283952393017
153039112251205201185007199924923306
213173038231212227179002004435471906
113205152193244157049236068814594317
081126132070202030099010522855432517
237042071022237042073107004435624206
047034184031237042073098004435097606
197155091172244248074101004433606306
232188027044194086007186000805866006
016012080232237042073094000801856806
223003085117199169195068011944649317
131058204210199135034047085764714906
062208129255116246215094000804963506
044212096095207183095041052234183106
047123136223244001196166093390817406
002193069053202030145004514135707706
013217220047199171108245055114477017
123188126243212064144218000800326006
089030089181240063115006072730367217
251103139035064005155107004435348206
086106052001193065086210250004759806
088100028144199169214062004433744606
119132120174138075191030004434996906
044027105057237042073106004435533606
044214034023205199051005004435744306
210030029220212196048209000805144906
213175195112244022096172052223521206
109166043210192030018051343665218917
030015074083138145203037000000000001
116086068189207020022160004433310806
135084107064237042073096000801811806
047109077232251100165013004435756206
007068191190073165054028612610044506
109050012042248200033193004432647606
213175202245205139035162004434516806
142079205164135079171128000804408406
223007030181237042073102004433705806
213187199233244205136118004430186706
047100067038237042073092004435419206
248200194060199177255003627714279117
032074093166194041043247495341698806
218225091066231225123072000533076917
047039010147198254090130093394395306
098018186086205239062153204960102417
069226051140202167077093000802941706
073146047109205180215252000533843717
044068255125237042073094004436406006
135084107064237042073094000803910406
058095233213215167251081476830002306
047186180086116246215070004434239306
066139251019207012141040004432670806
196115057079064005155181004433899606
118182073056244157133118030743188717
034120099239231225123075000533629217
062198077080212230037155000800740206
197143138162138056034157004435280206
107101112204237042073102000803729206
002193102227050121229061572434343617
047011074112237042073105004432447006
204073139045231225123076000532418317
044001110112237042073094004435087806
073024225211237042073094004431433006
048165037068050122107031039995112917
148085199057231225123080000000000001
044006157000237042073101004433118806
231148133201205218156034004435007006
015073203165073165109155644950044506
218225091066231225123073000535624517
124090000045244127158223004435174906
143089160213205125124077004434661406
044199239228202028193140004435227206
106215144157205166255086004655310106
073138248089199153111101000805545006
044222002079194017238191004435229606
044022093045116246215084004434949606
206091050060244158139225394090104117
057184217043202026126118001611681506
044002237020237042073094004431994806
044200235184215019149194004433827706
222081102075139093084078011945090406
103113107024202029102020000805442806
200124200090192182193067568310012317
070220245171050065234055586430044506
107046232090199169223196566590002306
197043153080237042073102030760044306
062242002045237042073101000803228606
218225205122064005155200004434773006
137113064126073165091172638800044506
238063111203205236089190000805237606
021120124171139093090226004435222506
098172227221205126032071555612903406
206109052161205249062001355902753206
105038103004215019068250004435168006
042090135181215163164237000000000001
212143024179116246215243604130904317
063174208039199224110061004435186106
050051064067202028026208503664525106
141183211149202029053231004435852506
047090142173205218013216004433384206
202217215109199204106015572750411106
044222128218237042073099000803673006
131000232124050120061121080965489206
044039165043199137229232004435858206
047033146254237042073095004433297006
036223184098205098239253271830808006
044005105069064005155209004433662006
239213054025244031008003052226537306
040219222077207183151219017634368306
137252179232073165228249505800044506
217166051016116246215038577480044306
044000083182237042073093004435129606
044000024175237042073097004433694006
047100068026237042073104004432614006
124244090226231225123090000532267317
244199180007193065040069000804505206
044006252250064005155209004435929306
148067220032199153099086000535749617
243054196133215167248197004434072506
237241130111138145203037000000000001
016147137151251224118145000802824906
100124163034050122228221004434848906
044068050068237042073097004433821006
213179055092244022242180052224699706
097132228080231225123073000534578817
091177248076192182193067147020012317
070243078228251196218162000803118206
070227210023139061191080004432624206
050075028226202028247136081010151706
062199098040205239062099000805491606
123188126243050062114230004436523306
224134210235251215113218004431134906
208178091070205071137155170004967306
062250222173194038095204545620005317
218225196096116246215093004435672506
087062241185202024016137004431125606
005234230030207020253213143956360706
021120109091138056075218004435335706
104254004248073165081031520090044506
155038086103138152125013000804231406
114042076170199224221141567165034706
135084107064237042073107000805263206
131184003015231225123075000531170617
098028246117050065250168532900044506
196085027036215167248153174544904817
153190242153199168152226010913949517
057184217043202025037006001615198506
049196070034016233089142000220008006
080201163172192182177204141581256317
108075177068205180027153327632204417
008069236093244158083125000802671306
129117087008192030004237597860005317
048180136105252248025120434720012317
148067222062205167107229000536390117
062194058225237042073098004432426606
075062217224205164112018000800895806
080205077065198255185126369250693117
062209128118251108156219000801765106
119132120173244038205135004433965906
047100054199205236238205004433962806
248138141038192166232207001235790317
070032085113205184076071588150002206
135108087122116246215022118913697706
140072052045202028234108004434929006
044023141017192022160221004434472506
197061200186139143037112000000000001
207198111227215177154198307145797906
016012080225237042073103004434886406
124210159117199169001210004434979406
213176048025205112190247004435351306
080215114246122195111160430330044306
098021157081116247217133000000000001
074231118077199177248208491603031817
108021067019193065017154249951060817
196154009237205230156108080002633106
021120124194199169217234004435867606
114091154037199152122177260022959706
073155112250212064082250004435372706
016012080213237042073100000802022406
192044165083050253169183492161275617
044072199058237042073104004433164806
047168186061237042073102004430528806
044025168013237042073099004436208406
087223076200215018089179543212657617
093047217184116246215076004433611306
129044113212050065189231650840044506
022211141037212195071205004434240506
134164178107237042073100000800363606
249149130217116246215094004435670106
044084068185135079171142004434181806
044035245178231225123075000533117217
072011141010231225123094000534551417
041150227116194043180197052224933206
231128055195194086000042579860548006
041150227098205251202071004434371806
096189159243212230172148000803780606
048166069230050250223209080804001006
194059065237205249053052360873830517
053079147041205126032066106315095617
213187199227205139035237004432745006
063147236084199153096070004432737406
047090143152138071026125004436022606
197052136029199152083124558270008106
033218167246231225123118533625001217
239213060009212227179009004433571806
078169071149205219218041015751917617
141186047188050253159045004433408706
044007208032237042073101004434167406
025197024248199169220096010462722717
218225090024116246215074000806239806
237241130077199177245245004432870206
131151065185199192040127000534295117
021112097091205071021031004436227406
032135215089192132030066518680307417
044084100227138147091240004432831806
032023162010215163180066505104529017
114116227109215007246013080003679406
047109144143237042073097004435526206
125096070022199208153210068810688117
149158098051212171148100004433144406
146213250015050253202079004435328106
044025168013237042073098004434279406
148019228068199169012173004433096306
062199082095116246215070004433686906
080207151149251190163116225680108517
122022107133207008087057004430215506
044018077204194017229109016265197106
032171105033202029191159099983560506
077069026197073165173016558750044506
101081106085192030124032004432646606
140169207211116246215087004435539906
033241125155116246215075004433854506
076177103217205213189178052225097506
106178013128073165108048444020044506
150239052140198247238220000802725806
008072209240205148030158004430242106
090242218066073165073246541440044506
021091197012116246215077004434465706
141236063018231225123072000534259217
086108163254199224098189625050312806
113130115075244205008090503212597417
064005212164116247217215644160905006
239213060005138091023085052222673106
080204123215199208056166386632124617
073155112248192166232207004436071306
114242104032138056076236000802706306
213187199247205251202071052225206606
016012080212237042073101000804859806
194187210001202031155250332895702117
218225013198064005155139118915083906
113013196000199169220153646105005806
253102008178198193187107001230012317
062207146110205239048153004434691606
109210154012205070208190444880824906
110101180248205218244149514135150917
221082247052207183157130004432857106
047033066165237042073104004431465606
208181063048192030029048004455024906
213176048157207183092124004435475006
211247240057199170237173068816178817
136053196156131026048134651830044506
055233058034205249058184531476542617
047169190106207022045110004432240006
044024248059237042073101004433036606
197222188038199171097247548890338906
047186006250199224103178004433491206
100197034182202024017165004435709206
030214173035199137227017000802585806
231120120239135079171145004432384206
213179055064194043191034052222892806
070028006124199137137216619480002206
085070057100202028189238050492426517
218225091066231225123078000531522917
047169075075237042073103004434400406
246083096097073165108005552390044506
233130099127240183051040618814778317
197097071095202030214037004431551106
213179055024212202219116004436007006
044072199058237042073098004433588406
213175201189212034245177004435784006
215167200011244248024143190481487517
197113078103205249010089420683387717
213179055066050056130221004433956706
218225009199064005155234004434080506
016003076165194102251049654696020217
070248153161202028026134540182148717
075091210254237042073095004435274206
044026121187237042073092004432348606
008072209240202024007199004434821606
237042067060237042073105000803103406
126032043038244038194227004432726606
070243078216207180048009000805532506
030054086185207180015129547250456906
044066054220116246215221000000000001
096189132250205236237054004430159106
140200069052116246215082094825153906
047107169252199153097219052233498106
218225091066231225123079000531776617
044002217229237042073097004430485806
125096142066215177154201004433099506
197143138162207183095071004430366606
044203084173198231049105004435095506
062206019150205239062186000805546406
123188126168215167248173004430157106
062245204133237042073106004431157006
213184192005244031011015004430164406
218225159248116246215103378270044306
062210019000205236228201004436178806
062226241244205164190058004434752006
213176048167251190083176004434091306
135243027104240235109089052224251906
096065170144199223123197172430124017
106222115221199153054042490450103117
032049079031205113193043000803162106
092018244084050123066195235496252717
104013225207231225123092000534742017
034080172090194017237076234970002206
223007030181237042073093004434137206
044051151013199177248241004432719306
130004046202192182012096000253898506
152157244219205125077072082454354406
108124119069202024166205525012755417
198140109072116246215223625140008006
062209016255205218008153093393635317
246050166048199153098102044435522606
116116100118251108224001085835001406
073164070223215161044148095005788417
044002177031205055128122004433382106
091029116105215106208101451860002206
085023095074073165228076629490044506
047049205230215163115082004432744906
105204008069199169197049219982834417
049196096156193065011026004432743206
231023054051240063017178000000000050
213175202209215013083050004434946406
002019043159199169214086142255155117
044037022084135079171207004433095406
247003065126215177109245004432743306
202217215109192182044083572753666006
073027151207237042073101004434934206
131134146233202031044095001233647817
100239202202138071031230158010002306
044004098210237042073095004435893606
007234225066231225123076000531920317
049152193243205239062149004435201106
044087039121205217247097004435032806
034064247172192167239169070012844306
243054190091215167248146004435874406
016050197203116246215022378290005317
033245008083116246215095118915079406
123188126106138152126233004435782906
016202245111138091084040000805171206
074225235127198247228194249391169517
231120120239135079171207004432130906
141199230179192182234227000806209406
197033197058205125076201000000000050
197143138162050249205072004435339706
016242056115231225123077000533711317
033228141002194017237098004434960406
016226083173064005155181004434834206
131003106130202024016097059761388106
047001018222050253157078004435761206
044002014134237042073098004435793606
030015085239205139168121000000000001
036218193188240063100051555360002206
148092183114198229104124027034875706
213187199253205139035254004434615306
048180136105252248025120240790012317
213173038224205251200098004435425306
030214173058205202229081004435241806
197043152176237042073099004434519206
047004004200116246215077004435322206
057184217043205236245144001612241606
131134146233202028160120001235729117
197043153085237042073093000803601206
030015091113205151251147034785650617
114087061103205216065124000800167406
230203206000231225123091000531994817
213176048071131115009207052225540306
096189201108202024167032004430337106
044000133249237042073104004433104806
218225237184116246215036000805697606
016098134090244038204221255652715406
047100179217237042073097004436036006
239213060020244001198242004435172006
044033141166198240074239004435461106
048166059183194017229143000803279006
140169207158116246215087004433877806
086251081247220021119250000230356206
047100067038237042073102004436225406
047012196204198231053138004435489206
105210111004198247243077000535162017
238204218038202030017236000804703206
114056031047231225123072000531057017
135243072017199171109113000804207006
044023048236199137234143090014663706
058198086010199137227018100261470117
131134146233205113202241001234039517
021114180052205126032236004435720306
135084107064237042073099000800270006
213179055101194043177078004433835506
044072199058237042073094004430260206
110122242111198033136227000234264306
073155112254215106209099004436002106
044009255244212197210107004432634106
064030115132244020056038528640905006
220021199085122195111160436660044306
213187199249205166056009004433314406
119046101194202031149177099984823906
213173027111207023144002004434245506
099218109067073165064137619060044506
016061141081116246215049000805598606
213176048210192031160092052224476206
150243019196192182150151000255787306
067005222202116246215161000000000001
058121102216205218157149537050651917
135210009099205071032134070424944606
047028248160050254094248004435825006
218225236252116246215092000805840506
044072244215212227179002000804814006
044020046034205139035178004435950306
114242104157205218030008000805517806
101036153208202024005159531773368317
152001058101192182186160004432956206
213175202142205139032230004433621006
047037137229212230042093093392721317
049249103255205194242074376193931417
075066106112193065006213004435177106
070032085113205238171231588150002206
062207074055215255060215004435949006
073155112250205230082242004434089706
070243079058240223215108000804508106
223007030181237042073098004435971806
136120114248202031159023004435431606
062205196134237042073093004434279006
134134130179237042073102004432038406
223007030181237042073107004434521006
062213066205139005144234090016152506
044214034023205199050005004433800006
195222040238193065001198000806078006
131000130084193065095010004435361806
224115233227240183051070000804713406
013217231223205250089114004435901106
044222224236212230042095004434605206
202217215109050253156063000000000001
062248035035050062034042004435027306
076191125006205032022113000802693706
253102008178199223097155001230012317
042039131052205139169073480030808006
196092076191116246215069000804100306
249114062039116246215084004436190806
047027068147215013072176093390743117
223003156047064005155064004435675306
249146116047064005155245004433804006
044057008076199153103081004432695806
044009170200205250088247004435153206
101160237152205071028051153780190017
073171192226193107085129000804327506
049224016141073165228231578860044506
036090085131073165080215615470044506
193129236149064005155099418230008006
044001136159064005155229004434059406
075091209192237042073094004434793606
022194213104116246215094004435542306
194187210001202031007170332894117117
074250100059215027088161093060930617
047110160103237042073102004433677206
062193039124199208051217004435093206
128058083168194043146045000533685517
079121155115199137231230395730002306
231148133117202030100028000805251506
042157172208116246215085541890005317
025189232090215167248068391230420706
213187199237202167000007052223539606
218225196114116246215074000805039206
149140044184064005155230004435031706
055254174209192029210024068812502017
149140045099116246215081004434392906
047169175164237042073099004432611606
016012080212237042073095000804086806
003144073184199177082125004435038206
097085238086207180012223036583941217
073138248089199223125150000802634006
098078122056219092051184347960714717
063163079024251196071061004435867806
073026208156198231050150004434629606
109195013220205249010141645595181017
223007030181237042073095004434926006
131190122018139143018216004432002006
140065118211064005155209000804916406
016012080208237042073095004431897406
104255195197212194041172019194038217
210005097148139096098160000805468306
062238103228212034246019004435384406
210244068122215019149253357260718617
223007030181237042073093004431319606
047045155105251073161202040172849906
097133082094231225123072000530692317
139241180226192182053227005873540306
217242123249199153105054088804896306
062211126071194114125249004430293706
072011141010231225123093000533861117
070080092057073165105059613090044506
035216142066244158005052580516334117
044039082228131115160069004432748006
117064146248215027184232068812750706
213176048252207022045036052225467506
210030029151205203250202004433472906
197064127178199169202100216594905706
044027081128237042073101004434386806
123104254166212197179133228382961417
119060010019244157132105630450312806
047028208200205183035059004435441406
073024239137135079171185004430677506
197061129192192030105225092120930917
247003110196194031028172092124991617
062245209014244038133045004432023506
044030113092138152126173004434165606
141183211081202118020194004435967906
148097182246205139035069000804360506
104160174088231225123076000533362817
032124076097198247229020025020002306
223003068069202030172037031116117306
044222083091064005155150000804188206
073027032126205251202002004435083806
047081091076237042073107000801265406
070243078228199153097023000804917906
103240064219135079171175004433020106
196092076159116246215069000804701106
197109216211237042073107000805700806
047049005019212195089178093391228406
042088169083202024017112391584467317
062241060151205236103252000802026306
016195143015231225123090000532000717
200163176177050065188244313020044506
206019124226205098234026030616172517
131174242045237042073105004432131606
208191226190138091022086004434158006
103105010219205200031217279364831517
240083212022192182051060005873906106
131003246189198192041129004434917306
041055229242192029093153221320044306
141236058126231225123075000536286717
044002253081198231050050004435846906
206247248226192182158246004435512306
124101052210135079171187004435480106
075230124150192132001171004435029006
098138179011212195132003170256036706
218252026231202030053147004435426706
097132228080231225123090000530982617
140169207147116246215087004433345506
237241130097202031125017004435117306
131210219147205218244149004430545506
037073184049198247250241366490002306
135238147118205127001070080804940106
197243038144199136068098600000012206
091173074076202028083127024120002306
073137245073202028052177000806429406
093119054206212194042121547160899906
100124021214212232021005004433077406
116086068180199224156213009932628606
044037017006116246215084004434621106
044085150012205251202072004436108706
156245189123207008082059164560103317
249158180126116246215084004435481006
076084019224202030113207377900307417
021120053057194114090178004435313106
101081106099215018244002004434501706
204124074102205218244149046983264017
226169173083205032026091004435213706
213175202204215163100084052225073006
062199077217131115162033004434950506
203027026048122195111160286630044306
083191247026138075176138068812557417
200137191077064005155201000803759906
146252234053244089149057623455686006
135084107093237042073094000800870606
042053127026073165034239267230044506
104243182242199168233108000805090406
044222021156237042073095004431202406
044091091074237042073098000805851406
073024160110192031126092004430214506
123188126105205071019055004430420006
134164178106237042073103203980008006
033239237031205126126211004430227406
062208062196198254092061004433399906
206089105137199137227109165403187217
041133116238240183048041000800005317
075062217254207180012160000804833606
237038004216139010250151384590005317
047038016058199137231132093395785917
076115138003138152126186533614958706
223007030181237042073097004432063806
044003061204116246215084004436518006
135238165195205249005161004430407106
135084107093237042073095000802626406
047030237249205138232176004435957806
113175087035199223126180619550109517
218225091066231225123078000536384017
213176048213194043181206004433863806
135072013244199153110034431354938806
016242056210199171089114000536101317
021120125253199224149005004430793706
227092248222231225123080000533615217
096182183154116247217133000000000001
044068040242237042073093004433939606
119046068062202030188112093005341706
062254178032199137227029004430669106
223007030181237042073099004434369206
199215069165240183051070308664944317
113012233055205113194110494472050217
137181043099050123171147000800188506
200016042215202024007117004435063106
044010236140198192214167004435640106
044024116039237042073093004433282806
148068184009192030061054000805678006
130150037145231225123093000533965617
100128095161205249054228352440002306
131134146233202028204090001235022517
127254158068192167123063000255730306
197014024210073165073172607120044506
149042109042192030222086092170930917
044073132087131115160069000805105806
075091209195237042073097004431654206
149016108056205126033101004435122006
016228206047064005155183000803381406
218225090099064005155210004435540606
196013196222199170235109004433989406
002120212067199153108018000805067406
016012080228237042073095004435791206
016035131115138091072052004435138306
099208107092212171042090024010190517
037166157200194043101122107870002306
021068197203199152008017004432842806
137163177210073165080102584140044506
042180104024212195028084119270688117
008072209240212195128205004436105106
123188110232116246215070000804602906
062213035004237042073096000802067406
127242060234207020028171004434157706
037162229247192182186075622240930617
047081000167237042073097004431297206
153173191110215027214044000804919206
021120111082199169205213004434934506
103245145203139061080223363263678917
062226033196205195119247004435552806
213175201169192133027022004434424206
094014230224198253203037270325641306
213187251107116246215092000803536606
075009003081199177251097004435109606
044056109009198222247128004432646606
131190122023139143018216004433491606
131184001166135079171202000532712917
042204060041205218156066070084521417
044068209045244248141253004435241306
228079218253205113245002004433096206
016012080229237042073096004433663406
080201250049202030254056274655917317
223080026062212194089253000805027106
147202253096194017013016000254316006
044027170124237042073093004432003806
076177103199199169026075004434478806
016012080215237042073094000802996406
238020106186194042205078004435329906
047033146254237042073097004432679806
016195143024231225123080000530677517
078167019193198033105218227740005317
195125255168215018246212134176405206
248176087012064005155234004434775006
066139251019199152015186004432526306
075225035161064005155193000805742006
076177103213199168159192004430269806
047111122036237042073098004431317406
030193143156212195084214131006305106
123190098116205148026065018535277417
254116211058205166045064092170930917
218225159171116246215120004435934106
135243069076205167107229004433594006
044031249185248200034147004433715606
223080046177135079171176000532845017
079208168218202024005041587674625717
112122204120215004019210033895111806
149158111009139093080014000805033606
228209111145205249048218000804926906
237042071038237042073103004434337606
103240064219135079171128004433133206
075062217198205236085068004436033506
103173169171198193188208000805485406
047038143196131115180162093395479006
049106022240138145205071332660044506
152084155111199153050204000535554417
141204003055202024006250000804310906
231148133059198209156214004435750806
213175202233198231053138004431385906
044210078071212197033144004435186606
213176048118244248167053052224294106
223007030181237042073103004432423806
228209116130207001013216071725024106
123188126214215177242038004435488006
016206189194207001132216467200905006
056021221138199224149004004435551106
110098117220199153107037339900688117
131210135121231225123093000533137817
070047149101194078209043269763620517
213184192019240235108139000802633206
047090200137244158083125004433686706
044030252112212171083065004436006706
108105237254244003007245324300899917
245098018073202029200218092100910117
047081176182205149040119000800529106
131190120054139143018199004431747606
075063079095193065006202004434204306
148083148054205203000034000536257417
228202120167202024166169000802362806
044076240147205127141165000815770406
208191009142212232184144004433887806
085054062207244038204221000000000017
245098056077207001173101004432644006
128087134242192030102061004655768306
103221214001199138218125128761719106
130150037145231225123080000535655917
197109216211237042073107000805348606
021120125188205212182117004436095006
044073103042205055201232004433823906
021091196016116246215070004435038606
119132120173194115211034004435298006
237241128206205139168121000000000001
136151113169205151251253004435858306
140043061061199224149178004435046906
055233073160237042073100004434782806
239213192230116246215073004433321306
033038140231116246215082004434285306
223007030181237042073100004436062406
137114125013138147089032000804310206
210018047249202024006087000803944406
100222213247212195084201519006272706
141183195240116246215034118916385406
084123117194073165228002496980044506
044062069217205113216251004434586906
103099101199073165111046648630044506
148047042197116246215083004435923206
073137241110202030127210000805615406
141186045158064005155201004435769606
047109074090237042073101004433214206
119046101194202024166245099983729906
079045009042050065214000547100044506
124101052200135079171175004431151206
032130198247202030067109405005349717
213179055083205187244234052225248206
237042071032237042073104004433115406
213173014180138091027036052223840206
197109216211237042073107000804958206
213173033204240235108140004435518706
076177103219050062034042004435066906
016012080206237042073101004435404806
213179055117212230182140052225260306
047091013190215160157157000802819106
044025190174207001188005000803779806
135069248051205113254189000803390206
239213054022212227179105052224336406
074144104114193065091205000235644106
214151154206244158005053578991645017
218225090017116246215087004436031306
104098136120244031075061089992676817
238020106089064005155228004436309106
016012080229237042073094004430459206
253102008178202030148179001234534217
240085143164193065070237000256304106
047033113158207012129092004432925006
085133121166073165065082594910044506
102174125073073165228025579140044306
239213224161240235108141004435161706
122048066026135079171104000801790306
047119131177205032024129004436324206
243054196143251000115140004434168506
044006064020207001174138000803950006
133212189208138152125061320632048017
208191041067205055204252000804960306
047100122012237042073102004434489806
109210154245198192207210354010909006
040244221208199177246214477210002206
239213054011212195084101004435713206
016012080233237042073100000805084406
127242060214198209176069004434992006
075165067003194086013152000804156706
119132120180050123066166004435448306
075029136044198192035230118914512206
112105072213198193130094602564224617
008072209240202031173026004435054906
203123124019205125127041369155805217
103193216100212195130200127623150217
047168103175237042073102004433436006
131134146233212194052088001235614817
013217107094205216101114004435990906
113134219250073165228182631260044506
022194213104116246215076004435748706
103229103016231225123074000534155017
130192161194050065170003631330044506
204088224129192132030066030740307417
251103139063064005155210004433279306
047084229098237042073101000803150806
213175253242205251202137052225359906
047111131233237042073094004431001406
197155091173244248167237004432912406
213173014180240235109089052223574006
135243027105138091022002052224952606
133212152039205218157013152660102417
016003076028212195130077650755854717
021120126061207022028249004434996506
243054081014231225123081000534728017
213175253213205139035254052224632906
213179055083244205130042004435306506
074226017111205218013139503210103617
047012109160237042073100004436039006
044068047245237042073105004434537406
044026234095237042073097004432103806
044022069105139130005193000804274706
044001009033237042073100004436277006
213173038232131115180171004434615206
194015114207244038132152528530330606
249145147219135079171198004435932806
048167188057251190082050004434573806
124101052210135079171132004431294706
213176048018215163100126004435486506
090212110068207012133115424990002206
047119188021116246215068004434620006
100208217209231225123077000532715517
057029215237205217248042234140102417
135219031209252248147068004434962606
130004046202205180108170000253376006
007068167124212232088061400985869117
073146005182205180214223004435018006
223012237037199221119051333925830417
097133087114231225123090000534589117
204202189123207020027073525002083317
062212001053205239062133004434108306
146213250018198247237002004433602706
213176048000212227179058052223996506
124029251183205125121171005875215606
100197036136244089082069004433311506
242029219077135079171167004434798706
062205196134237042073106004435836806
204096127022198223189219004434435906
231148130012212171017039004435394306
016012086154237042073101044432799606
073027151207237042073101004435898406
080045020250202024004164189441672917
013156180176212030170072004432885506
016012080215237042073099004433202006
058226202245244089100220051564993617
021120096196205212182125004432807306
141183211149215167114013000801357806
047100054199199137227027004432318506
007232182173139136058073000000000001
047008247153237042073096000000000001
070243078216050123138142000000000001
047177073014131115160069052234423906
057184217039192022162210001610479906
223007030181237042073097004432688206
149140044177064005155231000805706006
196115231140116246215092004433654806
044001001217064005155183004434294806
130004046202207001049013000255808306
047011160052237042073103004433720206
119132120158138056034157004435280606
237241139072138145203037000000000001
138119142127212171081080482320143306
125228248212205249011136100862646706
231128055195199221112149579860548406
237042071043237042073248020010200117
146230062102205212224015601112644906
213175253241244031011047052224904606
139169064229116246215092004435171206
075063079095193065006202004434139106
047114170027202024017197080901824906
049090173193202118035010572750808006
131176096158212202218185004435688706
007239235054116246215082004435684906
119132120180215106210230004435094006
016043039200116246215074000804235806
044010056200215018244002090015021906
084241040113192132068202225604988717
062208129255116246215076000806256306
233119078234198253207132159280002306
197043153106237042073092004434030206
044061178166205139035162000805102906
044008098240138091020126004436033306
101018233026207012129086066723039617
021068197206205071047235004432241906
131001129220215161105085083606328306
016012086149237042073098044433286806
097133087114231225123072000530148917
073027040006237042073098004431825206
124029251100139218240123004655814106
033228141049212171245130004434276406
070049107165251215148159000802697706
250193073163194102243153018200808017
133221027094073165110019526420044506
223003066139198254091153000803445806
016049112217116246215079004436076906
070047115094202028116104645274984706
114079028005198033105217000536463417
197152136247205212182178077776338506
197202025100202031160194004436461006
062209001096205199060178004435991406
135084107064237042073095000802364006
044001097030135079171158004433121106
030015071108050123065240004435170306
223010192225251100097202000800311206
223007030181237042073105004433573406
062196168171199224155227000805426306
114242110235205249055152263504778317
231128055195207020025237579860549506
041194062029198032014193186750002206
149164124059215177155130004434906206
237042093040237042073094004432775806
152157244219212195132003000803952006
136053123146202028020012000804967706
047109173158237042073097004434690006
155165016193205184035163142784584606
062204134017215255219098004435114606
195001117109212194187157414376154717
237042093035237042073094000804231806
153071177216199169195096004436439506
130180197013205216066184334650103017
149042099141192029095208092173039617
213179055122212227179066004434284106
141183211149202024005122000803285906
239213224185205066245181004435014506
134164179074237042073092025156445406
047124087221205055205182093394049017
063164070082205236237157004431981006
073027151207237042073106004433912006
153216046202205251205198111115723717
129093196178135079171142000801197506
055226249194073165064146599370044506
130150037145231225123080000533742417
063162124183251224004061004434078806
113160101052198193179219110030677017
147157187165215004019210033896159306
223007030181237042073097004432693406
213003218213050123066178468681889517
008069239058205250093229000803860106
134164179074237042073105025151350606
155192209043198255181022593840002206
013159211012192167233250004432957206
030015085247205139168121000000000001
122139039250207180012010004434475706
049046234223073165228025050530044306
050239082071244248165126533970102517
062229084070199171099143004436271606
030146147227205251205198517100102406
114245215186212195128205388014251606
109030054061205239062025434065304717
231148132015205149042243004430238106
062229034054205071047132004435713306
119132120165205148018034004433929106
075091211157237042073096000805076606
044004189082237042073104004432083606
203212245037207008189248407915474706
129090144128205066043130004435766506
227003192033240183007175082606002306
206048207188215013072176271104995417
047005112148202118038189000804973106
245062012099202030189132514130104317
143238250212240183051070004435378206
197027032230244248167053000803803006
148073085144064005155189000804705806
136053123146202024007000000801292006
202217215109199153043013572750844006
104048213247205187184009269133276806
044084086233199177082225004432805806
073155112254205212231213004434652706
030015088088138145203037000000000001
044002105251237042073098004430906406
076084179115252248203201080645098206
075062217198192135131013004435939006
231120120239135079171142004436079406
002136251045193065086021004435294806
083066152142198247250046004456350606
047011174045237042073103004431602006
070243078228240183051087000805033406
213176048255244212230125052224281806
200217218118198255185047000234511906
099141148220244020056039341990148517
197249131076138152125221492782842806
244200013172139072053034000802804506
125016175025116246215045118914195606
196154009237192029095216080000925306
088162004094202031143030311685313017
114116227109215007246013080003674006
044004247143237042073100004431528806
235199220032244029049067562793484917
108043053024202024017117004435966406
237241135120199153054139000000000001
103221004190138152126074234004915406
148137206218205164099200004435051206
141218041217212064068209004435293506
021120125186215018244002004434969606
141236062042231225123093000533232217
213173027105205055201232052224640306
244200013172139072053034000802853606
253102008178205166254086001234254517
231148131124205186003204004432956106
124242046172199136065109190830005317
072011250203205098227178000804540506
047100122012237042073106004430804606
202217215109192182126117572750577706
021091196016116246215077004435687006
016195253241116246215122004433747306
047112113240212194052225087654460317
239073159011220021119250000230486806
113177229111199137227109408483190717
062194058225237042073101004431874406
237042064224237042073105004434306406
073027243107192029190155004430184506
002002130255215163175060004435742306
002002132220202024005129004435485906
146119205144205249058183000805014306
050090037231251100096071330842335517
025134231032199171109184010372442517
049097072145205139222212566960008206
047025067198135079171145004434922406
044094249087207001174149004433972206
199245167098199152014036602413037517
243054196152199137135175004434249806
204073061033199223125150455603745306
218225162181116246215156354460904317
063173136059116246215092000806041506
079121155115198247224163548710002306
030214173024251224088133004432729006
047100122012237042073096004433176206
057184217041138165019037001615829806
221197096168251224032197004435351506
049156090241202030088151197340688117
008075075174193241061111004435126406
044060234054116246215076000806340506
208070209183050254095245004434951506
062252171217207183080037004430875806
213175253243205127099147052225665006
209114231040138091029162533674217117
075091210205237042073095347000044306
141236063238231225123072000531195317
130146030028207180053046270320102417
050237022207244089083195594046337506
085062152035198241224200199830113517
237042093029237042073106004431592406
213187202230192029209202004436104006
202217215109240223013226572750455006
135084107064237042073096000804455006
079011210023194017229141000805461506
044025250041237042073107004434486206
131184042151240183051070001230004117
044016103008135079171142004434579906
056021221155198193179217004435775106
218225091066231225123093000530919317
044001073042198231050150004433410006
088089085089139218240252021700808006
076181133245199137227023174330286317
208070209184240235109089052222644306
127043090136138145203037000000000001
044008002107207001131073004435153606
207117254228064005155111283070008006
080129252146198247242006000000000001
042204053233205187246226070082012617
213175202197205211030099004433629406
054106023025207020018220268440106217
083108005139122195111160636770044306
113107135017244212229038068810158917
103125075153244003005017524355877017
070243078228202029061227000805009906
105129120127212230042077000802739306
147000004231193232168141023974469017
213175253242244001199058052222636006
127168149027202030113106070795010106
016036124186116246215122000805901606
062254252202207001174149004432795406
070243079058244038194234000802625306
218252045132139212124060004433751006
036218200065198255181186292850002206
203099144163192133087116000533806917
016042000075205211122070004435269406
244200097154202024004189000800104406
197255126226016233088060359380044506
016195143024231225123080000532393717
218225090094116246215071004436032806
231148131186138091027054004436279206
243054196215205239048152004435895706
047100179217237042073100004433915806
047119020233215007246013055025304617
047011183161207001007171004434649006
131151065185231225123077000534683017
206146022125139180035106004434735606
058138068224205184047208204835032117
129189019178231225123074000536500017
016195253241116246215122004433735706
135243072096199224110070000806086606
062241215150135079171175004431401706
141236059116231225123081000535807117
244199180007202024166094000802673606
044027167065064005155209004435948206
121149058199219092207095331821296517
050075028226193065086210081016083606
013213072015116246215087004433948206
044024116039237042073100004436068206
049073168012192030069111000254461406
197143138162215027091067004433645006
047185187116116246215076000805104606
062225050166199153097049004435749806
135084107093237042073107000803100806
239213054069050062034042004436012006
047109173158237042073097004435210606
044001121174215013112221004433458806
197155091167215162059203004433991506
213173027107138091020046052223914506
047160007097212227179066004430424106
096039014052073165054222418990044506
102088066163050056157236068810688117
053157155178194042201154150970307417
129117087084192030074211000254068006
013216124139199152011094242002676517
062212057244199208052028004434807406
073165095089199224155227004456248006
044002114207237042073102004434787206
244057146215202024166246004432518206
075091211148237042073101395020008006
081045175109212064070177018630186317
197209039077198192207020421730909006
047098031234231225123095000531600517
200162032222073165108134613490044506
008075075200205126033100004434649606
213173043248205187184009052224900406
062198036118064005155229004434548106
141204003055251190011114000803771106
231128055195199153033085579860550006
237042067019237042073097179120008006
047111041154237042073101004433385806
114076206085240223214210000250342606
202217215109215027214042572750755506
136053110207212195069119000804673306
050070218071205164099061004436127606
021120096193205071036076004435479406
081170023085073165108226531520044506
080203092046202031132068543122487417
206157043065205139033154004433923306
193253141242116246215026499390008006
044002217229237042073096004433170806
197043152169237042073248020010200117
097132101059205166127066000805893206
103240064219135079171185004432601506
243054159001207020255001000800860706
047100160013205194242129004432458906
074231017150193065063109523362017917
075091213015237042073106004433927406
099141148210205211122024407800148517
062194119127215177154219004433596106
062197064083116246215082004434106306
237241146052138145203037000000000001
136227068188192166172035472700002206
131058204210199135037222086665111006
214134090145212227179178423390002306
091194124012244248042018592373844506
047063052066050254095245000804922706
047124062146215161113214093391411206
044007243054116246215085004435056506
124050093144193241060137004435217406
237042065009237042073097314460008006
218225090019064005155132004436537906
002157051189205066245181456423728017
236208130001199135037184595820102517
044056126168215163115082004434191006
047185117018131115180078004436071606
127043094140205217070080352730002506
016012080226237042073097004433184806
249146105164064005155245004435780706
030214173073205055130078000802971206
105150095190205032024094339431444317
218225090016116246215092004436210406
242037250063198229185139597850044306
206157043068215019073108004435402006
075091222085237042073097299860008006
101033207253205127140068068892773417
062249122238205216101112000805087506
047062092060244031072029004435050206
248126189115016229032072000000000001
090059142168205126138138070024327306
016195143026231225123090000532404717
237241146012220245006097004436393306
197124121040199169214136068812557117
223007030182205216065209004435060106
047108167236116246215080004433814206
062212047093215160157217081023749106
016012090104237042073105152860008006
044000007196237042073105004434662206
227110011019194043119145000805711106
213173027180215163007125004435223106
113182070225215163101212125320220106
062205145019116246215079004435339706
062205030183207008085229525840055506
041144006215237042073093000805325006
213175202202205127099205004434031406
062238208086205236228042081162566017
049205130242199223127128618985320706
008069236032212195030047000801790506
105086205077215177109150000805023206
044068041184237042073103004436040206
109116108081205180093007389115135806
044212054094205138232140004434107306
196154091186199169214026080002212406
075091213054237042073105093440008006
148068184015215106052196004430899306
053223109181138145208190252430186706
223007030178202028050146004435836706
197086177184244212229171000224531206
140075193255244089237228000805005206
204073027194205180215253000536322017
249070076204050254094253000535977617
194151096248205180037039089291874317
047100067038237042073102004435038006
114087187072073165108248544210044506
062194119127198247224017004434819406
056021221156212194146194004435205406
108095092199207008082059510775204317
070076154193073165090056532590044506
062194073195064005155229004435459406
021084065136116246215013004433670606
083178024119073165064065564300044506
242037250180240063112070460080044306
073165042061199208060097004456005406
044007004233237042073101004435018006
073138248089231225123092000535306917
248126185139116246215210000000000001
223007030181237042073094004431774606
156220186006199153107043599045744717
135243069107199222142015004435181806
047046236215194114091141000805485006
244057123250244031008188001192725306
008069239012212064144098070803584506
062243198239116246215093004433583006
146041210096205071138250357903360306
123188126106215167248091004435123606
131190120054139143018199004434099006
223239004172205180012031004435135406
124101052212135079171132004430637006
058212166017212171168138098404571217
213179055005199168153189004431503006
047081024140237042073092004433469406
044199152115139005155131052235322006
079001012082205230082162552985626417
197085153095073165111087527840590006
073171090160192182003043000805265506
135187065103199153096024038000808017
062205005101205236239026004432944406
138141063133202028178175476525973217
044197176203202028087100000804082606
213176048230198223189143004435489306
070046093069199169214054143500111417
196115250017064005155247004434077706
044010056200215177242038090012719006
070243078224251190081022000802223906
016012080228237042073104004431721406
100197034183240235109058004431730406
044084086096244031144155004436267206
044084123155199169214218004431757106
016036190098194017228043495930905006
208191045247199224110034004434777106
096251127213199153100130034112703206
044039101219207012132056000804526306
062194058225237042073101004430508206
136227068188192166174065451390002206
062209153111207001000020000805945506
062196047072237042073103000802812206
044002161222237042073107004433869606
097169128148199169195158466624729217
102211247186116246215009605030008006
070243079058202024006060000803744306
110161226109215022243142591750102417
152001058053231225123074000533799817
218225237181064005155102000804715006
223007030181237042073102004433494406
135240062190050123053224000805778506
073027151207237042073106004433908206
036218200065199137132038495730002206
140169199221064005155233004434098406
062241119183205035005035004432114306
047030158153116246215076004436161206
147088099086050065235197537830044506
016212030118205185134071004434690206
002164213021205211046057603620338906
136053047100244205008122302324796717
050094241076207001129198099930999317
129130170111212194043064004435304906
210039051103205166254146069011949417
210030029220131115224147000804323106
074107176076240063103185225910104717
090242218009073165172164569500044506
044050074074199137224033004433313406
091004042222202028035037068810688117
223007030181237042073100004434106206
119132120174205071016241004436310606
124176016037116246215157452541234717
224115019221194031034210004434848806
237241146012244205009180004435175906
123188126170251100143082000804564406
058136077086199169206186514130110217
197202025100202118054182004435368906
041144006215237042073098000801291806
213176048070205112188081052222672006
105035051183199153050217448620005306
225018101090199224099045000835593106
135072013122205164119185386366160717
062196102009237042073095004435246006
016012080225237042073106004434551406
131190122249139143018199004433579806
231148133148202024016252000803819406
075091209201237042073100004430740406
057184217037212171107037001610035206
218225091066231225123074000532373717
119132120170207180050130004433665606
044207059127237042073101084432091806
214169151249207012138117355185297406
047090161218205211122011004446250706
105061021195205251200208201754130317
213175201173207022045121052223566806
050094021037212195089174084435816506
003167197209231225123073000532844317
063160211191138152212183000804405706
044072155058139096108157004433782906
062210141094205166055169004435370006
033239237020199153109216004435805306
067024252213215163006224068826498906
062194058225237042073106004430910306
002142116036202029027055068810688117
149210191127050123065250393082193517
140173240243205249003219004434781006
047168055252192029170002122012626606
033218037043116246215234080005783806
086015198080207012134080375136380417
044039223199116246215082004435375706
076177097087231225123072000534353517
070065137140215160090208091225340806
002137228072050056159116612160002206
253102008178202118034146001235430017
044035155029116246215071004434367806
008074003158192182026122004434984306
044002088092212230042071099334511406
084215076252202029214164020023781817
137172083208073165079250357610044506
135084107064237042073093000806519806
104220091185198193188115548383302206
099172192066139218240154253150899917
135187229170244127140027001435118906
129006154234131026048032497810044506
015060029089122195111160416180044306
148083149186139212119173005141170306
016003076170205200146090652994064317
202217215109194031034153572750699006
213179055031215160090155052225512706
135079185063135079171185000804734106
111057097109199152013194652272690817
047100179217237042073096004431468206
106215144157192030091060004654165206
213173027164205127098083004434325806
062193079063205066248068004435538106
135211169115205200027043000801866906
070087131138192182250234000000000001
088102023213231225123079000533900017
070195233001202031186106494394778306
044004017076116246215076004436270406
202217215109205200028253572750655506
096043043137198247238054237510102417
253102008178202024005180001235906817
146057163153139136057194500125213217
112187027033251190163139010291166806
081237129242205211003185351830143306
030015085237205139168121000000000001
213187199232240183033115052224551206
213175202241212202218053004432651206
096007232057198252041045528172263317
208106161104194114055086282290038917
062249061006212227179141004433645606
135224070106205164099210100012233017
202217215109244020213046572753555006
231148133061199222140056004435299606
021120109090207022024189004434958706
149042109042131115181117092170930917
013156069251198247227169052235208906
119046068062202030113096093005156906
002188210227202031149091265976187706
044007004233237042073095004433784206
015006113042207023230146405004320417
044001110112237042073093004436003806
047119173015138071027233004434251506
091007229006073165173101609420044506
075164199218215167248182004433322606
100208217209231225123092000536032117
049196070034016233080149000220008006
047123196149212227153064093394173417
107002008051073165091144515090044506
048181106054016230168186068170008006
086038186216207022024166537565969517
238063074219192166170123430300002206
107035090131205113193046047115289306
237042093023237042073095004436050606
135240062191205164126124000802685606
218225196048116246215093004436343706
008072209240212171016138000805095106
158158156186073165105008055170044506
070028131006202118049109544205141306
016012080227237042073104004431325606
206154236167073165059202263690044506
200162200161073165107238210440044506
047100158133237042073099004434920406
002002132227202029243008004430214806
243054009052231225123074000531210117
040244203221198193185177125004942806
092016233108202031036067120164902106
047008241083237042073102000000000001
147129077013073165080106508050044506
047111041154237042073094004433475406
041144200151244067235244004434937606
016036124181116246215108655260044306
067024252213194017229137068820344017
146083130251215004019210033894955106
036223184098205251202136273155328106
231148131007205126033101004436282506
210028117153193065060185000806303606
253102008178194016030183001230012317
197222188038205195127061419290408006
075063248032202029191092099980174806
002002132227192132183212004435968406
070071046203205167130002080805056406
253102008178205212228156001230012317
230067056211231225123095000531258417
044094033101116246215070004435321506
109210154245131248239114317710909606
041155124043202028227110004433380406
047032004218244127156078004434068306
044007060143237042073095004431771206
047125140222199153110233093395571017
124045100205240183035172377263344017
068114163118202167076235465915240717
037181011044122195111160418470044306
070243078228198247255219000804924606
070243078127198193185218000802662506
113103246207215013072176297290832217
076177102195198231053138004434583606
158051075035215161111253626645632417
084206098030193065000035004434733806
077191221175205187184009221235028217
044026234095237042073093004434186206
138086174205139010250129508830008006
002002130239139219140042004435186306
070114212236212171015101492180002206
072011211052231225123093000533416917
056014186177205251200098004434681306
048213019078215162164001080014872406
129161061229205249014187193104643017
225250089190207020029039000000000001
016012080234237042073094004433566206
016012080208237042073106000805384606
127242060189199137238179004435246906
143234087238202024016211004430785906
122028053122135079171207004435546306
016059195118199224208080004432728806
231148131066205251075018000803143806
007163201102205212181001389210102717
073131016228199170073103080004938106
047122116232205066040213004436281706
042206161199073165073127058710044506
226154176178207022024194004434583706
097039117226205167104077051564577517
251103156038116246215198019354818206
206157043065207183082230004435292806
044004213176237042073097004435443006
213176048030212227179066052222647206
041147229111202167044253004433275706
016012080216237042073105004436033606
124029245009192030004237046520005317
200162034085050065172090537120044506
097132228080231225123093000532083817
047108127139237042073101004433692406
042204057159199224147079060065075306
121135222082215019232002204584778317
021084065085064005155132004435677706
073027217212237042073102004436291006
237042091038237042073104000805595406
253102008178202024005176001230177317
047168103175237042073098004430395406
202217215109205219220018572751333006
206240092254064005155175000803746006
016012080209237042073098004436265406
124077212075194041041167000530397517
016215208159237042073103000804945006
016195143020231225123076000535193217
097251106194240183051094010260005317
016012080233237042073106000805103206
219103121066016233092143209950044306
147003221185193065060157000254377706
044039146218199137227236004435087406
109014068070116246215069004435121706
016242056115231225123081000530954517
044026234095237042073104004432486406
016012080204237042073102004430713406
109209061048215177178030000535496217
050075028226193065086210081013689406
149210181114199171111039004432665606
202217215109192182058143000000000001
044000133249237042073096004432021406
047084229098237042073092000802735206
113131175147202030125195577165024217
196043026097231225123077000535330117
044073104176251100165197004434862906
239213060013050254095210004433792306
233058163125199169015020036580365817
076084179115212030126023080023853906
070100028023205032028230524405836617
034108125079192029092226244500808006
244200123189205216207088514131387317
155045012117192030106200068892602217
049183114039212194054094490013862317
147088099149131026048099503070044506
200161070227215161031064219573490917
100219004043205164112190000802483006
213175201163212227179006004435290306
016012080204237042073106004436343206
202217215109244212048116572750711106
153108099233194038155067081854075106
047008240136237042073102000000000001
047001213122244038133045004432389306
058001109111202028152127000804276006
197155091172244248141253004435441006
062240241001237042073095000800650206
215176139226016230170056561910008006
076177102210205216103180052220253406
112144100245194042200188332430002306
070243078056231225123078000536287217
089230008051205250082070572106447717
248138141038198241226018001233410117
237241146029138145203037000000000001
094027159166205126033241508902656306
218225090096116246215093004436029806
070243078228205055128253000805775506
213176048053212227179051004436303606
136053123146202024017152000801785706
044084086009244157121155004434980206
073024160110215006255197004435468106
044068050068237042073100004430787406
016012080214237042073094000804330606
109204097010202028133024586435083417
044027144165237042073094004433271006
062211126071205187184005000802760206
135148178212199208059055000803349806
049196070034016230174022000220008006
022196110230192031161043081180252506
214022100037073165090079649530044506
239213054089138091022086052222715006
016242049238016238145141000000000001
080119100170202028017033257594523617
203046211107202029214164567343781817
136053101161202024007246000802115406
131190122252139143018199004434066406
105059042169073165172221553010044506
099035041018199171090167069065558906
070243079122202028158132000803495206
070243120005207001128243197150008106
140173240069244158005050004432744706
099140052230205098239106000000000001
044002014134237042073105004435594606
021091197012116246215070004433965506
148044157145231225123093000536444417
077184026087237042073103004433428406
063166051225116246215083004433668006
007088172173219092207093543211807106
129254218165215163115082100250189706
073146005182244029212028004435458706
044084032182244158229022004435365706
062211067186207023144002000803947406
047100122012237042073098004434851206
213175202242244031009065052222694406
107091192231199152013243000803147106
213175253208205251200208004435526706
226154176178207022024194004434582706
070235052223193065055022122425975117
047119173015244248166237004430257906
044085125088205219223041004434225106
223007030181237042073099004433482206
044024098189116246215073004436033406
112038151037073165079130540030044506
106096110037199153055038533430038917
044061050104207001003105004435940806
041155068095198241201079000534849217
124101048141205249005161004430404706
124045222169205236228027004435443106
223014026205192182223127004434993406
134164179104237042073101025154957006
248240035130199224155227045065052606
103212246198073165111233515720044506
131066071012237042073106000531209917
253102008178202030067032001235056517
103229103016231225123095000535505317
203120090031073165073171473410044506
149158096184199152001200077802633006
196092076142116246215069004436364806
016232236182138152125195004434964706
218225159158116246215079004434251106
002002132177202024005137004434695406
030214173127199137227017000802585906
047048032187199137224211004434989406
016242056115231225123092000535603817
099141080151116246215163454740148517
231148132091205126032236004432858406
213179055089205166055177052223366506
044049216020240235108140004435814206
195160222189251190074029000233586706
149042099213205200226102092120930917
096129073106205113192143211744673317
067027119026202031186235591005176017
134009120193231225123080000533007017
044035160199050253157077004433129506
135072012140215004019003378715811606
049221021201139212124083000535660117
223007030181237042073093004431213406
146251004113212194052217059383645606
042022021186050065234195616120044506
099205123104212194042228229105587706
197241237050138030250234497815338306
059106109138205066245181275325071217
047101025201237042073093004430986206
149042099141251108087134092172646117
030214172133199224155225004434444406
112081151130199137233157004431410506
070243079058202024007136000804144006
098138179011199220222020170256363506
141204003055202024006150000800695606
223007030181237042073099004431905606
213179055007244212229038004430294106
243054009046231225123080000534230717
197143138162240183144148004436057406
047110181203237042073095004430733206
237241137118138145203037000000000001
149042099213205167104037092120107417
204098136131198229249146000801091806
152074031021237042073092004432163406
117081181088244205242078217062353417
213175253248205216060203052225335706
231128055195199152015119579860547106
130077202007116246215095004435021706
196055183065207022045110039991608817
196092076194116246215092004435999006
200223137207231225123073000533897217
055233073158237042073100004436376206
204241097140205180061084225205014406
013192054104251224032197004435061906
218225237063116246215092000803713806
214030039060073165091053500300044506
213184192008215176002027004432633306
123188126243251073188242004433781106
099131043236244001168113573120002306
030214173006205216060217004434775706
099035121236205212182066069076435106
047110181203237042073104004436449606
047100144058237042073095004435458406
101205054149202030104143059384919006
100231022140199177081201032260002306
047101030085135079171207004432436906
084116067117073165054189530840044506
075091212226237042073100271280008006
135243027104205187186093004432639006
223014026205240183050076004435628606
223007030181237042073104004430419806
044002014134237042073096004431313806
030015093010205139168121000000000001
030015071107215027220082004432626906
226154176178205184077111004436032406
047110201205135079171198004430790306
136227068188192166169255522610002206
221197096168202030242172004434847806
062229066079244001196017004432761306
047109144143237042073103004432947406
213179055010244248042018004433907806
240223107151116246215016449160008006
231148130205205113197157004434584706
196014049172231225123090000536256617
097162040068139180038212520190782317
141236058199231225123094000532302617
044049231022244001021194004434304006
112081188215194078246185080683918606
247003124130194038088109004435302006
047049038241198229031202093395388406
044025045054237042073099004433360606
152001058053231225123090000536452917
073155112248138056034181004433051706
044017055027237042073092004433050206
070243078230212230042092040072681106
073155112254139218240254004434712706
213175201184212227179045004434015106
044006157000237042073094004435347406
044004012033139143181047004431942206
141186045158064005155201004435770206
151198129011199137224039087650190017
073155112248207012134244004432775306
213173043233205200149026052225640806
148067220032199204095053000536522417
062214160121212171081016004435546406
237241130097199224151141004433475706
141183211149050253170234004435400006
016012090100237042073098101360008006
230156122221231225123072000533736317
141236063126135079171194000535693317
213003217237202028159017000000000001
047173091017116246215070004434089606
047081231144237042073101004435073406
152041050142193065015046004432482306
016012252178192022173005083445222706
231148130190050120061111000806535906
228079117030199224155225004435681206
124045222041199137227095177714276917
119132120174050120061109004435263506
087249148207215018163142599340246617
140065118211064005155209004434149806
197030218118138145203037000000000001
213175195112215013082062052224016506
123188126214139096109010004435505306
116116069151199170075218093385094406
130150037145231225123091000533868317
213173027174240235109089052225598706
202217215109205203002216572751222206
047175200063237042073092004432805006
047122169043207012134057093393657817
196043026097231225123078000534012017
047080037033205126032066004433609406
100208217209231225123095000534663917
122016151097205211054234000804476206
062217198025205112188074090012726306
213182131010215177154200100015881117
127106029104202031076012004436146306
131099187003237042073106004434873406
253102008178244248213085001234065317
210063226022064005155064000803622006
013024134012202024007177052224082506
050018187186050065143140509940044506
070243078224215106209216000805311206
044095252088207000084153004432719506
231128051157198240072241538280200006
237042071051237042073097004435168206
200127104211192029094254000803468206
101086216098215013073148004434637106
134130250196198220154210000802262306
101128028157219092051184079340714717
030210069023244157132148004430174606
238204142132207020253153021534006517
133220009069251073189165648992704417
032042230161199222141162000255485906
213179055123050056130221052223624406
044028073056135079171170000806477006
224134235193205180032100004435063606
047168186061237042073103004433267806
237241146012202029195111004435424806
200124200090252248025120468920012317
124210139070192182085090004435306906
197187058075212171149168000223998806
057184217041194115216171001614228006
124202019080202029163178004436482306
123188123208205187184126004434461806
124045100166205125187069385943344517
092004055175244003026016493224763717
064004255129231225123081000530158217
197043152166237042073106004435674406
224115018054131114015001004435859906
044206096170205195125055004430207206
044084086223199177082106004430258206
213184219088050254094252052223516206
021120124163205251205181004435922006
048181080197205200175041000805515806
044004213176237042073103004430919606
101227174094192022168036517600002306
136131012066073165104181609740044506
140065118167064005155245004435809106
237042076012237042073096222160008006
223014026255215027213109000804918606
044004112121237042073098004430259406
103211142168192029092010335132669017
079045195253073165110049595390044506
129090027038205251200212004433566606
147250115180199136103086000804649106
218225159000116246215066552520008006
044089088108237042073102000000000001
047018214110138152126181000804744006
016175037128244212230248004455570106
016215208159237042073099000804449406
050084201221205239062133235383509806
131208002217192182071019030740307417
008072209240207001007171004434198406
116069050195192167027132000800247306
240158020044199224155051004434999606
037001208200207001174194296350102417
033174138104116246215234080003577606
030015077058138145203037000000000001
109030086179199137227017623480424506
086224036117205249003219648022395806
197222188038199220209042018680338906
089139083092215176008130000805640606
119132120166199137227094004431274406
199197033115251100210165610470008006
234121236169192182177002270245121617
016012080224237042073099004434416406
140065118193064005155209004436354606
074227162104073165080036599840044506
064082076240198247245249580071022706
113182039229215004018236492616292306
047081231144237042073098004431034806
044009242025205187184005004432641106
007236151124212195128205004435711006
217242145051199152014227000802851906
210030029151139180036221004435440906
044222023062251100166114004435102606
118125180063192029092193000803331706
238041045070205066250164000806319506
036218200065198241201191591230002206
133237158009139212101245200282852517
016012080215237042073104004435038206
251103139176064005155244004435647106
097133017133064005155148000805171806
016012080235237042073096000800688006
126050033062240063017174000805928506
062205196134237042073104004430326206
125229017165135079171064000534621717
075063078070139212126148265610011006
103239114120199152002213084590312806
041150227104244248042022052222046506
087062241164202024006059000803634406
021068196216207001013094004435964206
237042071046237042073100004434012806
223007030181237042073104004430421406
135084107064237042073096000803361406
048166059147217008247061004434176206
210011249038215022006163538630899917
139130177162116246215223511880008006
070032085113205211003151588150002206
120200178051205113195104414850102417
223080230083199223125104000000000001
044000083182237042073098004431540206
047081091076237042073100000803429806
126039174072192030007216591460005317
073024225211237042073094004433465006
141236063126135079171146000533904317
251103139042064005155210004435095406
124101052212135079171132004430823506
084116005137050065138083568250044506
151072033097231225123080000535483017
218225236113116246215087004434042206
149042099213215019203029092120930917
016012080221237042073101004432444006
127168149027193224216089070795608406
134134130249237042073103004430800606
070050024005215161047243000535564717
063165027159215177242186004432977706
044025089096199168152106004435468206
099227250245207001005078000235047906
080209104191192182024178510845053817
140065118211064005155209004435537206
088192159010231225123090000535108917
223007030181237042073105004433569006
099141148220199170078234341990148517
021120096242251215113218004433220806
231148130140050251189121004435150406
213179051255205195125018052224581506
075229000187116246215070004434094006
149042099213199220220040092120930917
210255186130252248201171579560541917
196177106091205200241210004435091106
123188091044199169205015004434939206
135072013063205212176066369195683106
210022242067198229106214562585080206
062233128253251100165095081083771017
047109136094199177094151004434980206
094106220179202030144018599470002306
130004046202192182055014000255619606
062204187249212195071082004432412406
231148132093202030194051000804867106
218225091066231225123073000532204717
130077202007116246215095004434633106
073024217069237042073096004434251806
238041196037244089100233000803235606
213179055091240235108141000805950806
237042067017237042073107150040008006
047100038064237042073099004431388406
119046068062202118047197093004960406
044200143144237042073095000806215406
213173033198198231053138004434807906
021120126070205212180030004430269106
021120124163244003241162004435035606
206110035246198243068205000232658517
131003106088205033005181093393500106
114028110079202029231130550765544606
047111158061207183082178004435650306
213175202245215177242138052222719706
149042101045207180012223092170276417
152045069129199136087015000804557006
098142059034050122037064277826027417
149158111009194043105110000805718206
016036190119064005155202364160905006
213176048071205217180050004434989406
047033146254237042073093004432574806
251103139042064005155232004433963406
097088100217073165172192527740044506
153199242099215004019210033895758506
253102008178244029032059001230012317
070098233076050065189053594180044506
047012122044205187184173004435763406
032210039024192022167077497962643906
224134233062212232224034004434930406
204124094057199136068178228923605217
047123048087207012134015093394675217
197222188038251190083056419290909006
062205196134237042073098004433656406
044027002246251190081014000805150406
047038074042244248041112093394462717
244199224088205139085042000805147806
015063032047244031200112116174234917
103221255144205213161151000530386217
155038086115212030093130000802765406
083030072201199177255230010432673517
032095196217073165172192556790044506
131143133229199153050204000535554417
047171060008135079171207004430634506
008074003159199169203249004435080406
139044150245231225123079000535693317
197043153090237042073094000801202606
150223183022205236124169267933708917
072076211231122195111160605160044306
218225131056116246215092094824809206
123190098122199223125061018536543717
135214201039202029081142000805211506
213173038243244031011121004434092106
062209028253064005155235004435931106
200035249006202026010008182030002306
131134146233205236085007001235326517
213176048119240223181066004435588806
213173027120240235108141052224373006
129023133210199224153178059384796406
137081099029244031127215269690002306
223007030179202029213182004433681906
044037117170199152004201004434954106
093106124087122195111160524100044306
089105020198244003007227633506134806
131208002244207012129086614563039517
077150104130205250036146636830688106
050084201082205126132098250984922806
021016182108199169214025004430391506
064241127104252248027077549041720117
116129016036198241226236475220038917
047170001253237042073092004433579206
007239139237116246215086004434339306
196092076194116246215069004434492706
244199223155199192032241080000278506
237042091041237042073102366280008006
127168149027139212098002070794934806
135084107064237042073107000803582606
237241128109205139168121000000000001
062206164043064005155149004434480606
044008068193251100143082000804255506
016034250209205251206254004435062206
073155112254205212231213004434652906
193253252139116246215053587310008006
044003214238237042073105004433005606
059182230249131115224156412291855717
035097058004251073188066000000000017
206223196232198252038204525080002506
062205196134237042073097004434981406
030015071078205126033100034783668617
146111254076050065172238572690044506
237042093032237042073105004433473206
048166059183202024017170000801723806
057184217042205032021052001611264306
047004232090240235109162004434986306
044007044143192132095002004436454606
047169086024135079171167004435014206
044009151213198222247213004435152306
131190120055139143018199004433424806
149021023072116246215213094825579406
131208002213212195128205030740346317
146124016145205184033201000805088206
047081000167237042073095004434117806
089027107234205211034018512590808006
057008218012050255049114354974473317
064004255129231225123092000532072117
137039066164205032027218068812037517
202217215109199208052189572750955506
204098136131194038088109004435301006
137118059109198220149151270505498317
249158180126116246215094004434118606
044007049164237042073097004430386006
047056000158199208048143004435053506
149182080143139010250129518820008006
129117087084192182215198000254472706
044004189082237042073098004432522206
196041003160064005155141517981164017
253102008178240223014136001230012317
099031014105198247224230004433707606
076177103240244212230125052226339306
140078246249202030065041004435082706
082184041254202030069213599860008006
027136158090202028000210037245443306
044069006114237042073092004432788206
047187139074215167114172004433510006
226025239076205249051081000804073206
218225090096116246215086004435738106
243054009044231225123080000533899617
244199251212251196147156004432150506
072011141014199224100174000533757617
016242056115231225123081000533775517
237241128219138145203037000000000001
058001002202212194186229004434970906
070094014189073165081105564850044506
054174221189193065117210520495542117
093223178125073165172245648330044506
030182042105199192040148000805166406
157166034065198032198136137580937717
113172193015205219172197000533164617
090051040176138154105125004433691706
047101000113116246215070004433818106
062201012208215013072176055140696517
111024134000202028170102571051362806
016012252178192166238235080462761606
112081188215199177255242080681936706
153155250168244003007245405000899917
199096214000198247251165331130105317
025252225002202031149124023833735417
044001136159064005155209004436236806
044037160143205184040007004435447106
157010006055199153102059121286470506
106163122065205126037192407825773817
047168186061237042073101004431021606
253102008178205211055038001230012317
131190120055139143018199004433420806
140065118193064005155245004436066506
042204053160050121229061060086178217
140078232171244022199004004432884306
119046068062202118032237093003875006
213179055095212202219252004434791106
044027133243192135131141004430325406
223007030181237042073102004433709606
097132071229116246215093004436197806
044056189209205139034077004430219806
034080172094205199062089608450002206
050067189144251073161239004435011706
125024113200064005155209094824790006
085009198218073165173239522250044506
048166059158205211052191004433802306
073026196048244031010003004431320706
030214173091205218033042080806132606
127168149027202029001131070794939706
079121155115198243072220544030002306
057184217041215255217051001615145506
062198058130064005155228004434559006
044094026219205236240141004432314706
249158180126116246215084004435527606
062200101139237042073101000804205006
097186130090199169206186161560110417
207180031120240063017174154170151817
034075054135016230165124000000000001
096161129105193065050114004451254706
074231208100199168156166628295332017
044055098032205149043150004434132206
044074040248202024016243000802528606
047100153006215160089035004434802506
206111251194231225123095000530501717
097074131145215027220035544070338906
111234250192194102244184004433845906
062224185044205070213216004433305306
130185178193205032022004004434144906
131058204210138152127052086664545406
218042010043215018095077378282681617
040124096060194043102210551585010717
096100183229215167114013004435864106
074224219132194078209091456822222106
211210163195215022057105080615462606
197143138162050254094250000805768406
063150146075064005155229004434105806
044026009006237042073100004433318206
047101025201237042073097004434410006
032215003016205250089035004436006106
197016034086199135038191000803394306
135079178208215162057079414070044306
096133245188205113203166028540338906
139130164254116246215017653090044306
050084201114199169195232140065014706
044020112202205199060058004434799306
044048021083205236085009000805057306
200175194142202029174229010245089817
047183136179205216060228000803503606
197196055033205251202232004436019306
119046068062193065117213093000219206
231148133036192182208165004435138406
047100144058237042073101004432649606
030183100253073165089255355680044506
122144003077215162059203081950819506
218225090007116246215086000803438106
044003214238237042073093004435945406
047036217052205184032024000804802606
044049115048199224099045000805700706
210018047249202024006087000805610606
122139039250207180012010004434475806
143232102222199224155227000805436406
087117045143152098210125455700002206
220106111174212227179034004456169506
231148132098205203243053004432671906
131051240215139128098015088014099317
062202173206064005155156004433604106
204124092249131115160128046014553217
092181182015205071021003089994489617
047160238065237042073106004432861806
044039013000116246215076004434037206
044028013150192166213206004434434106
213176048201205185136196052225331106
044091234251207001054068004430143506
047168253102237042073105004435914006
036009086239205249003219000000000001
073165193198205180073235004456316606
016215038220240235109105004433591706
103212130080215177165018004433311806
227003063171192132000213000805548506
237241150034207009242010004432654306
119046068062202024006126093000165306
136227068188192166169200564080002206
140126025066231225123090000532608417
119132120165212195128205004434704906
245098037236202024006233000803487406
044054132120244248213085004433282406
027136159168202030252000037245366806
237042065008237042073104505920044306
016043068171064005155139375680148517
131174242045237042073101004435553206
110017254052199170237070308123049617
237241139077138145203037000000000001
237042118038237042073097073860044306
218225196096116246215086000803439006
027181061255050056082031320713321117
078077097070073165111046531090044506
044208058236131114015054004436176406
213179055096050254095245052225709806
153113147234050065249054549610044506
231148132173202024007103000803541406
073155112250205071138237004430715006
088053176221240063114060328020008006
127089142157194017236141004435436106
134194243076202024166000019355180306
148100085242231225123076000531199917
044061036078207001175121004435390006
112186000110215004019210033895802706
047123137096198254091182093393532317
063166047090205071035107004435083006
030015074149138145203037000000000001
116246150160064005155156004434005806
213179055096205203003077004433545006
044006096245135079171145004431995606
116118117083116246215076004433578606
200175214232073165080130545430044506
218225090017116246215095004433921606
127168149027202030124123070764402606
033038140231116246215082004434308306
097132071221116246215085004435967406
149042099213198243077119092120930917
126064150162064005155132118913440806
231148133003205167130002004432656606
047038142192199208050223004433658406
016195253131139105112046004435827206
210011217097202031132068000000000001
213176055230199168152210052220268506
109169069041205212176230521675001117
047050092048139005144253081080587017
091004078044202031186064514920002306
047045253206131115160077000802796306
062196122249205187246065004434920406
202217215109192182141102572753444406
063160077011207022028165004435329706
238174144020194017231174004431513606
075091212238237042073106000802339806
063147249086205218127176000805751006
044028010214198222247229004435121906
196060002090202028071065291510002306
112080022086205070220134000805063006
247003137108138152126077000802747906
129107151058192182226085254614845006
113105237204202118031213528005673406
218225094005139180042039004435064906
195207245177215013074150000094210517
124101052203135079171146004431115506
072011141161231225123079000530522817
131184001166231225123073000531716917
075091213022237042073093004432834206
073024239137135079171185004434404306
208070209162205183043180052224255606
016012080225237042073095000801085806
047034166168215163005085004435326506
044207082073207183082162004433890306
075009122170199153056246000805425306
131003246171205212177173004436027806
122027112158205239062061000805696806
197056182022194038153122000533693917
239213054006198231050179052224550906
123188091044205125187069004435277506
134133154001205250037146000800307006
062196024241205112188079004432747306
069101034141199137224066004456411906
109129144153192029080140523161782317
098143038151116247217133000000000001
070112158143202031165238206010688117
114245018142199136065175490012540217
050225231109192182249226010392759417
047048015047212227211024093394264006
073026208156198253203141004436508506
030060039131198222245011263761608317
108060220108205216066184547900103117
047168186061237042073105004435989606
154133027007122195111160363610044306
007234225066231225123078000533068017
218225090099064005155134000803674606
062238136077251100165185052234736606
047123057205212202219030093392490617
044068040242237042073097004434473606
197202025100202118054182004435368406
047100179217237042073104004430860006
042095212145202118019045000000000001
093228044090231225123075000534875217
075091212218237042073101000805353606
135243069107202024005149004433373406
117112239160205112115008093060102517
134134130182237042073096004436054206
025188022123251108010164420960002306
042204053184248200034121070080639017
141183211149202030193187004434650606
044004112121237042073105004435563206
044009050109205098232159004430964406
150065185138207008190030040090143306
140180152220205164099093004434929606
224002181076139061080223591920114017
066139251019205071027186004435050506
030015074182138145203037000000000001
044050072099215176001067004430243806
075066216169205212178146004435009706
097132228080231225123081000533234317
122163217254199153100110004433691406
224115019221251224032194004431783006
140065118193064005155209004436331406
047091030165194038094069004435486106
134164179074237042073102025152386606
218225196032116246215086004435046106
047101246214237042073094004434821206
237042091039237042073096000806507006
213173027118205112188162004433331206
047123172000199208063006093393830717
073155112254207022024173004434109306
111234250242207180049040004433419206
050074105080138091073159004435027106
050075219179202031026236313025779506
110017254052199170237070000000000017
111062163252207001131121517743015717
153173166050198192217013000531581717
085239166180122195111160480270044306
140169207157116246215085004433701806
096189099131202028020012000804422606
047091129183205166046011004435227006
044201192247064005155209004434549106
075091213024237042073094000804355606
016012248154244003007143069761940017
197061129195198241224047092170930917
113180028110202167044253496285274406
044086057235192022160173004433647006
064031150164251215113218004435060506
035129019157193065103166000000000001
202217215109212202075167572752444406
136053123146240235109073000805025806
213173027117050255154189052225217906
044015197142215161105102004433953706
251103139024064005155234004434417406
062249107113205213161051004435135206
047123238128198231050179004435736006
197151168173202031152198655054478017
047111019044215177242021004435658606
053011127179199223126180100235461717
213176048150205216062175052224463206
044222133012207180188197000803260406
213176048048244248167178004432923606
098122249077073165073087552030044506
058226202211205167104077051563996617
047100001032205236239027004430569506
096133245188205166211177032100338906
047004169119064005155149004435213806
146023236034016045106041000000000001
007234225066231225123095000531654317
070243079058202030175040000805272806
135084107064237042073096000801135206
098138179011194017229136270252676206
040124096060194043102210548615010706
112132238030192022167203114994916017
140066162046139093089118000800340006
124101052194135079171187004432259306
016234098191251215115082000801823506
047049213071205194243043093395586517
079001067127202030131127548356341517
237241150050205139168121000000000001
129023209110192029095205004435069506
044011250227194114090178004435832806
111236047020194042039088056335032117
050075011251212195031160004433758206
209089149042202029214164528113781817
091029116105215106211093512940002206
070032085113205127072180588150002206
197159037055251196216025000804399906
073155112250244067209210004435447306
149042101045205148029010092120930917
085107059209205218025180013250143306
070243079058050123066168000803758006
070243079058202024006076000806268806
135214201043244089083060000803547906
016212030118205185134096004430183406
119046068062202024017254093001288306
140200069095116246215120118915154406
213173027103205187184126004434909206
081019235143198231073024596530002306
008107007128205212229037082455406906
251103139063064005155232004436236806
073155098048205166045031004435302706
197143138162215019232013004434967306
084021078073192029095209011462659017
153073162119192182010253000254632506
104220089165231225123094000533860617
062206164043064005155181004434472206
044199180005199168225087004434255406
041147205019199137227019004431567906
073167152195116246215234004434169606
223007030181237042073102004433655806
200124200090252248025120392130012317
062248225118199153041218000803684306
047034184031237042073092004431829406
131210139125231225123093000535209517
159226201096116246215073004436180406
245098056077202024006061004433630406
016236072229064005155192004435762906
053111040066199169206186160910110217
037045078051050065143165610890044506
088094107156202028163031570814122106
213175253251215163103208004435081706
062206226178199224110070093394507906
070218003007202024166184283710000106
053034027045219092009093278113562217
104156104013073165108005068750044506
062201143238135079171198004431367306
016026116157192182139090539103561806
239173005118202024016212004433090106
247003110196215177242138092122696517
218225090099116246215093004436437106
044062077144205183043180000804276006
100124043031205211045131000000000001
047050148206212171081016093390311506
213176048181205066230050052223123206
044002237020237042073107004430486006
047109144143237042073098004435216206
213173027172244212230125004435365406
091231199059202024167255000804599506
047026022124231225123077000536360417
062208084238240223015144004435141206
025203111219192030096173038005196906
047008147015199208053110004432550206
223014026255192182097022004435240106
215193101190016228003084000000000001
044060235083244029212089004432638106
113212142134193241063237491790365817
221037170209116246215087000805261006
217227176060244248213082510720808006
076177103227244212229069004433290206
021068197205207009053016004435511406
141186047135240223215108000806205506
047034165105251100210117004432893006
033239237020050062046165004432761606
198009193163016238145171588590044306
082137077099050065172166491290044506
112010094099205250095105092122646117
130253255023231225123080000533713217
213173027165212232184100004434622406
030132032059050065143094583050044506
088041009088198220146248320144798017
119046068062193065046237093005177006
044002105251237042073093004435536806
136053123146202024017141000805634206
112175016061244248205083513194397306
044010214148251073161221000805395806
030204030114244029048170486851990617
159240210236064005155228000000000001
044073060231205194247164000801652506
050094051071202024006004000803785306
140169199206064005155210004435101706
213175253240215177242076004432707806
146127217156244089100220051564950217
047087242138244248213093004434788806
133151155247205032022074364510102817
213176048131207001186130004432774506
125145253090064005155244004433579206
008075075160199136090152004434805506
047119220149244001021226004433553106
204124133129207180051185473890808017
213173033219244158083125004435674706
016024120131194038091109004454915706
037043067105198253195050000803683106
244200097153205098029234000803353506
156135156222050062046165588356133606
129202075124205098239109000803761306
109236186125193065002214000254509906
135079187053135079171063204820044306
030054086185207180015129546080451606
213173043242240183033099004434960106
213184219088207023231118052226239906
070243079058205195120173000801341506
223007030181237042073097004435705806
049101230026138056032176407124916106
096189129032215019235066004435691306
103229103186231225123073000530560417
016242056115231225123090000532082617
044068051117205219220144004432715906
044207162119205066242083004435151006
044003094174064005155219004434246506
112096067220207001051187562593725106
033228168007202031128052004435124106
093187200006205183043041000253693206
016234098191251215115082000801866406
105162186242116246215008000000000001
119132120168205071047228004433846906
149042099213205184073173092120102517
047045155105205217254178040176123306
141236063183135079171193000531281217
058158215171199221119051250725830417
063161009208205239087212090010232706
048167030099202028085249080005188017
044002014134237042073103004430534206
150216063130016238147004000000000001
047172052059207022045039004434701606
008074003110205184032067000802096506
044055028036244248142058000804594906
123188127214237042073093004431037606
062209078099205167104037004434644406
044201195042064005155229004433973506
124050093149198220146191000806157106
047008181033237042073103000000000001
044001188186138091018042004434933606
044208121001199208060112004431700906
116086069182198193191253004433922006
231148132022199169020051004434987006
096036045095139128098173004434507106
044051226003199168158020004435356606
149210180175205126032071004433107006
044039054038199177095093004432656906
141236059104199224146018000534151717
231225163102192182210162000000000001
047168037097199177083019004432712106
016253002197116246215019506120905006
042004161051073165104186649090044506
076177103235215177241005004435558306
200000013075138145199253004430201406
127242095065016238145171000000000001
141186047164207180012201004433118306
213184192019251190081015004434828206
044085208169050057213169000806047006
079121155115244038194147593860002306
113177105225205251205076363152347617
231128055195199192043246579860548606
218252026231202031095184004435062406
064004255129231225123093000536457517
200090113074199169214136178255223617
013216014158212034246003004436046706
218225091066231225123079000535956517
047081116200237042073106004434126206
152001058179192182145166004432647506
047168171093237042073093004433955406
197037064254212195128205452254617717
063146074097205236231226004434981406
241249055178231225123072000533182117
030015095044205219216058004432677606
218225159021064005155102004434442806
134164179107237042073106025150787606
016147137151212171082154000804963606
136053096024202024017091140004247006
086172226227240223215108488605439006
047160006137237042073106004430911406
058063071011050065250216494040044506
136053122151202118088242000804939606
073024225211237042073095004432621606
002002132232202024007127004434552806
130111002065073165110007137110044506
058231246253073165069151567020044506
244200013172139072053034000802853306
062237174074205126109059004433951306
062196239010205216098255000803353206
044026165004244248165093004432627006
124117015055135079171079004435100406
062241226061237042073104004433980006
148072082178205183117061000536418817
073027099015237042073095004431828406
131134146233202030117137001234245317
195222041230202024007101000804094906
130008135200116246215108438180008006
016012080194237042073103000806372606
218225159107064005155201004433971406
062226109063050254094252000804166906
090251020141198247249083127006417906
153182225055199169206186513950110217
114228166056198247224113504992859917
213175202250205066248225052222655006
044055213078205218008116362421005006
042206254094212030023228219215799317
218225090099064005155134004434097906
124101052204135079171142004434050906
058107171196202030062012623080365817
219247248102192182156223444140038906
154042203165231225123074000536346017
098127237089194114091045000000000050
137113110188050065170209563050044506
047021070205116246215082004436246506
237042064229237042073092399840044306
090059142178215013072176030006053506
041196219084202030112006514131029117
223007030181237042073092004431384206
044049244088116246215083004435379506
044021025096199222142005004432715506
223007030181237042073099004435353006
213187202254205099154116004434999406
062209202049205166253012093392630717
131134146233207009053115001235437617
086106052001193065086210250004759006
130004046201192030074073000253463106
092152240213116246215087000805801506
122142033070199208061122000536379317
098075231000215013073202251862393017
049222211119244127065002000805792006
213179055025050254095245004435030706
140075251082199224156050000535056117
223239026122205230082031004435621806
047090172033231225123081000533384017
135084107093237042073095000805931206
047001168029212230040218004430200406
047081091076237042073099000806534806
106096110037199169198062058700038917
016049112217116246215079004436079306
140075193191194207242004000803266306
237241150022138145203037000000000001
124101052207135079171167004430576906
062205148254194115213194004434922806
135243074253205127140212000534723017
087108110126198247227019253250102417
047169009129199208063032004434199806
050020081196205066249090004456431606
127242036027064005155230004436009706
201206026034131026013189148620044506
047033012021207000086221000805164706
134002234039231225123075000534382717
150162236218199204092142528470808006
070243079058202029207224000804496006
027136166074202029115002434365078817
008072209240202030111122004436041706
044022184237205032024225000804253106
245098031172202030122170000803572506
213175253233205185134099052222716906
130017205134202118019090000536004917
119129188164138152126109004434765506
007238133124139136059148000533176017
245098214072193065063039000806268006
129177127010244212049217004430496306
102032207073050123066195511592784517
075091210204237042073104004431716006
218252107136244089100197080810475206
044008069109116246215094004435266306
098080006243116247217133000000000001
015254252010116246215210000000000001
135084107064237042073103000801102406
076177103235212227178060004434197206
213175202254205187184005052224323906
044060200157138152126233000805268806
151198129011240235016236526440190017
237042071032237042073095004430926806
124045100204199136086049377433343517
218225236208116246215240375500904317
123188091044205125187069004435277906
083122112040198247249120335260002306
248011095140244158005053604616394906
047038006078050251189121093394240206
126052092061215163175037514131132817
119132120168192029095219004434574506
218225159161064005155245004436379706
047021126137244089054183094436413406
044009208074116246215082004434972506
223007030181237042073099004433480406
062211135057207001164191004433863406
016215208159237042073104000803164406
076084085018050251002013092124366617
106166251152205218152059004433018006
042052085140073165108191635570044506
196093065108231225123077000530310217
101081106105199152082250004432660806
210011053054199224155227000805437106
148067222062251100165037000535249217
205099223066194017229137370790000106
049113075249212195130200307695921006
131148087034251190010037000532742017
218225090099116246215086004435344506
213173027164205200149026052223919006
213175253225240063017174004433306006
044063050241131115180250004434112306
112081076229139180035105004434424206
247093039118215019068215004433425506
101092191058251190074029511905151406
136053101185202030076127004436060506
047011147048237042073095004433152406
213182131057205251200212100034621017
226025208254198193176034004010226106
062213111088251100098016004436070506
213175253212240235108141004433764706
073026192008205251202109004434113406
231148130240205216063165004436522006
030214173024251224088133004432728306
096100102129116247217133000000000001
062200101139237042073096000805175606
196115057108064005155175004434627206
119131066060198253198010004435868906
075227179138207020029042532360148517
002111124066192030024191001233509817
237042071028237042073106004435836806
224134233062198193189093004434952606
044004213176237042073092004433706206
213175202207202167000176004431920006
237042093044237042073105000804235406
062232230156212232013212081005300306
087107109166050065172110560910044506
126052098190205249005220071724999606
237042091025237042073097555880044306
135079185158215162057118542280044306
119128009038139136059148384413343417
048157163144205250088182000800400706
103119185071194017228064000225555106
044220044013244038133045004430512006
213176048100207183082162004434920406
002002132232202029056109004436059906
195117219228205126138091514155276306
248231140250192030071021000254762906
213175195123215177242038004433606606
096036045253199168153249004434938906
047100038064237042073107004434710806
099213247010205166209091132004915406
122027138107205180043152000800283606
237042093039237042073101004434972006
202217215109199136068178572750644406
036065246201073165064173456330044506
245098111007050057210054415230011006
047186006250199224103178004433491106
200175111244050065196060517010044506
213184192010207000086042052223295006
044222084100116246215084004436051706
135243027108205139035230004434127506
047032110241237042073095004435731006
147000032097202118049161453120312806
140065118211064005155245004434162606
044092233003192132028099093392658306
129040068017205139007125508910002506
044197125187244067211018004433704906
034185236144199169195222550261401306
035163082013122195111160586730044306
103245145247212194089204584570102717
135243098200194031029162004435773806
122024159010064005155244118914990706
222060063177016233092142429240044306
140065118193064005155209004434973606
112081188215199137239073080684636706
032241194091194043185204094434233206
059176149124207001164180115801812417
047061013022205230090218000804006406
063149111223215177178030000532195017
141183211149202029053054004434484906
044002217229237042073102004434657206
073146255109215162095193589280008006
044222002042237042073102000804411406
213176048210205164099076052223884606
047176245120251224228025081185824906
239213054024207022045110004434961406
148067222062244029048153000535922317
237241130097138147089075004434230706
253102008178205164115091001230012317
143234090077244031075061000805315406
044085208115205185134074004434916606
223007030181237042073106004432901206
063150067143244205153118004432677106
073155112250205071138198004434538217
070243078168205212236042000804548206
062243242211205112188193000802699006
127168149027202024007005070791623806
116078050118199153050205000000000050
047081126192050252039173093392644206
097199231124205032025168525964611006
099141081027116247217133000000000001
044084128202244158005221004431303206
146005143219050065214241579930044506
236146136233205164123032000806475106
218225090034116246215092004436227206
044025045054237042073105004434388006
250025126186231225123095000535764517
114021215173244031072112505006350406
245212074040202029005014516950002306
042093128014193232166218440601359006
120070145189215177138188617882000006
141183211149202024006208004435960106
139130167064016229044160590290008006
047019135113138056078228000805415606
062249164233135079171198000801750906
047169209171237042073107004435879806
047101064034237042073107004430336606
030015074148138145203037000000000001
213179055023194043179158004434485406
114079165064198231073111434404281806
105158221128205249051081312850645717
148091245144198231049105000800254606
062199239051205236224157000803141506
047011121228064005155158000806050306
096018199073199153106074506724223117
218225090099116246215086000806141906
243054081013231225123093000535474917
101082127216240235108140004434200306
197030218078205139168121000000000001
147014045182050062046165068865072017
062199079232199171104084004433816006
030214172133199224155225004435373406
104160174088231225123090000534079917
016242056115205211048023000533047217
238174020053192182202151100656166006
073165193160251196218001004456537606
206245253093207180050130004435193406
248199037074192182050038201370012317
196093065108231225123074000535649917
204150195115205200226114440182652406
242029031007237042073103000802608406
131000162028192029080236004434655406
097133082094231225123080000534790517
133212235210205070220141514436464306
044201007052205184032017004432401606
047187171209215177165018004433535906
237119235199202024006255000804715306
135084107064237042073094000800976006
149042101045207180012223092120176517
237241137154138145203037000000000001
152229198194192030020051077795330506
070243078224202028174151000804917906
197027032243139005145044004435638006
197061129195212171014189092122513017
106054206042212194251210000234066506
008075075212138145209008004432646906
140169199136116246215121004433306506
105035213100192167233235000804458606
047027075235205219217206093390164506
073155112248251224032205004434241606
016215208159237042073092000804672406
008101061161231225123075000533755517
047049008024205194242151093392977617
076084179115244089100214080644129906
062202173206064005155156004433604306
103221004190244157200204490792649106
124101052193135079171198004435377606
218225193053116246215081000534637117
200095139228202030123205010000100017
213175253208251108156145004435068206
057184217037202031180149001613540906
044002105251237042073092004431425806
146086029109073165073080503830044506
200124146169231225123074000531337717
076188203121205032030104000803941406
044033056034199171098170004435876506
049121106231205112117059590312724917
213179055001215163041074004435739406
104160174088231225123080000536382917
091232063162202029111184010325331617
047061050078205250244146004434199006
016012080216237042073103004435962006
200016042243202024006048004435666106
025073133053205250090093465362717417
041145062243192135131146004431423506
016012080224237042073103004433605806
034108125079194041046019335950808006
141183211149202028183185004433362706
047100186136207012134255004435140506
016012080225237042073105004431138806
044054052084199177082106000800316806
123188126212205251200212004434616906
210056093042215007246013630766103917
007208010193205166042180564483655806
129023133200244038134057059385423206
064004255129231225123079000530600917
206045094104199152005043613760112806
223002196233135079171142004435541506
105035206142231225123081000535073317
044005066003205183036158122014927006
239213060011205127098135052224993106
193253252150116246215223076200008006
062236022167244067235125081024954806
027123141071202029013031537294050006
231128055195199152003080579860548906
044027170124237042073099004433816406
044001143049194043191034004432662606
016195143025231225123090000531102617
195013046241215007230014230816432117
062220023089194043191034004432869706
253102008178202028166054001235432817
130192008053193065064161587360058706
070205040246237042073095000806352806
204096127022205167104037004433925706
047100097008237042073106004430981406
218225090034116246215084004435852406
044094204103050254095210004435423606
044054132120205251207096004433374006
200162003008050065143064624760044506
097161096059207001001127197895566617
122016143082202029094098000805058306
089071097250199169206186393440434306
202217215109198253199190572754999006
057184217043131026048195001610053406
073027040006237042073103004433704006
218225091107192029095044000534823717
112081188215138146061224080685020506
032251124048073165054213338250044506
103207200019192030069093004656001806
112086120224212195128205004433427206
200222024162198254091085000804591606
047170001253237042073094004434635406
047034214121237042073092004432114606
086092193094202024167254004430803906
044036102239131114050095000802738306
244200137172205126109037000805047806
101024239100205217251232571974538517
044092253132215004234123093394634506
218225237123116246215058000804078606
104220089150231225123081000531350817
238041147043215007140142004430238206
131003234194205251200174004435104706
032039165221205125122101000256076106
152045085017199224156061004434782806
016012080209237042073102004433356006
016192214022205211053158004435422506
016012080221237042073094000802069806
044068123008237042073105004434463206
212129169215135079171142004434234606
149158111124199169223195086074264806
047019151061202024007233052223097906
044077163214202024017155004434625006
041150227118205183127220052223772306
149210181114199171109188004435838606
044213186149199168234167000805733806
204011086125073165111064630640044506
123066243116198033051133009955183606
213175195115215177242187004433953606
093127026172202030240171485822480517
044022093045116246215084004436126206
047109173158237042073107004434980006
073155112248205071138202004433829406
135084107093237042073095000804432806
008074003069205249007090004434399206
047012233020244158083125004432719506
131208002254199137129214614565734417
007234225066231225123090000535355117
237042067016237042073107000803603406
036092144175205112188166018846116006
021068197202199152014239004432268706
140066131075205148025190000000000001
096064146241139180034162626153327617
201207154161131026013105575940044506
239213054085205187184009004432644406
119034060186215161064004000804043606
016012080215237042073095000801460006
070080037039073165228047620310044506
048160174181240063114060541230008006
215144221039050062034037004456280306
047081091076237042073099000806519006
140065118193064005155245004434956806
197003183099199171104070000806371606
077087143179215013072176405670832217
101045054042205212176228514133127617
240183075229194017239253190280038917
114087061103205216065124000800167706
044029152161215177242054000803835006
135223117052050120062016000804922206
047028065165205066230051004433128606
036218200065198253221095322010002206
016012080208237042073103004434185406
099140061212116247217133000000000001
251103139063064005155232004433830206
213176048133205127099098052224251006
223080017087205218157146000804922006
044025046023251100165037004435170906
073027146097237042073099004433051006
245058156040050253202075070013845406
149042099141192167233144092171879817
047090172033231225123090000533280917
124202019080202029216098004435519306
204098038011231225123092000535118817
210001151253215019012178031013576606
148067220032199204095053000535561317
197016034018205217165074004433605706
050084201090215177242138310106101806
119132120180194017237237004435726406
101088232098202030006105444275683106
044068142172215006253045004435678506
231148130156199152008217000806241806
107036131236205180094121315485883817
103211028145205180066196260022844806
214191243137202029165156177502865017
044003127078237042073102004432989006
198073062189205125076235061174163906
135211169115207008082200004432673506
122199012173192182090031537371250017
062198118232192022173170004432770506
141236063126231225123092000535255417
070243079058202024166010000800777506
122009015060199223123197273950124017
053144069230199204066018140551056706
110100042006116246215008000000000001
133114015083205217254149537870338906
208070209182205166055177052225863106
243054187220050255049114004434842606
047028130144139005155189004433680906
223007030181237042073102004433499006
075091213056237042073100004430649606
058062181210050065234186576160044506
148067222062244029048153000535183717
044011084029205212236045004434062206
243054196194199153047017004434379306
213187250182116246215092004433929606
218225196096064005155134004433367406
040007163183122195111160020980044306
155038086071202167044023000800244006
062209234221205166055169004436455806
044007060143237042073099004434292806
047063099163192167126092000804941306
097254136162131026048183521110044506
097132071237116246215080004434507606
007135065097073165034127532080044506
141236062042231225123077000532028317
044007208032237042073102004431862406
044003214238237042073101004431374006
112126014084244031127021402743168117
048166170070116246215012000000000001
047122151167199208059180093394896106
044072199058237042073093004433444806
152148062254251215115082004431495006
213173038249205251072216052222107106
152041050157205125114034000804955706
197043153084237042073107530280008006
050069129157139093083089160001188506
044008001177116246215076004433958106
213187199233207023230214052223998606
047105205110198193189172000804155806
042176163182215167140223089991278106
247003110196199224099094092122646117
044002237020237042073096004435004406
062197186025219092051161000804297306
249158180126116246215076004434846706
034111130230205218245050100862919306
062209187217064005155235004434688406
196088223191116246215242481870904317
075249164094064005155150000805881806
197030218107138145203037000000000001
119142179190205164099093004435023417
044074034255205200172007369474684317
131148087034231225123075000536317617
047012007131231225123074000534647117
129157206112073165059007625340044506
044072052115198192215037004430720506
141183211149050253170234004434719506
134164179074237042073102025152385206
055248037127202118049018072396381717
224134158013205200241218004434789506
131134146233215161044141001235147217
047081085032237042073096004435571406
035014188071116246215087424130148417
049196074180205071016066080883512806
123188126162139061080254000805070606
044007016245237042073093004431124606
062229034054205218033069004433915406
044024255116116246215085004433486206
076177103238199169005094052223476006
124117015038135079171175000802655106
119132120173139218240254004434913906
098161094186138056035229004435383406
097132228080231225123093000536038417
016012080227237042073096004432756406
218225161144064005155175000803573806
200000013073202024006100004435464506
139049118003251196218143004434899006
213179058177138091022066052223748606
210063201185244029212064097680211106
044004247143237042073101004434097606
034108125079244127141129092450808006
213173043229205139035089004433860006
211038129069215177154201004435292306
084068107059205180030144467194050017
032039165221192182046001000255846506
080205155214192029095211010355718617
196093217218064005155158444380905006
099126192236198255170114359301763717
231148131110199220219029004435778406
044001001217064005155180004435815706
137208173035073165111153022090044506
057184217040194086001229001611625106
140200069162064005155064000803390906
195120095083139180034162315193327617
202017083254205239079024050600522817
194112240001244038133045109995440906
123188126104212030170078004435296906
140065118211064005155245000804759906
149053203018205216065246004435118206
213175202107205071139075004435972706
105035246017251224004255004434410906
053071216149131026048190575380044506
063147161101135079171185004432964106
197030218150138145203037000000000001
044068123008237042073106004432002206
140066161130116246215120004434285106
228079123129202118062080004455704306
245209093137193065093242282100338906
209043248140212171138202345830376706
197043153084237042073104000801136806
062241215150205239087221000804823706
114071234246215177139175399230117806
070243079058212227179009000806062306
151142105026116246215073004435074406
030054086185207180015129545620439806
245098018073202031157135092100910017
032127146227215004019210033996315206
050094093111231225123078000532018117
106215144157205125074127004654187506
116086068189199152011012004432628906
016212154014199153097060004435959306
076177103211244212230247004434978706
134172201176135079171202000532579517
146175094075205239062103184820639806
197052136029215177153244340400008106
143170218050224134173121329820044306
044024176172064005155209004435492706
075205198026064005155229004435020106
063165247170212230037229004433338406
042053096156205236085051446002082417
073146026197215255200002004433748006
055249088213205184077170425215683306
016195252198064005155107000806398806
135238185058199153098096084280945706
218192201032199224149005004435794106
076177105170237042073093004431982206
062193227239207000086021004432858606
044062180037205167104037004433479506
119132120180192182248108000802633706
044201195042064005155209004435555006
135148201219212030201113004435500406
044027144165237042073103004434515806
016012080216237042073102000803400406
044021088152205251200208004436057906
239213054002212195084217004434240606
047185187116116246215076000805205406
141236059231194043191104000535956417
123080241227050123065244004433793006
237241143113207183080036004433986306
096142019133240063017189539142277817
201160178118073165059239552640044506
044002014134237042073095004435202806
213176048197215177242138004432696306
047183191119215163202063004432818206
213175253233215177242182004433619906
153039112164198193191109199920171706
016012080209237042073101004431397606
073155112250199153103026004435912806
132032193242199169214167517560739217
152195191091202118049109600003277306
044000247093116246215082004436534506
044206087226205127099205004432698006
193253230163116246215063560930008006
063163079024139128098174004433954806
062197190126152098208162000805261706
223010192226192022160221000800200006
007238190064207001002209034785959317
016036124160116246215122000805186006
079045184002073165079114605880044506
030013000029215027088065203860102517
105129120111199224099214000805584806
016012080207237042073101000806520406
062214208148116246215069004436507906
016173086203116246215092004433733206
196041003160064005155146517981164017
016043068170064005155067345110148417
033228141005050253159045004435019306
149042101045244067209146092170930917
070119061025202029011210059594936606
140169199221064005155235004435011406
237042090151237042073105522880044306
204202177098199224151098353613138417
036039107114192029094254609830312806
047048111021199137231134093395478606
044059208175251224090093004432683006
062196047072237042073096000800721806
044006064020205213162069000804968206
123188126107251000115141004435103806
253102008178215177049153001235982317
213176048089205099158239052222665806
116247053068064005155193004434656206
231148133006215255017066004435307206
044084086052205066245099000801688406
062194058225237042073105004433079006
140200069215064005155064000806277306
200172187011073165073213587390044506
147145124223244158005053117796394917
050084201005205071040024155504086806
058202007001073165073182589800044506
016012080227237042073096004431615806
070243078228199137231132000805333606
223002211120064005155195004435348506
041147245183207001174138004431967706
237042071032237042073100004433724206
213175202196244029212033004431049806
239213192230116246215083004434881906
042095069118251190074029161192238106
047028021008205032026078004435531606
016012080220237042073107004431435606
241249035057231225123075000536464817
044050154085240183051070004435303406
096002023001199208048027571292037817
218225091066231225123093000535685617
124210053106016198229171392600044306
242106086245205250088077004435324806
032089189098139010250152389850005317
047034214121237042073104004433660806
237042070087237042073103297920008006
123188126215193241061111004435152706
129141118008240063113019450243257017
195005231131205071033176154700141217
237042067015237042073097504720044306
239213054010212227177106004435293306
123126002066116246215186000000000001
130150037145231225123080000536497417
021120126059205098234026004435984706
134009127030231225123094000531114117
119132120170199136086049004435353306
123188126160244212050155004436028106
127242060221205212176066004434981806
203203161014193107084219004435809606
044036104204198231051131000805457706
155144108103192028110066000000000001
047051059159138056033185093390223517
073131087147205212176012070203132406
044024116039237042073094004432050006
231148131005205184035018004435150306
244200198110205203255135000802657206
033228168006194043127137004432604306
044206000003207183082230000805188506
044072234040207001011255000805556906
122024136060116246215087000000000001
047168171093237042073101004433279806
137166061107231225123076000530989417
036218200065199136073094528040002206
073025085044231225123079000532725317
044085208043205211055142000802729906
033218037042116246215234080006130206
244200142217202024004050004433639506
128041247063205250244096329851772006
097132228080231225123090000534106917
070243078228244205137240000800903706
141236062228231225123072000530329417
239213060023244158083125004434521206
073024239137135079171175004430798906
032135130082139136058073000000000001
102121100152192182190021498024092606
113052147081073165089232621550044506
223007030181237042073102004433544406
062241111231199224155225004433944506
152009172058139010250152405580005317
016012080209237042073097000804659406
047124229112138152125013081144983606
044003153154135079171128004434501606
238063074219192166170026515380002206
113111136253198033136227000234888306
155194098189138145213173263394512717
048166249199212030170141080002720017
062194210043240235108140004432783506
084239001117212195068115554253785317
243054009045231225123090000531042717
073024003133212227179066004435178306
016036124160064005155193004433791906
153071177227205184041237004430434906
211038050137116246215094004434868906
210030029151251224032205004435995506
228079218253251224032205004434583206
238063074219192166170124599480002206
124101052208135079171132004433143706
124045236217205251205198328203344017
135240062190199204121237004435639706
076084179115192132095119080645884206
064004255129205184043228000533547017
247003120169199136009069004435852606
047081091076237042073106000805920206
030015068060244089055052004434540906
239213060026205139035089052225890006
047170001253237042073099004436494206
062208025157237042073098004431439006
200163197147207008086202220925563317
041150227113205187184146052222647306
227003179209251224032194004434932206
047191167000202024007076004431141906
062224185044050254094249004432631006
092004020213131026013134300550044506
016242056115231225123080000533390017
073155112250138145213113004430186906
218225090007116246215086004436233806
064030203063116246215101598900044306
244200066045205113245002040013079306
073155112248205212180044004433218706
044058184067116246215092004433462306
146014012096194042203201038613730006
073024243018205239048154000805646206
136092243000073165173142393630044506
047124210247212202218061093392745317
234209155177202024016139052224821206
136053123146215177242010000805736506
207196206037199153100181211252437017
047062104010244038035117000805932406
044084123255205138232072000804945406
070071172216202118054182563420466906
140169207157116246215085004433714406
044060228090205139035254004435955206
134134130249237042073105004431127406
114079163102016230172154475610335206
152148099157198255165130000804928706
196085008023244038204221239015600617
203083148233212034078144414190002306
101183176195205180048022446655680306
209155083218050065189001576430044506
044059007011251073161058000804489306
044048002021116246215120004436446806
030015069082199223101193004435725206
202217215229205212225174539510401006
243054081003231225123093000530105917
044071012131205185134084004435080406
196093065108231225123093000532548217
062194119127205202140106004434475706
083183188044202029230117000000000001
119136137148199152114255004436344106
116255059115205180095124000804630506
086043204232244158005003336560005317
197016034018199177094031004432690106
231148132189192030221021004435717306
062228175108205212238209004432672206
206163132008205217249110463363389006
135079095157212171149248004456545606
132116113090207001131121529523015706
088162078011202029069173529570044506
148083149056193065003106001230012317
047185187116116246215076000805225206
204159155098202030153143517415003417
047081091076237042073093000806501806
218225090010116246215071004435764906
136053123146199153107029000804639206
047160184017237042073095004436054606
196093065108231225123076000533514717
047001242219240235109082004434689006
044021030170205236085022004432529906
063173136059116246215092000806042306
159126029061139180035149544430044306
210185181215205167059219627163150606
131210252196198192229077004435066706
198140108046016230166075422290008006
218225208033199169004236004435415506
084193216035205180043178000254702106
044008077238215177242002000800472206
021120126061207022028249004434996606
244200198110202024007008000803416806
135079087194192182128053513724662217
047081091076237042073097000805642806
044022237179116246215120004435459806
062196047072237042073102000803705806
021068196218205212231155004435923606
047101001068205187184194000805944606
047162020130212194052212004436447906
089151082119192029093029118000555506
053162064218212064070166223863687817
146017019058231225123080000533714617
210030029220192182023178004431651306
041150227118240183033113052225215806
053002107055139180034162582923327606
050075028226202030000177081014733106
044222021215192022160221004434419206
111092046218251100096119508241046817
218225090024064005155132000804877006
206194160255199136068166613242733917
223010192228194078253140000806212806
079117177253202024007036052224994306
243054196194050056082218004434027706
007036099060205166054175594125728317
130150037145231225123094000535651917
131184001166205166055236000532429617
194129081202205216063244552215942017
048166059154205164124014004435093406
223080106065192030091021004653836106
030214172170244029212091000805980306
213179058178139143182018052222640006
134162032209205250089072000800133006
136053101161202024016208000801902306
202217215109205186002117000000000001
213179055019205139035162004433608406
141236063126135079171142000535790517
114218012193073165080239524130044506
021114183007205249045027004432652906
084120134065073165073042508960044506
213175201180138091022070052222723906
044023157003244248141210000803551506
058226202244244089100220051564992917
116069050232199169214220000800262806
044073011043199153099173004435406606
224134233062199170233054004430217006
140065118193064005155209004436368206
154244114169199169194038653700008006
042064141086050065250232649550044506
033038140217116246215068004434872606
021120126064244003240037004430281606
197135179116212232142166019353838006
140065118193064005155245004436070906
226132161024215004019210033895797606
074146033182192182045097564746218406
041144006215237042073100000805089206
106114206046207009053128257530102517
062212004000212064143155004434649306
016012080210237042073096000800551006
047081124095237042073101004431728406
122058143106231225123092000534462017
021068196220205218074045004435097506
130077202007116246215095004434768706
030214173011244003024022000805053306
116247053109116246215079000804367906
119132120169207020027213000806454106
048181083136215177242038004434743706
130150037145231225123091000536303717
086106221240193065050114004456230506
122048066026135079171104004431860006
050067189144199221119165004435992506
062204039108251100167078004916515306
044039165043199137229232004435858306
098180048238138056035109537191368006
245026247014202028159081225495077317
136227068188192166168062556100002206
123188126215205249003219000802720006
044197063021193241062001004431837206
149042099213050122165250092120930917
047011147105135079171198004432767106
030015068051205098237090004432635506
140169207198064005155201004435968406
247003207020202024006193000802126406
042094235064207180048013135744353517
202216199026205218042170367280002506
109253139158199168233018637026372217
044084085165199171104084000805795406
044010232251207008082059004435668206
218225091067231225123072000535861617
192044165083050253169183564071277217
213176048167138091022105004431046006
141236063174231225123075000531449217
016215142194212195089174004432811106
218225090003064005155133004435443706
085129108238207180012223654286067417
108004125104205113246205077600899917
069095020254244003006174129282222617
079045178098073165089210532070044506
044035245178231225123091000532784717
239213054085205187244225052226043406
093023061124202030165059579734361117
044032070057192029209118004434909806
213175201178194043182125004433007706
097180122048205212224015308633233617
022246087050205239062133364720167117
044084086234198243160169004435785106
137181043113050123171147000800185306
237241150040138145203037000000000001
088102023161231225123081000534779117
047032234134205055132144004430382506
134038128036212230228041004432744106
049196031171212232237230000000000001
149158112208251100097010004434874606
044068047245237042073105004435179606
237042065010237042073093474160008006
057184217043202029179170001612085306
195222040238192029095219000802641406
044058147196240223181066004433780306
041147221238064005155202004435976206
015068141022205218157155000000000017
070243078216202028173018000804921206
101063201051207001170186260325537917
044068047245237042073099004433845806
016012080215237042073096000803087806
008072209240212195071082004432399306
087062241185202024006065004435262306
062213103168198254094250004432783606
050084201018205200027043183585733106
076084207101205186046092000805035306
032248015255202029111184000000000001
047028072150198231048036004435198606
080197050105139180034162495163327606
146251104048202024005191059384404506
002088178140199220215254116191829817
002242131104122195111160292540044306
110047228114205098029246359832673617
088100059079205032030201000253811606
209101055033202024005144582754322517
126003106192212194041215004450205406
197083115050202024016247004436424006
131170083102207022025037000533465817
085030035005073165065137516940044506
073146107158198231053187004433385306
044055234001205139035089000803928206
249032233119194042195157643290005317
127107225023231225123078000536358717
100208217209231225123094000533061817
110097156215207020027073068812083317
059196208077207001003111518983875717
204015122065050065250238644600044506
016012080229237042073092000801942206
047168241133244205130022004435957506
132059185125199152008019279762786217
249146116162064005155245004434793606
075214012125064005155189000805945006
016012080222237042073102004436013406
213175201169205183046126052225280606
013192054001212196232090004435126006
047122026064199177082113004432638906
075091213022237042073094000804340806
134194243110139212117182000805955206
003144075149199152015182004432703906
122027138113194100121160100864670506
152082018172212195128205130220751117
042204059170138145209075060080120417
047034190173237042073098004432549806
069124013041194041032027538350338906
016190105193064005155150004433573406
044021176170205236086098004430400306
127168149027139212113121070765278506
094014052226244127157196068812870917
073165245039138152125118004454978506
152127206203192030038169004435531006
044002173140116246215079004433309006
136151110106202024006035000805885706
131174242045237042073096004435681006
154042203173231225123074000536229517
231148132089202030194051000804067706
098086057101050056157236069045484406
237241130074202024006234004434144706
230123000236205066041177455095341317
137075067043050065196116131090044506
136112222135205249003217004455261506
047108167236116246215080004433655406
062202207161251190082073004435656706
044050048009199208048165004436192906
140066161130116246215120004435061906
044003153154135079171079004433966206
196092076183116246215069004435206106
070016092248139143071150000000000001
100217061127199138218122000804357306
197061129192251224004066092170930917
070243078228215161084018000804965806
044222197038205236227163004431046606
119142160210240063017174004436464617
047123056104207183082205093391481217
208070209181244212229043052225329606
114242108244202030144091000804916606
016195143025231225123094000536477717
137113214047050065234242414560044506
073171090160194100118122000806025106
030015074141138145203037000000000001
137128048092231225123079000000000001
080205015140240235109082535905102506
218225090096116246215086004433843606
119132120180215106210230004435094106
044039101189205183041046090004934906
195073188209073165110237256490044506
092019103091205125075128005874930206
249200183052202029108008511131050617
197061164098205251200208004435958306
114041069093212171171010271605219106
213175253247205195209077052223829206
075009044168199137234143004431986206
091131203072192182133124080002794406
047025077176116246215077004435928006
104103207151215162057070333680809206
253102008178205200026043001230012317
122016151149205251202114004432660206
223003018222199192040165080251459106
124050093148215007025223004435003806
098160114010116247217133000000000001
213175202245212227177013004434255706
016012080234237042073100004434252806
117038104222138091065014155535141317
195222041194194207242080000805290706
016179000047064005155202004434165606
134134130181237042073098004436100606
218225196032116246215086004435046506
097081247145194207240002012770936117
107108084152207180053046270322654417
112081076229139180035105004434403606
034080172094205167207064614330002206
197155091172205066242095004432882206
047090172033231225123078000532549317
124116124241116247217234000000000001
063145088068215163203224081080922217
127198184157199177248203068812981917
064004255034199169198037000535665017
044005076192237042073102004433195406
044056163151116246215076004436415106
030211133219205218074002214981069706
245255254091050065249229601710044506
117191093239199136086033510081278417
073155112250192029060132004435446206
147061225109205113243186514135495017
141204003055202024007131000802439906
135223022075212230042092000805115306
223007030181237042073102004435297206
253102008178217008037048001230012317
123080241229050123065244004433793306
122199012137192182090031004431235506
007157222011202031167039103766213817
196085110087202030118165485775806817
134134152080194078218148004433810906
202217215109198247244205572756444006
226169173082199177255018004430210406
102059160034194041038066219332788606
119136137218192028052216004435501106
027242027206199169197049569492834417
114242104032244248229162000803297706
116069050219202024006227004432851306
129211018149116246215073004436501706
062210003021207001175090004435849206
218225090096116246215086004435140506
044001146208237042073100004432760606
112132168095251073188094595735041606
208017145160202028201134542925372817
218225193053116246215081000534616717
073155112248215167114145004435151706
149042109042205126033097092172351117
223007030181237042073098004435098206
096013168127139130006120301753594117
044021211224205212227087004433225906
047090142173205218015194004433406206
202217215109205202143083572750866606
127168149027193065057253070762243206
210030025218194086008111000802626806
044222122247205112188162004435833306
073024225211237042073103004432674206
231148131133205218043129004435015006
044027179146215013112221000803459306
152200233193244001019238004432795406
047001223139138091022066004435794806
044090251017244248042022004435255006
047160107078207183082178004435249706
111224158239199224156157004435037806
073155112250050121229061004430457706
106046019090205187188205361735160506
005233133178207022031003576730044506
076083247096205239062137000804605906
151198129011212171106095323890190017
092252211066205236085045278965720617
016012094080237042073094044430572206
047084229098237042073097000800883406
083159177018215163202056274504621706
076191124062205218010178004433722406
044002171124237042073100004431857406
223010192237244038133045000802282706
076084179115215006143189080025249406
230123000236138071016174375195341317
209133153137205066060067010835337406
197174003127073165107212059950044506
195042012088073165091118628890044506
047111131235237042073094004431283206
130017205134202118019090000531680017
044055086216199168152205004433444806
044009240231116246215068004435428806
075067211162244205243118000805371106
213173043255199168233190052222718806
062242033238205239048152000806366506
245098102003202028145028598520312806
202217215109205199051014572754666006
197007082055202024007002000801097506
047185187116116246215094000804927406
149053203013212064082250004436073306
112192134025244038134106093062671017
049222211119244127065002000805794506
030214175165215255116140000803019806
030015068015205218074125004432643906
197030093112207180184225327770005317
206157043065205139034180004430459606
198140002120116246215053020550008006
135240062166198247249107004435878406
079121155115198193176013435240002306
254216107121205250008064150055636617
150065185138207008190030039700143306
238020106057199220219031004433847506
062194122027205126033101004434125906
070032085113205199052199588150002206
211210184133251196145117193424945506
047119226129050057213172000804159006
197037188094202030146046009936267806
125221175235194115213194088882182517
208178015036138056033149004434113506
131000232124198247235245080383724906
237042124143237042073092409940044306
047081091076237042073105000806493806
049097072145205151253113566960008206
140169207146116246215085004435480506
044003127078237042073093004431259006
016033104014202024167044004436521006
044025010021237042073098004432371206
121211213015251108226013473716113717
047185043229237042073098000803135806
219231106051194042199051493760002306
032135211184138152125018633160108517
237241139070138145203037000000000001
146180088175050065249113491760044506
087034211018193241060127267690038917
050086190228193065079005009936255106
062200101139237042073097000806070006
076084179115205126032064080644335606
239213192230116246215073004434428206
204096127022212030157157004433796706
044003062111237042073098004435435806
125020145082064005155195000804144606
243054101162194038152203000534357417
213173033210205166050161004434858906
196115250174116246215085004433948906
249070079098240183051070001230004117
223007030181237042073094004435556406
243054009032194017229034000531506617
119132120165244157134093004434975606
153071177226205098232213004435054506
021120125180205071047193004433450906
099029253178205203248191004432370206
223007030181237042073093004431218606
044054012189205166058022004435006406
146100211220199224102173032073672506
047081231144237042073101004434905406
136053123169116246215092000804171906
044036243089215161085082004430942106
070243078224215161079110000800480406
149042109042212195124035092170930917
050075028226202030065129081015095906
218225090007116246215086004434734906
030200018248199153054042408630103317
127168149027193065102214070795577406
008072209240202030111122004436041806
044001146208237042073092004434378806
244200083137199153110110037245494106
102150230110215167112218068814037817
044087053128207180189167000803670406
231148133026050120061101000804643106
005030214205116246215008000000000001
013192054043205212180044004431154606
047081231144237042073095004431341006
044004213176237042073107004434531806
047048064110244158083125093392659917
195046039095073165080083548930044506
149158096184199177247124061035360606
073167155200202024005004004430497206
044007060143237042073095004435583806
193125182154016230162200524780044306
140173240069244158005050004434991206
213176048207205251202137004434424506
100202253159205180041056005874540906
033228141158205166125246004436010106
124045222161205236228027004435071906
062198055092198231050050004432902706
124101052208135079171175004433912606
091093235150073165081073584170044506
245098082143202025235200359090800006
044002114207237042073103004431427606
041150227114198231053138004431798006
044007208032237042073105004434758806
200174020043212202118028553784504306
149101089159251073188178004430216506
044026158093064005155247004434906606
200164158240240235016053580360002306
192249250207205066063145080005273306
114242104032198209173135000805496906
239213060020205066255136052225347306
197043152171237042073103477560008006
016228204179064005155149000805574806
044008068193205251206035000802904906
048157163128205250088182000800857206
062199082095116246215070004434471706
047081219017237042073093004433238006
213187202230205203001082004435429806
134134130249237042073094004436017406
203225255168212202153244554640143306
237241130097138145203037000000000001
103230193171116247217133000000000001
213179055011205127099098052223749906
044084080082244003240018004430317406
058122177137050123066195253482784517
075067137204207000086021001192649717
202217215109205236092147572750788006
072011141008231225123078000534784317
112149114244192182066149266214853317
111229100242050065172230013190044506
016010006025050121229061000804358006
196085125063212064145050564841144106
237042077087237042073092270680044306
062200006067199171206037004435267906
047111177160237042073106004433155606
047050194093207001175121093395724306
097132228080231225123094000531573017
135243098207205203039119004436272306
237042084195237042073098507420044306
149042109042199223112011092170930917
152252149004202118035093004455525306
047044186191116246215068004435360906
213187199252215176003083004432639406
016003076058199169207056650814296817
041144249182215019149194004435149806
044026181255237042073097004431590206
200024114050194115201195151840880917
016012080219237042073105000803208406
047176214097135079171185004435718706
198140018155116246215223564050008006
042204052222131115160236070083559617
044003062111237042073099004434260806
044068050068237042073093004432694406
134164179107237042073106025150769606
208191194005205032251044004434122906
016242056115231225123072000530213317
200241243085212230042123507620268206
034125162122199224099045080835304106
123126223247205211049098205082807717
083183051236135079171018624270044506
089153218123122195111160478290044306
206240166133194207242141059383505806
072011211077231225123074000535502117
094212081123199208048165004456468706
223239026122199153059162004435336306
143232077173205249049178004434915806
097133087114205166047190000534600617
130150037145231225123074000532691817
131170083102231225123090000533990717
214030178107202031028194422784947517
047033012021207000086221000805160106
223010192237205211057180000804963106
073027006102237042073093004435632406
224115233227207183143150004433298006
047229075188198240074216020956049906
213175201160205216060033052224527506
106166250016064005155200004435639006
227003043014202024006038000806130006
070122052217240063103185493675239417
021120111095207022024194004434982306
149140053084194017228041118915681606
062205147251205149041178000803749506
044003214238237042073099004436442406
202021182216016198230169452440044306
111024135041205098232173434453500717
008072209240194039040069004435304206
124101052201135079171175004431814406
133088211250215167248091221113425317
047170254249237042073093004435879606
206238248191205184032177614500338906
044043042002212195089174000802643306
131205136068244212048047400932392317
013158137114215177110192004431408006
197111252233199169221207000000000001
044025010021237042073105004436196006
112173078230050065214180639210044506
021016186050199177251097004434944806
141183211081202030106059004435127206
044006113087215007237074004433871106
062248225118199153056157000805901506
063146143006205066158112000531569417
063166102239194102245191004430256506
141183211149202028160123000805278606
030054086185207180015129545290452206
016012080235237042073099004431924006
076177102205192132094124004433609406
036084188012050122231189093056306217
073167152215199153059197004433564206
112072097204215163006231588055140006
131210219147139061160154004434981006
030208084050205251200174625811094906
147250115028205249050223004435388806
078079115021202030109138004434932806
044010220045205055128253004435180706
050075028226202029150245081013723306
114102003247139218240154456820899917
197210006237205217247190603220775117
044068187143064005155229004436494306
072203008143212034179154219493284717
206157043065205139035130004432643806
044027170124237042073101004433746006
246027230242194041038066010553619417
231148133183202024016164000804629906
073027217212237042073096004431266406
139049118003251196218143004434903906
124101052204135079171205004431652506
218225072172116246215068004436354806
044002237020237042073094004431268206
044069132253215013082077004434439106
134194243123202030065210019355675806
127107225023231225123078000532850017
057155026204193065062210626834007917
107103013031205218156203407081901506
151004013178202031188221004434849506
119132120171205218244149004435288806
002143174174212202162180584523799906
213176048219240235108141004430171206
197043153091237042073093000802649606
109011019038139093087072000806332606
098086057101050056156100069005082806
218225090034116246215092004436041206
047081124095237042073099004433356206
105216226190199169004209426860002306
044008055076050123212054004436542606
047081000167237042073107004432276606
002168149132073165089023654570044506
059166090096193065033125585132727817
016012080232237042073106004430430606
047122036207199177255206000802753206
062212076190205066043088004430537306
050239104127139180046029476733180606
102156196079194207240053454821076217
147202253103215177139144000253461006
199114153229192182145001477833861817
048239019010122195111160452760044306
130004046201192182150000000255980406
047168103175237042073099004432712206
047113011130240063017153080003296417
148092180063205201092034027032900706
100153043246207180012223077004296206
253102008178202031034000001233904717
044026121187237042073092004434206806
127107225023231225123093000534263417
141236059156205211048021000531223617
044000024175237042073098004435058406
076071154006193241061248514133373417
047119009209244031011177004435066506
075245183050205195117082000000000001
247003065126215018244002004433680906
063160063038240235108140004432344706
016012080212237042073097004431568806
044072030007138091022066000805134306
213187203116207183082085052226011306
240083011053192182010251005873534006
131003249210198231050078019355130806
223007030178199136087171004435218806
030214172136251100166226000806205806
091093224118050065214117583630044506
201211238078116246215210000000000001
141216184205207183152092004436010206
047168173059116246215121004436297106
086116207062205127074157514890555506
116072172170212194172247001101526606
134164179107237042073093025151838606
196085001142202030099010482584147717
064004255129231225123094000534809117
044011084029199177255214004434812706
114068112097192182185013610385141317
114193154080199153100146089995639117
002187040142193065050214266050012317
197143138162199153099214004433492806
231148037233207001010036004436072606
134194241215193065033125004435089406
123188126160205211061157000802691006
218225159021064005155209000805156206
119132120164199136086087004434598106
044085125112205219222015004432684606
218225091067231225123073000536351717
047038218199205126037146093395220506
075019108050202118092066092120109417
049101230026215018244002234003279806
146017019058231225123080000534141817
108236166055073165069059057330044506
016035195064231225123079000535177917
033228168007215162059203000803992106
202217215109205203039148572750611106
016232234145064005155193004434566206
077187222192073165090111650240044506
007240118192199169197049366712834417
075091213023237042073105000801305406
030015088179138145203037000000000001
226237086136064005155174000805922706
210061102006215177154198004434496206
044221094081237042073098000805510806
213187251106116246215087004433738806
149042109042215161076203092170930917
044029255131205236255034004433341206
140065118211064005155209004435530806
209065062209199169194038547030008006
241010201254215162057047572560044206
131000224000205032022207004432673506
237042124154237042073097228800044306
047111072249192167125072004436228106
247003207032202024016227000805624206
063150020085205199048026000801983506
158076163043202024005121443636281917
100135118004199171102231259370102417
237042093040237042073101000805302606
133151155098212230042094596626098417
213175202243240235108140004432644906
075063140163244003005121000530213017
055233073168237042073093004434171006
090054210184073165107054339930044506
047170001253237042073093004433628806
136042110021192029095211501695718606
127045165180240063112187000255790206
047164174126248200034114000534387717
033239237020207001004121004434030306
135084107064237042073107000801278006
047100179217237042073095004435381806
044004058140139096108158004434639806
139169064229116246215069004433650406
062205196134237042073099004435679206
047036227195138152125118000805241706
044058137181205066251229004434046606
213179055096251190082045052225066806
134164179106237042073102025154248206
101081106079205251205037080805020506
070243079122202024006099000806037206
223047225084207020026019004433978006
203072160231198247229168086851929817
195088085061138147091152270322035506
076177099136205164190013052222703506
143234087238198192232117004433496506
097234085013073165228025374030044306
119128011178199224154098000806411106
016012080228237042073095000802612606
218225090096116246215086004434024706
044201195042064005155229004435314806
196093064099231225123080000530582217
147138176092244038133045312295703206
048167237066202024007236000804730106
047123185115139010250151212260005317
125145081235251224032197000805907606
130004046202192182059163000255084606
034040179194064005155156004433580406
047160184017237042073093004431740006
129018133172192182151231004654063806
106162017096192167232151131014426706
195068237199215176008130140322601917
241121061146205200147122649660742917
130117032109202167076184473830103817
224232239080199169220153217851334817
032135241031202030210083519996218406
044059036130212227179051004433601106
134134130182237042073100004435431206
044026009006237042073102004434201406
100124196197202118047253004456094606
131134146233244089100223001233736617
116086068205215006004001004434808306
062252171217207183080037004434832506
237042066200237042073101095740044306
218225197239116246215095000804136406
149042099141205098234035092173689817
118103251215205180091086000230267606
213173043231205166056009004434763306
055243172077215161104151327420002206
135148178212240202184164004434982506
131099187012237042073097004434335206
050018194216199177255170287795019917
062251242246237042073124001795216806
047001173237205239062002000801569906
119142134239139010250152472560005317
016012080232237042073099004435847206
207056112047199153103206103253612817
238063122054138145201253082822664406
202217215109212227064223572755888806
101205054144193065027013000805005906
200162251249205180066111438722968017
047049233002205138232074093393602606
047062092060205199055081004434930706
116246197117064005155216426660905006
131000210123199152008017033063273706
044073066023116246215092004434841006
135238162118244158004033093325222306
111010225253193065038133000534946117
241066120113138145199245612485994206
196055183065198254094122039994365317
159098228134205200027178165675969917
119132120173205212234064004432679206
149042109042205230095066092170930917
245098056077215161031178004434571906
196092076118116246215079000804292206
016012080220237042073102000805129406
103115002048192022160221516934292606
213179055030205164190021004434798206
075225035185064005155193000805897706
130017205010202118019090000533086117
131134146233192182066001001234845617
135243027125205166058233004434400306
074224003220202029212020130884539817
119046101194202031017153099986059806
085128156040050065188124606100044506
047081091076237042073104000800230606
044062032217131115180031000804151806
044008005073198223189155321005194517
096189215042205218156147000805850506
197202026111205250090042004435049206
226025145070244003004165254615874706
119132120165199136090191004436501506
223007030181237042073100004432459206
223007030178199137230207004434998106
106162017096215176183243388610175606
002244189237073165228150632080044506
193047199004016238144034562800044306
047001203015207022026053004433740406
044005105069064005155209004435970206
076177103219244029213031052224995706
062249252056139219142162004435628506
211247235211205126138096068015033717
072044107246073165105134592950044506
059252155150202024007002001231582217
034109020245194115169063093390808006
070019222089199171206115206156087606
131192122228237042073103004434776006
016212160090244248142018004435517206
086038140086202024016004068816426706
251103139061116246215092004436176906
062196015173244205226230004436305106
130004046201205125075194000255015706
044085129200205112188198004434898406
032191132036199208051105004433094506
200222118231205239062013000803673906
148067222062050056146082000530273917
047034214213205194245036004435682006
153037090204205211047074004435618006
223007030181237042073094004433593006
196043026097231225123095000530757717
087150059012240063114060113030008006
021091199204116246215077004436104706
064004255129205236227162000533833917
047028072150198231053138004433943606
002136157053202030143044004434941506
030007214253215027187202469762645417
047176195096116246215080000803421906
237042071027237042073096000806406606
140066161130116246215120004434371106
097071120002199137224033270326424606
047045155105215177154198040174996106
148137206208244038133045004432238406
237241146050244029048153004435097006
231120120239135079171207004435960606
136050233008073165089031527190044506
223042065162139093087064005873893106
141186045158064005155201004435783206
223011226082220245006233000806386306
096141116200073165110009496500044506
119034060159215162059127566400044306
016012080205237042073093004436474606
224020174160122195111160013260044306
140079224243064005155137004434774806
206209070042244157132105537850312806
030135024087207012138117177316460617
237042071031237042073093004435737606
034040180008202024016180004431477906
226102051042135079171063248280044306
063174096123135079171167004436258706
049152098252131115224148258256050117
231148132113202167131238004435768106
140066161005116246215081004434602506
143153127002205071023071000805882806
016242056115231225123092000536027917
062196047072237042073095000805630206
127092229140135079171079004432053506
149078063148194031028220085204762206
047081091076237042073107000801276006
114242109010198255176050004435388006
047049207195207183081159004436379506
035097058004251073188066396884611417
130150039223231225123076000536163317
057104127189194017239252507500038917
008072209240207008188174004432703006
146251004119202028050220059380105606
112182043203205184032224004432926406
200124200090192182193067502770012317
228079231241205199050005001824916906
075022168122135079171185004432488306
226025158065207001002209004435205806
076177103232207001186130052222667006
113111175115219092207093213450222506
033171121036116246215058118915893906
124247190024240063017174009934063806
097133082094231225123076000536084217
152148105234205211029097086425115706
133213011226199223113012514140810506
063166040176116246215094000804075206
140200069194064005155064000805575206
218225246070116246215252000805126206
127242060180205217248205004434935006
196093065108231225123074000531747817
223007030181237042073099004434535206
022211166043251215115082004432953006
062244174013215177110192004431406206
047048075161205239063083052236129406
044068063152237042073097004436179206
073155112250205212224208004432715906
127107225023231225123079000536490617
213179055109138091020152004431887006
147162117208073165110162135120044506
253102008178205211043179001230012317
147152175084231225123073000532723617
213173027116138091022086004435054406
033228034008205164096189004435314306
227180081078205211049098401102807717
125020145082064005155228000803975106
076122139087207009053128395400102617
075091213061237042073092004430320006
007174128049212230042114546515488117
141236059222135079171181000533256717
047084229098237042073098000804297606
047107005051244157050177004434675406
047039014191205184032163093393429606
056021221086050122037064000805429106
090250143179050123083069000254878506
081175111182231225123094000531091017
197016034000192182140217004434360906
141183211149202028229186004435146706
146017173237202024005070492506520417
047090201176050056157065004436067506
197209039117198192207082259420909006
101188009126202030158085019504971506
044037206168116246215085004434662206
062248154171205187184169004433688106
047110181203237042073094004431304206
148047042197116246215093004435654406
114049170117205098225230265255188806
135243074249231225123075000531275917
073027047107237042073107004430503606
102104053022205180014195497975789406
101160237152205180022222629150190017
062214199189244127158071300002267106
044076014095231225123075000534811217
210030025218207001051003000804528006
097132228080231225123073000530382917
075091211156237042073100370600008006
080105249137122195111160485500044306
044008069109116246215094004433913406
213173043242215255219101052223908806
002088011127199224099094280262663606
016215208159237042073101000806246606
231013221206194043176216000000000001
047124152003240235108141093394940917
239213192230116246215073004433293706
044200215004064005155245004435583706
133076096224073165110129599960044506
140242176210064005155230004433280306
047123166215205066042023004432640306
237241146012199224154086004436033106
047049008161205211058074093394936506
112153219237192166168078507086436317
199249219096205251202111483192633406
070250047016205250091221070024876606
120175116072138030196145404385548406
044072233127207001000039004435930106
050065236201205218153015004456162806
197209039117205113246035261223331506
063175069033064005155229004435543006
064004255129231225123092000532609917
245212225009138147089186080805311206
192044165083050253169183562381276117
139056088016207012129143004431896706
104098249058199137227017281741043617
047033096037135079171158004430734606
141204003237202024007020000805983106
027136153090199169193248037245992006
192044165083050253169183611871276017
213179055092215163102013004434323406
044001085241198240072153000804988306
152154143155231225123091000531884517
103204128232240235108140004436236506
119046101194202030170112099983794206
147145115013199169220096282302722717
244200013172139072053034000800985206
148044157148231225123074000532679817
077023208110251190157126199912134906
153030136010244022031211472180002306
253102008178205033007128001230012317
048157163144205098239253000805314106
103098129173073165109243509110044506
044208054191215161087138000800840206
223007030181237042073097004430578406
098021157214116247217133000000000001
134134130181237042073096004435498806
214018187180050065214159600310044506
044004063177064005155209004433871506
063163079024251196071061004435867706
141183211149202028071026004435222306
197222188038244022255163182650338906
069124051189016233093115624730044506
140200069221064005155148004436015606
196093065108231225123073000531458517
124101052197135079171198004435991706
193253252146116246215223502310008006
148137194057064005155190004434908506
056021221120202167044253004432672606
132218206102135079171132587140044506
231148132177194100116186004435137606
044002237020237042073094004433408606
092047042109192030070237000254576906
096194024140244031010013361732751906
127165136218064005155102118913897206
148137011112064005155202004434615806
062206148038202167130040000803495506
047045155105198247237181040175169506
113187248139199224156157626726452417
073155112248205238171122004432176106
034116218178207020021107315545723917
087196223091199168152226038004341717
235195047178199153050191452625058806
217167249237016230170056523610008006
087014188163138056078018484355032117
022196177002205126032065081002686317
214135150169199223126076644564950806
249070079098199152008023001232065317
089059025026016238145171000000000001
070243078107205187184146000804826706
021068198046199169214066004433434906
100208217209231225123077000533828917
047028086079139096108228004434962906
196115242011064005155055377750950006
047045199077138152126165093395296406
044203079002116246215081004435648706
062226065012205139035162004434493906
119132120171199224155225004435056406
227003020082205164190021004435496706
116163041122199153109209004436260906
077190190097073165111148636300044506
209101063078202029231130431265544617
127107225023231225123092000535895817
016215018228207183082230004436098506
231148132095212230173215004435772406
016036188174050062046165000802726906
197043152178237042073105000803205006
041241072216244029214077004435020606
148071115158139136059148000534847217
135079118091199223125094001431968106
106082231042244248041067647074893817
231128055195205071036030579860546406
237241150018205139168121000000000001
053207218159073165108251500290044506
044207057241205251075014000802859206
044004189082237042073101004432292606
070243078228198247255219000804925106
111017185249139212124082000534994717
097133082094231225123092000530549217
226025000026205126037146400004946506
057012112241199169214136273312557117
072011095103205218245020004434225606
041147029139205187184085004430373306
044009248033116246215084004436325706
202217215109194043149144000000000001
047011002213205216101084000806167606
206157043069205251205066004431211906
213179055116244205227201004434371406
013213190247116246215087004435838406
152041050141192022160221004434921206
064004255129231225123074000533910117
249070079098205200027235001230012317
047110201205135079171167004431504406
059250157191220245007185331890008006
047081219017237042073102004436128006
243054196138215007246013000804653506
016213244038205239062009004432845306
213173033216215177242010004432688306
073027022187116246215073004434863706
213176048137212227179058004432629006
213187199253205112188097004432717206
131179063088198033144017121090044306
248199195198202024006137000800488306
075062217254205219152013000804931906
091157142062192135130167045005896417
016215208159237042073100000806373206
208181140212135079171185000803235406
204003218130194038145242312355414017
099172008153215255062175167672942217
016147136175199170237173000803428806
237042093032237042073096004432212606
213173043239215004235234052222197506
223239038191212030199041004434969906
129048033066131115160077000803234106
114242104196202028140223004434765306
047124135219207012141062093392638706
251105152241205251200174143681138817
016215131012205218014189004436163306
219103120141016233092142275950044306
007233173108064005155149000803746406
044084086034215007237074004433188206
237042071048237042073100004435457206
073027146097237042073101004433625606
244200013172139072053034000802847506
124101052197135079171142004434128406
240083027006192182039102005874955806
041144228080237042073097004434147606
213179055000215177242138004433776006
070243079058202024007067000805130906
044025062064237042073092004433262006
021098062000064005155201004433725806
073171192226139180038212004435283506
016012080215237042073098004430630206
047100179217237042073097004435644406
008074003071205098226248000804070206
119150195105050062046165436112503117
218225131016116246215087000000000001
063167050192064005155235004435897006
128229133239192030080173000255751206
226154184187199224155162004433080406
109209061048231225123077000530817817
206212068211073165064114573150044506
196092076142116246215069000804829806
197061129195199152015184092172386117
108120195062205071032190623480113817
253102008178198193189088001230012317
135214223101016233092142191870044306
196092076119116246215079000806432906
030214175176199177090086004432686706
151198129011194043104150445990190017
007234225066231225123092000531082817
070249139223202031159113336826321817
059170033116202027193245492820044506
047038204016205216103220000802797906
050084215093199169002109268406448106
159226201096116246215073004436181206
231148132163192029095210004435211106
047111019044199169004028004434759806
223007030181237042073106004434457206
075091210245237042073094004434862606
106120086161050251141178068892190417
097132228080231225123079000533590217
223003016103199224156101004433971306
134164179107237042073100025155588806
016201019021251215115082004433236406
044060233212215177155253004436069006
070243079058205180119034000804849606
155216242121212171015068381600002206
239213054069192029186218004432682406
070032041232073165109224634960044506
075091213057237042073097000801797406
237042124171237042073106377140008006
100124028122212195089174455602833906
070068186254212194041172221264038217
255108072237205239062137619474246206
063160211191205213165083000803859706
218225009205116246215095004436190006
213173043235240183035172004435377706
119132120180205212234064004432678706
076084085018244001168186092120930917
082136111242073165065252603660044506
016249228150116247217234559090148417
243054190091219092008017000804463306
015043163104205126033104000806240306
100208217209231225123091000535268817
141236063028231225123074000534239317
210011249116251224088150292325350306
075011030163139212123098457051500106
073027110110237042073097004432465406
034120099239231225123075000533224717
213175201170205211030189052222653706
136053113078199221119039004436299906
016098134156205071047198255654946606
149164124023205251200174004434959806
086037191079073165069059621310044506
075164197082199204114080004435558606
197150168044199204102255173444327317
153173186045205250083139059385099006
112145132054050056159070604700002306
035001034090205184032057494173960217
002249117029199137226171498080338906
053038177139192030073078000253294706
123188126162244248167053004432687706
041144243201205250090089004435482906
247003112247202028050189000805107606
104109091012202118092066644700409406
062254125250205187184005000805357306
251103139035064005155066004435738206
134052166188116246215080004436165006
047048018082192132001001004430309506
015043163112215018092050000800167206
193253252139116246215053460920008006
062210093043205138232162004434319306
117096037154050255049114550906199817
077079219216199153034081626072816606
062199082095116246215084004435294306
072114160177073165073141641800044506
136178222021138030205130092675155117
141183211149202029106028004434686306
237042084193237042073099464820044306
044209181179207001008209000802698606
135243027110215255202178004434991606
076177099148240235109162004435734506
116061224093205113201176514133987506
105139186215193065095010627430736506
016173094072205250090194004435340106
057184217037198192214040001612068606
077085081101050062046165129451097117
044210239177205250091237081184736117
047030158193116246215075004435407506
218225236113116246215087000804988706
106117005230205066140058451480102417
146017019058231225123090000534450417
062211252060205167107229004433679006
148067222062205167104077000534419117
123016203115231225123091000535967917
112188178198202030214199275871510717
077157046048205195114095163905863717
135214201004202030166155004435197806
203119068146207020027073229862083317
047030149158198231050150004432992406
129107151099244067210237004435818806
213179055066205164190034004432183806
237241150034138145203037000000000001
237042067022237042073095000804923206
003144073121205251202119004435232106
047045231157050254094253093390523017
225126066050199170237189116463639717
103119185001194017228064000225976106
044054250170199152013137004433615306
007234225066231225123079000535617217
154130048006194114091139042050002306
044068050068237042073104004434185006
047001206042205187184085000802860406
158029041125205032024003004654849006
112102221231199220209131000000000001
097215177121194043146152612306035717
100208217209231225123079000536329817
072011250173198255179165000803646106
114255019085199153047033438204219917
047022248145237042073107080022955806
155038086116050248122155000805374906
062196047072237042073104000800645806
041225075016244031011149004432633506
200175194142202031094000000000000001
223007030181237042073097004433269206
044054132120202167001145004430614106
223007030181237042073102004433493606
237241128221205139168121000000000001
070112130121202031044084020490899906
237241128205205139168121000000000001
100197034182202024017165004434419206
197056182022194038153122000531545917
141236058177194100125204000535183017
201105075026198209142151577710002306
016012080230237042073092000806266006
033239237031205113207089004434603906
036223184098205251200219297595328106
070243079076205203003040000804142206
084002163120122195111160456020044306
016012080217237042073101000806542206
134090064033207180012010004434475206
062238162133192022160173052232913606
047034208243139143183151004434977806
149016107059199221127037000800298406
213173027120205187186221004432934006
047100160013205194242129004432458706
104160174088231225123090000535129017
044068040039237042073106004430800606
088193162154202028099012100180910017
044026181255237042073092004435025606
044087059152207012140018004434972306
198061016145116246215223175230008006
030054047013073165059028595370044506
096016143220205166126205610672645417
035118053075202028016073633632703206
141186045158064005155201004435774206
025206007126073165104063100450044506
251103139024064005155235004434424206
085054062207244038204221482052998517
154042200011231225123091000534610917
202217215109251073163112572750666006
047109035014199153041109632445913406
213173027113212195089178004430317006
201197026198073165090204584170044506
075091210206237042073106004436514406
114116227109215007246013080003675806
062212177126215013074209004434037606
196042218238205148025190000000000001
142093044231244029242217000805109006
218225193065116246215092000535919017
002192040175202029119024494265307917
030015068059205218074125004432640906
148083149213193065006185005140472906
129048033243212194041185092170930917
123188126160215007140142004432719306
213176048219207001131073004433843006
016215196018205202140150004435011306
217242045043205126034223033893966506
016012080228237042073105000800587206
055234087118192133082125000000000001
140247073222205126037089004434941406
062196105235205239052060000800345206
148068184009205125073157004431005606
097133087114231225123076000531530917
209198085020139218240252000943661406
101235243186198229191094004430183406
047100068026237042073104004435173806
053038195101205202231083634043338606
070223234034205236228042529591385406
049054086246199168152210068816294017
016036124150116246215073004435872406
085030104216215007199070651480044506
044204031063064005155195004436177706
058024020007205184077093000805599206
044048235210212171081016004432748906
047110181203237042073102004431568206
213184192016205217180050004434779806
136053101162212195125025004430257606
062199080201135079171128004431653706
005250098218050065216141283280044506
044068187143064005155209004435365906
146017019058231225123090000531923517
218225236073064005155210004435154206
105035246058215007246013004435963906
238063254254199192036183537340044306
070032085113205112172118588150002206
044026095016198247241196004434360006
070194234227073165065161270710044506
112182043203205249063015004431555706
141236063126135079171190000531951917
103091098038073165228182343380044506
193253252139016198230169247410044306
101205237162116246215086004433299006
101037136067192182190021628615111406
070250047018205126033101070044377206
132130098234199169214058010246487217
016212189171205139034180004430472106
057184217039202024079124001611299306
047049178236212034245183093394491306
218225090007064005155210000805306506
044009173213205249062206066014393506
033228029059192022161217004436358906
218225090150116246215019000803353606
197222188038212227179057297440338906
120160103028207001170061409740900006
047051015164205139035230093392667817
253102008178205164114087001230012317
044001159232237042073099004434910806
198073112021192182250234000230350106
063175189236064005155209004433579806
008075075198205126127247000805532106
119132120170199137227019004431615906
083090065169205238169093481910143306
044058185225212202218025004432648006
218225162185116246215156400650904317
047187080168205035005040004430629206
223010192228207009253109270196015017
044026241102237042073100004432429006
157130192031202118049161318080312806
196040118178116246215019539780905006
213173033206192029184087004434214906
149164124053215177154201004435750817
103173175076198193188208000804321806
200124200090192182193067374180012317
218225162216116246215242388170904317
113111245058212034245141010266449017
062202224191198222244203004435121606
076083249007199153109216004435807506
124021107080202031160116004435789506
128202021146073165059083527600044506
109172056150215167248141544621784917
141216184215192030045210004435322106
134134130249237042073100004435437606
088193213156202029111184538560899906
016012080227237042073094000800480606
135084107064237042073100000804508406
047004169122237042073097004432070606
101160237152240235016039627640190017
140169199221064005155235004435010206
075009212252192167232056004433479906
213179055115138091022066052225729306
146173081180073165105153642770044506
130150037145231225123076000531237517
234121225141212195133124270266497817
044020225246244127158096004435101906
197135179072205127098058004432846506
100124154071139212115173000804732106
044026127111207183082085000805327206
196093065108231225123075000534370017
016234098191251215115082000801865806
075091209227237042073093004436227806
152041050157215160157073004431872006
244014070013207180015146004434386706
104099144109192030028106502061895617
134164179105237042073106025151015806
044196142199205212238199004435431906
047123044045205187188124093393817117
213179055115138091022122052224986206
153039112251194017229143199936410306
044002014134237042073101004433536006
033245039240064005155201004433672806
102051066135073165228025574980044306
197043153096237042073095004432118206
206205132151205113192143308544360917
037068009161199177092155583140002306
044020211213205138232189004434083506
126052080250193065091205004435811406
122016143106202028019006000805091206
040219157003202028017181012533934917
044072067035248200252010004432679906
100208217209231225123081000531252617
062246068023199137234190004435161406
231148132076192167232226004432852906
063174054092199168159113004436512006
044003127078237042073102004432989806
133150048165198240074190295982685317
223007030181237042073101004435855606
091153015192205185136228413220002306
044002217229237042073099004431733406
047033211166251190082073004435050906
109019129148215106052229000000000001
016215208159237042073096000802354806
122137167108016229033180541940044306
223014026221198209135060004435566106
125144005128207020029039000000000001
070243078228202030089212000805289606
062205145019116246215079004433755606
148067222062050123052185000535421917
209089056151050065143178634500044506
196093065108231225123079000534531317
108074086224122195111160241200044306
044049216020215005009080004434253106
083182059155073165073026606030044506
213187194126215163006111004435102706
053162076150207180012223198302696706
044039099208194043181151004436422006
040244221208138145204171404250002206
111053175145193065069015000805147106
142079206020135079171175000801111906
152148062241199137231134009935162206
141236062248231225123078000530831817
062241003118207001007072004435117706
077150089004194100115016381174464417
079058003124202029100134612281418306
231148132043212232185111004435698206
097133087114231225123079000530287617
204240237198215013072176523181498806
131148087034231225123079000531009017
206240150168207012143020513881281517
042204057159244212051065060064241906
044084080231240223037058004432869406
044008134097199153050252004435026206
206163132008202167003144463363338906
044056151190050123200240004436114206
119046068062202028096240093005870606
149042101045192182206116092172646117
075091213028237042073093000801075606
194032123062240183051070163883209117
110127050137205138232164089990113517
223007030181237042073094004432624206
036218200065199136065128115690002206
131210219147199205175237004434601506
047172232055205251200174004432704906
047090125155240235109034004431916606
044084132165199177082106004430349806
013156103011205219223045052233442406
062241119079205203006192004432716506
213175202254205139034180004434462506
047008241027237042073107000000000001
047105134235202024007023000800301006
002156120173205249010089276293387717
146255134111192022167077511162639106
213173033200138091022105004434895406
044027170124237042073092004431629806
075067180034205098239114080665748506
213173033209138152152086052225908306
251103139043064005155135004434513906
099140167105116247217133000000000001
247003184104202024007247004433348006
047124002207207012138192093392733617
202217215109198220158074572750822206
243054081023231225123077000536177117
062205196134237042073105004432949206
237042064231237042073092494900008006
122028053239135079171128004432728606
015196210174064005155182000805882606
205128049144194017229138566062907417
213173043235212195084214052225674706
070028047143205211061139004455581606
195077060114240063113226000803204506
042054127191050065235189257750044506
133247196104212195130156627372507806
127107231134064005155135004435464506
044056146140205236085020004436392306
050086186097202028063132009934981006
229015199068192029095211367134566706
202217215109192030067211572750488006
078027040193073165073026613050044506
008074003159192029170002004435868906
016012080217237042073103004432492006
229012121070205035005042491844319706
070243079058199224099094004433479106
213176048092215163040213004433704906
213176048034205099158030004435545006
002113045174244158136138555130008006
135084107064237042073092000805557606
049205250227199153034081209402816617
124240233123244212137060045125424406
070055145169212171105117316145698917
103240143003192029095217338932668706
030015071107202030188010004435001306
070243078246198228176197000803664606
116152239232251108224008000806406106
073027217212237042073103004435879206
070032085113215018092036588150002206
084116112215131026048030555730044506
193253220039116246215223517300008006
073164088216192029188068000532646917
130150037145231225123092000532105217
075009203237202024004084000806029506
119197075090205211049180004436138606
047119224123251196144149004435288406
119132120173202167077127004435845306
195013158119194031038216263772655817
228202120167198255188133004435130406
114218012025050065235162587660044506
134187037008205139168159365080005306
044006122120237042073106004430322006
137075009171202029116224191591422817
223007030181237042073096004432916806
100235228010050065170173476620044506
044030022239205194242052004434792206
141183211149202024006155004434850106
099035121241202024004125069055956706
223007030183199204110090004435949806
197125250011194207240055004434414806
111215051122215167248146552700379117
198140095123116246215062592480008006
206108187178193065017154568901060817
228202120167205250036146004431971406
239213054089199168155030004435623806
073026247209205194216164004435358706
076177099135198231053187004435854806
103237040187192182060091005873408306
057184217043198032072255001616260106
223007030181237042073093004433623206
085113140017202031169104652551380317
016242056115251190074060000535481517
047100056104237042073106004433706406
202217215109205211036069572750788806
079121155115205219218101554310002306
062217216202244248229162004434655806
070243079058202029190074000803958206
218225196048116246215093004433712606
016242056115231225123077000535078317
062214087185205126038226093395736017
116116069151194031030099094181066806
050236226170050065214212537790044506
141198253060064005155200094824992306
109153061170205250089202004435671506
119132120173212195130002004435942006
063186079088237042073103004431118206
135084107064237042073095000803659206
213187199253205164190034004435335106
016242056115244205131221000531916517
218042024043252248203203354435873217
064004255129231225123076000531669417
053173086002202030240105377675312117
016242056115231225123072000535405117
063166205240199224148156004435835406
030214170231199153096066004434737906
015072171098073165228235587090044506
030216201239199153107037503210688117
016012080212237042073103004432812806
202217215109198193179143572750722206
124101052202135079171142004433208006
213179055094205099159253004430192106
124071176213139010250151222220005317
013024177149202024017225000802685206
044000024175237042073098004433884206
064004255129135079171104000530533817
226154176178199153111147004436188606
021084067172064005155201004436056406
249158180126116246215084004435658406
101214121014240063103161444116519817
016195143025231225123076000534159217
002164224226205126033101004435167306
131134146233192182228244001234465617
130150037145231225123092000531427717
223007030181237042073092004434902206
252171219033193065011122020134923506
231148132158139143181138000802884106
096036045253215163165215000805134506
098161038205116247217133000000000001
153188212000192182088114619632577217
047168186061237042073098004430677006
047160240003207001000068004435396206
140066159231116246215242509690904317
243054009038231225123091000534889317
076177103220244248205084004431407406
218225237063116246215087004435680306
044060234054116246215094000806471906
135243027125207183082162052221094206
140169207166116246215092004434846106
070251197001205236085045084866097217
069070252017138030255208124180232306
070243079058205199051005000805825806
130192008053193065064161599510058706
233037093075205251202072184422637317
016012080219237042073100000801744206
076086009019244003004211004436200706
073155112250205213165175004435851406
244200013172139072053034000800982806
152045085118244158005053004435589906
211210165186205218026115001435220306
213175202107050254095210052225639206
213175202255215255118208052225522006
062245058127116246215093004433341206
243192241109251224228010260856471006
080202001242215027213160010325065617
124247185134205251200098052283639706
195121146026207001008078489310002306
139202127173016229031026635750044306
153158004123202029013031004434961706
044085191238207022024194000802669006
094019222136199171100223531050138617
213173027166207001129237004435904906
073165116223199208057153004455849106
070243078228215167140038000802749006
073155112248205211046046004435676506
044196090249202024016077004434117306
013242181210231225123095000534594617
206046190168139061080220232456221017
101039159082205071047204342583729217
154042203177231225123073000530588117
008069236093205218245025000804048106
062193226142116246215079004436290706
211038129106215177154198004432368017
114244047035219092009137239602168417
044090250199205239062149004432718606
047081091076237042073099000806551606
044036049124207001014133004435089906
062197081041251190082050000803898206
044056166189237042073092004434530606
081106243029199136086074617611467106
140081031156231225123093000530270017
244052137136199177255055211920688117
047111205070251196146249000805051206
204112022147050065143193530150044506
058024255079198209142127000000000001
016012080210237042073102004433108206
213187199235205185134107004433302806
204026009054199192043026507445570017
213176048150205216060107004433959906
253102008178202030182096001233656417
213187199237205218072120052225106406
044027253156237042073105004434582006
213173027174199168152210004432636106
127165143154116246215215118913613706
089224009041205139169073527430808006
016195143026231225123090000531355317
102254154132199221119051443465830417
126047086005199223125061082006543817
044025079037237042073096004435355606
200124200090252248025120278250012317
139248100132240223012081307432507017
110059142227244248165093275160873817
119046068062193065016141093005118306
100197036136202024007238004432213106
197222188038219092126200019030338906
096040136034199137227019004431564606
077098132051215004234057420643650017
197155091164205219059253004435174606
076177103203205071139075004434321406
044220069155205066255050004433341006
249070079099198193186020001230012317
122048066026135079171071004430341406
218225236112064005155203000806433306
101205054149198033051165059384969406
070243078224215161079110000800478806
245098037230199152107093000804531706
072011141000231225123073000531148617
131010245119207001054114004653480106
075055189077202028050242175553421806
075091211151237042073101000806361606
044039050082207012132056000804847006
044094204103050254095245004435659906
002014195225073165091179551340044506
076177103239050254095245004433677506
033188198202205216065031153670038917
047168186061237042073106004432541606
140169207157116246215068004435186906
047081124095237042073094004434326606
131190120055139143018199004433395006
016212018007205066246094004435146806
076188139054207012136072000803626406
073165017085202118062080004455660206
096189183205199223125150455602266406
016212039059212195071205004434717906
070243078216199152112068000000000001
150136121073231225123081000530342617
036218200065199136069106545580002206
225108063144073165081241174250044506
223010207032205180094234151510409817
131208002252199137132015614560102417
213175201181205194213112052224944306
048160030252240063113219432070008006
197143138162198243139045004435372106
044027105057237042073107004433455806
136151110106212030198085000802658506
222081124003139180043007652760164806
101140074090205212176066456825696517
097133017073064005155149004434072606
103245144238212202151081295591594317
042094025052192030046054528365881906
196085001142202030162027482584078517
005079117015205239062170145420686917
238063074219192166172037577420002206
062196047072237042073099000806469606
059182037232202118024061013202440017
148083148054193065042126000536058917
135084107064237042073106000806314206
243054009034231225123092000530238817
200127104211199224099045000803283606
153152216008205113203155000000000050
213176048080192029209119004434062206
070118218237251224117111334144103917
041147019243198192215195004432987206
231120120239135079171198004433264306
129253162185192022167109529890538906
070241050115073165228133537420044506
248106226166199171110073333201201106
204096127014205138232129004435365206
130150037145231225123079000530887017
062194073195064005155229004436156906
044076081197202024016240000800536906
044068083248207001000073004433767306
148067222062205167104037000533536417
044001185036207001175041004434963706
097132071171064005155203004433933606
133189128249192029095211209894566706
044021041188212195071205004436257906
062245204133237042073096004433803406
034108090061205251202136203465328106
062196105235205251200174000804464406
122028053032135079171207004433106606
062207178219244127158176093392744606
223208143086205199050137000800219006
021098062180064005155203004435986906
047100068026237042073098004435726206
044000133249237042073096004433245206
030015068015198253203141004433624706
047032110241237042073101004434537006
148005146205138152126165000000000001
062241111231199171111039004432665206
244199180007193065115157000801333606
047045155105199171104072040175779306
148003126153116246215086004435671606
085024185054050065234116525210044506
205133012253205239087212010290115317
013192167013192167127138004435921806
202217215109194039038112572750811106
044206042074135079171175004433670106
103115136089199222136110592326485106
097133087045205126137163000536332417
103110175051202031147139130152297317
030015093013138145203037000000000001
091127122161202118035010479160808006
213187199245207022045038052225003906
135223056076192029093087005876283606
075091210252237042073098085940044306
233061084017192030028106068811895617
049119025249205216065031367280038917
200000067088116246215210000000000001
016012080222237042073103004430600606
141236058017231225123090000533846517
063166040176116246215094000804448606
016011124170199177248017650985946117
058199164097073165109094566340044506
113129056122199224102173517893672517
044062254083207022045110004435643206
197190098123219092126152227790338906
200124200090192182193067051080012317
237042094139237042073101199080008006
021120110120199224155060004435941006
044085125253205219223045004432675506
086051046190231225123079000534081317
149158111124251190160007082262769506
210022110204198241226021009932604606
044210072157131115180171004435730606
119046068062202024004114093003978806
073155112250252248203050004435000817
044007060143237042073098004433352606
226154176178198254094250052224967706
206220224042050065189086531630044506
119046101194202031140026099985003706
213173027165244158083125052224302806
044204082126116246215084004433842706
049017059045205211002109325925348306
087247164167198033059147129430936017
044206241150199177092068004434282906
237042071028237042073095004433380006
109208066136073165080119076750044506
082137097106192182234214000254164306
058096037091199170238018000536051717
213176048144192029185105052221012706
119132120174215167112218004431173006
076177102192050123202080004432642506
047176173237244205129212004435920706
131143133229231225123093000536396817
196177033039207183083066004435527206
096040009235199137227246640786077706
122039017218215167248138510115213806
044025168013237042073100004435071606
134134130178237042073096004435424606
210008097026199152012216000802519406
016012080235237042073104000805526606
224115018240194115211034000805296306
044221094081237042073092004432103806
119046068062202118045209093005126706
021120111084207020027128004435030606
076084036044202031094115366366076117
099141080150116246215232503460148517
091194156106202118094196257660005317
066137093054199177248170004432657506
197113104040192132026031004430187606
047160014096050254103162011193032806
106123167120215106055127030743836717
226154176178205236095117004434867606
200016024008205212237255004432626706
047048015047205218033001093395139506
044068128199237042073100004434451406
106131112112205166044149000536265717
096099141081122195111160552760044306
087156227144202027171221351390002306
016147139138215163007002004435236606
016012080208237042073105004434132006
033245039239116246215084004434935006
044048190113199171104070004436013406
016242059088199171090115000804095906
143170201007202030039206551190812906
231128055195198241224216579860548206
047119121078251224229124000803421106
127043088164198033144049356160044306
074226187057199152114078434192280717
218225090099116246215093000804167906
131026056214135079171063084340044306
123080241227050123065244004433792806
203250151080215006173232115440555506
147098034040244038133045069010829306
197043152174237042073092119080044306
091231199056205230155012080802658706
047101064034237042073093004430637606
141236059125231225123074000536431017
008074003059215176008218004432784706
213173033203205218008061004434525506
044025250041237042073103004432839606
196094099188064005155245004434802006
197056182022194038153122000532376317
247003246130202031027064633376045917
083178182079050065189199526730044506
089183223105199169198149080855246106
076191124074251073189082004430468506
097072198083073165080122575920044506
015076043098202030194212459993629717
213179055110205183036082004435655906
213175202230205127099055052225181106
062206164043064005155149004434494606
085128120063073165054202567930044506
213173033203199168233115052225658406
223003039002202030076065011940102417
044002171124237042073106004433842206
213179055007198231053138004435267806
079248251094251224119142071452424717
064004255129231225123093000535050117
137099194193050065138177525170044506
016012080222237042073094004432650006
123188126215205250244106004431071706
047101031176205239062133004435050906
033241124023064005155133004433850906
044048051090252248201161004434148206
210061102007215177154198004432923717
146085086065244029024093259112876117
244057135103231225123079000532732517
149042109042205236092073092170930917
063166197031205200242004040075297806
016242056115231225123076000533345417
140242176157064005155231004436426306
124101052213135079171167004433264506
196043026097231225123075000532482717
148083149241194115213194005142280406
033182062115064005155231004434965406
218225236202064005155132004433454106
073027217212237042073092004431972606
030214173025215177176029080805981706
136227068188192166172041482290002206
140065118211064005155245004434917306
253102008178244029086093001234277117
087062241185205098029169004434170606
074144115206198192215078139682309317
237042064228237042073099004436169006
047091155159205166057034004434062006
223007030181237042073095004430825406
021120124164050251143236004436095606
044002171124237042073093004433785806
232130110072231225123076000531145117
202217215109192167127162572753888006
073155112254205217254181004435097206
044027179127237042073095004431686806
047090055130199171099206004434405406
016012080223237042073106000805249406
197155091164240223037058004432760306
139130182253016230108026495910044306
200124200090192182193067312020012317
044054132024192132029219004432632106
016034200174064005155180004435211406
044007154224240183035172004434833306
100208217209231225123079000534469317
223007030181237042073098004431986606
049042125100244067210236558980243017
047111008241205164190034000805028906
084206088225192132183175410820044306
103245145117198247238054064360102417
197202025096202028087189004434994206
070032085113205239075249588150002206
062250037212215177242054000804650306
086172226219199223124199489790411006
214132085045215019235078543764961517
030149018220205239049229446270130317
129216143181192182008227000254712106
119132120169050062046165004434494106
050070039115199169194038543080008006
243054196203212195132003000801751706
237042071036237042073106004434226206
208181140212135079171167000805848106
225126008142202029118135126110002106
109216158089215013074081501312723017
131094163046205164112077004434976406
013217142046205139035230000804972706
042094241127202030147107000000000001
153071177240205249003219004433813506
062193226142116246215070004433890106
103222080015202024006013000801594806
047160192200212197179112000804458106
123188126243212171082166004435331106
087096200005199169214181099794631517
076177103199199169025053052221785406
149042099213199153105129092120930917
016195143024231225123090000534895517
213176048154205185134088052222884706
049119025249193241060127333170038917
113169123216205151251253501065623006
135168078154064005155200004435534006
053090062052194038095026208180452017
206163032217073165054137119650044506
121210168158199137227028030741532917
159196174030194017228003543920044306
139068047077199152005234473150103017
062201225090205166055177004435761106
047090110009205066136143004433482306
021120109089207008085106004435199106
064101255160194031038216068832655817
106162017096205249048218413064964606
075091222086237042073102574220044306
213175253224205166051202052224162906
129090144128205066043130004435766606
113105034060202118039133214324983506
239213054085244001198242052225688306
044048046178205194240194000804805406
062199045180139096098160000804321006
058047002066050065212170528420044506
013192054125251224032197004435063306
050074105080202031172078004435185606
047050187087215177110003093393852606
022196071156205184032057081044002606
101002244189050122105077175055959506
073027006102237042073094004430577406
044007004233237042073107004432942806
131134146233202029167070001235419917
044199107108202024016144052235199106
206157040179207183082178004435943606
131134146233205217086241001234170117
243054009034231225123093000532592917
140169207157116246215085004434851406
110188016068139180045192514131326717
124021107080202031160116004435789406
041144237072237042073092000805193006
047111131232237042073106004434690006
225197118110202030175172004435984606
213175202226212034078227004436368806
044025250041237042073101004434307406
021120124193205212182061004435019206
239213054026244031009024052222661606
044043158005205066159184000532112817
086106177176205185134078000805787106
213175253253207001131121052225366506
088048038163135079171204593460044506
048164135139215162114038000805812506
213175202226205112191208000800683706
054167003174116246215012000000000001
213187251107116246215092000803833106
044018218232205239062099004435129606
146017019058231225123076000532880017
195077011029193065028114059386372006
239213054069205166063052004434629906
047039014191199171105155093395830006
247003110196240223037058092170930917
048157163144205250088182000800653006
210011119051116246215073000803444606
062196119218064005155229004433576106
096039014135073165065092216700044506
082060013220192029094254648930312806
049231082124073165080175626520044506
062229173239205055128122052232664806
197016034086194031041024000802829506
044003062111237042073096004431042406
094031105004199171099206539183708617
148067222062205113207250000535065917
193253252158116246215053066810008006
032152018166205071021003329334489617
074043012228073165089138619980044506
107059201131192029212175549400102917
249070079099199169221151001230012317
237042071032237042073094004432262406
044204116024251196218143004435072906
104099071208199177188018467482811717
100132063087202029124199569233011406
047113242222116246215071004435286106
101160237152205180122220629150190017
116069050219202024006177004434260706
013183086055205164096147004436431706
036218200065199136064001618780002206
212143024179116246215242604130904317
073155112250205126137053004435137606
073026208156212230060035004432749006
044002161222237042073093004430715406
012071214136231225123093000530829317
100235152173050065214195482960044506
016012080212237042073094004435240006
130004046201192030084125000255738806
047049082194199177245230093392892906
068082220150064005155149000804158406
075247165151116246215069004436440006
200172176231135079171145542000044506
050094051071198228176162000803014506
119132120166244003249228004435001306
047034184031237042073102004433683606
062207069130215177242134004432645006
237042093034237042073095000803752806
232188027044215027088009004435399006
204236045120122195111160518720044306
213187202234207183080049004435446206
030015077151205139168121000000000001
044212106247244020134228004435553506
198140109072116246215223625120008006
096036045095139128098173004431575406
148152007175202031017091004435829406
223007030181237042073099004435352806
143232086154199152014234050573221617
073027110110237042073092004430713206
092019103091192182013249005874231006
127043093160205139168121000000000001
141137050167199204069162004436176306
044068041184237042073096004435268406
048166142246205203039119080000113517
047001159034205219056233004435775606
127242036033064005155245004435309706
096016048162205230082162089996180106
197042128219205113207089000254539106
021068198047205251205243004435582506
153173179053198241226023059381459006
047045211102138091017061093390581917
140169207157116246215068004435177906
108120214248122195111160329710044306
100174193012199177241169536823373017
131151065185251190010037000536301917
121149058110205194217215480340821217
153053194191202118095157034785622917
070243079058202024004157000800772706
008069236091215106210138000802708806
044025089100244248213082000000000047
231148133163202030146151004433804806
074109108178215018095077275762681617
070032085113205211035055588150002206
213175201172194043191034000805232906
025083123062202029214164010273781817
239213060015205166055177052224013706
050029012149205098232184000806428206
070231208183237042073098000801413006
201001229085139136059143000534793717
091177248076252248025120002700012317
047160161102116246215093004435686606
058226202210244089100220051564995317
041162168185202031171188001436202706
063147165245135079171185358680167606
049225178156064005155100000804585206
128116066098192167122040005875285006
133038052067205218158090264451670717
099194131201131026048248512790044506
099112153173192030038001603612418217
152200233220192182248108004432642006
103245144003139061080223199583678917
044011094074139005144060000804143806
047100034065205139034180000804576306
049101117017073165064071604460044506
153039112251212064083126199934915406
147138054221050123081161000255554706
224244117239202028097057017554953406
064031252148116246215019523080905006
016035125209244022242005000532968417
047020119103202024007182000800704706
123188126215205184032092004433682306
147003010068205113245002040013073306
005095156019198209155142014086361817
044076070039220245006070000804930006
237042094128237042073105004432094006
044220069184116246215057004434849406
016012080234237042073100000804042806
070061183140199204112066512022815917
044003214238237042073093004434789806
142208122053138145213181000000000001
025196055160202029230117038001167017
142215082130199169214219004433795106
153039112164205148025146199926240006
055249057157073165079068629560044506
231128055195194078242220579860546306
073138247041207180053046000802664406
239213224190215163103069004435455806
048111024206199223127236331910114617
238063225054244205077057328580002206
233035191230202031130249589471686917
107093245138202024167040375556372417
251000215137116246215061323440008006
044001159232237042073092004432683606
044001009033237042073106004432435006
041187236101194042036105068813047117
150167180122205125074118004434507306
047001206042205187184085000802860306
047011184196237042073107004431039406
044023048236199208062059090014610706
204197109011202031151125182460899917
223007030178199153046202004434982506
047160184017237042073107004430344206
231148133109199204096002004435317806
237042065011237042073103004434125006
016012080208237042073095004431889206
044036032038205239052047004435404606
197210254141138030255233004435077706
213175253208215177242010052223592306
016012080223237042073107000803967206
063164019254207022024221004434105006
128060216086199171090115543863988006
016046204180139136058073000000000001
084193221013073165054233494810044506
076177103199194043185076004435537406
131058204210244029241023086665072606
084206084034122195111160236740044306
124045222169205236228027004433814606
044085248041205211062032004431098106
107204106066073165090211514240044506
129048033243050253233250092170930917
210030029151205251202236004434775506
237241139074252248025021004433693306
223007030181237042073104004436459606
136053101161205126032069000802700206
062198118118131115160069010034436406
108127105068240063017146592060155817
053216128219138145199253202842734817
050075028226202024005185081013292606
218225196048116246215093004434887006
244057102128224134173121465620044306
016248186117199137234111004434967806
092019103091192030034152005873723906
021084065137116246215058004433916906
040005211020205032025040000806208906
212143024172116246215156544110904317
062208025157237042073094004434467606
044009185146212227152038004435333506
196092076204116246215069000803908606
113106122012193065091205000233833106
200222118176244029048171000804969206
105047058216215004019210033896418506
141236059137231225123094000534418617
027024143146205180042233005874270106
072011141001231225123091000531314117
206163133099199153045020581160312806
231148133116205239062170004434934906
049104122172205164127233592796135417
248073190009212232224115233551380317
064004255129231225123091000533130617
062217192142198231051131081060220306
130004046201192030074173000254245906
249149130217116246215094004433994806
125206040188064005155244004435354406
013219045203205217254219004436085406
197043153090237042073094000805771206
007169052102202029078119341685260917
086039249099205199051210011701483417
058214208201192022173005188105716506
094223238192205251070019435540905906
196054198206116246215087000804359606
141236058093231225123075000532144217
016215208159237042073100000801162406
070028005198193065050246634570002206
140169207157116246215068004435293906
213175201161207000086021052222642406
098118105014073165111035619560044506
035125165190193065011181004453710706
213175253214244001198242004433954006
196043026097231225123076000530235217
047110201205135079171198004433359806
131192122227237042073093004432450806
037039107159193065103166458664926006
116255061152116246215076094823997106
041162122177202118054182000805949906
047080003127205185136200004435017506
097100072176050057215114498341784206
140076018202205125118118004434973006
197122065205205194208253004435406606
044026009006237042073094004433558806
111029075044205035005042268544342517
113166099112138152126233539925608817
231128239039205212182066004434971506
044021182125244022242184004435408206
110166230087205166055032042870038917
123081154243205217247056000000000001
213173033194198231053138004433484706
207149154165205250094132368762768417
128103112127073165109020514440044506
070243079058050123083114000806091906
050226043044251196218185198415856506
007234225193205126206093000530900517
044004098210237042073100004435039606
073027028043198193185201004433937706
044222087070192031126100004432791206
016242056115231225123094000534278117
097134081196139180034162602503327617
044051066251199153096064004433449906
119132120180199152012132004435732406
213128076126116246215223485820008006
047059142049205236237226004433784906
044009199225240235109085004436032706
127107225023231225123081000532702217
136177105248202031092110554825432217
131134146233202028019191001233409817
030015091118199152011063537303595017
155038086114202024006254000805577806
213173014168205187184009052224954206
042090035210202030076051574444614206
216038007091202024005143004434895106
116246198149064005155066563560148517
044042091228212030170141081021575917
135214201051193065093058000805166606
096243152076219092051188124825117917
134164179104237042073092025151296406
016237093079116246215082004436108806
239213060025215177154219052222714806
047030174080199208048165004435675006
104098049233215106055010508315854006
111129167003199153096024558850808017
122139039152198255187185004435583206
080204003125205071140042645185863117
223007030181237042073092004430867206
101191060106205127002231405205903717
119132120165205071047237004436347606
016012080225237042073093004434325206
041144237133205203002031004433334806
070028005198193065050246630330002206
062192098194212227179146000805054306
195071044057073165069016634090044506
136141230106139005144253491600587017
231023054004244067210224067835318117
218225236115116246215087004435892006
116247141217116246215113356920044306
085034240109073165173025527520044506
033245039194116246215081004433494206
223007030181237042073107004434547606
092004116167073165107124062420044506
075091213012237042073100000803630206
076177103211050056130221004436104306
036223184178205194212091333540808006
044026234095237042073107004431721006
251103139042064005155232004434902006
243054190091215019012232004435759906
213179055067205139035130052222718106
063163178208240183050076004433604506
137087027115231225123095000530923917
073027006102237042073105004433424406
197061129195192029095217092170930917
131058204210205184035196090205895206
130004046202205183043024000256080506
224232242106215022038214000000000001
027253001243240063101208527160900006
050084215093251108156187138504938706
197159037055251196216025000804400406
137181043112205200226118000802654206
122048066207135079171071000804228506
151033101034215162113128564615032117
044204220173205251206093000805662106
041146168035251190082050004434052306
130004046201199152106060000255964106
249070079098199152014230001232939217
062211209076205066251229004434910906
238204073002199169200080000805546606
113205086079205212182122000000000017
044201196116064005155209004436233406
047011184196237042073097004434778006
016227153249064005155192004434817606
239213051201198231048022004436470806
099214232144138030205130127855155117
130004046202192182210016000253543406
030015088155212194090176004434022006
206163133099199153052177581160312806
099141080150116247217026651930148417
141236059236205185131013000533520917
055249057091198247245249068821022717
137089086164202028017217004434515606
044084080103050123066188000805236806
132208229174205184032208183690683617
016012080205237042073101004434705406
076084236255202167077051080705035406
151198129011194031026055087650190017
109024127042199169214080271314176917
053045254255199153100146412475639117
074099205208207180051185537764942406
076177099131205187184009004430478406
117027110204252248203051247064596917
070243079058198247226054000804846006
044007243054116246215081004435574806
202217215109212196052113572753444006
021068196216207001013094004435964006
229019102056212195128205606845643117
044054121176199137234190004436390206
147065046118207180012223000802845006
131225228102135079171202000532712917
063170207073199224156157000804877206
034092101112138075179222044860044506
124028123165231225123078000531894017
057184217043202031226202001614938006
105086194172251073189165520142626606
148067222062198255172230000534083617
197152211209199204064086033330421106
047034184031237042073095004435744006
135072013018244067209230416983365817
030015093018138145203037000000000001
030214173105199171096213080805346406
085153203206205199056110619460044306
047004019086116246215049000804113606
125024113233116246215094094825056906
195008180071202029080117370905239717
149053203018205125093052004432734506
097162174160198247241124030740102417
082129048227202030126159362015578106
152148099157205239087212000804671306
075065051038116246215061638690008006
070243079058244089100242004431525606
072011211074199224100174000533424517
058101132212199221119115004435482506
213176048139205187246158004435052506
228079117030215006253045004435093706
136227068188192166170094585470002206
016011104228199177248201654224860217
239213054013050254094249004434049906
070243078224138146063253000804681206
213176048140240223023051004431173906
044002217229237042073107004435793006
030015085230205139168121000000000001
077100108232205238171102142850115817
206218089186194207242161348572071217
244199180007192254112015000805321806
213175253246050062034042052224226406
089179237174215013072176131014262606
210011218145194042203201613263730006
016012080229237042073092004434292606
112081189113212230042118001235233417
044035237077231225123072000530885417
062255101006205035073041004435121006
016012086148237042073095044442016406
047030158193116246215082004434124406
025083224219251224088146270761742117
237042071022237042073092004431819406
047034190173237042073105004431326406
150154223092138146063253366052153817
148152007175202031017091004435813406
134014050209231225123073000533219317
210052088234205219154165009930823806
119197075081205249049031000255259506
030211066069205239062013649565741717
063163079024139128098174004433681206
062204187249212195071082004432413206
136066149083240223213144000000000001
141236063126231225123077000532291117
211210167021198247251223082804986306
201044213122122195111160607280044306
075229000151116246215093004435469706
134220150184192030127243000805762706
016212248233215255217207004435308306
096189177194202118035010602730808006
103195139028073165034207181460044506
044020126131135079171158004432524906
048166070240205139169073507410808006
217162117168016229031166015940044306
073155098049205218074002004433877506
078013059063193065070237000256372306
247003134104199153102134004434936106
197034154103215018244002004435414106
016012080233237042073100000801731206
044094152024237042073099004432128806
062246176017205216101084004436166906
044011175249205194243087004432349906
223007030179215007207013004435083506
062253205248199168235198004434679506
044027179127237042073099004435016806
113046183062199224102173533683672517
007172003247199224155125529642166917
081037244236205194245046181802292917
013025113236202024017169000801889206
077125079160205200149026396422657106
062197057040237042073106004436405406
124050093149205139035178004434920106
002184053184192029095211495215718617
158049189055199136066021539615806706
200162003045073165108013641020044506
047170254249237042073099004430977806
047123136195212194251014093395090917
223007030181237042073096004431100206
081106143101205249053052493953830517
206187052191231225123094000534641217
047033113158215163007002004435236506
044003159019237042073096004435039406
075091213028237042073100000801096806
030182042096193065074093004432656806
092030149149215004242075132520204817
119132120180192182248108000802633506
075110155167251196146070000530205717
107042219077244248204037506405814417
008075075159139180042109004435092106
021120111083198193176013004434950206
050050183076205218153000004434967706
251000215220016229036209608750044306
040244221208205212235226400380002206
016012080224237042073106000806306806
041150227113205112188193052225749106
062198118118131115160069010033551306
047184035069138152213218004432741906
124215192044116246215068004433583206
124045100204251224253098376753344217
150068030072202167046207069240688117
073165225141135079171002044555931406
091126129013212230042094139872482217
112081188215199168238079080685218306
016207101091205098239106000000000001
156136143028199153033170082200134617
063167050192064005155235004435866806
135243069076244248141159004435712006
097133082094231225123078000532943717
113167047131251000115140425414821206
203196027169122195111160579120044306
108043053024199177255239004432658706
237241146015138145203037000000000001
033228210242199220216147000000000001
116247053171116246215106559960008006
032043022031202029248185465066330917
148019225205135079171128000802647506
070195058084073165109217653780044506
101163153219199153099166561250002506
016215004185198231048022004434017606
112081189113212171082166001233434817
213173033205215161115235004435716406
250015194089202029006014638932167317
124101052195135079171146004436141906
055254222082199170237185010311468017
062205147251215163112217000800203306
128087134179192182150187004654518606
197039058205073165108139493860044506
211028078204194038155242004431268506
044000133249237042073101004432638006
075062217254192029092205000802624906
242238057078212195084217523124915606
200124200090252248025120144410012317
217167249237016230170056524560008006
135033217163198255187053004434402406
213176048213215177154219004432628306
044035131072207001174138004431967506
197085004079207009253109011942743017
231148130177205055135026004432634106
047050124164212230037156093394618406
044005076192237042073107004430295206
047006035201212230042080004430263106
149078063148212232238108085884919006
223047225084207012129086004435103306
002002130239192182234227004436214506
196054118239205213185204093392633506
044068041184237042073105004433230606
131003105161202024016097093392516106
135231061242207008086202000535675917
047049038241205239062149093394698606
044007049164237042073106004432211406
047177171245205218012161004435343106
123188126106244089149057004434999706
016012080204237042073104000805657806
073024250052116246215070004434443506
092000237201116246215156645970904317
016012080223237042073100004431563606
106215144157205180043185004654699406
062252048171207001164177000000000001
123188126106244031010018000802692706
127198129018198247233163171690012317
064031252006199153061041497840905006
088088013137116246215221000000000001
070243078228198209156037000805061206
121151051251192030034151005874997506
239213054093205187184009004432959306
076102091254244029048153089995318006
070029050044073165081191059900044506
044222229120244248042061004435399206
208191037178194102244097004433985206
047108127139237042073106004432856406
036081119112202030189132651560104317
195069027212194042041052000804079706
254116211058050062046170092170252117
016038070050116246215066328340008006
044002185107194043191189004433943206
218225090010116246215071004435917906
237042094172237042073096000802440806
025196191141073165080155630650044506
213179055031215177242054052225091906
131003246189202030053137004433783606
122064052062215027185050000804882606
239213054023205187184126004432687506
015043183026205239050177000000000001
073155112250194115167071004433352817
249222216042131026013083604960044506
044026075184116246215084004434325806
213175201184205217245235004431171606
047038242010205180139218093390185817
131000232124194100113185080945119906
016012080208237042073102004434508206
044058107074205195120122000805770506
202217215109199221121231572750855006
157021034079202029106124000000000001
044004213176237042073095004430357606
030015083156212230042118004430917106
091029124200244022196149000800444006
119132120180192182248108000802633606
087008172084073165034035149970044506
041144139114205184033072004433280906
141183211081202030106059004435127606
203189068232202118035150214996380817
236205181213244205242178638406315906
218254240053215162059126088300044306
063160129203199171102244004434088206
037139248182251215148115605200044306
153071180072240223214140000250476006
021137021052064005155247004434766206
197091195202205071047255004433448506
086117192184251224005137591414947217
197043153086237042073107000801548406
030054086185207180015129547500451406
213173033216207000086042004432647806
044008073250205239062170000804137006
119046101194193065000178099984417506
009014137118199153059197000533541117
152148101101207180012010085165026706
232188051070194031039055004436263806
070109198105240183048184318810002306
238174144020199171100210004434319506
140169207157116246215085004434851006
016012149002193065050114004456111806
021120109080199224154086004430364206
062197064083116246215080004433829406
016195143020231225123076000533348017
231232160188215177154208587220188306
195215046042212195130182347880808017
053216131124207020023006321451846817
213128195152139180033116068815644917
247003110196215160157147092124528917
044005076192237042073096004431685406
237042071035237042073094004433172006
238063074219192166169161512680002206
121201027074199208057086068822197617
148003126058116246215079000806253306
015078051115205184032057089994151606
053192217109073165109163506140044506
044193255010244127158066004433005306
114242104184205164112174000803777106
244200119057202028065202004434951606
047011174045237042073106004434111606
106103231003205239062157089991836217
251000214132244029240023244553976717
090051040005205211048021000532535717
196043026097231225123078000532148817
044010249105205138232131004435831606
140075193213050253170248004434957006
219103116034016233092142523040044306
218225162187116246215241386120904317
126055167112202024016179000233153417
070243079058202024006189000803404006
100208217209231225123092000535363717
238041002201138152126074004435971806
149042101045050123066186092123579217
048166059154212064068193004433874006
047101201186194114125249004435687306
016242252180116246215069004436134206
070212158076194039040069178505845606
044001185036207001175041004434964606
231148133008205164118213004435142406
151171080158205126032164000805143606
016043068168116246215232469960148517
044004199049237042073094004434997806
074109126221192167232180607946244306
124101052194135079171146004432871606
197189051123199153055036251960005317
033228168007194114091140004433972506
109241220074199136103089456323035417
041155012195231225123076000530531317
085237198026122195111160478710044306
044039165043199137229232004435858506
232188027044199135044181004436478906
090031228034198247245063424080243306
076177099148251100143073052224933706
016041210132194017229034000000000001
231120120239135079171145004433249806
016032017174064005155189000803721406
047191036086202024016196004435760806
140169207173116246215079004433940506
053196245230073165034052519150044506
106215144152205183040158000255266506
047124086122194038094202004435694706
008074003062215013072176004431120606
044207102142205127098058004432846206
213176048218205185134074052222696606
227003145126193065095010004435040506
044009208074116246215068004434934006
128199008194231225123091000532911317
077075008155073165080052636130044506
148003126058116246215086000804217706
196042219073116246215029000805287606
047100038064237042073101004431914006
044008165211199169012057000800225106
197109216211237042073107000805351206
103222080015202024006013000804594506
218225090003116246215077000804761906
003144073158205180111227000805348206
135084107093237042073096000803049606
044004081143237042073097030002121606
096044009067212230042118061124859817
100208217209231225123077000531633917
223007030181237042073099004433873006
062248167216212195084193004433730206
076177103211205195127170004432948806
076177103227212227179066004434306406
021068197202199152008035004435682306
047101125233215007140142000801452706
075062217254192029063002000802647606
243054196146240183051086000803376406
042204053160205071021217060081168217
228079217254244001020026000804991606
047032016048237042073096004432605606
126168069063202118062080004456445806
059178061245207001003192507112881506
059175055167122195111160549490044306
044027144165237042073092004433768206
135214201034212064144218000805670206
044202164089205137111233004435629806
032191132036205180215113004430228306
075193119209244067211094000805020006
218225236219116246215242470620904317
016012080211237042073095004434027606
044214050067050122229067004434036806
059183152198202024004032010274101317
073027199013237042073092004435295006
044003061204116246215080004434822306
155012000176198255165253462690002306
062212227132205236254229004434921406
231148131084138056034209000805846206
135154083114064005155201004435711306
153233112122135079171128000804068806
044200080024205066242083004435149006
099030207042073165108017536930044506
053115044005205249050218448933559117
016195143026231225123076000534732517
016043068171244020056039375680148517
135084107093237042073099000805166806
048213171007202028116110080016046706
076177099130131115008089052224640506
044002014134237042073096004434964806
134194243076139212124060019353653206
149042116181205185134086255650213706
199089017083205180073171339163036317
096001238016116247217133000000000001
223208143086212232015108000804566206
223007030181237042073097004433890206
003130126206205180036067000532676317
072011211058231225123080000534680317
135247215211198255185220464010062306
248199216217205250089114000803859306
206237034064205218159072004434957606
196043026097231225123075000530836517
141204003055202024017144000802830406
239213054073199169027112004432664706
148137139137116246215093118915169006
063174070247116246215071004435693706
099158164219212230042069648541714817
218225159113064005155201004433730406
013156057212139061080082004431655406
135084107064237042073106000802323006
213173027112205217180050004434707406
075067180034199192043056080424025906
047032110241237042073104004434683606
047101246214237042073095004430771206
114087189000131026013034611140044506
005233175055215004232250296025855317
021120110123205212183176004435278206
131174243019237042073092004434374606
016003076173192182221166653212628417
022196177002205126032065081002709306
050074105080205187185213004432632806
085144244111198247235138105330103117
062228103206207183082125052234369006
114227071096244089149057211675707706
057184217041050120112154001610289806
042038151094205187186044380314661017
140065118211064005155245004435864806
044060241131205139035162004432745106
149042101045050255212241092172671317
141183211149202029190233004433287306
070243079058202024007235000803251306
195066129062202029095234238303779817
003144075154194038155002004435251406
196093217014139113197235346840905006
211038129069215177154200004432684306
044030138037212230042095000800259806
218225196032116246215086004435042906
047038020032205251072219093395011417
044072159253199169023160004434524706
152027061241192182068103352773343517
055255067021202025130143446140002306
197043152152237042073097116780008006
087089061089215163006039167620121417
057009222054240063114123262430141217
025205010039073165065175535550044506
149210190012205113192064004434456306
208191035052215013074209004433773506
073155112250251215148159004432654806
062217037078116246215079004435630206
140065118211064005155209000805683006
044032146163205200242139004433900506
016012080195237042073101000801304406
034230243184050056082029241092725406
098077049057207180012223644855383506
067180091140139180033116068815644917
042204060035205213162073070080718617
050084215093205199060242268405850606
245251240202050123065253589833977406
044214158018244020058201004430154406
034111130094215006071129000803504906
141204003055202024007246000802067506
200222118231205239062013000805077006
213179055103244212229095052224558206
200016024026202024016098004433444306
135079185185135079171063206300044306
253102008178202030089078001235091817
091194097011205218158067535752066606
044219076043202029202086052235146706
212143024172116246215157544110904317
195084012113050122228221531085695317
122016143106202029034163000804287306
073027146097237042073098004431749606
072015162254198255168090546730143306
110100128124131115053042467005317506
149042101045215027234134092170930917
196092076132116246215079000806399406
063166040176116246215076000805528406
062209244081199153054024004435014106
070243079058215163004250000804380606
203046053212202029214164000000000001
204006030207073165110158534480044506
075067180034205148091006080424925106
213176048187207001131073004433881806
100204190048050065212043536250044506
209036151213122195111160599870044306
002002132227215022050173004430497806
047170254249237042073105004434943806
073027099015237042073092004434638006
253102008178202029228075001235427717
156243060151198254094146000532979917
016212030118205185134075004433902806
237042124167237042073104113200008006
044085125031205219222128004433679106
224214007238198240073077214290688217
016012080220237042073098004430722206
156178224196138145203227121990044306
119046068062193065046237093005037906
155038086098202025073072000803638806
044025250041237042073097004430350406
076177103250251108156219052225919306
106163161069251100044234557960002206
058231246253073165069149567890044506
044011062134215007246013004435279806
197127060058193065075082346783105217
206240166219139128098174004432983606
072011211056231225123091000536249517
072075188189231225123075000530516317
016012080206237042073105000803098206
131208002253192182140199614565073417
197155091167050120061117004434693906
131170083102231225123074000533204917
036153212204205249048002000000000001
041155068095231225123080000532015917
135243027125207183082162052224013706
063166173173116246215092004435365606
127249137006139010250131641740008006
197077129080244022111220068810107717
070114204038205211056089641980038917
044024116039237042073099004434259406
203166236252215255200013068810248717
030214170229240063017189004435458506
044050020177212232088044000804306806
096033077056073165059251433370044506
198238146079205032025125497735905206
158048155078199177241169010531527617
047109074090237042073095004432494406
109239191015212195217197555525682917
044049198030244212229043004434373406
012058023045116246215086000804382206
044025010021237042073092004435703606
016234099208251215113218004431358506
134164179107237042073098025150425806
104072160201202030142244591715433117
231120120239135079171207004432968106
237154241207116246215087000804002206
015035035111251073161240209210744017
016003076164194017237222650053733617
047110160103237042073092004436264806
157012184168202030007073631180002306
206218135031205032024094601371452017
223007030181237042073092004434902606
047045155105199171104125040175060006
194166150253202028201134477904000417
196093217212116246215085469460905006
131175184159207008191237004435451206
057184217042202028092086001611383506
030060235025212230228014089990120417
047188004183205099152195000803608306
127242060189244003243244004432779406
201096073050199223116244004435045306
047170140165237042073099004436384606
044002162165237042073093004434445606
196093065108231225123079000530518717
016012080234237042073103004430243206
042094076208139061080218215101799817
008075075198207022030240004435128506
047084229098237042073107000801889406
131225228102135079171198000530332417
218225091066231225123095000531649417
223007030181237042073092004433546006
147250115083199169086053000534788217
134164179075237042073102025154823006
062197223100205183123112004435153806
041155068095231225123079000534869917
099140174201064005155156000805042906
002002132227199204111095004435522706
103240143008073165104107641680044506
196040118182064005155148616220905006
016012080212237042073094004435074006
119128008123244158137090004436243806
044093162210205138232140637812767106
134009120193231225123090000530374717
122024154236064005155231004436523406
193253232026116246215223520620008006
104053087217205066060067010362523217
213179055068205251205173052225155106
140169207098116246215046004434342406
083122199190207001002157142970555506
148112067135192182150147000255330306
047125131189205184032218004430267306
208191042093199224149134004435913006
223007030181237042073093004435499206
086172226227194042039165488602646906
101142050133244089149057390341940817
070095226230202030080103425125189917
114116219018073165104045354650044506
242238057078205167104077368102025606
062197064083116246215082004434117306
030214173035199137227017000802589906
153210187215251224119081068826425117
047080003127205185136200004435017606
047168171093237042073093004433575606
241249231175231225123074000531722617
237241150063138145203037000000000001
153210165137215177165018526402096517
202217215109192182035019572750688006
044024116039237042073098004433558606
016012252178205203242009080024506506
027168103109251224230185480723151417
133250109139138056034157167622785217
047090132077199224155225004434963706
097029096132073165107233521720044506
044004247143237042073102004432751606
105035205165207001051014000254527406
044203215203244001198242000802641506
119132120173050253170066004434620606
080209107083202031155253391334975906
220253116081016230108211445920044306
048166059154215007206201004435588206
044056171043199137226244004435089606
212143025069116246215069004436139406
159092247103205032029232000254549106
156178224208244157135174597490044306
213187199252215176003205052223502406
148072084223205166209188000530118917
122024136062116246215087000000000001
050084201157131114050104128142849006
044001136159064005155209004433778506
212143024236116246215094004436297806
204022033024202031147139616102297306
195204179142240063017146128010204917
239213051201205200149026004433437106
212143078145131095179114004436049506
073155112248207180015027004435139406
062193226142116246215084004433847306
100151127043205218072001068814439117
197143138162194078222213004435087406
044058124182205194245172004430512506
197016034018244003240049004430275106
044037234209237042073095004432793006
047185117018205185134079004434183106
148094169017193065062245004435014306
146230230222205236085005647383741306
062199045180205184032018000804739306
237042118035237042073105642880008006
075062217254194078255173000804090806
044000190172237042073103004435634006
044084085163050251142002000804601206
067132075077219092207093405000934317
127254177245135079171133000531542417
063147215187135079171142004432587906
021120111082199169205213004434934406
223080104012198209141105004655253106
107090245245207022026236404360002306
218225159022116246215079004436406806
047101025201237042073102004431443606
047124252145202167046081000805502306
124101048194207180015003019354955506
244014071050199224156157004435082606
130111204038244029243026004435448806
008075075143199169208042000805883106
075222131067064005155148000803951806
213175202127205137109213004432671106
197015102164205184077012000805224306
141177092016231225123077000533632517
016232234056116246215069004434572306
153073162119205180107148000253318906
100197148193205218158094004430136806
030214172218219092011204080802808206
224134235193205200247126004434005906
111211143127215163101091144804534817
237042093051237042073097004435665006
137210103045205032251045000000000001
129048037255212030093130092172772117
002168149103202024004032169163696517
102160232019231225123072000535439217
047049082119199168157185093394546506
249158180126116246215084004435496406
249158180126116246215076004434833106
194086186227215161105111000804971706
213176048053205139034180004432701706
044004063177064005155209004435860306
111215074040207012138117626726460606
129048012205205139084083092220930917
210004157115202024006211004433639706
044001009033237042073094004435546606
070243078168202118018201000803910006
075219045216251215113218004431033406
047108036093207001174041000804186806
073138248067050062034042516736179317
197061129192199204100238092120930917
090192030069202026225237560740002306
016212005221205203003029004434946206
107036246075139180038212294370782317
128121247014212230042126004436042406
206217174018198247235138306036175106
081106235148139180036052130690044506
012135232095116246215084000803967606
044084128233205055131006004433601606
199224070181231225123078000535718017
034064248020205250088182246630808006
122095194129205125069221004435081506
149042099141212034105192092172646117
202217215109205236157163572750422006
085120088190202024006113000800894806
005063214042205212179110004431930306
155216242121212171015110532380002206
119132120171139218240163004435142406
008101061161231225123094000532266117
044084086134199171100223000805413206
013141009122202031143064004436120606
110127085132205112188198547604616317
047011160052237042073106004433831406
044063012225198247255001004435935006
044039244167131115160062004435858106
054002248224244089083195068832801006
155192209052207012129109274240002206
206157043064251224005137004433428606
070243079122212230060055000802670406
016147003126212064071080004433977806
149140044172064005155132004433835006
048181080127244029240162068682881406
223007030181237042073107004434605606
124247190165205164096214004431467706
044095173205050252039173004434801106
016041182158212194042189004430297706
152157254217192182163045000803543006
073026175010231225123081000532358017
035203053111199153102059517575818706
070071231188135079171162639880044506
210022242067139093093041562585080206
033239237031199152015190004433120406
213187199251215006255212004436214006
062200101139237042073092000803348606
136050234232073165080195586480044506
016212182045215177242010004435163806
100124113083202118042242004435845306
073155112248205112112022004431175006
200124200090252248025120459770012317
097133082094231225123075000535612317
033228168006192182020202004433091606
248199068090064005155064004434491306
047124252044116246215083004435997906
137093044201050065235218571310044506
103217064166050065214147535190044506
073027177001237042073104004432695606
197043153076237042073102000804644206
047001193091205236228042000804929206
084059227148251190163139000000000001
044068100254237042073093004432702806
197109216211237042073107000805430206
002002132227050062114068004435288406
025206241159193232161123229570002306
223239024179199177248179004435106006
044004213176237042073105004435104206
037045231222205236228042173941385417
030015093021138145203037000000000001
086106052001193065086210250004758106
119132120168199177082112004433223206
124045139092237042073103004435614606
237042077127237042073092030960008006
231148131195199170224230004431933506
034082211085198255179054020250002206
134052166188116246215069004433609106
007234225066231225123093000531724217
127043088165202118094196458380005317
093222065254131026048144648380044506
089234192125139130006226563601993617
044087232235205071132225595685581006
016012080212237042073095004431191006
047024026080215106044206360036400917
106215144157205180041099000256054106
044076198156202024016221004430580706
112038204230215161106251000250398906
108206060174192167127033000535123917
008074003151198255189195004434997006
124101052213135079171167004431543906
140169207146116246215071000805151406
100200153210073165091039627290044506
206163133099138056033080581160312806
047187094066207022029076004433929806
149042109042215019014000092170930917
245098018073202028086108090100910017
196092076190116246215074000806287406
002112206028205251206038202510103617
205076107056205126037195142745533917
044084085085198243182050000800174906
021016162028244212051170004436263906
041149159087202030147050099983476206
218225091066231225123092000531492417
016012080212237042073094004431217406
135084107064237042073100000803343406
091202117252193065033114071175309906
055233073172237042073100004433406406
002192231134198247235138191846192806
140169207157116246215085004434842806
044002177031205055201232004435021606
140169207146116246215085004434921406
049030243131192167122201075473467206
063171212119116246215094004435387706
134211125071215007246013004434213406
218225091066231225123074000532370117
033241125179116246215076004435466906
047044186191116246215082004434969406
134233127038202118053111004435087606
044002217229237042073102004434144206
108119160017205113201135222505067617
140075194019219092051205000802890206
044086210066205055128122004434903306
238174092028219092011204100202806517
057184217041194115201006001612107806
210005057050192182022018004435575906
136053123146251073189082000800186106
015239224228205251202106000804880306
223007030181237042073104004434155806
131003246171192182225052004435347106
128187122129135079171128004434543706
016012080214237042073092004431075406
103113186132194017228064000223651306
131099069079064005155189000804489706
044068054122237042073097004430264206
203138199208050123054018000000000001
101101073239050065189027576430044506
062248225118199153041218000803684706
047122059144207001015235093392688106
213173038254205185134097004433980106
099113245225192022160239230261340217
073138248089205185136206000805395006
072203159127073165109222239510044506
048181207086205180103117476162725806
213176048134215163006167004434573906
049105203240205211056089325070038917
044006157000237042073102004431142606
119132120158050120061112004432690806
119046068062202024016011093005612006
047160152075240223181253000804127906
114091154037202024017033260020859906
243054009045231225123072000535746917
131003246171205066142052000805674806
049121047029212195128205624605692017
044068063152237042073103004434282806
016224017064064005155137004435233106
062208025157237042073105004434463406
249158180126116246215084004435496006
213173038248205166059067052223132706
131134146233212171082166001235442117
123190109103207183158128082004739617
044008052214215161087110004435030806
022196123051205236253092081043525917
044072059219135079171198044556015606
044024176172064005155209004433933306
062220021042135079171145004435358906
213175202253244248167053052222957406
119046068062193232175211093005037106
237014081064050249205229000000000001
119046068062202118045149093005389506
213179055096192029212187004435607006
097133082094231225123090000534452317
048167249217202024016245000806448906
135079127210192166168006004435135006
044068041155237042073102004434711606
150103143168212197255043231785575117
044026196184205164190034004435022906
044025052213237042073095004432767806
073025008010237042073097004436447806
156076235221205249006230595732625817
057184217037212195007019001614202106
075062217254194043119010004434365906
044197078209116246215082004435914906
122144003051192135136013082925770406
047100056104237042073106004432949406
016207068216116246215137404820905006
197178212133135079171175004434168706
016012080232237042073096004436011206
021091198024116246215070004435113106
131130025235202024166098004433448406
251103139035064005155066004435472406
062215208155205195127238004435110806
070056144013073165069203519110044506
131190120054139143018199004431729406
097133087114231225123072000535199317
131092242153194017238073050634995306
102223159115198254091122595005805306
122028053025135079171142004435965406
044220083167116246215045000803402806
013216085009244205139197240401104017
213179055026240235108141004430267706
151198129011212171106095646850190017
210056109223205164117114000804983606
152157244219215004018002000805746706
021120125185215018247123004433390706
130004046201192182044062000255739306
062241144120199137238179004435317106
130150037145231225123074000530203117
070213069045202030141146562191688106
076084179115244248205087080643395606
250089010076198240075010046720142817
131134146233202167076199001236073017
099035121242050056156100069065082606
231148132033193065093089004430434106
231128055195212202149008579860547206
138044005042205032018120183183378617
197027003063073165089247645830044506
002136240170202031139195004435963606
100208217209231225123092000530141717
223239026122199138218125004435200806
208191037246205055128221004434673006
119128008123215176008157004433353906
047044023125205219218020080001961117
143170201007199221126089408270812906
062196024241139096098160004434757606
002249117079231225123224418000261306
044068123008237042073105004435419606
021112097091199137235241004435905806
213179055116205066248225000800191006
021091199204116246215070004433675506
015220217239207020018220510430106217
044001009033237042073098004435605806
247003207055202024016045000805603706
143232070163224134173121444530044306
202217215109205071037200572751777706
202111174078192030097210623616428817
047085219082205066249154004435508706
197134100137205126137100453692577317
213175201182207183082162052223760006
223007030181237042073107004433015006
197095110132240063017146180190116817
149158111124192030075020088972623006
070194035025073165065220524520044506
044058164036244001171150004435821806
087243245215194031093099553500002306
239213054010251190083166004435870506
103229102111231225123090000531597817
109171035126073165228025103310044306
047119206115116246215068004433642406
044002105251237042073102004432778006
223007030181237042073100004430998606
152084136072199153050217445420005306
047100144058237042073100004430816606
062242170247199152013250004432808206
242029219077135079171128004431540906
047101000113116246215084004435105406
035165106168122195111160352060044306
044222023123244248213085000805718206
016012080209237042073096000804040806
141236063183135079171145000535642417
044202153201116246215084004436303206
044000190172237042073099004431544206
100157106248050065196037596640044506
053038195101205202231083159483338617
130017205134202118019090000531825317
070032087159244001168015538260002206
237042067028237042073096582320008006
091177248076192182193067426280012317
197143138162050062046165004432403106
075019108050199153101124092120930917
016012080219237042073101004431283006
119131066060050056145002004430152906
047123095182207012138134093395945406
253102008178202030125182001235959117
032210160066205032026086580100655917
070048059038194086004089004432717706
196092076176116246215079000804516806
041147037137244158005191004432851406
130150033099116246215066541240008006
195222041230202024006058000803037506
124210139068192182213205004435500106
075009070187205151251253000535462306
210030029151205212228137004435045406
206245253093192182224251004434566006
213179055101050123200247052222576606
124085080230194115213194088882182517
073027047107237042073093004435271006
213175202245207000086197052222691906
073027110110237042073106004433467406
016227205096139105112086004434040406
106202194093073165091052600000338906
074231201134138145199250421776177906
249146116200064005155245000803533206
016215142090205139035237004432648706
087062241164202024007068000805367306
044201195042064005155209004434027006
073024150225207183082180004436328906
123188126142212030203080000806259106
237042071038237042073099004430677006
087038188231215177155042447250002206
200000013073205112188069004435065206
225197119173064005155064000803964006
044203254072205216060197004431591406
206127146043199137237103000805123806
152045085017199138218125004435650906
044002114207237042073093004431349406
136151102123116246215085004433672606
119046068062202024166212093004490806
072075045215224134174222495790809006
090051029223252248025120530190012317
237042093031237042073107004432485606
159089146074244127141129614030808006
016012080229237042073096000804203606
073155112250139218240189004435381406
096014153092194043186053004435751706
249158180126116246215084004435505006
048166170070116246215210000000000001
062233128253198192209178081145195306
195196233092198241226236376490038917
131175184159199152014229004432444806
202217215229198243187035539510401506
044009097077205139035178004434019106
057184217041016233080154001611826406
127168149027202029089114070764924506
044206136006215176003231004435282006
070231208180237042073101000801744006
007234225066231225123073000535962217
013216161037212197179250004435240406
044057109016194114091133004435488406
237241130074202030185184004435309906
130150037145231225123078000535731617
044004090228205216099063004430184806
239213224163212227179141004435640406
044035102053131115182085004433310806
047027016053116246215085004433872706
096189055102194031030076092175874217
200175059079202028024230000000000001
073155098049212194251014004435091806
044027144165237042073097004434975606
099141083161116247217133000000000001
044026009006237042073105004433616806
243054009052231225123073000536483617
065003145161244248229162284075768917
237241146012202118063109004435313506
098141202153199224151090549860802306
131148087034199192040127000533617417
073146245008064005155100004434810106
123017205183215007140194004435014706
239213054021244205136177052225489606
251151105238199168153056000806521606
116247169140116247217212532060905006
113141216102073165107091603510044506
101160237152215177155117002180190017
075091222085237042073102268420008006
070243078107202030139063000805715806
237042070086237042073095004434051206
213176048168205187184126004434447606
213175202107194043176051004434052906
227207095249231225123075000530516017
237042067016237042073102035880044306
196093164168116246215234080003878006
070199169041073165079162573920044506
244199102218224134173121340240044306
137124030038192030021173617541542806
044002050077202167129254000802649806
152252146227193065050114004450331006
047045155105199153042029040174936006
119132120167212171245084004436064106
213187199230212195089174052222672306
218252220172192029061121004434048406
047170001253237042073093004432983806
076084087163192182061089557455804117
007205028221198247235138137095930706
239213054088194043176197004432784506
217242007040199153107181087662704506
062203117234215177242010000802256106
016012080223237042073092000801504006
086229045115193065103166212285561806
213176048239205127099193004435537106
044006122120237042073104004435624606
196177033039199137227236000805130606
042204060035198228177145060082664817
124002168061116247217234000000000001
136053123146202029139126000805421006
131192122245237042073102004432040606
112096067220205166255202561533866006
213187203103244031010121004430573306
238041038218202030187095000804989106
044084128150139219136058004434246106
044006118102244003005234004434722406
044206042074135079171145004435850506
119132120166194086004119004434956506
047188025172205066142052000805013106
112173020212207020027062101980105117
127043090146207001128041628000002206
231128055195215007207094579860548006
002205153218073165065231521020044506
044024116039237042073101004431757806
149164124168215177155242004434832206
016175038146192030218203050565253217
135084107064237042073098000805559806
138147081043139136059148000532208817
247003109022202024017034000802380506
016012080218237042073104000803614206
136227068188192166168106348740002206
041144006215237042073093000805293206
013192054095205249041076004432671906
200016024008251073189029004434418406
030015068020212227179089004435291406
249146117093064005155245004435038106
047090049100199177083019004432745106
119049200201215162059230005000050017
197122065207215004019129004432611806
134164178113237042073102304320044306
238041163174202029052248060015073117
127168149027202118016158070794305706
124101048221192167239169004432747806
042029210039202031130249229781686917
037010083234199169221126004433803806
098021157089116247217133000000000001
131031158012240235017070004435065106
075091211154237042073105000803671406
044072199058237042073107004433542406
062228143199205066246252052234891506
119132120165205148018034004436200806
140169199206064005155235000804062506
027121114195192029095211058935342206
206127246250205250089098000802846506
224005114202219092011204509691969817
002199113242205239062025267884954717
231148130174199168155059004434956906
047099010172205213161151000000000001
196055172072205149043229087654853617
223007030181237042073096004431143806
098173073149215163004187030740102417
062193226142116246215084004435150606
042204053175205126032234070082696617
218225090096116246215086004433843206
084123090114073165054024604850044506
047090212083116246215086004435501406
042089048064202024166184143453984017
207199042168244038133045146064970917
197155091164199208054097004435214906
016215208159237042073092000804693406
080032069114202030183233343671800106
062201141104199137227111004432060506
053030237065215106210091606880930617
213173014168205139034177052223937206
119132120170240063130170004435233806
206169107023202030155086115725431406
104160174131116246215198019353754806
218225090017116246215092004435810906
204104075121205167104077089995200717
223047225084212194041100004435046406
070077221106202030210083055000105717
044000024175237042073098004433902006
119046101194202030134065099985481606
016190105243064005155149004434121006
226154176178199177083230004436029406
030054086185207180015129545210451306
077207210091198243031240257643186217
137162033141073165079048536770044506
097117115027205071022192004432726506
237042071036237042073103004433272006
070243078224215161079110000800478206
238226054149231225123093000532983017
070018138168215106046044516301141106
044026236096215177177146004431964306
080203117084212064145182068815487006
044002217229237042073100004432373806
245098113218016233081127489480330606
127242060180205217248205004434934406
203189202094202029218000453840002306
075225035172064005155230004436192006
127168149027193065080185070760139106
030214173012192030029134080804980106
228002197198198033144104000803377106
123188126107194114121117004435673906
223007030181237042073096004430287006
073155112250244022031179004435449906
218225091111231225123091000530455017
101097135036199136065175544096240406
237241130097251224007202004434217506
121149089072205113245216004435237806
044024098189116246215079004433321406
226154176178244038133045004434468906
136053123146205126032234000805654606
041144006215237042073095000805586006
231128055195198231073045579860546406
044049150238205236095116004433804206
131190122252139143018199004434715206
122022032153207001165075000535458717
223007030179192254112061004436498706
070243078244192029095220000802686406
215018220157205249051081333035080117
099233071073202031094227520475650206
197155091173202030248079004435140106
148094169017202024005005004435965606
213175202218240063017146004432626106
103207019105073165069122040660044506
119046068062193065070082093005089506
062200101139237042073104000803940606
135079191085135079171063370090044306
047032016048237042073100004430588406
047168171093237042073104004434499806
075062217254199152111142000800935806
016010002168205200243192050024928506
044092026136199177242048314540008006
202074059071016229023074468070044306
129214018178193065061188004434940406
213107184216240183048189595105413117
218225196096064005155134004435931406
243054185179205167107229004435880306
103038041026205125184128093060114717
232188067125199136086049004435354206
227003145126193065000178004434958306
047186086111205238169002004434406306
197228082006215013072176155254995417
063165236074215160157244081111549606
016012080230237042073101004435146606
223080211236050122167218004435304206
034104066176231225123081000530329817
047100038064237042073106004434905806
136125212109192182233213000804919106
030015080192207183080051000804569206
044070164037116246215069004435955206
204107119087244029048170548571990617
204179024038251215148141623950338906
133212242034138091022066404423848017
044008004016199177082224004435762506
250160232133202028017177066675403706
025129011136205180052082244412014317
147008042217050056118201549034402206
049252053043244038195045004434903506
213179055026215163102077004434206206
016148161013224134174159441040044306
056021221113207020253204004430295306
148099093029192182129015004435362706
096189055102207001129237092170930917
196093065108231225123080000532624917
030025246214205218245023068812959317
131000192059193065060201080801871106
237042066203237042073093577220008006
075010192210207180012160100000910117
047101203029237042073100004433245806
251103139007116246215084004434035306
106131112088199169001219000535915017
201096064165073165034055518250044506
044049199091212230042120004432634706
206244017197207001051187000254068106
106215144157205125073206004655979106
213175202247205216060216004435758406
195069006171202031028224004436197806
044054250059251190082084000806012606
197209039117198192207075266980909006
008074003069199169214223000805691906
244199180007202024005121000800981206
134134130178237042073093004434256006
223007030181237042073093004435500206
124142109083192182208194000253400806
195113066227192022160221615234292617
033239237031199224156061004431968306
025189158222199224102173358683672517
050101226068194102242218539980128406
131148087034251190010037000535461217
119132120169205251202106004434999506
053094153226192254115114454525236717
047101246214237042073097004432698006
013192054026251190162146000805944606
208178075130215022050163004435127806
213179055114240223181066052225882906
087150005239199169194038584020008006
218225134073207001132215000000000001
073155098049244205128032004434828606
042204053233139180040143070066092706
087104035144205066255028069145458706
086106123048050065249130622550044506
140169207157116246215071004434236406
206111141071205098029160000802712506
075091210208237042073104004433625206
012130003168207001013203004435541617
116247053109116246215074004435577206
197091195129215255116179088834384206
059030018150199224151090004455187806
125006135017205238230214030742732217
097133087114231225123091000533137717
211253200204139130007194592996275417
063165141208215162114237004435236806
149042099141202167044253092175895617
130150037145231225123074000532632017
134134130180237042073105004432151806
237042071025237042073094004432857006
119132120174050123139069004430496906
070243078216205032028001000000000001
077023208110199220222099199930409806
149158096184199152015185060603127506
078167019193198033105218359070005317
136053110212205139035190000802657506
135084107064237042073102000805241006
135231064248207180048013000226487306
044027105057237042073105004430946406
135079177120135079171063399900044306
044026213167205032251043070652633106
044050048009207001007244004436027706
197207242232198192214075504060002206
033228168007207001130247000804346106
223007030181237042073106004435876206
223007030181237042073096004434791206
047111158061116246215071004433461306
047033012021207000086221000805164906
013159028031199136091011000806069106
075062217254252248027066000805494206
044068047245237042073104004432614006
016012080209237042073107004433439006
202217215109205203004039572755222206
047111122036237042073098004435333606
203086155098231225123075000534137817
111234250192205055134202004433469606
247003222201131114015023004433926306
016242056115231225123075000532869817
131151065185251224119214000533933917
034108090032205250088182402300808006
015043163104205126033104000806239906
041144130197251224088154004436396906
127242036014116246215122004436401406
091242208211122195111160521050044306
237042094136237042073092540860008006
233022066163202030129046225556193606
050084201149205217180050294685243506
089085078233064005155183000804636206
237241130075199169218090004434601306
147250114103192029095211000804577706
062205038099198231050050004433563606
044074029032202024017042000804921906
063165076061050122165201090014677506
073027110110237042073104004434310206
206168048229199169214136049052557106
101108213021205250089072546774526917
237241146012198229108070004435921506
094136129054207183080198115133877717
141186046127205251205173004434171806
044008074062135079171145004431024806
197016034069207180012223004435255806
092100225073193065070237000256369506
099199218083205251202049135020339006
044048105217138091022005004433384706
013216055177205166058176004435923006
044084085116205218029126000801387006
238041127238050121119139000805027606
036218219048199137224001411530312706
148003126147116246215069000805116106
237042071031237042073103004432344806
062206107207244157168169000804590706
196093065108231225123075000533940617
136227068188192166169236348960002206
124045100138199208156059385973344517
158011046222194031047101115032485717
102150146022073165064045523770044506
073027217212237042073101004435490406
130130131075205250093172620782613906
213173038233215163115082052222669706
112086120100205212179110000803004106
057184217042199171107042001613970106
151045153003199153102059284370115117
044054012189207001014133004435101806
137162183194202031143030061394050017
016195143020231225123076000535462517
153071177213139061080218004435370106
044054171226215176003231004435282006
047122056123215022058124004435383006
016012080211237042073104004431787406
047170140165237042073096004436136406
075229000180116246215075004433804406
070243079058205239062137000805711506
079053125147050121119072624010808006
064004255129231225123092000536059017
044054003230198240074072004435307206
044037160143198192209146000800349306
008107007128194031045249000805161506
047186215057244212230230004435455506
047038233202199224149004093393568117
070243078224251190081022000802224406
091029124200244001019047000800737706
044095249250244157168169004433813806
082028141226202028164009628525445117
099141148220205113252249620240148417
047170140165237042073105004431212006
245212150145205139034180000805034106
044222124163064005155231004433555306
002169070064199169220227000804931406
047063007233199177094151004434923406
135210009099205098236075093065297506
016012080223237042073103004435598606
197048048115215022038075077651922217
126053005152205138232143511150310317
048167121095116246215012000000000001
047108204159205236238205004432358306
134164179106237042073095025150233206
044035000030207001174149004432782606
213187199235205194212216004435904106
044021051013205127099017004432786606
044022024150244248205101072754742006
075009186254202030145254081016320306
213176048047212195084205052223730806
047033066165237042073093004436185006
198061018140116246215059505300008006
228079204249192167127014004435556906
021120111085205212176066004436369306
119128008123244158137090004436243606
102214117055202029212245601742925706
238204049059215019232002000803294706
060209215019212202218137653823079317
133075114240131026013184630390044506
050084201162205203001125004434157206
107091192231199152013243000803146306
236204016096205180050239010260688117
141236059060251190010037000531848917
122013122213212064145045004430576506
016242056045244022242005000533657617
196043026097231225123078000531026617
084017237238131115160069321985992017
213175201188244205129040004434744706
016012080221237042073106004432989206
044084086009205166049094004436358906
106162043116192167126179613733598406
226154176178205203250131000804229806
195135006201212194144247547415625717
016012080225237042073099000801075206
103240064219135079171167004434006806
223208143086050120061111000803365606
218252053227139218240061208906033717
062236231178194038095204393360005317
016197066109205033005181004436113106
047109177040237042073093004436013806
239213054093202167001047004436088606
016195143026231225123094000533207717
047091071048244248213085093392675306
096232151180202028170131254653553617
124247190129205251206135004435823117
062200006067199171206037004435221406
058062181210050065234184575330044506
092004053218050123065253423093979117
047045155105205200242176040175055906
112148147033244248165093343180854517
092104234026215177155093643251736117
047081091076237042073094000804205206
206126027030199153099166469310002506
058101134254205249003050004432769306
116247099228116246215218599190148417
044000007196237042073095004431725806
116069050199215004019003000802954606
131121155099205217148126004435677006
097133087114231225123075000535123217
204160039111202030125195636315298517
253102008178215106208128001230012317
044007243054116246215077004436084506
047109144143237042073098004431193806
044025190174205166056009000803277406
076177103232215163006253004436346706
209239250231193065105032000000000001
063160086067199137226237004435274606
135079164032135079171185004434118906
087044246184207022024169357440002206
149182111056240183051067336001323117
237038204235139010250151255880005317
140169207166116246215092004434214206
103119020071194017228064000223622506
223045058192212196232090080304977306
049097072145199137224057566960008206
213175202238207000086021004432799006
127101028082215177139062638956199117
124101052205135079171132004433688706
151076231213202028052098000223393206
047169094069237042073099004430438006
008072209240202028210006004435623406
201072135128231225123076000530648017
047050094177244248042022004435976706
062196047072237042073101000802964606
254178183106205251200120004431994906
223007030181237042073098004436390206
122016151151205126033101004432697406
211038129096240063017146004433394217
044049016150251224088133004435281706
213176048167240235109061052225458206
073155112250131115059074004435893706
131210218147215004018237004435448806
062237172085205098225187004434766506
047100056104237042073097004434986806
125084123197194017013013000254496806
101229123088205126037197000254670006
047081085032237042073106004435892006
062205036255251100165221000804590106
073027177001237042073095004435492006
084206211255202167077046068821133317
047049167169244248204037093392960617
047174187044199208051072004435178906
103227123065207180012223089996091217
141183211149202029255022004434383606
222069115138215162059075579400044306
033047175254192030029244000253341306
008073033234192182181053004435084806
047125179231131115052069093392666406
078024130133073165065214563800044506
076177103218205251202064004433977306
085050032180205166059108100112732306
044060112092251224230144004434889706
075091212239237042073104617960008006
016242056158231225123091000534829317
121155232098202029094110074320201206
126064150185116246215076094824057506
062209178091199171111143093390733206
223014026205192182090197004435656706
062207024087205251205145004435371306
119033047068192030057071005876054106
047169175164237042073101004435908206
197155091167192167233204000802385906
248126214187192030101172084754469017
218225090016116246215092004436135806
044205007079116246215079004436184806
211023117174192030051000056475526406
044006155040237042073101004436007806
044222120146064005155174000803298206
223208143086215167149193000803277806
100208217209231225123081000530778517
063160219088116246215069004436469606
044039227007198231054074004435854706
016012080221237042073100004435766006
099146210061205164116190010681257517
111234251011194115211034004435200306
213176048048212227179141052222684206
213175201181205216060201052223858406
047038011186212196233049004434137306
101088249058212230063158004436534106
213173027125205164190029004435214906
130245028202231225123079000534178117
135187224183202031135107009935783606
047183191119205071041016004434240306
044010111006205185136196004431615706
136132106080205212179080000535187417
237042076021237042073095197780044306
130004046201198209185085000254872906
111095171190207008082059435780103317
070243079058198228176197000804781506
215180093109198247225039223925314206
066138065087251215115082004432593806
048180136105192182193067149390012317
008107007135199168152226000804992806
130004046202198209184084000254190706
114087061103205216065124000800167006
141204003237202024017057000801687706
143089160213138147091102004433657706
235201107094205180073171136533036317
027052033056212195069012642990420417
197027003041205218158162396972745017
016173086204116246215087000803613106
062203105024251224088154004436395706
016012080218237042073105000802585006
016196006171116246215170489780905006
085048209052199170235146567290789117
075009043246138030201102004435007206
131210253057215004018236000806242106
127058085079116246215252000803421606
047027064019215163112217093394528417
208067069009205200173065000000000001
008069236032212030198220000804423706
089049252225199224098189573240312806
131190122249139143018199004433312806
208191001001192022160221004430265006
196115250152064005155193004434215806
044068047245237042073097004434227206
231148130222215177138144004432023406
047033168080207183080037004435880506
030172106210199137227017068891043617
205130074222205211050065267316179117
044000247093116246215082004436521906
047091207092205126032234093390164606
044000015180237042073100004435858606
206157043134244158005052004435652306
204072248037050065188069651410044506
197143138162244212075023004435063006
200162150058073165109126214080044506
129033027026194115211034004435296906
047062069159198243189046004435008306
119039229107205250088077004435323006
213175202233199169207040004436072306
044039165043205219217137000802641606
223014026221215167248205004434957106
063162120027251224006104004434293906
077017085061073165064055584050044506
204096127004139219138093004435811606
141236058240207180188197000535864517
099141148218198192035231429190148517
016215169159050253170248004433970406
213173043235205071139021004433292806
016212024007050123200212004435174206
204098006096116246215087000805605906
088094077135198247245249356321022717
044004017070194038088109000805159906
062225041108205236239027004434947906
127235037021192030096150000806502306
044201192247064005155229004433629806
030178166207192030023236000805862606
213175201185138091029129052226002306
044008195107240183051082004435711406
048180136105192182193067495020012317
197056182022194038153122000533405117
016036124186116246215122000805888206
148067179077231225123095000535712117
101160237152205249044202314240190017
218225196048116246215093000803426306
196042228217199153061043412620905006
130245028202231225123079000530223917
089216169024139005144206590604044917
063150146075064005155209004434339306
047124231125212195089178093394863817
002212165113193241063168237553355617
247003065126215018244002004433681006
114080052225139005154013000000000001
092016124196073165091021633270044506
213176048236212034245057052225592506
139185148133192182151211005873675906
127168149027193065015057070790626306
072112139029198033059147550000936017
218225090007116246215093004434378806
044068041184237042073102004432624606
075091210248237042073099004433935406
008069239058192182034212000804604306
149042109042212195084221092170930917
140066162047205219153122004433868006
143011220080116246215213000805850906
044002114207237042073100004435800206
044094039255199224110034004434907206
030007090057240235108140607143271417
247003044181212064145050000806335706
062205196134237042073107004431081406
016173092010205113245002004433086506
064004255129231225123092000530346617
247003134104202118044141004435112606
062249104143205098239108000804872406
213173033212205166059088052224847506
062242002045237042073101000803247606
075091209194237042073097473700008006
015068141022205218157155513790113517
047123180151199208059010093393670217
208106161104138145205026151390038917
036223184178192029092226108780808006
149069037127231225123076000536374217
135154083114064005155201004434633406
090051040209215177154201004432683206
078089027079073165104021126310044506
135243074245205218042236000531669717
047013156058199224156213000806022706
097132071171116246215080004433718106
073167152204050122123037004435014906
073027199013237042073102004430290806
047169086024135079171185004435821306
021137021052116246215036004434889206
134164179104237042073094025155017206
213176048238205113202011052224843106
244199180007193065094229000805251106
075223188231205250037034004433087906
021120124194199169217234004435867506
238041002231202024017064004434702606
032097139059205249054148396500002206
218225090140116246215019000805477206
050075028226202028087221081014930406
213179051254215163004220052224193906
047111199130205187184005004435303906
140065118167064005155245004435818306
047011147048237042073101004431772006
218225196048116246215093004436451706
237241128231138145203037000000000001
237042093048237042073095004433036806
062196047072237042073101000802961606
218225246101116246215036000804220006
044204082126116246215093004435352506
075229000248116246215095004435529706
127168149027202118054182070796143706
030135010211205032027218010242037517
047026071080215162115228004434222706
218225159168064005155102004434326006
211245149114215004019003071722716306
214135021033205212224015551793233606
147250115180192029062219000804902206
021120110120207022029227004436368006
044025010021237042073092004435013206
131184042150215018244002001230045017
075010177186215007236204564722980617
140173240248212196235204004434771106
048167178066215019148157000803388706
111234250192212030198157004430619406
112096067220207001052061584473725106
030015085193138145203037000000000001
044000153120116246215082004434584006
063169213164064005155137004434146706
073131085061198243029023080805540406
110038019240215163006049281145028917
096001026160248200033031444632663717
070032085113205249063152588150002206
197043152168237042073105000804342206
103099024099215167248138538475655417
237241128206138145203037000000000001
156177079210192029094254597750312806
016195143020231225123080000534267917
041150227108205203039144052224937706
213173038232138091023058052226085106
047123045227205066252090004434927506
040110051155205071020216514132254817
213175201172215255200013052223675806
247093039029116246215234004433779806
216038007091215018133167004430675006
197093015147073165172060595440044506
196014049171231225123080000530329117
097254170172050065249126185780044506
090040169074138056034242415925626817
131082226199199153048250000805103206
062194030065237042073102000805124406
075063248032202031054214099985269406
124057180101199204103066000806179106
103233238160231225123078000534511717
237042071044237042073097004433508006
133001171023207020027080549980338906
128041247063199153101220392234052406
141236059116231225123078000530554017
111227081232240063103161000000000001
062194058225237042073106004436370206
075010094033194102241181004655125306
140200069231064005155175004434464406
070028006124207180055062617130002206
238063074219192166169235589560002206
127165136137064005155136118913966206
075099097153212230042069602451714817
195096039211244038204221036585730217
213179055072240235108140004433488906
196040118185116246215199341200905006
223239026122205184066250004435476906
044007049164237042073094004430712606
231128055195199177249003579860549906
076084179115205211060230080023815306
036222005067194041046019641300808006
223007030181237042073092004435659206
197047117017073165228240576080044506
197206130114224134174031019940044306
044007060143237042073098004436436606
044056151190205199052083004435283906
124101052200135079171142004433333206
217166253148016198230169191450044306
044002043115207180188197000801516906
218225196032116246215086004435038306
053005111003220245006005204573630217
016053146123139113197160450266553506
070220199021194038091253000224281306
034108090061205251202136464875328106
237241130097202024016186004435335506
114079163102016230160155475610339806
109030020169215007140213460920102417
044048207071198231053138004436230306
044026206013237042073093004435316806
197043153088237042073105000801169206
128187122210135079171175004431482206
210061216178139010250151398540005317
119132120173050062046165004433376306
032169116104050065249069586010044506
044084128056244158005053004431156206
147142066041073165059203372200044506
134134130180237042073100004433589806
213187199253244001199098052224731406
213175253251212227179051052225304806
114078189167251224032197068813630117
200124200090192182193067459770012317
135084107064237042073101000805603806
136053123146199137239108000804380306
044004223178116246215084004434051506
208229082224212194052028108955390717
044004087116207001174149004432785506
131134146233138030201048001233849817
044006036035212227179137000805972306
131170083102231225123075000536441817
047039042062244248041135093392754606
086106156118215027187240000804419806
013217245214199177251097240305433017
044203029060199224155225004435059406
151198129011192182000033445990190017
127168149027202024017196070794285006
063173024134205219220195004432833406
016145222019194043149148493194994717
057014007115202167046207491600688106
030214172248207023144002000805772906
197249130228202118042090088886539717
244200013172139072053034000800982706
049107137044073165064107502910044506
048166070169205236156048286223770706
200124200090252248025120262480012317
044039226251194114125249004436011206
197043153091237042073093004431390006
143234087238212196220006004435708806
101214198254215177154201247822687017
032030153214205203000178000805108906
032169133235199153099165162610005317
016242056115231225123079000533955517
238063215174199171089118334240812906
197061129192205251206139092172646117
016012080219237042073106004431160006
243054009046231225123076000533583917
047081231144237042073107004436492606
053018136231199177245230634902048617
134009116161231225123080000532163317
199122014192192182185013017555141317
044001146208237042073092004430778806
197178212133135079171175004434168906
070243079058202024007043000804850106
239213060019251108156219052221752006
097133082094231225123075000534398617
237042066202237042073106000804492606
223003103004205167205247004435065406
044004081143237042073093030003223606
044027173170205138232176004435715406
213175202246215006255013052225948706
140169207146116246215068004433870606
044072159084215162050050004435409706
136128124208231225123074000533772817
076177103250240223181066004434653206
139044150245231225123080000534118717
227194174023192182151250005875063806
218252045132202030112146004435105106
073138248089215006004166000805020206
137089074109131026013085508050044506
134134130182237042073097004436546206
047081231144237042073092004432514206
196088080095194017228038000000000001
237241146012202024007140004430866106
074105002198199137225065258081534317
073155112250205125110205004432653406
237042066202237042073105593460008006
016012080233237042073103004435408206
075009131116212030093154000800283706
130150037145231225123080000532789217
200113022212199224099045080913723306
021120110125198193185065004435754506
142094099222231225123080000530902517
013217100125116246215068004433846706
135072012191212197255252327914444106
021120126074205032022197004430517306
122139039152205249180161000805906906
196176079224202024006016000800204306
196085013076131026048045109000044506
002181183019205236085045150075720617
062193208189237042073093004432521406
122022014254135079171198004430984806
134164179107237042073093025151844206
198140013149064005155186645660008006
214019088031205218158241622595271317
243054196145215176182085000802678106
211252187230192182178196004433379706
218225234211064005155229004435790706
213179055024205185134072004436234206
243054196151205167107181000804771306
206176094142194038153037286595694117
130017205134202118019090000534424017
136053123146202030194229000805731406
070243079058205187184005000801252706
193253187203116246215026499800008006
200127104211199224099045000806089306
047101000113116246215070004434744206
231148132091050056146082000800446406
030210069023215255160236004433589106
135084107093237042073106000801075406
218225090096116246215093004436102606
034185022136050056082029645561673317
007234225066231225123090000535077917
055255067021198032024179446140002306
034040179195064005155181004435145206
231128055195207009051006579860548606
075062217254240223214168000806065706
013158137114215177110192004431408106
193253172247116246215223590920008006
062194073195064005155228004433634106
047100179217237042073093004432431806
127035083189202028022218004434524606
044025045054237042073096004432938606
062246068239116246215085004433341906
047090076028207001014250004436535306
097133082094231225123077000533513717
047084229098237042073102000806199806
050084201114199137234143209725517006
104160174088231225123090000530528517
092019103091192182010050000255966906
116247099169198033143042413580905006
199124100057205250089242245072649117
228209162153198240075009004434307706
210005041010116246215073004434991006
140200069215064005155102000804325206
036218193187240063100051337100002206
197036194146205251202072438355250206
047122084253131115182082300005052506
238174121177194038149128100510165917
073155113214198247246224004435784806
231128055195207001009006579860546406
213175201190205139035125004434974806
047011147048237042073095004433539806
136227068188192166172013341610002206
032171105033202030161048099984988506
034232158137064005155180000803962906
131210218147050123053224004436045006
062246040230240202184160004430297306
044068047245237042073094004435943406
044095016040212227179141004430607706
231148132150199171101164000805196906
131252181200192022164213000804991906
119132120165192182224251004434566106
204106159116199169214059601430679017
077027053191194043102144582911614217
149042203186231225123092000532147317
223007030181237042073104004431876006
128050171124205212235225494140200206
112081197019205217181130004435406406
134134130249237042073103004435252406
077181250068251224004199004434034806
100235010146050065212176536080044506
085231089220116246215086004433339106
098138179011205249058204170255311806
146175085089231225123079000533487717
119132120174207020027083004431433706
139185148133192182044167000254794206
096198211077202029226183148143491417
015223208048198193179219633990677017
021120124164207022024173004435745006
027246122082205239062137344550631517
213175202216205216102101052220456806
231148131028194038088109004435660706
197137115172073165054100635410044506
016012080223237042073101000805538206
062209207040215177108139004433895706
150188015002231225123079000532075317
231148133070202024007119000801663606
064004255129231225123079000534908717
069078130066205203028025391000115617
015052133153205249062132630040102617
219117230111198209152169613534050017
223239026122193241061250004434990406
062197115252205216060200004434067806
047169128071207180189166004435017206
044210078071212232014239004435504706
249070076204050254094253000000000017
044010140187215255216152004432671206
076084085018202118092066092120145917
047169079216237042073102004431220806
047186102131244248041040021955382806
080072143169205125124238465030002306
044060248125212064140226004434476406
073024250052116246215079004436181306
210004148214215162057047642480044306
104117174037138152125093613072008017
016012080230237042073103004434751806
237042124146237042073095481840008006
016244107150116247217103000000000001
231106004143205164096216004430852506
030015071078205126032236034782666417
064005214201205166010031034785643617
044049177161251224228027004434226706
044005076192237042073098004433281606
206177009023205249051081147304956306
197155091164244127141205004435086506
213179055112138091031085052222447106
016012080228237042073096004436552606
040244155008073165107247563940044506
152163093229194100115109000805021606
079045195253073165110049595860044506
096237056015205139035178051563785017
237042091027237042073094059460008006
203025120160244003007245495190899906
117117028169205239062170500735866206
237042067061237042073094341460044306
131210252196194043107127000806423406
113172194039138152125152396385032117
077023208110205251202232199920410006
200222026124139061080211080804813206
133240145220199153100161254542714117
243054196153205219173218000804362806
149042101045202118092066092120384017
084112205025205055135169616060044506
210061112230215177154219004432651817
133212235210215177165018296295859117
087072123068073165104201627070044506
070243079058205180215113000803919606
030015085201205139168121000000000001
047173051104205164096189004435295706
237241130097192254112239004433890006
083070128219212202075077604234028117
073024227014205199049150110180005317
113175002229207180015129384530519106
213175253247215013081096052223790906
131184001166135079171149000536072717
237042118043237042073102000802488606
016052136196205250089013000000000001
086037197139202030240105010375312117
075091222060237042073094312060044306
080200203181202029230117096951167006
062196102009237042073097004432284006
218225091067231225123075000530922317
016197010192205211048085004430747206
062226033196205212230067004435249606
086106156118205216101040000806460006
047119004112205236225182000800225706
047034184031237042073107004430893206
016195143015231225123076000536105517
223007030181237042073101004430349006
153170052214215163006231038440899917
206246243060205211122209001795220006
047184084218131115182148004435574006
021120111082199177245242004432823206
197043153105237042073101046540008006
124101052197135079171175004432607806
044022237179116246215120004435471806
147020010216215177154219483943197217
146048047106240235109082030281557506
213179055065207001129237052223701906
238063217233212194174214580040012317
044006252250064005155228004433578106
206245253093192030097154004435065006
138119022012202031065137226202150117
100222230062198033048106004455145506
131184001166231225123078000530443017
070250047026194207242009070035791106
146255211120194017238180562230002206
055233075056237042073098004432840406
135084107093237042073105000805231806
113105237204202030112105586925088817
113160042123192022167203272494916017
119136137220199136086049004435350606
213128224051212195218233218045288917
141181126219135079171198004430890106
244199180007202028066052000805111606
030015078001199153054139000000000001
119046068062202118047194093005466306
047186089125205213185008004435696206
044068040242237042073107004436514406
230203220040198247252058045006099117
243054200231240063100041080125987606
202217215109139093090205572750877006
125020145082064005155228000803724606
149042109042251224004212092175925317
077183050092073165054183636630044506
251000215095212171168138596226129817
105243019102202031149091313332426517
044007208032237042073104004435426406
153039113251205249049031055005080006
055224120122073165105164630540044506
070243079033202024016008000800780306
213173033201050056130221052225658906
072011211073231225123080000534689817
044002114207237042073099004434178206
233120192127207008082104412010002306
049196021245205202140102004436025406
057184217043205236246228001611195106
053144069230199204066018100071056717
047124068160198254094106093390164906
099140063069116246215234080006344806
097132070069064005155190000805914906
101111206147215004019210033896096406
136053123146199208051157000805055706
233055028023207008188236358851862417
050095189132139096098160098982726106
147008107162192029095218156163779117
223007030181237042073097004430578206
007069252179202030082108198935660717
076177103241205180139218052220179406
197043153091237042073102000801488806
044025250041237042073105004435281406
053149065109138145199250520181692606
141236059185231225123072000535009317
069079086211193065105032000000000001
133093153106073165080163578010044506
047168103175237042073094004431119206
245098161055231225123073000530543017
228047147221199208146001512130044506
223010195092205184033178270185064717
080202148248194078223155527462812906
105136010030073165079221551860044506
047019171166202024007182004435069206
197178047107139143018208103211083606
135243069068244031125098004436019706
013217245016199171106145240403704617
206187094025198228176162136402941517
016041180158215163115082004432803606
103229103174194017238153004435106606
122199016250205113250141021871049606
134164179075237042073106025156462406
062212090207205184032152004433829806
041144006215237042073096000800362206
223007030181237042073103004435344206
231148131094205239062137000803781606
196043026097231225123090000530119717
062211226226205126033101093392672317
112081251032135079171167004435331806
102099079017192182224042571172845717
044026235069205194243102004436486006
155038086115212171042250000804428206
047028172223050121198045004433345006
245057194084016229032072000000000001
201104247051244248165093491320873817
076123014039215106210208605195077417
223007030181237042073100004434103406
125020145194064005155201004435952506
047168171093237042073095004431296606
053065182148131115011249000000000001
131190122252139143018199004434066806
047123201180205071047171093392882917
146251004113202030214148000805592906
134134130177237042073106004434778206
047123160251205113206033004433778206
218225196096116246215093004434871506
022196059006205167107197081025859317
075091210204237042073104004435032206
140242186217194043112125004434691906
196085037170202030089117321401134217
042090049024207009242202010303761917
044007004233237042073106004431427806
099032192003199204069194603966477406
016242056115231225123090000535468717
062200101139237042073099000805961606
200175211131050065235013602300044506
016012080215237042073105004432185006
047100067038237042073107004434216206
044206042074135079171079004436056206
044060228076207001175090000804251706
149053203018205125093052004432734606
237042118037237042073105004431905606
047063073047199171109184004435772806
005242209254139061080200289352863217
075062217254192029092205000802631706
101235245072205239062149004432670406
044008173102244127158038004433860606
022247202151212227179066624586495906
091001247126215161029125639165585306
223007030181237042073095004430992806
130163119073231225123090000530993017
096179109142215004019210033895759206
076040025021212230228014526470120417
133213055037205125110138612440115117
136053112115202024007113004434748206
030015071098138145203037000000000001
210187145027212202151081083470879117
078027041002073165054238510850044506
231148133132244001020026004435095706
053119134187231225123074000535678017
044048155239205066250197004435878306
073027177001237042073093004430588406
119131066060212230154011004434326306
047168171093237042073103004431141406
044008001145116246215075004434433406
135224077098205164099210100012233017
206053138148252248201171560270372806
084119069020073165104131308950044506
195004087194050062034042202351295317
041155124043202024017171000070765506
044204082126116246215093004435351706
141204003182202029137107004435031606
114240182209073165069235564920044506
127168149027193065050106070790706706
047045155105215177109039040170297306
016012080221237042073105004432653806
044002114207237042073107004433899806
237042066200237042073095286240044306
210255186130205113200070448410273606
114226000075050065249248645390044506
044206000003199153051041004435323506
128103112127073165109020513970044506
116118134065207180012223004435095006
021112097091205212176147004432698806
237042077119237042073106511300008006
030214172133199224155225004434444506
242254028096139128098013000801299206
200124200090252248025120435820012317
100091057198240063017146141120335417
196052037242205113203073151514915617
149042101045205236224151092170356017
044003214238237042073093004432712606
034104066181231225123079000530847017
047164162205199137233223077265716806
079043077114073165080175551850044506
119046101194202031166085099984929706
123080241229050123065244004433793406
084211132179016238145171000000000001
098151109071131115160069610495992006
141236058074231225123093000530854517
109120003013073165073101518130044506
047160184017237042073101004435903006
149140045081064005155233004434796306
141186045158064005155201004435785006
102154007244199137227088387023461217
108104218170217010236162587606333917
197109216211237042073107000805353006
044024116039237042073096004434182806
159024155244231225123073000532548017
208181140212135079171167000805521206
042095057117193232166218075621359006
064004255129231225123079000530896017
016146204198199177255206192190005317
245058156044240063017146070010347906
135084107064237042073097000800525806
122013118052138091018165004433932506
152155092169116246215081004433647306
196043026097231225123090000531927317
016030075024244067211103004435100406
148067222062207183080028000535179717
127242036067064005155235004434965406
213175201181192132029189052222818006
058090095074073165069081018060044506
141236063126231225123091000531842617
146124016183240063113226000803194306
127242095065116246215221000000000001
212246216129199177254245082870005317
047081024140237042073094004434199406
136053123146251108156237000803287606
008069235058194042039122000802719106
062196185181205138232073004433415706
213173038234240235108140004430203106
123188126243215177242182004430150406
237135159176205126174249000804932506
044203165102205250088243004434620706
044003081044231225123079000532032817
135148178212240202184164000804982506
158120240035199169014172494345835517
119136137217199169197162004433251306
197155091172202030248079004435136106
044008225012240235108140004435822606
058157248016202118035093004455626706
151063215133122195111160609070044306
135072013126205250094013424552830006
202217215109251108008096572750677706
035001034090205184032057637183960206
218252199254205250088133004432655306
058039133019202167077029000000000001
213176048034192029185094052220444606
075091213061237042073104004435180406
047119131177205194247044004433264906
013025198124202028023244052234790306
050074105080193065079033004435450206
057184217037205183124195001610192106
036218201176199137224001412830312706
218225090007116246215086004434737506
058246231203199177255188238221361417
113137159111205126037197320054475606
047108025247139096098173004432849806
213176048223251108156145052224376506
197043153076237042073097000805453006
197222188038139072055050099640338906
154018048208194114011089625440143917
073155098049205167105174004433914306
154040165080212202075077103694028117
058249251001251196145100400042092506
008069239084064005155149000803609806
131134146233050123136171001235442317
049196031171050254095178000000000001
140169199076116246215095004434643406
063171212119116246215074004435975906
149210190009212227179066004434951906
213176048034198231052169052223870906
154044128076205166055169503824948506
231148131073251073188136000804903706
200174071228139143182108010273426517
122024154219064005155136004436117506
025236157182202027156132552690044506
137176250149231225123093000530245717
091095182132122195111160476210044306
047160238065237042073095004432626406
080205036246205112172199646380106217
047111019044205249058141004432665806
204098251040192135131146004433987606
044202153201116246215084004433769006
033245039204064005155235004436506006
077077040219073165065045535720044506
131031218214212227179009004436448506
244199180007202028068161000805306306
104128102062205126032066432185090106
044072179169135079171002044555741006
030015072241138154105125034785452717
204017164087073165090114563470044506
197255118122205217249234004435207406
130004046201192182060054000253383206
096043103012202029193255068901035517
237042077078237042073100276240008006
113111125089202028004059375243435617
218252032085202030172037009936083706
114218011040073165090012592390044506
141236062000231225123079000536396117
016098134156194041037212255654955806
204096127014207001133117004435936806
013217107094199169020018004430792706
047011174045237042073103004430747606
201102115063202027129012548820002306
073165202162205166122175004456298206
122016143106199170237173000804950106
148076105228231225123073000534143417
047160238065237042073100004432777606
201084058053202028186171463595963017
107219039079215163006231416990102417
075008166140205164190021417133813717
206190154058073165059219650870044506
087121207112139218240252004435252106
044037241186244158083125004430195006
131170083102231225123077000536043517
007234225066231225123076000532254417
025189156015205250093172185442063717
030214173058205202229081004435233206
213173038226139143182224000802786506
036069148130131026048092626450044506
087063182034205112117153000530249717
204090126099202028195010543791968817
030214173006205239049229080803280806
044201028016198247250013004435940206
237042064209237042073095000801469606
134134152081199137227019004431697306
064004255129205218042237000534984517
112191112067192029211134100852650906
237241128223205139168121000000000001
248199197157202024017158000800637906
044204085136199171206181004435439506
203203182002231225123074000530788917
140065118211064005155209004433684006
131003116163199137236115004434715606
016195143026231225123090000536339217
044220085234237042073105000803023806
016012080222237042073106000805329006
149005020177215163006224303036394406
047084196154215005009027004432899806
062213248211131115183098004436025106
064004255129231225123091000534086917
131210219147202024017034004431063406
074225128250215167114130639451146117
121149058210205218157165230944135417
213187199253205218012248004435981506
211253199031199137227090647390262717
103216052103192254112204004436092006
073138248089205249063028000804957606
044043139081205166055169000802694406
099035041018244038133045069021917606
032039165221205180040024000255570306
047105187176215007140142000806080006
073027146097237042073097004432643806
222060063169064005155184377690008006
035001190231199169202100068812790517
106166251152205218152059004433014906
033216043010116247217103000000000001
196014049171231225123094000530400317
075091004165215255201251026260106217
034163073044198033151154484200002306
073155112248193107084082004434036306
016012252178192166238235080462671206
223007030181237042073102004431966606
142208122053205212182122000000000001
021068196216207001013094004435963906
124217219192244089194071273880900006
196114107169064005155182000805543606
096043183245202028175001642014491817
119132120166192182224251004434565006
119128107095064005155218004435839706
200035249006202025193216182030002306
135072013048198193187154370993640606
076177099135205187186221052223270406
159089146105192029092226129040808006
076177103244244212229069004435481106
079117003249202118077085000000000001
128202212194215006072091649160450017
036217142210244127141129032440808006
047123237054205238171252004430582606
122027118143205218025013000805928706
111205236102199169214136494176285706
050075028226202029162192081014998206
248199020224202024006070000803635006
097039161235202024006223004436175606
063171212119116246215094004435934006
100208038231116246215086004434071506
064004005085064005155189000805675106
099035082202215163007138069070190306
047173022105215163007106000805200506
047018244059202024016075000803947106
239213054010212034078212052222733806
044023167196207183023078000803687406
086037143033205180072177004455008906
044022252167198247228239004432676306
101130114241205112190062164995381706
075067214202199153099166472530002506
224134233034131114015000000802044606
127168149027202028087220070794085706
096189079173202167044253004430339606
073165244233205127002179000800447006
127107225023231225123092000534115517
237042080225237042073093508500008006
021068195095205212176073004434997906
130150037145231225123092000534768317
114087061103205216065124000800167206
070109174030251108226013238856113717
058157172222202024005201004451624406
116255061180064005155219094826545406
213173027179205066249126004434341506
044201195042064005155229004434017606
106084165032215255063149353940002306
238004110097202118062080004455692906
007234225066231225123095000533603917
123188126215215162059136000806414406
131188048101198209184218000000000001
231148133074202030168165000804953706
206240162231244001196029004436358306
070032085113205239107178588150002206
021120125186215018244002004434969306
122139009253139010250152637270005317
147181251122198209140246000253927306
124101052210135079171132004430858106
080215119128050065138175142040044506
247003112247202024007154000802473806
042207243122202028195010393061968817
148085199050205112112002000000000001
070031196029050062046170523724156317
013216161037205194244222004433263806
016036124160064005155232004434030206
149158122027215019012001004434945506
044200110062244157168176004435729506
050231068035198193187025581670166517
116247053109116246215079004433848606
202217215109240063114048000000000001
034040180008202024016180004436454706
213173043248205164190008004434128006
131052030178139180038212000000000001
224134046157205218244149004435147706
044073049136116246215085004435259506
193253233023116246215010511490008006
218225091111231225123081000532031917
243054009052231225123074000530505417
042093130113193065033125353332727817
062243102012244031011134004436010706
213173033195240235109089004434639906
231128055195198240076088579860546406
146180088152131026013233533860044506
140075193191050123066195004432842006
151091250156116246215092000804719106
062200101139237042073105000803579806
116089055233199171097022004431229006
044206028002205184037120004433953406
203123039080202030078114010264697717
032251248212193065093237000233999506
123080241229212196232165004435027506
034253199253192030101083005874114706
129090027038205251200212004433566906
244199163042212195128205099951183717
196045082162138152126074000000000001
047111158061205236228202004434644806
127219013119215162059075062480044306
146089064135193065060157000251793406
107091051231073165080084294370044506
123188126162205185136209004432869306
131148087034231225123081000533150017
108126104050194031093109168815865906
096036045054198247228021004435396906
050084201042240183033096061085208906
075062146152138071024237024260242617
136053123146215161047242000804087506
106029098002199136068166557052726217
022194249075244020059032081125755517
210211212225116246215008000000000001
149042148152194031046203088880434417
099141029042116247217133000000000001
213187199241199168153189004435249706
136148215080116246215210000000000001
016012080233237042073092004430634406
053149065109138145199250309561692617
253102008178240223113085001230012317
085111169032193065075131259242020717
129177127010244127159121004436104806
062236230071131115180165081145675306
047109173158237042073101004432865206
122013116139192182067254004434699306
047108234002212202218019004433610506
194238220147202029053031115805103917
238063074219192166174059442080002206
119054104215205113196190000805037406
082175089200212194054215453901018117
136060152020199136076089286223412706
084023006160215176008130000805646106
213176048029215177242138004433015906
088131075058199171206084086002624506
063150146075064005155209004434805606
042204053184205185134075070062789506
047081147145116246215071000806543206
243054196214215167248185004434663706
016012080219237042073105004434281806
073024200079205166055177004434460406
213179055031215177241060004435801506
057011216162050255048254121032152217
099251170167202029231062036580365817
021091197061116246215077004433580206
044077043050202024016240004436520406
044049138144199224149005004432779906
044054034073194114091194004435336706
248199068125192182060129005875341706
231148133080205184032178004430232206
047170140165237042073101004433043006
136045130155215004234157492372610706
066138065040139180044032004434926606
047100053204205239048154000803579006
101088249054240223180061004434431306
044001146208237042073101004434948806
134220148195192182234227000806244106
213173191042205139035089004435306806
197030218104205139168121000000000001
100208217209231225123072000533834317
212143024236116246215069004435707206
047011147048237042073105004435930806
199115081237199153053006537490163917
008075075234139218243210004435791306
062192093002194102244235605040554406
064004255129231225123075000535664317
063163079024139128098174004434309206
156222076116194038094054203734662517
096040055062192022167231444400206306
213175201184205112188193004432364806
007236109084116246215243457020904217
119132120180138056035251004435054006
203203204191231225123091000531638317
119132120169198243031005004435322706
213175202228202167002161004433630306
213184192016240235109082004435097706
203224017200240063113219549550008006
211245203115199204078039471780119806
196093065108231225123094000530453117
041147004012212230042069004434752906
047034185250205138232129000000000001
076177103203244001198242004432785106
141183211059202029095056004434703206
042204060035240235109162070082210017
047081091076237042073107000801289206
030015071084138145203037000000000001
213173014179244158083125052220153606
016012080214237042073100004433796606
104220089150231225123075000532206217
140169199186064005155210004433558106
044050225173205055130164004436179706
063190137118194038091253000225741206
057184217039202028152219001611601206
062248007047199168152226004430830406
070243079058205219219146000801695106
129090126096215162112216106745117506
044007049164237042073106004431502606
200223240249212232224058551652715206
075095166011244031072067330006165317
197043153094237042073106000803297206
041150230253192029185100050561251017
119132120180251190162121004435075306
044006157000237042073095004434864606
033228034008251100210117004432893706
130017205134202118019090000532518717
129117087008192030004237633760005317
076177099146199168153248052223938906
075038244202205218157093004430168606
137234108111207180054172000800005317
196092076209064005155193004434026006
233127239024207180185095218080005317
044009112178244001169077004434988806
198215023057205250093172243232613917
135084107064237042073092000805835406
047028022055207001175153004432291906
126060226040207001054070000254004006
127254172083198209185085005873867806
016012080211237042073094004430730406
044086195111219092051171004434164606
223007030181237042073099004433632806
143089160213199136086123004435272606
213179055100215177243079052224516306
089214213208192166172215388931444606
047185187116116246215094000804997406
016242056211205211048021000533016117
137095123114215007206182597265202817
148003126058116246215069000803608006
044073235076251190074029004435042406
047026108114199152012217093392653217
053038177139205180045085000254975406
063162175043215162120155004435634806
105150121007205167204207603342117017
137234065157237042073102559320044306
044004213176237042073105004434899006
211210206017215007246013000804567406
197143138162205126037150004430183206
036099196140207001048202000255766506
231148133177205201029005004430562506
197016034252215177138095004433589506
059252155150205218245022001234718017
218225072130064005155244004435400406
088197057089193232163074000000000001
149042101045244022140210092122696517
223007030181237042073105004432946206
130004046202205180106161000253584206
042055165238073165172109642650044506
135084107064237042073094000800974806
070243079058215013112201000804910406
213176048147244205138023052225514006
041194062029205216061103109200002206
131151065185231225123078000531648017
044059096034192029190154004432856206
223010192238205200226118000802718606
148068186181050122105077004433482806
103212130080199223122164004435632606
036140220026116246215186000000000001
195077032159205251200174004434984206
047033146254237042073094004435728606
041147008066050123200238004431400006
124101052205135079171187004432427406
044073172130207180189166004433335506
085247217049050123053194070073651606
131210218147116246215122004435469106
078179055087194041046019228490808006
044069144230251108156145004435151406
086106177193205035005006510063316517
131094163046205164112077004434974406
213173038240205187185093004432658006
147088099114050065235134544960044506
049233239175199177245230579083798517
079121155115198231052044331250002306
226025128048240183048199220035612917
116247053176116246215115400240044306
016012080233237042073095000805835806
047037170113215007237172093390348106
047170185117237042073102000804100206
153173186045199223116094059384916706
044001159232237042073096004435059406
116089054183205126032236004434898106
044061036078199169012057004432850506
131134146233205184032173001231863217
210061102218205251202087004435627717
047170248188237042073097004434116806
119136137148192182003028004435745006
053040221018199169214062397484295206
070041243060212227179051280634017017
044002114207237042073103004431429406
196150167040237042073097000800474006
196093065108231225123091000532240517
096100187020202024006204004436234106
232188067125251215113218004431544006
030015071064138145203037000000000001
076177102197205113216071052225852806
016012080211237042073107004433999406
075205198064116246215122004436309806
077023208110215013072176199922688806
062245204133237042073093004430357206
119132120168198254094170004434964306
044084080254215019203029004435461806
099141032170116246215094004436418206
119132120165207020027007004431590506
114218004036073165080113507530044506
033189177255205211122024000803286406
223007030181237042073100004433582806
218225090096064005155134004435513506
205143240032016238144096498060044306
062196047072237042073101000802973206
098234180050207180054207000000000001
141183211149202024016194004435581106
244199180007202028017009000806504806
224199210190139010250102087360044317
073025090225205200149238004435912906
148067222062050122231117000535228017
093047217184116246215076004433611106
047160006137237042073092004432782206
158205087229215163004148091201818317
141236063126135079171197000536172617
063147215187135079171142004432355106
206214131118207180012223580155838217
114079163102016230173239475610339906
087118114044205251202136610235328106
044023238050050122063122004434017506
103093029109244038204221570226000306
044068121187215163115082004432748706
141183211166202028157216004434290306
197207242232198192211050457700002206
073171192114192182165085000805489606
016012080206237042073105004431575606
016179000040116246215075004433537706
013212121052202028039078001234006517
044207187035194043177001004435255606
206110004037231225123077000534967517
197164195237135079171149000535799917
047006035201251215113173004434013406
134068198191192030026056000805418106
237042094136237042073106040840044306
210007087139205166047190000534178317
088193162154193065004098092101232617
056034230107199153108248000805896906
042204056091205167104077070084894417
239213060016212227179051004433729506
047168234014205164099243004435257506
113107138091212195084221512760436117
075022168197135079171185004432324206
044027105057237042073103004434588606
104151011059205239062061010286098417
125020145082064005155228000805257306
047034184031237042073099004435913206
093041047086205125073209000254816806
218225253135198243030091004433727106
035242100065205239106143526830143306
016012080219237042073095000802550006
072011250066215255019061000800670306
069125124184199169202100281481072106
075091209224237042073093004431892806
131226075064194042195152199390005317
007234225066231225123072000533885517
041147223116205187184009004432864306
062201090226199177082232004432643206
200093090229199169193248528761697006
131134146233202024016053001233582817
088193162154202028099012100180910117
033236225083116246215087000000000001
231095180112202030252253004435133006
044094033101116246215083004434936006
047101064034237042073103004430607406
075010138193192133080211109830256806
075091210213237042073092372600044306
140065118193064005155245004434884206
062196047072237042073093000804564406
197155091167050249205072004435341406
222069115138215162059075579520044306
033038140170116246215068000805345306
074098253221205166126205378840950717
044048201113198229191174000800161106
053150249214212195128205361504704606
078170048120212030198179000000000001
080022149220198193182142014512926617
044095218225205183042135004435525606
075091210211237042073101603460008006
213175253243199169005149004435215806
141236063013231225123092000534323617
237042071029237042073093004430746806
140169207210116246215094004435797406
239213054026244248167237052225321106
218225009205116246215076004433445206
097132228080231225123095000530253917
213175202247251190083176004435993206
198140087249116246215053544080008006
082074103119251224032197052225509806
130004046201192182212143000255968006
124050093147244022109013004430124306
044077132191202024016240004435011306
197202027125199152014037000804239106
092158007039138145205049457820044506
149042109042205139034180092170930917
131210218147215177241058004435847906
141236062076231225123079000534913117
030015093012138145203037000000000001
062232067228252248203076081105955017
016049112144116246215071004433279706
066219029168205230095205255650102417
203169252136244089081011312090103717
141186046127205126032162004434136606
119046068062202024166106093002166906
075091213056237042073103000803409806
044007103049237042073096004432300206
044007016245237042073093004430878606
237241143117205166210170004435870206
197214128187199223117202000802885306
062213047155244248205078004431847606
050084201157131114049130128144923106
047036176173139005150157004434352106
047123140131240235109061004433846506
013217250067116246215075004433472606
044004199049237042073106004431017006
141183211149205194221234000804891506
044007004233237042073099004434616006
074225145154198228176162621712941517
251103139063064005155232004435401406
062245204133237042073093004435168606
016215208159237042073104000805862606
122013122213139218243209004430158506
213176048200131115180209004432625106
215018220157240183051067495181328017
055233073178237042073094000802543206
141236062031199224146018000535775017
021084065137116246215058004433921506
205131020069199169207118464226226717
101081106092212227178005004434747206
193130130241205113192036092170371217
096189047230207001130247000805203506
114218010028073165034017576920044506
212143024236116246215069004435705606
047081085032237042073107004430352206
248138141038205032022222001230219717
210011223039202031157160511051414217
223007030181237042073107004433530606
119046101194202028186060099984899206
044091236122205187244123004434863306
047024134095198231050150004434631506
143234087238205184073236004434915706
044073078156205126033101000805838406
100208217209231225123076000532825017
101081106071192182170117004435041706
007234225066231225123075000535273517
211253197119194086007127556592716317
047062212070205139035230000805704206
077024031023202029027055634700688117
218225159157064005155210004436441606
119132120165207020027007004431625706
239197100192205066041072000806104006
213179055123205236103162052226241106
040244148132073165079235518550044506
047011074112205098239108004434372606
213187194065240223029005004435117106
112096067220207001052006529603725106
055233073174237042073098004434749006
210061159128205113198250004434424117
016215208159237042073098000804964606
047091074046205098232189093392584706
047123136195199137231132093395796117
127030195130212171150068466400808106
134134130249237042073104004431497806
074103212066194100115016192540108417
048030066024193065007118004436521206
126004232126199177255165004432680906
136053101160199152010020000802480706
075147228106138152152245004432963206
096189055102212227179002092175773617
108236163220050065214021572680044506
047169148015199168232163000805582406
123188126170192182248108004432635606
030015071072205187186069004433338906
114152228216205239062133036584982817
047034214121237042073098004431650206
044025052213237042073103004431196606
047122167011131115180209093395764017
223007030181237042073092004436295406
135211169121251100166138004435467306
238063074219192166174033350300002206
136053123146207008083015000803419406
209215047135202118024210210453414617
197122065205212034178202004430709606
047050203175050062114183093394930617
149158116052199204071095004434915606
127059029251207180053177004433827306
119132120174205098239114004433553106
196040118190199153061043584740905006
021120096193205071036076004435479206
156177079243199169194038645880008006
016036124150116246215076004435634206
070206121198199205175009004433345206
141218041206192182089030000805322706
147129053082231225123073000532847917
047160238065237042073102004433369606
044060176018199177248205004435790906
196091190191064005155175000806417006
044029125017244248141253004435517706
147108192006199170237189475743637517
213175253208205164190058004432778806
062204038252205199049150532850005317
070045241186212195090249612320044506
062194110038212227176016004434725806
047101070053198192208223080805415206
013213099253116246215087004435457206
021020015195050123065233000804668906
133045039037202029211177540004712006
062208108038251100166226004434674306
062247003052237042073098004434481806
049079224213139136059155080805172606
070248153229215018090044237011885317
140076018202199223121236004434979006
221197096196202024016198000802995506
197241237050215006004214497815338006
128174229121205219174006630742744317
197209037056251190163212489530338906
204124215023244212229038601650140817
044222002144064005155180004435734306
044202024127135079171142000803689606
249158180126116246215076004434845106
044031061158215176002118004432681106
047107192120199169004236004435833106
213184192020205180139069052222685806
113103184091240063017189252570235617
050051143222139093089034177205321206
244199180007193065076138000804658906
030214173111192029062010000803875106
135207186068205139032214000000000001
237042075073237042073248020010200117
204123125161073165059242503440044506
200000013066205139035178004435134806
113182135162251190010105638086480317
235185231066192022166008080802649506
195186233122215007140050214333386217
044030168152205066252190052235753206
131134146233202028146128001233337117
059172160226202030189132000000000001
008109205050231225123093000530638417
044068198003237042073096004431549206
125081239070202031150053000805232706
016012080223237042073097004432323206
070243078228194017014243000802685306
047033066165237042073104004436365006
112081197019192135208245004435580806
016051194100138091065008004434993606
213187194116215177178109004436011206
047168103175237042073092004434416406
070243078228215255202084000805117406
057184217037207020031005001611696506
097133087175231225123095000533201017
243054009040231225123090000531616317
013025146177202028179073052234752806
047081024140237042073094004433814406
104220032211215004019210033895902406
070032085113205166210068608800002206
218225205083064005155234004433412106
224023181003135079171145000800550206
113098017095135079171145004451330706
135223125098138152127172020956360906
218158088140192182089076004435065606
240083009029192030035112004653967206
245209093149199153038210367700338906
047045158197192022173005093395521317
062236134115212195127026081180360206
075053133082050120061118126566400306
213176048174215163115077052222708406
047030135204251224004007004435821706
073027146097237042073092004434922406
200016133229205218033194000805685006
122199016248212171168046021875434806
062249060005212230173081004435198106
085247217045215255163057070054059406
208070209174212202217245004433362906
016192214022205211053158004435422206
049101117129073165111165648290044506
136077040183073165108092072180044506
140169207210116246215092004434455106
070243078228205126033097000801875406
044063241019237042073100129212193206
105081239014231225123079000530369817
202217215109194038089142572750699906
197043153082237042073102004433051806
047021124048237042073097080545240406
025243231157198254094250500510688106
195215177236240063017146158555863417
013216048200244067234188004435291206
140169199212064005155201004433829206
102177029164050121119148358033115617
044005214128139096108159004434258406
072011211057231225123072000530237717
231148132177205212182217000805346806
044000125244244001196133004430178506
116247100022207001165072457130905006
132037236104016048144184000000000001
204098224117116246215087000803615806
196014049171231225123072000531995317
197061129192199169214029092170260917
032210104114205250089072004432622706
231148130244202118035093000805497306
030214173101198247253051004436444106
096096171023073165109183018170044506
116055115195207022027044392304517117
016249228148205236095024650980148517
119132120170192182088118004436203706
131121038205205164096233004435465006
036152164114205213185027637416260006
103192075118193065050114000000000001
251151098239231225123075000534196217
131003246189205200027043000801866706
127089132237215167114013071722628806
243192025006199153048236432980106617
111057099170215161111225642494932617
103229100137231225123091000533801917
218225236073064005155210000804220906
030216146049194102245195004456413806
237042094172237042073103134660044306
213175253208215177242038052223980506
064004255129231225123078000531980817
109029196116205251200174617131138817
088137115149122195111160328600044306
047038231038205194245178093395691717
041023171228205126033102060001794706
030054086185207180015129547410436106
053055092130199169214167567185823917
238041045192205211054091100516407406
209011097034199220209131000232227706
196085196245199192047234414470109617
021120126066199224155125004435700706
055253252205244127141129068930808006
044000190172237042073099004431913406
047045187159215161115173093393153817
044004213176237042073102004431647206
044007103049237042073093004434194406
131130025235202024006051004431242106
245098104041207009249100506860008006
044020046034199171100223004435662406
213173043233207183082180052222851906
148067220032199153099086000535585517
223239024084212195029238004435249706
148085199112205071024069000804958506
016012252178215106210142081984934006
137114125013212194146133000800681206
195069006171202031028224004436197606
008068107156205180013249004436366106
044201196116064005155209004435104206
231148132094202024006019000806118706
058245242020199169214054092126330117
237241141049199153054139000000000001
105249168140116246215017503880044306
085217062020244038133045150010280117
072011033008016238145171000000000001
122048066026135079171104004431860606
062244222199192022173005004435376606
233049222095244158005052538536334117
047110181203237042073103004431078006
245098037217202024017206000802896306
063160211191139096108235000804281206
063173225072212227179002000805517306
053150095225199138218255239740102617
237042066203237042073102610680044306
116089049158215177110192004431404206
044084123144205184032177000805618906
250015074148202024005015405203701806
105086205077215177109150000805023306
047006247003205194208120004435076706
127088253063219092207095340843343817
044001110112237042073100004434508006
110189211235212030170141506235408217
218225236133116246215087004433858806
213175202210251100143082004435428306
047018195118138152125118004433997806
099031180213116247217133000000000001
100080151101231225123080000535774017
146005188173073165080056498410044506
075063140068194043191034000802696606
244199223155198255169093080215091406
119132120180050062046165004432659906
070231208183237042073102473700008006
135216000038116246215156387850904317
114242104032194042037066000804778006
131188048101192166174055000000000001
047004165098199168156135004432824806
131021132178064005155183000805431406
047090142173205218013123004436092706
130150037145231225123073000535903817
093222057137205126108200200895596606
223014026255205250088077004435322706
208070209182050254094252052224198806
053223215218194043118237516791986906
087230012251244127141129572450808006
016242056208050252211242000533152117
072203061255050065172214633020044506
062205145019116246215070004435760806
210052068027202031062082000804325206
134134130179237042073097004434295806
044222225092212230042093004432747906
097174072085073165090007580460044506
213175202248205139035089052224004106
253102008178199204117007001234294317
213173043251205164190058052222689906
114248229117194042203102509873582606
147226178212138147090093000804957406
122144003055215162059136081950819506
202217215109198243181057572754222206
033239237031205239062021004432651306
154044165002073165172194496790044506
099244027145205071025208550720307417
021120101161205212228039004435824206
072011141012231225123076000536537517
131210218147205236147197004434860606
082172160194212227179009079515011617
131188048101192166238235000000000001
007088218038205032024094525851452017
063163143058198247247020004435404406
047034184031237042073102004430287006
002207210135205184032120069695600317
066018134130244157132105646530312806
075091213052237042073106004434588206
047169094069237042073095004430539406
007234225066231225123072000534177217
153170104025073165089230504630044506
150221137069073165034226446450044506
041241171125215255118063072755294406
124117015038135079171175000800732806
027180049078202028197035445940808006
247003110196198192211201092175367717
097132228080231225123078000534309717
237241130097202030145134004434934006
047185120092194114125249004434465506
048165214160202024017045000803543306
218225159156064005155192004433705506
044039241034212195071082004435883006
047169075075237042073095004431928606
050067189144202030159075004435017506
047119081048116246215082004433446806
016036124186116246215122000805858806
062249164233135079171198000800964706
044084123153199169214066004430557406
223007030181237042073093004434778006
123188126170192182137137000803219706
047034184031237042073098004432755806
047100068026237042073099004430322206
124057180101199204103066000806179306
111014128186073165228101602900044506
153173191087193065011106004434133906
213176048133205187184009004432708006
002169057008205211056197472302713006
100222201113138091022109442365817106
091233153229202031036067354416091206
218225091066231225123095000535581917
048165214160202024017045000802241206
070250047019205167104077070075424606
050024214159073165109139532290044506
223044129146199136086047151524915517
142079206011135079171128004430684506
201205224212073165107250597570044506
140066161130116246215120004434283306
193226225026016198231087326990008006
202217215109205212176026572750111006
016012080211237042073099004433141006
033239237020205184032209004433489406
044037027243199224155225000805102706
243054009034231225123078000535069017
070048059033199204103019000802820106
136053096062215177109225080802767906
047034208243202167001179004432873606
135084107064237042073094000801811406
147131146096073165059153437820044506
147155171072198033052205004434523406
213173014176215163100002052223978106
204041035173207020027127270320622917
244199065033199136086040001093678717
044021176085194017236087004432828106
049196043207251224228013225566527006
073025090225205138232145004433852906
096189159243202024007047000802482606
070243078216205112188193000000000001
223007030181237042073101004432724006
101081106058205180073108000806137606
134164178114237042073100004433215206
044008001145116246215068004435177706
149158111009198192126134000802876206
016035131115138091072052004435138406
080210045171205148089152123405324206
218225236073064005155210000804266106
213175201190199168152210052222647306
062204087058194114091065004435063806
044002011074205251200208430006347506
218225196048116246215093000803296006
070243078224205212182066000805750806
067027119026202031022105591004626817
141236063126135079171172000535683017
021120109063207012133227004436526306
037102030166205032030112069692788606
135243027105212227179154004434307706
149042148153139212096090000536331317
041144006215237042073100000805077206
062255044230205218032210004433979006
096212034061194017239044027360038917
136053101160202030009040000804683406
114242108016050123053224000804917506
116247138104116246215234080005207206
073027110110237042073093004430806806
070243078224199153097023000804917406
092235034005205218042237000532196717
119132120180194043096067004435153906
138126227062202024004215500312449117
102040251146215163175049093060181917
127101028050207183147109564186089817
047113011130212230182226087653965317
099016244183073165172103515050044506
112109217251244248042099089991572217
213176048168205251204051052224680506
048160011239199224098189379660312806
016012080234237042073101004433421606
062196102009237042073102004433461406
197109216211237042073107000805350206
238162103107244001168182485460002306
056057238212016198230244536400008006
030214173109212196221147000805761506
033236230095064005155065118913485306
047168253102237042073106004430335406
254216158205116246215087000806179506
044084080125138091018165004435459506
050074105087231225123076000533620517
047005216190205127096250004432670106
124050093147199224153193004435400906
016012080211237042073095004433238406
197209039077198192207018442590909006
151091189149215027184067000805080006
223003174028205071033109080784934906
062254034078240183033127004433930506
113111153060251100166226000234888006
044008165211199169012057000800225006
044095162078244157168169004434927606
105198032014231225123094000530923417
222081019117244038134057547900808006
215176139226016230170056561780008006
062194058225237042073092004430538206
073155112254192182023091004433406006
072011211052231225123078000533470817
083182113147073165111028576770044506
016234097244251215115082004435140306
047063099163205239062170000804468806
206221215252138145199245519193804606
103211029156202029232070260025581206
073155112250215163182241004433343306
239213054091205127097016004432675406
048165207210202030088127080884341606
133212155125205113193045563885128917
233006094164202031047132270195970117
123188126105205071019055004430419906
044021182125215163164182004434417006
070243079058199136103031000805292506
135069248195215004016173004434912706
226138138107135079171071000802759706
044200248163199153098102004430388006
104088017222198240075071273821100017
008074003156199152068072004434995406
096100187199205055128221004435044606
044026234095237042073101004432668606
044002014134237042073098004431016206
097133087114231225123092000533518217
053197253133073165089073572720044506
082179169024202024166135131283476406
140065118193064005155209000803518606
075255020069064005155230000804992706
159230098197231225123081000534094217
193253252158116246215053219200008006
016012080218237042073095004435332806
062214203082252248203196081004253717
125017210024116246215102428320044306
016212157205139096098165004435831306
049112246007215163006231442750899917
131208002242139180038212614560776917
040005007082194115203121000802633506
224023181003135079171145000800550806
032171105033202029191159099984519806
195127250212251224004199000804034606
007239235096116246215082004433841006
075063248032202029236237099980398106
072011211058231225123090000531614417
110202206210199138218122623484754717
044218233162202024016067000802335806
132016242125199169214026522231762417
151048230109205125180119588534119717
073146107158198231053187004434058406
044002165085215255201199004433329106
044001020068207001130149000806138006
044027081128237042073093004435825806
044001146208237042073105004430552606
237042080198237042073094000805365206
040244206040138030254129605760002206
134009124177198033105216000533695017
217242028149138071027233011004979206
070243078224198193188208000805266306
231120120239135079171142004436095406
074143177101199137227029226020150017
047100019196199137227028030741533217
044000240156205213166137004435700606
064004253207139093084095000532274017
204219033081205249010141178612003506
114071229185199153036037005870415506
030054158175215004019210033896493806
032191132049192167126179004435100806
148067222061199153099165000534472017
015043163112215018092050000800160906
044063241019237042073093129213532006
197190098108205113211194556820338906
047168103175237042073103004434165206
247003110040205184042198004435353606
116116069151212194202248093115703206
213187199250199168155248052226218106
109172224070215167149193548392734217
196012212058199177254246261960005317
106215144152192030100081004654825206
138150090222205184032089521031419017
079121155115192167122151607010002306
047083111086073165089142547820008006
124215192044116246215068004433993206
103236154086073165065098555390044506
111251052174231225123073000530337517
122027138107251190163124000803124106
204101177073215027187202274642645417
047011040231205166055169000803339606
047008241191237042073094000000000001
081178255038016032170222297613931117
103113184006194017228064000225876306
072011211052231225123093000535320017
218225091066231225123072000535419217
103173175076198193188208000803850806
047123049198215167112210093393473106
044007060143237042073099004435117806
052135059135116246215069004433874106
109079112135050065143039619060044506
108043053026199137227063004432934106
253102008178205071137179001234043517
044069043077064005155209004434861406
021120125181199168153015004434947506
047185202182205098232178004433229506
206157043064199169014074004434371106
050031009242205070220141364465231706
044085129126205112188097004431347306
047034195233212230042118004435118906
042089198114050122228221050806212917
044003153154135079171167004431591306
094128027173202028016248509173817917
047049042011215018162171093394114017
124117015038135079171167004435921306
013193132066215019149253000802631506
133237158134244158083125014686496717
129044220224205071026008645690044506
210011053059207001002253004435831506
202217215109192030222002572756550006
209069007135244038133045235152669506
213173033196205127097050004435544706
146027206169205200173086577626071306
035014188070116246215163549260148517
131134146233199208150215001234339217
140075251101212030202010000535824817
104160174088231225123080000535586917
131143133229205219172197000531220517
129107151099244067210237004435818506
213187199250205139035254052225580006
147189244143192182240214614640103706
108208129188198241200124551360044306
124045100204205249052039377433343517
238063074219192166170031570080002206
044039187033138056032176004432866506
134164179064237042073107015140470406
044011155062199171103112072752803306
053127091030073165228080567000044506
100197003245202024007007004430622506
113071254068202030075193068814050017
107033183185240063130162346354915906
042157206118122195111160082880044306
223007030181237042073092004433108006
044059095221205211031102004434764406
016036124160116246215122004434594106
062202173206064005155182004436479406
088046086210198247255168086244013206
226154176178194078255018004433574106
047033026131135079171198004434477506
130150037145231225123076000531327617
142079206020135079171175000801112306
247003110196205202141248092120930917
141236058134231225123075000530763817
147129084109073165107033260530044506
067003106036205239062002649865700417
075229000234116246215077004433392306
104067066149207180048013000000000001
097132070046064005155183000806007006
217215027053237042073095004432267006
075091210247237042073103004435726406
238063254254131115011128537340338906
047090142173212195089174004432635006
237241130097205251200232004434453506
044094001135199153096212004430571806
033228141049212171245130004434276706
041144006215237042073103000802765406
237038101096205251202002400053274617
136130212078138030203047528300002206
002002130239212034176077004430452906
073146072021205250243185004433828506
148137206218205113207208004434038906
016215200125244248165126004430591806
101234244222212194054094490013862317
149140036143064005155137004434682406
148113029184205164114214000806523306
047091100157131115009201093392687406
044071110093205151253186004430296606
048166064151251073188066071004927906
016012080225237042073100000805235006
119046101194202030153214099985373706
016242056115231225123072000531810117
210030017245207180050130004435698006
148067222062215162050050000000000001
205016141152199223117202081960279617
044025168013237042073102004430570006
047028019080198253203037004434113306
100227229096192166213131477456021006
047080010073244029213005004431189606
193253131030116246215223513900008006
016012080226237042073103000802080006
131208002247205184032003614565137617
125020145082064005155139000803674406
129216223251215019012001520484589606
213179055086215013083094004435981106
015075075190073165034170384390044506
119133105135205250090089004435482706
218225246066116246215017394530008006
116247053109116246215092000804386806
197035045112193065075082068812780606
140169199212116246215086004435469706
131170083102199153050204000535603517
119128009024199223125108000533332917
248126214171192030020233084676488917
070047189204205219218041201271917617
135243069107202030184167004435823206
213175202254244205137249052224585806
016214098033205138232177004431362306
208191226190131115010027004434057506
016188225005064005155190000805376106
213187199246192132000213052225548106
047028026119131115180078004434779706
047045229183050122165153004434256606
124101052195135079171142004433945506
213176048133205185134068004433466706
008107007128192135136002000805320806
070215090168073165111163537330044506
070243079058212034246206000804018706
213179055101240223037058004432043506
112040121079202028163031639254122106
047032110241237042073102004432039606
085024229114138091022105568655003617
048213156120205035001136088412792206
210055059096199169195133001436180206
151198129011212171170072323890190017
077079034248215013073071000534915317
153071177213215007246013004434918306
073024217069237042073107004433119206
083176249099215167215241581980232306
226154176178251000115139000801415606
101020230107138152215103000254788506
135243072096212227183072000804590106
223007030181237042073099004435935206
244014070053205180058226004435000806
094254055172202028186008500526172317
204073001091194039040082004431516406
119132120164240063115215004434203906
237042093023237042073106004431038406
073024250052116246215070004434439906
200124200090192182193067002210012317
155137179039116246215186000000000001
237042118038237042073105004430293206
110127065151202031027064399581174417
078140133252202029027055068810688117
044070099080202029151047004435880906
044003061204116246215084004433415106
050048112153212230062131023983414606
100124022052205195126173000803708906
137070085029073165064040343010044506
016253002245139072048235348840905006
213128076126116246215223488960008006
231148131082205180018137004436172706
127168149027202024166244070760892406
116089049158194038095050000801560406
047091180196212197085075093393396606
134164178102237042073104351780044306
112188250172244001196059246761085417
050094013137205184070092516310044506
096197134014244067211018087824963717
044003127078237042073098004436520606
125016175002116246215080094824814406
245011076117073165105255553410044506
080205181019205187184126000000000001
016225161036194017228043575100905006
103211028144202024016087260026234806
044030143164212195089174004432897406
042204055065205218157165122800344517
139169064229116246215092004435165806
248138141038251224004051001234842917
139130177080116246215053502510008006
155038086106205098029167000800555406
130144223061212195128205004432007406
058024020014215022006028010803732206
244199180007202029150166000805196806
070046240237131026013012521680044506
070243079058215160090249004434497706
086106156127050123171147000800197706
205143073017016198230169526640044306
034040180001202030240042004430227606
044063054203050122228221004433281506
147235226197073165064193643190044506
197043152165237042073107000805965006
033183167035202030147005004435466106
044006155040237042073093004435984206
044002161222237042073096004433221406
075029189177244205010121004433373706
238063074219192166170139596440002206
202217215109199204102123572750655506
130004046201192182209053000255550006
053187221034215106052240414591719906
044085224083199153099215000804403806
044094001110205166255242004434638006
116247237205207020029041637080905006
091131203072215005011138080003439306
044026236096215177177146004435651506
137072067116205187185217244670891017
196052037242198209159056151524915417
123188126243205251205218004434609806
047184014031192167127183000804260306
211253200219251224229119625274319317
047028058150192022173005004432746806
141186045186205251200208004435198106
136187073006199153061038000000000001
044027105057237042073096004432012406
149042101045192030094200092120930917
062207024058199171104082000000000001
007234225066231225123077000530941817
113109101232244212229038131570157617
013138121079139010250151379020005317
096189055102192030219094092171033317
002141102051251108156178303443491417
110127059228202029122225593332870506
062201012229244158083125004431614306
147115249239205113194110068810197317
036223184098205098239253305510808006
002002130239212197032247004435226906
091207099199192135130167004435882806
141204003055202025073072000804778206
049088042123073165059082567220044506
159216175243198254094106170981334717
119046068062193065104146093001745806
073155112250215006071171004432508906
015063036114202030189132044370104317
047008240164237042073092000000000001
044026206013237042073092004436335206
114242108254198220158000000804916606
213175202253205195120173052225754506
196183224229192132002096000802641706
148067222061199153099165000533037817
048160011239240063113219457520008006
062200101139237042073096000805139406
016212001201205164190013004433935806
231148055069244031072219000805064406
212065118200016238145171000000000001
062202143243135079171198004430224306
245060177087205212176230619891244906
044000015180237042073100004435861206
075091211148237042073093004430811406
218252120158198209153106543790055406
079121155115192133026218481250002306
151198129011205236157176323890190017
155192209052207012129108580120002206
050050067209207001175121018133288017
218225090007116246215093004436359606
062245204133237042073093004433163206
074230189136212232224058597372683017
204096127004215163115077004434235006
047091148178207000086197093392693706
114218002061205167204207483032117017
218225196123116246215074000805284006
044198040124244089102246052233545806
044026009006237042073096004432608406
207228086064194017229138409511068317
239213224185205217180050052222647906
062217037078116246215079004433840706
122013122213205184032057004434000906
025206023080202031152145314504542117
055233073170237042073103000805110206
037018168103205239048141004456078406
062193227239240235109089004434048906
049006116018199153035082500881461906
213175253251205066252242052224237906
062251199077205212225020004435881006
202217215109215161065059000000000001
100239027093199169200194485120143306
114242109008199137234143004436210306
218225048100116246215115362420044306
016242056210064005155209000536026017
213175253243194043191034004435059106
237042093042237042073105000804864406
076182011048251215113218004435979606
073165221062205125076061004456356706
034108090061205250088182230590808006
217006055045251215113218002576188706
252152071100205216065028004435199006
218095025218199153046045274195141306
070243079122192167127138000805546606
062211113127205213185052093394233817
193253218161016198230169609040044306
253102008178244248205071001236321917
063167162074205239062002004434101206
135084107064237042073096000803360806
223007030181237042073105004436003006
232194029150116246215094004434615106
103203147150198033087239611010002106
047081024140237042073104004434251206
195222041230202024006058000802899806
112149039217199169023242433660002306
213176048137212202219121052224939406
036218205133244038134057098830808006
041155053203251073162249000801018806
030056109103198254094106589466047406
050075152203202118050138004436331706
155038086096192132041034000804449806
134164179075237042073103025156116806
131190122252139143018199004431522806
062245209014199171104070004433751806
237241128251205139168121000000000001
044205006097194038088109004435775406
044202233208198247239179004434852306
213184192010198231052169052225129906
063160114249205066156147004431692006
213176048244244205129040052225407406
238063074219192166170164497940002206
047038029046215163115082093390328317
213176048236205216099043052222650506
102023016225212195133137631180192717
050084215093199171096213268404972306
075066094234135079171104004432530106
065050191114205218043183001105366806
197113078161073165110218585560044506
213179055021240235109089004435815606
251151105136199221126049000803513706
044054223138205071132165004435245406
237042080202237042073102004434886006
041155068095231225123093000536148017
148067222062244029048170000000000001
204098130024199169001133004433817106
245098105126202027135225382180002206
002164213021251100210163607270338906
240130186109202031188024624351456406
075019096139192022160221055004971006
047100038064237042073107004434218406
119034060186251224032197000805292006
044008005196202167044253004432672006
197030218113205139168121000000000001
047108192095198253203197000806283406
131019101084139212124060080804608706
064004255129231225123091000530475217
044002097086205066242083004435151406
214132235220202167002170068815054617
097193071207073165110091613600044506
135211169116199221115228004434065106
075225035247116246215108582720008006
033228168007192182255151004433522406
098138180080215106052203077001544006
204000209122073165111070511590044506
196093065108231225123080000533200517
158147008094202029039108204304932806
044048187036244158083125004430516306
149158066082050122121098062301217017
080185181207202030170188187171642617
135079160057135079171207004430208906
237042093048237042073104004435267206
223007030181237042073094004436426606
035014188244207020029039000000000001
075067180034205098232131080664051006
070218006009205098029246371616110806
135084107093237042073096000804193606
209155083218050065189001576030044506
047081085032237042073107004431861006
228209242213205211056151511830808006
015230250086207180012223574040411306
231148132182205202229045004435297406
213175201161244001199058052224490406
223010192237219092051184000800717206
218225047160240223029005004434035606
079121155115198253196027590150002306
119046068062193065117109093006112306
139248018107251100096119629081046817
127018016205231225123075000532968317
047100158133237042073103004432427006
034049009099202028227067161555800517
112013063078205251205181565881690617
213176048249205251202064004433702006
131000140128199169195068088935011906
124240138107194017229034000000000001
097133082094231225123080000532345517
197030218079138145203037000000000001
044005128105050254095245004434127206
137070085029073165089159338520044506
099159182026207180012223405015648717
223007030181237042073102004431939606
213179055029244248165126004430579106
239213054009205195127075052223450106
237042080199237042073106629200008006
047123057205212171017133093394130517
100243056016199224151098238543138417
231148133036215167248185000805932406
047190084003135079171128004431112006
075225035185064005155193000805891106
016215051154251190074029004435236806
131058204210212171014037085705611606
251151105136199221126049000803516906
015043163108192167232226000805060706
131190120055139143018199004431141006
016192211188205211057202000806363806
016242056211050121229099000533587917
100208217209231225123081000535411917
121102114080251196144199537590338906
044071208106212230180141004436017906
151004001100202031142045264191611917
231148133184202028059055004436472806
103111236028192135208170080824917806
130150037145231225123080000534189417
148067222062212196235208000530298217
119142160167240063017189004434385617
047124252044116246215070004434225906
044027081128237042073092004430608206
016215208159237042073102000803800006
135072013253199224154086365715166506
073027040006237042073099004431579206
087230012251199224098189516380312806
206089105092194042036100602852427817
074230244198199152114078550726085617
044196090249202024017175004434711706
044060028084205071044024004436068606
096108079130205217247072433141445917
128058083168194043146045000535898117
086107143149205211122169377400044306
044037160143199224149166004435462706
204003218130194038145242312355391306
210061167103240063017189004434720717
101143114099205183034174542615464106
075091222086237042073095562820044306
044000083182237042073104004432622406
131208002246205125184128614566393217
016227153199116246215095004433482706
153169232153244127021055514130102617
223080223157205211062046000805277606
213176048137205066249052052223621506
119046101194202118039217099980364206
047109074090237042073105004432716406
044221144004237042073096004434359406
072056217247139180046029026274587217
218225090010116246215077000805979906
062217037078116246215084004435402906
140200069168116246215032118915078806
197211113185205218158048231290576517
016012080212237042073098004434612806
218252106253016229020034512720044306
147159022247212195005159043250002306
062242126053207022045059000803710806
096036045253244248229162004435056106
058203183212138030240212000805127606
047044131087237042073098415240008006
016003076167192182191114651695861917
047028149045212227179002004435906206
213175202114212030023136052225664406
047003241234244248142018004434713206
047109173093207001007072004435007706
149210190012205066158143004435021706
119197246186240183051070009935610006
245247053251192182224228004435935306
109170031128205184032120279755633606
224115233227215027184167004430281706
119132120173199169196244004432435306
199122009003202118117158224526316717
047170001253237042073096004430839206
073164088216192029184196000532710217
237042071024237042073098004431284006
013025060120207020029165004434341506
049214001200251215115082004435309206
047033146254237042073092004435951806
197093036035198241226018080801534606
008069239058207001131070000805675706
147250115180212195071109000804973806
103221006076199224155038099974974806
030015077061205139168121000000000001
113169070128251224005137616531617606
131210135121231225123077000533706617
148083149025202024005050005146144306
119131066057205239062133004433612306
131092194054194017013028005875073606
120122224153205216065165522126180706
030015071074205126032236583824807217
044021143091240183033096004434335806
016179000040116246215075004436424106
044073117007194114091140004435819306
076177102210251108156196052223544006
208191166181205251202109004435004806
044093202074199177241169093394456506
025191241012050062046170423294087317
122139039152215177138252004435132306
119132120164199136083118004432143806
047124080003199137230180050075672706
146213250002215161106089004434753306
213176048063205217244059052224069806
002104082150202030084129560076443117
030210069023205180097147004434023406
131134146233202028119190001234226517
096036045250205211048085004430768806
056021221115050120061111004432694706
237042093020237042073104635360008006
236146136233207183156060004435115506
063162144175116246215076004436537606
016215208159237042073093000801855006
136028028148122195111160354320044306
140169207157116246215085004434849206
041144149077202167129254000802669606
111024143194202030214199539081510717
058237066118231225123073000531966517
104093197245198231073002561865341317
213175202227240235109089004434920906
122016151154205126034186004432847706
040244206040138030254125361700002206
048166048016131115180250088773460117
196055006166215177154219004433603506
122030155099212195089178361633343917
119132120173199204121002004435230506
213173043246212034246186052223384806
047036217052244248213093000805735506
116118134065198243031006004435775006
044008077238215167112218000800183506
013192092066212194174136004435801406
152001058225215013075146004434527306
086106156034205216101040000806460606
042204060041205218157141070065820106
193130135067192166171207565850104906
044007049164237042073093004432510406
122013122213205126173227004432666206
238219248187116246215087000804251506
044026235069205194243102004436482606
245098056077205249048218004435330806
211084030209205180025135273740002306
197109216211237042073107000805349606
231148133150207001131073004435161306
201211101244192022160221000802637106
137217021029215161111233014925579217
119132120180199152012132004435732206
049089032055202030145090246726035217
050075028226202024004209081015785806
100156176013244089080168560190002206
197109216211237042073107000805352806
243054196193207180012223000803830106
148067222062240223215108000536274317
041162160117231225123081000531859217
044084088178244038133045004431655106
093054155107193065001253000000000050
197043153082237042073092000804374406
030015093009138145203037000000000001
141236063126135079171189000533181217
047160077070131115163180040602656117
127043088115198033144049472480044306
108193079175192182025251589832358717
044010154147240183035172004434469306
147206178210073165228035560690044506
073146171105194043182001514132320117
111234251224244001196166004434155406
134233147245215163007214565796367817
077197107039073165079232426370044506
231148130003205200226116004432855306
030037228180199170237173397486011217
085133175132073165105158622050044506
147209211201193065018037004436200606
231120103013135079171079004435969906
002198014175202030155086089995585106
047056010254205211029232004435658006
201001103050199153100110543213705717
047013230175199153102236093394769506
075091211149237042073093000806409806
197086015014199153099096542051121117
016012080230237042073097004432787606
195222041194202029044216000803674506
119132120180198193191216004435432606
062196047072237042073098000806337406
079144201042207020024017605304485006
122065244229231225123092000536046517
226025125030231225123081000533490617
197174047210194086007160093395170706
194231245097122195111160437720044306
070225085172202027026154538210002306
140169199136064005155192004433804006
063150217172050254095210004430209906
044058182174199153047019004435021806
197043152150237042073102004436179006
073158140130205127141172292943002706
249158180110116246215076004435032306
213173033216199168238062052222737906
214003057039073165172088595880044506
251151105136199221126049004433532906
047119177027116246215082004436396106
213173043246212034246071052224771106
248199220233205236224226000804295306
127168149027202029167023070144446706
134194241211202031037241004435834206
070095161027050123054018000225361306
147149193237192254115188523212240406
047050187087194207242051093396004606
131170083102231225123076000535563617
139169064229116246215092004435163206
016012080219237042073093000806316206
016012080217237042073095000804605406
091177248076192182193067439960012317
070032085113205126122032588150002206
103115137040194017228064000225589006
206030189009244003007162103181601017
002002132177194078195129004435110206
077013104056199221121052158025881117
127107225023231225123095000531271117
253102008178198253042195001232651017
223239026122194041045144004434919606
047006147049138152212048004435944206
013147253052205211040133135252674717
036218200065199177176211338410002206
016012080205237042073098004432896606
047084226093205164191224000803295206
063171212119116246215074004434349606
213176048199198231053138004434193206
124101052209135079171205004432711706
049107221038050065189169514340044506
087062132236202024017050000802400606
073027211039207012141040004432668606
044001001217064005155180004435903906
135079185169215162059105135770044306
210011209177205167204002533586334906
047043220136194042037252004436322106
062241228142205236237054004435495606
044009243119205250089082004435061606
016012080217237042073092000803878606
124002174187116247217234000000000001
016012080219237042073100004431656406
116118123162199168155068000805322006
044025052213237042073106004436521406
034188087234050065212171593620044506
124050093147199169195232004434916806
044196127155205239062009000805533806
044068041155237042073102004432063806
097133082162231225123073000536262217
049196021245202031151086004433714606
044196090097215163175040052233388406
044222069179198247251182004435016906
197016034077192182252021004435171506
044208049068215177110236004435091806
044025052213237042073105004435214206
206132037008073165079163574270044506
239213054001205127098171004432913006
106215144138205125073226000255162806
213175202204131115182203004431905806
139107190037207012138096004435724506
122016151151205230082149004434429506
214006084015073165034180584970044506
213175201167205218010226052224008606
047105134235202024006001000804016606
075091212224237042073094354360044306
147008047002192022162169547092002206
047084231039212030093150004431221006
097117115024131115180166004434983306
197155091167194038152053004434760606
033239237031199224156061004435094206
244199180007202030102245000805539006
054077069109016229021011034340044506
027174015053202029245231068815248617
087118114032199169198149445760808006
044033052109205211029215004435831706
127168132018202031017091004435830206
218225236252116246215087000803594306
116247100027139113197207448640905006
050084201109205180015178328282692506
119132120174199137227019004431615406
130185214128016230166069255650008006
134042003119231225123079000532456017
044011181059212202219224000805398606
016215075130244031011224004434924306
044084128254205055128226004432652406
213184192026244029213158004434136106
237045047252122195111160392500044306
136053096089240063113219000800781506
131042132175192030004237378600005317
123187047202064005155201004435113906
218225196096116246215086004436154306
097133087114231225123081000535994917
140242176192064005155245004435369906
100197036128202024006204004433254406
016195143026231225123094000531933217
136151102111202024006231004435690406
044018184130212230037229004433338606
089232230228199177189010501525906717
054056176170116246215008000000000001
218225090099116246215086004433479306
136053123146205239062137000805740206
030015088168138145203037000000000001
034172169069073165110232086080044506
044025190174212195068050000805765806
130150167217207020029041360590148417
070243078216202030212038000803312506
098108145003205218244149000000000001
047091167114198229190112004435098206
016012080228237042073098004432548206
044070218081205194208232004434587206
237241143083199223116244004435044906
213179055113205217180050052224763606
047100056104237042073103004434352806
097133087114231225123078000536466717
047111131239237042073095004436463606
213179055087205166056009004432252906
194232012182205071132009429505524217
208181140212135079171128000801261606
016003076146199204078068650823483217
050084201210199171109182303825494206
101142004243138056035109250222656606
208191016103199137233232000805455606
099035168108050065235195348870044506
134134130177237042073099004433975806
058063071011050065250216494410044506
135084107064237042073103000804451406
091177248076192182193067278910012317
140169207210116246215092004433673406
251103139063064005155232004433896306
213176048199199169001218004433465206
047109177040237042073102004435195406
099141080151116246215232454740148517
073027146097237042073102004431003206
119132120171244157132117004434782206
089230116222205217086024033896302706
016012080229237042073106004432208206
002244189237073165228149630990044506
109003033187050251141178218082190417
092018137230207001005195617405529517
210008027101199192033094082704959406
196043026097231225123093000535460417
124101052207135079171132004435948606
073025122217199136009153000801252006
135211169121192030023191004435294806
146127210189199204085206188622659606
097133087114231225123090000531029017
149042099109198243029005004441172206
135084107064237042073098000800748006
140200069162064005155064000804286706
153071180020138145213161000805115306
197044065198205194247112000803042406
047108167236116246215084004434507706
135072013122198243031006389475190706
070243078168244003026202000805201606
064048147114207183132053026236237017
047160006137237042073098004433325606
120255223011198243029005430554130717
044022250080205164190118004435061406
062251133109205199049150148300005317
087062241164202024006223000800550906
047160184017237042073104004435569806
147209211199207020027049059383491306
213173038228198231235107004434219406
096189097235205200149026000802714906
108053159253205180041143005874160106
213175253241205251072214004431844306
016012090102237042073105242960044306
081186131220192135136010122185027117
149102035055198240073077264110688217
062245025027199224155132000804531306
002157005208212194042041039466153217
016012080227237042073101000800338206
044028105160205055128226004435007006
076084236255192182081199080332081806
097133082094231225123078000533217817
148067222062207183081167000534210917
077103132130215019232002610955466706
091177248076252248025120278910012317
127168130015207009054020316000102417
228209116130244038133045071726137606
002242154216207020027073278522083317
218225162157116246215240635650904217
237042080199237042073103165360008006
063160105065205164190018004434783606
121158061231193065070237000255921806
237042071033237042073107004433498606
048166170070016238145171000000000001
231148132100207001175041004434933406
044007060143237042073098004435885006
090240190204194102247249507485050717
070036005218215167248114277660523406
237042071048237042073092004434715406
237241146044139180035105004436132606
090150090155073165173247605910044506
213184192027215177242010052225323106
021120101157205151248123004435016606
075091212218237042073100000802020806
201001039080116246215210000000000001
016212159216194043191034004434993806
237042071040237042073094004432575606
064005151085116246215022000804485806
148003126147116246215069000805116906
213173027117050062034042004433995206
127168149027202024166047070795892306
201204213250050065188008580420044506
135211169121138145213189000803973106
016000173246199153034218074480012317
062238225147251224088154081020258817
097138219131073165065133498470044506
203123006164205070220062544956020117
134194241215202031188153000805042006
097132071230116246215084004436246606
197130100072192182074123250002763217
092150091014207020027073124921747306
044221195015237042073101000802569006
022196154132205055201036000802788406
076177102197205127099205004432739306
136151070132192029060221004435224806
044062095160207001164181004434022006
044032115243231225123075000530677817
237042065008237042073098409920044306
143090044098199169214220004430223706
198140003035116246215223526020008006
016195143020231225123080000535506417
141183211149207020027249000805228706
247003110196215106209173092170930917
047111177160237042073106004432957406
072222219139202029108008217181050617
097133087114231225123080000535081017
141186047135199138218124004435778106
047011196102205230090253004434762906
197061129192205098234030092123245417
148044157148231225123077000531883917
134042003119231225123095000534816917
048166059154205236227163004435446606
202217215109198243185116572750899906
047024134095205217254057004435003806
042204053175202167044253070083506317
209091229209202028144186429910232306
153158080058193065090114000536488817
070094014189073165109230625590044506
223010195120205032031171270205297106
250193004002122195111160300070044306
063150110126212227179108150003871606
231148131024217008113118004432838306
057184217040016229043041001616518706
231148132091050123053225004435235006
158078184051202028158241169410044506
047032110241237042073103004434689006
076177099133205055205172052223091306
243075130230199224098189554700312806
196093065108231225123090000534192317
016242056115205211122156000530892717
096050245009202028165109282090232306
097133087114231225123079000531177317
245098175121198193130094289554224817
119132120180205217248042004435469006
016012080208237042073104004431371606
036223184150192029092226539750808006
218252104012198209156212465780808006
062205196134237042073094004435134606
080210197006205180030144012014050017
047091216157205126032236004432736306
047061086015194043179159004435806006
044095038137194207242134004433123006
047001170170251108156145000803460306
197155091173202118035050004430332406
047048167097198193186238093393903817
044068047245237042073102004431562606
002002132232205126037150004434124806
135210232160205126037089444405755806
134220140231215162059203004435324806
140215085046135079171145004431378006
049018094019231225123072000534360317
016242056115205211048023000533873117
044020036004116246215092004435786806
237241135086199153054139000000000001
071082063105205239062153193935106817
027114093000205071020216299152254817
114076206078207001051113000254531306
062202143243135079171128004434032706
047062092180205184032224000802902706
107069036162207001007195598082996917
197042128219205113207089000254542706
074146156063202031108200596570002206
135035224130050255049114195000257906
050048120217199169005053000802674606
149078063148199170073045080764945806
153033214033207180048193000536488717
206240092254139218243209000805313506
044018154226215255219015004433572106
218225237166116246215013000804701806
062197230053135079171207004432448706
044001073042244248213085000805026906
133237019037207180185095247090005317
044196026238244248213093004430383306
237042091042237042073096414180044306
077150109120199177187238218023589117
080209102026215161044141068825430517
213173033206244001199058000803462606
213173027127205187184126052223747706
124082248210199153097076004434937506
070243078230199192042094040075650406
044024176172064005155229004436297106
124101052205135079171132004433322306
147008042217215018246138549034402206
080069094127202024004162074984514917
131134146233205236095118001235901017
008069239058192030022074000805639906
251108072029231225123094000533694017
156134232073212230042113268812775906
016242056210231225123073000532109817
213175253196244248165126004433035906
062245211073050255049114055121129517
135084107064237042073104000803692006
032085191055192182010241005873324406
248199036084231225123091000535865617
044087067000205184032070004430897006
137119240049073165172072025480044506
134194241211192254112061004436496506
083122221238207183018241220530555506
133092062093050065143253637840044506
044026066129116246215093004435733706
135211169116192182248108000802628206
036039127095194041046019000844959206
097133082094231225123078000533041117
210206026081205211056089085900038917
247003110196205138232079092120930917
213187203098215162050050004433512506
200124200090192182193067375040012317
033228149153244089194176000802833206
016012080219237042073094000805941206
073149170242205167104077051564629717
047113130005251196218162004436256806
044002237020237042073105004431856206
047230055048231225123094000534513717
213179055108198231053138004435550706
119049193093064005155202004433447106
047032004218205066250209004434795406
070243078214138030198164000000000001
210056010031205098239114004432781706
016242252180116246215095004433641606
213179055001215163101093004434425606
035196106131199153102059122476392706
047001232043205166052152004432767406
016012080224237042073099000806447406
016012080206237042073092000801428606
253102008178192031071248001230012317
073155112250192030220036004433794206
236242172105202028020018000000000001
229225213085231225123092000530904417
124037118253116246215221000000000001
153071177196240063017153004436454206
047100067038237042073099004436445406
107187169237202118035010512250808006
067003037031205199055019606885340417
249146116215064005155245004434762506
206030248146198193178137363306457617
063161189101212197179133004432898206
002198022231205218246037514951835517
057028014000199169214167089993509317
110132177231215163189037138896247506
213184192023205139035250052222644306
047119064056215013075132004434607306
153039112233205249049031066004945006
007234225066231225123076000533873517
053153098227205126137121111322283617
237042071026237042073093004431398806
131134146233205180048183001234643317
076084214083199168152226549734272417
124101052212135079171132004430256406
224134158013193232175157000805607906
044002162165237042073093004431772206
108018191156207020027073273472083317
107212193215192030011064266950114217
137113248111135079171204091650044506
016179042098212034176077004430472606
047170248188237042073101004431033806
044063142186207001171077004434963806
248240218021064005155202118913576106
237042080226237042073106309720044306
027136153207194039043007037246381206
047011160052237042073100004434388206
247003110196205166009063092120102417
206051011062215013073202269052393017
075062215062205194240132004434216006
116247053099116246215074004434521206
085072233096202118048159000000000001
047004126059116246215069004433292406
231128055195198192200147579860546406
149158096184198240074107071025024106
151198129011194102251001445990190017
208191034172205138232182004435995806
098010053140199169192158552975760617
151142105026116246215071004433995506
229019244005205218245001586623878317
044025052213237042073100004430247006
111226024150050123200251272193940417
213128084185199152000106184780102617
112000101119205126172119426581133017
197143138162215007140142004430223206
127237244166205200173065000000000001
015063038235205066249192024092340517
210030029151205151253023000805349206
111199133010251100096119108531046817
044038105216212030093150004435945206
070093178064240063113219391950008006
119132120169205212182041000806200306
085040137114073165108241603620044506
211247235242050123054018000224827606
044001110112237042073100004434149606
062197177145205187188049000805258806
091125195246202025196042101690002206
231148133016193065006242004434592106
105217175152194100115016140820108417
210030029151192030098146004434991306
245059251004198255190252534400143306
121149180226202024005004000801654206
047081085032237042073098004432471806
133001171023198192204148554990338906
077075185143207180013084587483119917
062215208155199168152210000803578206
044026009006237042073101004433246806
070243079058202024017008000803620006
124101052200135079171152004433499406
148067219088231225123041000000000050
239213054014240235108141004432384206
062233078050207008087044081026195606
062245248153205164096210004435809906
104160174088231225123094000532980517
148073085144064005155150000805444406
197106117178231225123080000536392217
042204053160207022024194060086464417
208178091070205216060217170004221806
130146170168050065170224319150044506
223007030181237042073103004430724206
141236058055231225123080000536347917
047183152140244248042018000805916206
073165030029193065012186004456129106
062245204133237042073098004430904606
035083169132205148028157625970002206
103173169166198193188208000803818006
195122209146193232165117077103095117
135079185183193065050114004455618106
218225162156116246215240458730904317
042093133162251190163116061052677117
044039153100212195071106004433778706
148137206218198243028233004432584406
140066161005116246215095004436352206
007234225066231225123073000532344017
218225009060064005155234004435231406
070243078228207001175253000806339606
102191091185192030125051148110102417
134009124177198033105216000531862417
152218185109231225123075000532611817
073027099015237042073095004432556806
213179055012212034245238052224299606
030214175165205194240039000804970406
131134146233215161084101001233520017
016215208159237042073103000805620006
073155112250192029060149004430276506
114242108247202029227226004430306706
063165182007050121086142004432707606
062213120083205184041043093396015017
003144075149194031037213004435534306
072044183054073165079165501340044506
073155112254205166045031004435066506
076177099136240223181066004435109006
122013121166194115167180004432669106
097102001141212197255200035880102517
206157040177207183082162004432757206
097072097051138152125118008005274206
210030029115212232224042004435524506
063164011126205236089190004435023506
063167129054205203039077004436075506
231148130255139143181138000802883206
036046111036212195135091103100163217
044029027225205112188097004435553706
044024248059237042073107004434670406
135072013245205249043251361655234306
247003174195199223125150455603020506
044003214238237042073096004431649406
213175202205205139035162052226106006
253102008178205211057213001230532017
140247021213231225123090000533208217
076110010070205239062103543280008006
044090247096205187184169004430346206
044000015180237042073093004434265806
228202120167212196220246004435388306
058185068050205151248120600670002306
148003126058116246215084004436161606
223007030181237042073106004436466006
044003127078237042073093004434893806
062238104248138152125045081123634417
044207202162199224155225004435177906
063147052086135079171158004435325606
097186177237073165034053594460044506
119132120169199137128138004435013206
093116166130202024166154407772567217
200124200090192182193067073480012317
237042093038237042073095004430330206
047080054090207001131073004433551706
197016034242240183051067000803760306
021120110045205126037146004436425306
016003074205199204123061000800963706
099035121241205212182066069025081206
112081162172212232239084004435977006
198140039235116246215223516340008006
233134116057131115106200000805256706
085247217050244022242189070024626806
053042001106198209187213469452746117
139129045216116246215053499640008006
075062217254138152214053004435705406
021112097091207001008196004435927506
013146093021251190156074133494659217
221197114020192182249190004435053406
104210017147212230228014514130120417
213176048081244001169249052225861106
016215208159237042073105000806521406
016012080225237042073099004432603806
197187058075212171149168000224001406
062216104181050121196161004432685506
073027146097237042073101004430642006
103240064219135079171198004431608706
050084201018205187184009212922728606
044050074074199137224033004433313806
097095222003073165089191635410044506
124013135084116247217234000000000001
079046254138194017228038000000000001
030015088181138145203037000000000001
108023191077050123185080608450044506
197085153095073165108006519960590006
040005211020205032024038000805248506
249237196039139143018000000000000001
044001076152192133027051000805092706
130255203027231225123073000535377817
204096127014205164190013004435693106
070243078230207183150011040075105506
021120109063207012133227004436526406
213184192008139143183158052221297406
196043026097231225123072000535954217
218225072130064005155244004435403406
113078225041244003007227388466154006
239213060005192132094029004430242006
209114107215050057213170068811708817
062203092116199137227058522995254706
062214222044198247252200004435234406
047123031143199168157185093393320517
249158180126116246215084004435372806
008072209240194207240002004435246306
119132120167212195030047004431576606
044025250041237042073093004431684606
124101052213135079171146004434377706
086106177176205071032075000805109006
149140036185064005155203004435020306
047123050073205194243149093395394317
218225090096116246215093000803567106
047081231144237042073105004432082606
062202173206064005155150004436429806
100124235059131115160069004432681206
032181035157205166120008059380128906
196040118092016045106068613160905006
044026009006237042073102004432917606
104099092101199221126006292255032117
033245039242116246215121004435731006
223007030181237042073106004436112006
238041196037244089100233000803235506
016237093242116246215074004436279706
007171141206202029013031405004050017
197091195202215019148157004432682306
048160009164240063113219130180008006
135223120094205125074109004654215006
147129093071073165069229264210044506
213173027183212034079136004435177506
135240062166192182053014004435262406
239213192230116246215083004434584106
075019108050199192042161092120930917
044002105251237042073098004430398606
044027179127237042073104004431613606
080204061004244031072095011204495217
016012080206237042073105004435818806
096161146254202024005199004454811206
213176048151205200149026004434357206
044019202065194038088109004435367206
084078136140202024016087020481873917
030214173002207001175102004432625406
213173038253212227179066052222564506
044018154226212227179051004435023406
087163179118116246215008000000000001
213173038251194043182001052220368106
044003062111237042073105004430250406
112188160237202030093060536642823117
044060234054116246215094000803441006
196093065108231225123090000530588717
050074105080138091073159000805027206
207229224004251196216067304696485617
137113195062193065092038568740044506
231120120239135079171142004436095206
062205138210205195126077004434004406
050074105080205187185213004432632406
044024116039237042073104004430490206
016195143015231225123080000535544417
109213021092198229186255004435118506
007234225066231225123073000532502017
044037017006116246215093004434110806
141236059222231225123090000534015617
100208217209231225123074000536148117
030015068055205139168121000000000001
121155241197199153104140517473745206
016098134156205213161207255654982606
223003069062192133029114000805926006
070231208182237042073099562580008006
047185202182205138232140004435337706
062239149092240183048228081163956617
133213049114244031075061516022081217
102067190059194043182175629145873817
194223243057205216065165456826221406
111010233035193065013138000223104106
119132120174050062046165004430766006
044025076169237042073099004435276606
007239235063116246215076004433632806
112081188215212197254030080685212706
214025111007212034179201000230345206
044025250041237042073103004433435006
223007030183199168153249004434938806
044007203207199168225034004435323106
200029010031202030022235540930899917
047011074112237042073093004432806806
213187203116205139034180004434083206
044025190174240235109118000804316906
135214201048215005010069000804963506
147185057087205180044109000255745106
204000197208050065249201638500044506
218225091066231225123074000535694017
047160113040237042073095004432990406
044002014134237042073094004433014806
070028005193205126172195529450002206
139235035239116246215220190640008006
134164179106237042073101025155157606
075097095083198192209221000804912706
036071069173135079171198502790044506
101091233006215013072176107614995417
044037206168116246215085004434649806
201166012131207183129153000255389906
134134130178237042073103004434107206
070243078012205033004023000804131706
138210052099064005155180000805673406
016012080233237042073105004435290606
016012080232237042073101000806029806
047063092145116246215075004433903106
135084107064237042073092000806481806
075062217254220245006055000804930106
044197233155205218025003004435056406
016012080228237042073100000804318206
062203139120251100166226004433984806
210061102008205251200179004432623506
044093123168207001190242000805116706
062249060137205239048153004432654806
087034211018199205173237096240038917
249146105166064005155245004433824606
044094033101116246215070004434589306
136064128077251190082084504115746806
030015077019205139168121000000000001
213173027119207000086021052222872606
133244187242073165065198504830044506
135148201219138056077210004432587906
238041002201202024016049004435389906
239000225090205249055152314454778317
231148133126215019235066004436247906
002061124058205180085175541510016117
237042124154237042073101479800008006
047061231156240235109061004435577306
213176048071205139035042052224982506
206181226210199224099045013296445517
075091211155237042073094004432839606
122031185158193241062143001375988317
044025079037237042073096004432560006
109014068071116246215069004434173406
047185086061194086003141004434179606
147202088019215176182117551320002306
044087045104192132095219018834144506
050020157052202024167201091300328917
146146154001205167059073255040038917
253102008178212202075077001235778517
195082042166207020027127270320374417
047006112021251190074029081005292106
062196221136192167127138004432685406
003130126205192030021154000000000001
016036124157064005155230004434960906
044007206059237042073106004431212806
047109136094199177094151004434980006
044207103184205055128253004433312406
044026234095237042073101004431623606
016012080209237042073107004430860006
104240036212199224155162004431662106
044002014134237042073103004432849406
102157143082073165107097580130044506
076175050132205164099093052284074206
041150227115215163115082052225128506
152244033173139136059148000530693717
030214175145212197208130004432681306
073027006102237042073095004433696206
210052233154244157135057004436342806
062196019159064005155181000805701206
197085153095073165109040522650590006
044068100254237042073092004431589606
231128055195194102247090579860546906
113119174154205184032152607812297806
156166247226194115169063039520808006
008075075234205126033100004434652006
197143138162251224228020004433449406
100197034179202030151226004435966406
085186130003202031029251004430125006
113136162010215027187202125152645417
075091223090237042073106635340008006
062201143091205149042243004430334406
213175202210205203039077004435495906
047080070234139096108237004434445806
231148131037205218041094004432559806
047111041154237042073102004436396206
197222188038219092126127014150338906
074144114158205166063097507085664317
223007030181237042073106004432138806
123059036247199169214167527242931717
047100153006199152014229004432758606
238063130185215163006224303036398706
030015093036205139168121000000000001
128041245082251196218162622680002206
050239104028202028047152268466426606
073027099015237042073098004435818206
044001146208237042073100004432993006
048166059154192029095208004434574106
101012194085192182011084514134568217
196043026208231225123075000531814517
243054009045231225123092000532140517
200174222094202028023226000000000001
047119081048116246215068004436357106
044002114207237042073101004435540806
231148132153212195089174000802688006
101132133142215019148157578152603406
070218205166205216061098547224872617
032181132130139061080218069691391417
119132120174251224088154004436393006
042004161051073165104186649460044506
030015072230138145203037000000000001
002002132227244038066253004435325106
197036194146244038133045231014626306
047006147049138152212048004435943606
070243079058202030172254000803281906
238204145118205185134077001103711606
073158140130244248213082316962730606
016012080230237042073106004435749806
002136182071207001130247000804931906
116155166242064005155132004436477206
237042067030237042073104083060044306
044001236036205184032177004435643306
105129120166199153098233000804957906
047108247035138091020250000806022906
003144073030192182222242004434114106
044002014134237042073093004435116206
044060228090212030093185004432732106
103245144000205167130002521524550017
146175125172215027184232000000000001
044002217229237042073103004435882806
197151170175193065095010000800167606
218225091066231225123095000530674417
044002161222237042073105004432986606
103227026163116246215083004435081606
002014240227199224149004206224251817
110126139005205032027218090892037517
080205218054202024005222634002959117
021091196016116246215070004435448006
076084179115251190083217080645659006
197122065207240063100120004434981306
250015223116202028198214499565054906
213179055093244001196166004434748406
079058149048202024005178281492137717
135084107093237042073095000806299206
210018044012198033144049536340044306
218225090099116246215086004435077006
047050234118199152000012093392676906
044026206013237042073101004435446006
093047217184064005155180000805492906
140066249106202029084044000805694406
134087218252205183117022605430005317
088094110005202024005222268732959106
111234250104194038155157004435703706
044049138144240202184165004433373406
003144073121192182189171004435723306
021091197063064005155181000803419406
044025079037237042073106004431521006
092193019077139130007027508670002206
097205051242205184032205605010281617
119132120165205125075189004433976106
237042071034237042073101004435373206
044006226094237042073106004435114606
148003126058116246215069004435559506
049230029228251100166039516680102417
044039016193138091022109004435869606
073027151207237042073095004436275206
148137206218244067211034004435091206
044022093045116246215079004433767406
062210096197138152125013004435786106
015043163104199137129165000804043906
102117088134138152126186249990102717
016012080229237042073095004433549206
042159244209122195111160318190044306
044024248059237042073093004430925006
141236063051231225123077000530592117
030015068010205139168121000000000001
044003094174064005155228004434108206
044002217229237042073106004431632206
050075028226202030248053081015022906
002136240170139212098041004435019306
122013122213194102252080004435842006
217167249237016230170056524580008006
075034000156202028156149089994311617
237042093248237042073095000000000001
158049120022073165081254138150044506
131210252196205218156025000802783506
202217215109219092204046572750544406
206157040179199223102061004435338506
016253002245205236095026497980905006
130004046202207183146033000253486506
016212249119205195211079004431297606
223007030178212194173039004436135406
075091210210237042073096004432044006
092004091024073165059201062350044506
047012233020138091020250004435020706
047187087155194207242161004436469706
249149130217116246215084004433494706
126123177144207020027130257134765406
202217215109215007204220000000000001
226154184038244031075145004436425506
137075067043050065196116130740044506
073155112250198243029005004434519306
148072113000231225123033004433301106
077001160143073165064135139340044506
076177102205244001199058052220465106
015043163104199137129056000804991506
007221245089199221119051146705830417
197043153093237042073104000805395606
206014117076202167129004413183491417
106222112016252248201178526315545417
204156181151202024004237538601473217
044008188162212202218084004434104706
047101041171116246215084004435083806
122136050237205212176012098634932106
131134146233252248201036001235063217
048030117048202028115184000804410806
047101201186212227211089004430154806
048167178066205113196205000803535906
131142018055205218157154004434733806
248199037074202027084031396490012317
200222118228251215148144000805316706
008069228102205113193136000805760406
037167026157202030078196000000000001
083211138039231225123073000531788017
070089022082064005155192004434473206
042085050034073165108169592430044506
090217121218202029116051143114918717
008075075215244067209230004434979006
086106156118192166233114000805907406
141236062217231225123075000533094817
219247248102050065234095425640038906
210024117088199177255020579980102817
211210178109198193185230118985612006
213184192001205070234085004436418006
062209135249205098236172004435089506
044095031048116246215083004436461006
223007030181237042073099004433520606
238063074219192166174089368820002206
075091210252237042073102004433460606
062198054133205187186079004432710206
016196006152207001132218543440905006
237241146012202029229203004435674906
109075180012207180012223569645891617
119046068062202118045209093004945906
047032234134205251200098004432872006
087104228154073165107252052200044506
241249236100205032030201004655130506
114042255046131248239006122410008006
047100122012237042073099004433530406
015043163105205218244149000806260506
248011146169194017238215345460002506
149060216087205184035163501644584606
072067165041194031047101381062485717
050094174147199177241205000000000001
070243078228215167140038000802748906
114078186207202118026061408080600006
044023048236244205136069090014875506
047021100213237042073106080543116606
237042094136237042073101000803019606
204144163164198220148014514132727417
044070052078205183117061000533282817
223010192227205236085008000800337606
200124200090192182193067588240012317
248051082147199168152210068816294017
231148133067199152107134004434757306
064004255033194038152203000533434817
041147205019199137227019004431684006
027098059069212230042077642092076017
131031158013202118018178034786137517
070243078214199152110245000000000001
197086015014050255048056479731121117
062213171242244001021237000805633206
053090120195244158083069045200452017
097132071171064005155133004434161806
243054190091199169214220004436501206
047111122036237042073105004430990006
122024154252064005155245004436429506
032025125047237042073106000530461517
111234250065231225123080000530226717
100239049010248200252010565812678017
149210135112202031105178000805811806
044201195042064005155209004436241806
044033018148244248213085004433536306
140200069215064005155064000805578206
211255039086199137238005364000012317
126052081166215162112197320050488306
213187203121207001131070004430369106
058108202041251224032197564322952717
223007030181237042073097004434891606
237047044132122195111160394750044306
016215046027205187184146004430277706
025202134074139180045015038004397517
200172176077050065212064635160044506
101038053015192030021131089995040506
238204253229192029080236004433846106
223014026255192030029134004435099006
044027144165237042073107004431251606
048164072122016238145171000000000001
110063137154244158005051030740307417
087118114037205250088182268710808006
208070209165215255201250004431267206
075091210250237042073095004431946006
053173106002202029044062514136381617
016049112144116246215079004436498506
239213054091207022045121004433397506
016012080214237042073107004436001406
141236063126135079171148000534799917
044028209044252248201173004431354406
153071177221244067209210004435013206
101205054147198240055050059386481206
052135059124199224148157000806521606
197016034086199224153069000803341006
159206017055016229027220393720002306
058091080232199177240157000804918206
129174199008202024005093059385185406
047034190173237042073104004435993406
213176048137212230173016052225925306
073165118193198255170234004455020806
248176087014064005155230004435948306
047054114103212202218040077815386217
068081232065199138218122313903334817
124101052211135079171132004433476006
250015230162202031033200554982803817
223007030181237042073103004432408806
122028053039135079171175004432345906
247003110196244001169249092120102917
062214208148116246215069004433357606
008075075198205126127247000805532206
124045135085231225123090000534354117
081013232224073165105070593820044506
016242056115050121229098000532387717
097133082094231225123081000530437617
049133004056207180012223163306095017
148067222062244029048153000530199717
152200233208205180041161000805006006
080201169243212197210013143421201817
124243178072207001009029000806406606
204122001141244248165126000533657806
134164178105237042073092527760008006
074053190189199168152226304835500317
075091209197237042073102000802602606
097162082132050056158046408043313817
114242109079192182249147004435656906
047110016251139010250151508510005317
218225090010116246215077004433342406
201002156078199169206186029335195217
129174199013215019232002059384976406
105052172160205212182122408732409417
135084107064237042073106000806084206
047039042062205236231229093395845406
047033211166215161087157004435214506
129093196178135079171142000801197106
041144181212251224088154004436399006
075224063090205098239106000000000001
056021221128205216065209004435136806
044004213176237042073101004430390606
085083039190202030022235393550899917
231095180112202030252253004435132806
062225115022215004235253004434536706
135033217163198255187053004434402106
237042071041237042073102577420008006
129226004205251224032197089992952717
213173038254198231235215004430156406
210024201155138056034209004431274906
152157244219202029225149000803708006
237042084202237042073101453560008006
195014221101199169214025000806536206
146001219226215004019210033896525606
124047063162116247217234000000000001
197030217076202030184056004435815906
047161043039138091018030357460005317
083230238163205218158237320613403317
055232056236199208060097004455519406
073131165156205249014218561184866617
244199096122194042036113000231171417
096055069239207020027073408532083317
195222041194202024007074000802415906
204166101116244158006093541543777006
213173027113215177241060004432916606
135072013194193241061248384195616606
119046068062202030254018093005140106
047161017100248200034123004434045406
044044191000205217248127110002955806
044085251224215177084154000805769206
112081189113199170065254001233979317
237042093050237042073092004435402606
223007030181237042073100004431843206
074141129218205113249092321950113306
080072179022198243187155042740232306
231128055195138030245254579860549406
134194241215202031031119004435971906
251103139042064005155107004436034406
016242056115231225123074000532630217
223239024084212195029238004435249506
049092054140205071138250554664649417
197109216211237042073100000804301206
070243078214244212230125000000000001
008109205050231225123072000535786717
047191014085215019108158004434062106
141236059189231225123092000534364517
223007030182139093089118004431606206
197215188010202030138048343134333306
140065118193064005155209000805399306
223007030178198192203202004433634006
203099045195194041034027458930808006
041144006215237042073103000802807606
237241130097139218240163004430191806
073027217212237042073096004432371006
158076185110202030185238431735141317
030214172170207009251001004435192106
016012080210237042073106004435996406
008074003158192182067052000803758206
016212185194198247249101004433389906
062200041147205211049107004435123706
142215082133215162059075020780044306
099210052209073165228051636620044506
070028246186202029238084463611630206
044026075184116246215084004434974506
047038145153251190074029093395022817
064004255129193241061251000533427017
237241150001138145203037000000000001
249158180126116246215075004433712306
131208002213199136086068030740307417
116152239232202028097000000804994606
070087180101135079171173619650044506
113175002229207180015129603680518206
047011147048237042073102004433429206
108083034038205251203186652932741906
238020106089064005155228004436120706
062198236165244248167053000800413106
086038023229202028035037051960688117
087091121236202030130156117363456417
214134232070205180215113421302683217
044025250041237042073094004433328006
141236018232237042073103000000000001
047101125233215007140142000805586206
062200041147205211049107004435126906
016215208159237042073102000805787606
087062241185202024007221004432329306
097132071194116246215079004435402306
221209024003116246215214000805019706
249158180126116246215084004435658606
016012080207237042073248000000000001
152227208237205216164130506050008006
213175195123207001130247004433546706
131003246189138071027082004434840006
077023208110212202160199199920422606
016215059220244001169249004434294306
249070079098198193187107001230012317
044054132120215177242038004430184006
064004005071064005155181000804373406
140173240241205251200208004435198506
047177241182199171102063000804916006
213175202209205187184009052223734606
047027066055205126033114093395695506
089248018138202029106124068810688117
036153212213205249048002067895548906
135084107064237042073095000800330206
075066103080205250244146004433461906
106223249082251190163139000801163106
044027144165237042073097004434339006
044010020184199152014179004433666006
133127179109199169220096410482722717
227003144126131115160150000803360806
239213192230116246215073004433630706
135079187041135079171063263000008006
218225090099064005155210004433961906
223003018222205250038237080440153506
223007030181237042073097004430579006
129166060254139010250152052100005317
119132120169050123065223004433387106
053189052162205126037192349735773817
075091212233237042073097000805173406
064004255129231225123076000533111617
022175186086215162120171000805608706
196093065108231225123074000533465917
097133087114231225123077000535909917
069079086211215022050173000000000001
076177103218138091018165004434961906
201143185130194043109015269645618717
213173033203198231050018004435348206
122139039250205112188162004435835306
044213052028198231052169004431016006
223007030181237042073103004435752006
044004080163205216060226004430303406
062241003118212230180141004435181706
197113078161073165111195598000044506
075214014205205113252251000804996906
049169244060205212182061590194498217
016248184160138091073246004435207006
203203204161251190082009000000000001
047119074047116246215068004436221606
058101040167073165089186018670044506
197135179116205219173037000804196106
209036135209122195111160099720044306
062198118118131115160074010034044406
044073113161244248213093004432777206
204030009151073165111175527890044506
133071102175194100115016429334464417
062200101139237042073107000800798406
075009091156202028039198004435022306
044000012129199171099099004435316106
030015083165193065095010004434821306
231148132172205112117183004436078906
044026241102237042073097004431285006
245098003139202024017024000801683006
197008074192212202075077010356449717
213173033198215163005248052224658806
048181106054016230168186068160008006
237042071037237042073098000804088806
044002237020237042073094004433408806
141236063093231225123090000530576417
049196031171198231235253000000000001
073165167051199138219190071715287206
247003110196244022242180092120930917
131134146233202029213029001233464317
202164162172116246215043131260008006
194187210001202031150232332895353517
042095048112199177255015414110688117
103245144007251224228025361655281717
218225091045116246215013000805928606
213173033209207023230250052223730506
213175202248240235109089052223617406
070211178240202031005218205962992217
070231208181237042073094000803090806
195066038185244031125098016584849617
044008074062135079171145004431573206
213173038228205187184169052225568506
127107225023231225123074000533990217
097124136251202167077044000805029106
148068184013199137232229200004641206
062194255176212230037240004435918506
153039112164205148026048199945510406
146111254076050065172238592970044506
243054009043231225123092000531573917
210022242067215018160108562585080206
044049183217237042073102129210332806
104082000146016032169096559020600806
063167151171215013072176004433703606
136053123146215167114022000803889706
016043038163116246215220368500008006
131192122245237042073105004433988606
089079111211240235017023421340002306
237042071034237042073104004430260406
203028178095205194243021238922141317
131052030178205251200152000535715706
058024241037199168156146100354710317
119132120169251224228026004434935106
016198183091138152144091000800278706
131208004246205125111116614560667217
141203094192139061160077000000000050
213173027172215177242054052222671906
075091212227237042073107577620008006
141186045158064005155201004435775606
231148130041192133081204004436018506
055233073152237042073100000803487406
047177171245131115163052004430186406
198140003034116246215053515810008006
135084107093237042073104000802185006
062201098027198231052169004435665206
044049108196205236240141004432314806
097247114170207183017199575961000117
062237119013212171083065004432654706
030015077047050121086045034783735717
213187199227240183035172004433774206
195069006171202031028224004436197906
100124021227199137229197004435942506
086172226207199223126024371724314806
213176048148205166058213004433920306
197143138162198192032192004433394906
064004255129231225123076000536217617
044009241119212227179002000805827706
206110105066116246215087000805914806
206111141071205098029160000802717406
075063248032202028039051099980342206
047091150159199137235246004435948606
044026234095237042073105004434010406
206158187082073165111173577940044506
075249245182064005155054095003508506
047169189014199153047002004435000606
100208217209231225123081000531618817
197135179116192030010028019355142506
254216096139244089149057044005659117
206240092254064005155149000804903006
101089233062231225123075000535421017
070194233160198243189146000000000001
218225205095064005155231004435749506
253102008178215027090017001230012317
200127104211207020019036000805445806
076177102195205187184221004434964006
141236058113231225123073000534118717
206211044229244248166237011945092017
222201130045231225123090000535104517
104160174088231225123090000535826717
072011211058231225123074000532110617
140169207211116246215087004434435906
016010006058212227133106000802678506
101135122197251215148144151806003917
135214201040205238171186000800502406
089237188122205184035163495514584606
044072096045116246215084004435629306
044202122010194043191034004436094106
150243036212202030093060089992823117
047184173096050056082029000804700206
210001144082138154105125000804492906
075063248032202029018159099980419206
097132070093064005155149000803435406
015043158081199136065105000536129617
037011067052207020019036000805495106
119131066060198253198010004435597506
213176048187205139035178052224718106
047038149193215160089133093393519006
236146203229202030199127004435016106
198140109072116246215053622080008006
148074155148251100099070270201484306
140169207186116246215118338300044306
248062254190205218157165638410688117
119132120173205125184100004434885906
127242060180205217248205004434934506
030214170231199153096066004434738006
050067224065205055128226004430320306
044000073176131115008083004432647706
055238245129192132179240161346400417
198140109072116246215223624790008006
047048162228198192208077093394123806
041144237072237042073104000805654806
200175214232073165080131544470044506
036218200065199224100145405110002206
050050140024193065012186004455801506
033182062241064005155200004436539206
042204053193207008086202601034222406
197190098005205137110165436150339106
149158098051194042039246004435796006
058246074213207012138117334015245406
057028123250205239062099123086218417
073155112248215027045048004433336506
212143024236116246215094004433670006
127000205076192182228081000805168506
105150137209212194146194354503705517
098138179011244020057133170256514406
052232225042139105122034044336204417
233052038198252248201143068814394317
021120109091207180012223004435197706
044219076012202024007069052234120406
047048111021199152012217093392652306
225018072213202118035010048320808006
044202002242205055132144004430380906
057184217039202026117187001614445806
047169094069237042073104004434968806
044039165043199137229232004435858006
116246127108064005155201000806422406
135079178159135079171063160940044306
044025010021237042073101004433833406
062201169035205098236035030005210706
130150037145231225123090000532339917
221197133038231225123093000530438817
047124252044116246215070004435735706
075229000148116246215082004434638006
141236063177231225123080000532792917
114075018246215177154201107532687017
096050078051251000115140514133958706
021091197012116246215077004434472306
131134146233194078222202001233396117
223007030181237042073094004431775006
044025079037237042073095004434693606
096133245188212034247180029020338906
129177127067219092207093004432189106
119046068062202118045186093004938606
016196006109064005155156649800905006
213176048047240183033126000805148806
047101025201237042073093004431803206
021098062052064005155201004435017306
016012086154237042073102044441915406
210011053054251073189066004432681906
247003245124240183051067004434825106
027196140130194042198121137655085017
007237234147205098239108519870148517
070032085113205250038191588150002206
044060248125205200241223004433942506
213175195123205164190013052220174506
075065056148244205155166000806503006
073155098049244089080092004435755306
033182052218138152127123034785200317
195222041194212195219160000802663606
047038138172205251200174093395187417
103214117157198241200204541020044306
008074003159205217087172000803845706
070114204038194017239044641980038917
062241003118202167131238004435772406
101142129153199136084112429826441806
016215208159237042073097000803278006
159230215208138152214158005873737306
064089111202244248043249045005632517
131190122249139143018199004435831206
196094170102116246215115466480044306
033245008098116246215030118913441206
133125219187205249011254623874913606
249158180126116246215084004435505606
128153242133240183050076321410005317
249114006056194038155243000535143517
055255222117050065170207552940044506
240183075101205216065031232650038917
044039187033138056032176004432866306
223010192255202030065058000806149906
212143024179116246215156604130904317
201132126247205212176147000805171406
044085160066205112188081004432740506
063170207073199208053104000802701506
074067185078244205009050361764067606
213187199240199168233221052225133506
002168099196207183146198005873385606
158047253118251196144199504410338906
075019106181194043122192005875556306
237042071036237042073097004433585406
044069043077064005155209004435130406
202217215109205238171021572753888006
070032085113215018244165588150002206
040005211020194102244082000805154106
242037250101199137232181374650008006
073138248067215018163219513550341217
208070209176205236103226004434458906
044003127078237042073095004432908406
072011211052231225123094000534945217
208070209182202167001232004434460606
149042101045205167107229092170930917
081059237021193065072202273450899906
113100132051073165090216550550044506
223007030181237042073103004431357806
113035178073205184038253456820107117
221197096168202031027076004434041306
119132120164192182023088004434909706
075067180034205098234044080661033206
002106005019050062046165004433888606
239213054073199168238022004433820206
213176048117240235108140004432632906
044002185107138091024157004434932706
047100067038237042073107004431142406
109099055180205167107197620570209717
048166070169202029238219286785323617
044002253081198231050050004430329406
197249130239202030064098088885975117
140065118193064005155232004436310706
223007030181237042073098004431427606
112130159136193241061248426032243717
055233073158237042073098471240044306
047112148107198192209090000804014006
237042091038237042073092004430228406
134134130178237042073097004432845806
223007030179193065038105004435129606
022196058073139005144185081023571417
124050093148212030170080000804939506
053062135133194017228038000000000001
200124200090252248025120268410012317
244199180007202118047153000804490206
103226088005050123200246000000000001
241249236100205180042072005873444706
063174237039199136009218004434105506
099035066148244157133051004435636606
153173177148205251202114059384918206
141216162174139061080218004435796606
228079105182194039037018004435109906
027001246062199136085035570575235017
196045155079073165107214087050044506
044001245000237042073094004435449806
047125182010205194216071093393654917
130185178192194017237237004436170306
066137095032205212178253000254330206
044008069109116246215094004436206906
101160237152212171139041314240190017
047160184017237042073094004433613406
044002237020237042073099004434130406
202217215109244205226070572754333006
201206099045073165172104619330044506
044007049164237042073097004434768406
195222041194202024007138000803287906
052135059209116246215077004435135006
075062217254205164114161000801139106
092016226035205098029246204342655917
218225236225116246215073004433328906
119244235008192030007216341120005317
044003159019237042073106004431926806
123188126170205125080088004436438506
116247237224064005155235540200905006
152200233196205217254057004435004106
224255185047199168152210068816294017
076188230178138056035109634615135917
044023201075202167046034000805666006
022196071005212227183151081045166106
141183211149202024016118004435141706
121155232230202028215081074326281906
099106236017240235109045030743450717
243054009052231225123076000536094317
062240131222199168152146004430365406
119132120168199221119055000804633706
106134036059207008082213441290002306
035068200042050121228190231932969217
127107225023231225123095000532333117
247003207057215177242138000805937906
075227179139116246215203509090148417
128214237047251190082050278120991817
097132101059205166127066000805927806
047049152190050121196170093393989817
044072096045116246215084004435626306
111205213060205249010141566462003517
047001141076251215115082004431495806
244200013172139072053034000800983106
223007030181237042073097004433922806
062245191007240183033114004433722206
062206107207205251202116004433569906
021084065149064005155201004433767806
021120101158205211054197004432931206
135244008101215167248185191325558917
239213054067212227179137004434519606
076177103220212227179105004435022106
152157244218205180051126082454174206
140242176164064005155100004434530706
072011211078231225123072000530280417
064004255129231225123075000531535117
151198129011240235016236559100190017
147226178211205216060061000805757006
062196120117199224155089004436328906
140065118211064005155209004435535206
197042128219205113207089000254543906
064048178122199224154038068810688217
096212034061251196144199027360038917
096246035059205098226011557370002306
044085251204244001169249004432686006
116247099244116246215162513530148517
033239237020244067209212004434957306
070243079058202024016147000803366906
135243027105199169005074052224283406
044026075184116246215084004433689406
034040179167064005155158004435696906
102032196242205032024094355241444317
124101052213135079171152004433178906
105045157243073165109159588450044506
062197162063205236253173004435378306
063174039084205239062149000804206306
237042067023237042073103004430478606
016215208159237042073095000804543406
079045178100073165089176049060044506
055255007143202024016094004431386306
237241150053138145203037000000000001
198238166255192022167203557734916006
062242213018199224154086000800189506
087009234098138071024080380480002306
196054210205116246215087000804047206
016212157248199168232022000805450506
131190122252139143018199004430469006
067000144085244158005051030740307417
096036045095205250013218004435664606
080207153098202029017199215226050217
135243027105215176003251052226229506
044094033101116246215083004434897106
042204053233205218158048070084271117
218225009207116246215120004433941406
062212090207138152126210004433638206
047110200175199169005100004434467306
050075044019212232142226004433296606
101160237152199170073042632490190017
007234225066231225123077000530286417
047160184017237042073099004430775006
100217061101199192036160004430406606
119132120173050253170066004434620706
109154233157050065250065438830044506
103245145196252248203203058505905317
213176048252244031009033004432713306
048167030099205184032226080006103917
141236059085231225123075000534830217
062193079063251190082084000806011406
101160237152215161105180627640190017
044006157000237042073107004432058206
075000222192205113250194568161459817
149042099213205194208228092120930917
047090114182207001174194004435041106
195208195143205151251253216220102417
096237056014205167104077051565164617
044002062044240235108139004435582106
041150227115207183082162052224837006
044068047245237042073102004432951406
047108167236116246215080004434139206
112081189113205219172218001230455317
114076206085240223214210000250343706
139169064229116246215069004433655006
047082232166240063017189081000154417
213176048238215177242122052223909806
072011141001231225123093000535199117
136050235238251224117111000000000001
047187087155205055128226004436241106
227180072061205216065243503215334117
132210123214050062046165456826087006
016012080212237042073097004430220606
131134146233202028226243001233587717
047107184153207009049119004435179706
091235143029207000067229000000000001
044068041155237042073092004435108406
121152178168244020056041000000000001
047167137093215167192199094434960906
016012080220237042073098004430221406
044005076192237042073096004431554006
048167178066202024006178000803840906
233066017103050065250107642340044506
048180136105252248025120439790012317
016215208159237042073102000803806606
223007030181237042073106004431791606
044003159019237042073099004434892806
196093217206116246215095417480905006
245255078137199153108104269916332006
044004199049237042073093004434262206
030211151068199169220096411502722706
059211238235205139169073000805979906
062199079232199171099217004434005406
076177103238205071139021052220336606
146211057054073165065101558390044506
016215208159237042073104000805549006
109204059225212195004146318665423906
195222041194202030240227000804788006
202217215109199222143003572753888806
044084123232199169214062004431961106
096189047230207001130247000805203306
202102120213064005155190000805296206
151198129011199170077187445990190017
139042065028231225123073000530984817
218225037031064005155134004433718606
044005051041207012130027004433999306
044202103207237042073098000804937606
133095148073050065214231652420044506
112079048135205230082162396280104717
098143045216205212179110000800200506
047119224123251196144149004435288706
149158111009244038133045000801879606
076177103219205216062034004434814706
149042099141192030122180092170930917
073027006102237042073107004436277406
130077202007116246215095004434639906
007239235096116246215093004435533406
063162255247205138232132004435080906
210061167003240063017174004434217406
128155208122205249010141400602003517
218225159012116246215215000804978206
044027179127237042073101004433960406
133094172249205180066111602402965606
093135242234199137137243000234311106
088091242043135079171223253790044506
103199228023050123082035568960002506
124050093148194114091194004431991206
044084085219205251206034000803606206
231148133006244127065046004435063606
208181140212135079171158000803921206
044084128129199177082106004430257606
243054009035231225123080000535474717
158067112089199169220096322402722717
116209219142139180033116068815644917
075091213054237042073092004432226406
090046192060215162049211619695141317
063160173157205164190018090015726906
253102008178202029034177001235340717
062214087185215161113214093391416617
137067095039212171042115460836210817
091177248076192182193067053860012317
007234225192231225123093000533368117
239213224176205127099027004432822806
197015102164205184077009000805807606
033242251138016048144168118913479106
033245039250116246215092004434756406
070243078230192167232144040063431406
062228018017116246215210000000000001
116152239233193065104178000800934106
075091213052237042073092004435208606
218225091067231225123093000534838717
044085251234244001169249004432859806
239213054074192029209118052224399206
044219076042202024006013052230602406
101240062250073165109102527080044506
047090127170244248213085004432739606
141183211149202029095030004435768306
041145022211251215113218004433202806
044002237020237042073097004432848206
070068085061131026048147233890044506
047160184017237042073104004431732806
197016034252205212182117004433442006
070202225034073165107129601260044506
141236063126135079171104000536472217
151059160116122195111160344000044306
087105244084212227132008554380338906
097122009120244158005053182816394917
152009169080207008191100009953584106
231148131025199136065245004436390106
047100153006240235109170004435108006
141199230203198209180195000804965606
101003140104205251205243569320133706
141236058152231225123075000536462717
141236059213231225123076000530120517
195074209104202118062220212331818006
044198107246202029253176000805132006
131092242153199177176098060144953606
243016241242251100044081424660002306
016012080235237042073098004434031606
133236049211205199060234514136154217
097133087174205195120151000535499817
002193042066199192037078030740307417
213175202249205187184126004435744706
136053123190205164112021100464810217
087150007225244127141129553680808006
114116225218050251141188080005061106
030015071078205126037089034782639317
070243079058205219223061004433458406
146023225183199171104064055555080006
131134146233202029023148001234550817
097133082094231225123080000535611717
044035219045199208052103004433437406
131184001166231225123090000534323517
074109063084244038061149293575374917
044011181059199224108076000806069006
072011211076231225123078000533271617
247003110196212232237238092170112317
148068184013199152005054004432687006
021120108114199224153065004435365506
016160248194240223012177643276098517
123188126170205250008249004433734006
077171193144050057213170270421708817
148067220032215163175033000535075517
213173027166205187188205052220158106
101160237152138056079004510440190017
237135129045217008113109000804503106
218225090096064005155134004435514906
047053237123205183035039004434747106
044006122120237042073101004430844206
044202094078244248205111004433399806
050084201082207001014066156925475306
202217215109194041037213572750477706
200034043096194043191087018640114017
195073018238202028196138270401890817
135211169116192030019200000804987206
231148131059244029048170004435028906
237042091251237042073098000000000001
044002114207237042073092004430835206
131093150138202118055042000253973106
044007138236205212236042000803424006
044029156204198231050179004434779406
112186062030050062034042068815032117
016012080214237042073106004430519806
147221131055205200245162521910339006
113171164067215004019210033896504306
047184014031138152125149000804562006
087072123068073165104201626690044506
149042109042205218157141092170930917
044214082126135079171176490620167606
073138248249205184040041004435095506
213173043232207022045110052223806606
058091045177199153055216000000000001
193253236110116246215053554870008006
044095242042231225123074000534293517
139169064229116246215069004433648806
148083149020193065013058005140538706
047101030085135079171207004435605906
047011174045237042073094004435272006
062252153120135079171079004435955106
021120110038205212225023004435449506
104083233215139143018000000000000001
135240062166192182175124004435008706
149042109042199177082113092172721717
055233073169237042073095067860008006
016012080213237042073098000805033406
135084107064237042073093000805600206
044036104204212171081016004432669706
070240058109202028003235000000000001
109079158214050065249216507720044506
201136109051135079171145641520044506
122027138112205250089125100864110506
131019101084139212124060080804802806
237042071025237042073101004433759406
148019228068205183121207004432781106
239213054002139143183032052222800206
127168149027202029115039070764925606
096189177194202118035010388710808006
239114160228202030190069592660199417
197094035142251190163139000000000001
203018088227202027140090611200044506
044034012183050121086218052235483006
093208093185073165080083632010044506
223007030181237042073097004431220206
093047217184116246215076004433608306
100238002042050065250245310100002306
113067043022202030065098263424925917
044030142210205202230008004434619506
098162114012073165064185095410044506
124101052203135079171205004433274506
044068047245237042073103004431148006
072011250203205126032164000804220306
231148131094192029095205004436542006
243054196192199223112099000805265906
047123136232251190082073004434651406
218225236210116246215157605840904317
218225236112064005155210000803327906
121158033163116246215084004436032006
136053123146202030136220000805492706
213187202254205218014092004436294806
015048120208202030093077523234562417
124037053212064005155189000804166906
096178232248116247217133000000000001
208067058192205125073234000803545906
050094051071202024006004000805924906
063161037133194207240052004435469906
129109227208202029140245004435586406
016201019021251215115082004433711306
218225236252116246215087004435843706
050075189162139212103189011985448417
146017019058231225123090000534841617
197034154100205211055021004431917806
141208084093199177248214300005173006
124045222045244158136202177710102417
223007030181237042073105004433718206
058001028210205066136143059384924006
111252121015244248213085647336510217
044068051117205249057122004432291406
047034026240205236224157004431190006
153190254139205218158241531285525017
196054241254199152013232004432348106
139169064229116246215069004433655606
044001110112237042073100004436538206
129033027026194115211034004435297306
244199180007244212137175000805257406
048163150241050062046170000800379306
133093098179073165069181512510044506
131210253057251196218242004436104506
253102008178202030099141001233968217
048166059147207001164183004434057006
141236059240207180012223000535633617
213175202109205200149034052224648906
096205120082202030068154260852382217
248126117115244038034178000800283606
204098238039116246215087000804042806
049006028246231225123079000531126017
016012080220237042073104004436389206
062199014032244248213085004435698606
135084107064237042073103000805181806
213176048053244158083125052222722206
100235109208050065235212156610044506
197043153106237042073095000805772006
149053203018199138218125004435007006
030015068020192167127138004435012106
016098134039251196218162255655715806
088137097187122195111160573700044306
021120109087139180041190004436280606
149042099141215161031191092174581017
119046101194202029073119099984606606
044026181255237042073102004430397406
124037222084116246215060118914551206
218225196045064005155233004436023306
062246018047192029170002041003565717
037045078051050065143163609980044506
140174201093231225123077000533753617
073026248067237042073095000806020806
114087037237207020027241004435936106
044002081157205187184009000804534306
132207075150199204089074545001237706
248199192080192029063144000804368106
016035195066231225123094000532746417
197085153095073165104146516100590006
213176048063240235108141004435018706
202217215109207008085038572750766606
047100097008237042073104004430229406
133032208120050121228237573533966306
103091250083199153107123182610105717
070243078214139105124214000000000001
203119130030215177155093254361736117
050050094135207008190127001236250917
016012080222237042073102000802229206
050084201018152098209045111320166006
070213071084251108156178148753491417
208067059094192182018216000803524606
147253192077202031052225230885702317
132059159037240063103161053536519817
030053055045215019148157439060491117
143234087238205151248079004436479806
016012080235237042073097004431647806
141236063052231225123095000535931217
141236058027231225123076000532772017
213175202104215163100171004434878306
016195143025231225123076000530596217
062201143238135079171198004431367106
016215208159237042073094000803048206
091029124200205212180086000803572506
251000214218192182228038125115991817
102066024191207012138117588786460617
197143138162194038088109004435754606
123188126142192182174115004435317306
113182067044207009053128645341034806
100208228021016045106040000000000001
044095140166205032247225004433316206
027012168025198033050189627470339706
047004134023207183080037000802544506
016000173246199137238005592450012317
044003127078237042073102004432971206
131003246189202167076240004435726906
244199180007202118054182000804929306
075091212237237042073092000805670006
053002183134199135037184284550102517
141236058240207180188197000535357517
007173147177205211053027183925925917
127168149027193224218125070795028506
053180173170251190163116622442677117
002164213021205213166089554300338906
223007030181237042073098004431425006
129179251203194102245234004435757617
149140036178064005155201004435812406
008074003030199169214220004436340506
044095027244212227179066004434278406
213179055002244212230125004434254506
055224122058073165064189078230044506
206157043069205217244065004432852606
221197115158244029240045004436110106
034120099239231225123095000536166817
238063254254202028161175537340011106
231148131162194031112209000802281306
223010192228205194221231000805348306
111010108050202024007177004435785306
103119019005194017228064000225305306
119132120183194041034140000806133206
016012080235237042073107000805836406
119046068062202028065087093006405406
141204003055202024006092000801309006
049003038033207023230146513944320417
122013122213205098029085004434858606
040216031143194207242207024490103206
044220085168064005155174004434412606
075091222060237042073092153460044306
123016200221205218042234484590002506
210031109161050120063231004435171006
007088237129202030129182635110688106
218225009060064005155235004435935106
062254148251198231050050004430557206
016012080213237042073092004434630606
008075075218205251202087004435121706
197043153093237042073093000802619006
124116094050116247217234000000000001
103236115210205180071130004435199206
213176048160192029185221004435171206
223007030181237042073092004435658406
093041038053202026111085580220354206
134164179106237042073096025152697806
249070079098198193186090001230012317
064004255129231225123093000530533717
196043026097231225123080000534432517
064064066226199153053006586770114317
213176048007251190082073004433297106
076084179115198255178000080644123206
223007030181237042073094004432763606
030015074174138145203037000000000001
158050247185202031149149452613636617
121254060000116247217234000000000001
049024032173073165105098590730044506
202216028081202030069122000225500306
062208003141205066041116000803449306
044084080118240223037058004432857106
049224069019202031028056068810688117
197030217109202024005149004433761706
206145189237199153056213516211234517
044000007196237042073092004436119606
139042104222135079171071004430217306
210061166251205251200208004433920717
131210219147215161043000004435001506
083178067034192022167203633594916006
237042071028237042073104004434119206
101160237152244158007083629150190017
206171198126050065216064517510044506
223003024038244031200100004434983406
151198129011205236159180323890190017
062202167239135079171002486680044306
070108013026073165104181609340044506
249146117222064005155245004433295806
204073115079205055128226000804045606
213175253243205251072209004433547006
044068041184237042073098004432838606
154001254248205194245135426122740317
153071177244205236085015004433282006
044000201196237042073092004435201406
075062217254205032021058000802872106
016179000040116246215075004435630506
099202067133116247217133000000000001
103115045149194017228064000225339106
195028220245199153096134514513573606
016035125046212230061010000533565117
041150227112205166055076004435990606
231148133057202030017128004434940606
136112157106050065234105604830044506
008074003148207020024076004436266706
245200211004050255048254220000230917
047081091076237042073097000805656006
202217215110116247217243524380276206
049097072145215177165049566960008206
213173043241205183043044004434228206
072006052228251190159229252660002306
133240121038205212180114365476276217
075091213054237042073107000801108206
075091210254237042073104004436232206
016249228148116246215071650980148517
016043038078205211122024000803307806
016215208159237042073101000806249606
047049125210205185134087093394207917
047171168113199137227109620002001406
076084179115212202046243080642655606
042095217196198243068036514136173317
073026227227207001131073004434537506
075091210204237042073093004435573606
197052136029192030065079430630008106
131192122245237042073098004431914606
101147003069202029029203481966317317
090248187200194102250144000254223606
044050040183199153105156004434521406
101150071225198243161200000000000001
237241128110138145203037000000000001
142003029163244022028217000000000001
121194188033202030065098550314925917
148083149210202118035093005141976706
106207160229050065188180552450044506
140075194019251073189082004432659706
200162231093073165080217045890044506
044026121187237042073097004430783206
149140036153064005155193004433444506
047001247092199169015047004434951006
106104124227198240075010046620464506
013217042121244127156120076304040617
193253173233116246215223504290008006
064031253183064005155189004433363006
122139039247244022096244004432785106
044068040242237042073100004436197806
231148133137192030065147004435290706
047100179217237042073096004435688406
070243078216199137225039000000000001
070237119208073165228207614510044506
202217215109192030021097572750822006
127168149027202024167125070794076806
213179055091244031010027052222306106
097134110135199138218122568943117606
114216218059073165111211508650044506
050084215093199169193242268404957706
073155112248050252039173004432714406
022197072204205218011179000805571606
096189071183198229110091000805088606
249158180126116246215084004435558006
050238026190202024006095128023707306
238020106186194042201128004435986806
073026251253199153107192004433565206
129082057221205211046018004456542206
223007030181237042073097004433923806
149042101045207180012223092172725717
021120111093207022024194004435441706
098028246117073165108097564120044506
206111142200244248043249004434543506
047029239091205187188045093392786806
077238084208073165107227598520044506
112081188215198192214051080684948506
140255108181207001165072004435845406
253102008178205148085081001235773517
041144209162212227179066004435074006
070243078228207001007164000805340506
213176048213205166055090004434000806
077170028148205250088078000800788606
062194122027219092051164000800793806
200222118176205148030158000800444006
201199105158202029204206589380044506
047109173158237042073094004432603206
223007030181237042073098004434214006
119132120174244038204221004435623706
044054074190199169023024004435457006
153118082224199152013247243042647117
044035245178231225123075000536060417
096161153248139212108190004455261906
002074010002240183049189575880604006
016012080220237042073098000800917606
015043163105240235017074000805066106
253102008178202029192163001234889017
044000024175237042073106004434182206
236146061209252248025002000535497017
030015068015205199048026004431772506
044037022084135079171207004433095006
058179219050244158005050125181721417
047124189232244248213082093393616906
047168055252199208048165122013446906
044086095207212030093150000802641406
137113228163050065138041119660044506
101081106105199152082250004432660906
016003076164194017237222650036082817
151198129011194031026055445990190017
076177103241205127099149052225804306
135059203089152098209076004434189406
096177023022205230086217483320002306
158053234209215004032123000803816206
080204034177202030076051569324614206
062196102009237042073107004431922806
082003115217240063113219632690008006
210030029151205113254142004435271606
135084107064237042073101000802829206
197155091164244003243126000804924706
211253223037205125102216541275601517
140173240244198247243209004435082406
042204053233240202062082060083723017
223007030182050123082090004432787006
193253211038116246215059503570008006
070071044246231225123095000532645517
059182017004205249010141010372003517
073024200079240235108140004434799806
036160203138198193179219068890677017
050029012128198193187116140612639806
044035000030207001174149004432782506
063163178178207183081212004435927006
044025079037237042073097004433788606
030222057245205218157165541860688106
044222068204205139035130004435212706
047186227071205239062021004432871006
062212078195138152213009004435533406
237241135111199153054139000000000001
151243184051116246215008000000000001
047100038064237042073101004435672206
050048068165205249014183000804838906
140065118211064005155209004433380806
016215208159237042073100000801449406
135059219180237042073095004435195606
083015067166139212124083000533612717
196054240194205218008173004435043406
040005211020199153098233000806548706
048181081244205219223044004433701906
032142072077205113197156606010108006
072011141000231225123078000533958417
247003121223194039040069000804862106
044222018083212064141232004434717006
016147137151251224118145000802824706
134172201176135079171153000531936617
116156195095116246215068004435041206
117081062196139180033168524070012317
044036189114215167112218000804936706
104098198223205218157165568711586017
223007030181237042073107004432565206
131034225098231225123090000532928517
131134146233205071138250001234798317
143090042086192030048184000805417106
042204053160199137227027060062368606
112018245126205212182122068813401917
073155112248138145213185004434187906
092240024141205250088182080834603506
113096158000198193185253000805635006
042204057159199222137066060084032217
218225196032116246215086000805124006
140066180134205148025182118913347806
047061076049199171096200004434674606
030015069082202024005149004434264006
109206152111215163006231105375030006
210022217227194086001169081182892106
096237056147205139035178051565473917
099140178185016045106041000000000001
044043055073240223023120081085048906
223007030181237042073093004435507406
034040179238064005155150004434688806
146140209156073165064054649270044506
082028156043122195111160462900044306
135079160238215162057103306620044306
203224096081116246215210000000000001
021120111001199224153069004435071606
062199080201135079171175004433704406
044219121105202028024057000800136206
070243078107198193188250000802628206
073027006102237042073101004436331206
195117230035194017237109004433296706
047091064019244001196133093390263506
112081189113205032026255001234467917
213187199231050062034042004434921506
044068047245237042073092004435129806
131190120054139143018199004431440206
104067210206073165105253583680044506
218225236115116246215092004435214006
196093065108231225123080000530296817
056021221089207022028123000803125106
034189186127073165079125518900044506
016012080206237042073106000803414606
210030029151251196218143004435222606
200198108252205098232238000802034606
041155124115193065069015004435396306
211222063114212197176078641562393706
041150227122240235109114004436082006
197043153101237042073094004435137006
131003246171212195128205004430304906
044022136106205166049210004433674606
070243079058212195128205000804252406
016012080219237042073100000802839206
113172193015231225123072000531784817
152148101101194017012044080124928206
047123226034244029048153093393729717
104072160203202028210174520344879317
203203182002050122167250000532502017
075009038209202024007002000803492506
059188144242202118049109015725141317
148019225205135079171128000805176106
047123033166139005144168093395139117
238041139183194115195099511000002206
044025052213237042073102004432924606
044222128218237042073103000800371806
057145172132202025224142318584467117
249070079098199152013225001233067917
047011147105135079171198004436049506
119132120169193241060050004435144506
016012080218237042073104004433368006
197209039077198192207248403860909006
016012080227237042073100004434145406
070068139165199136103085372222825806
239213054005215177242038004435970306
213176055230244031010020004431670806
002136188013207001005078000812630006
044004247143237042073104004430572606
213175253202138091022109052222868506
049033033013073165091016014200044506
058001025045205070214007000805260606
131058204210215162050050085705109706
119046068062202028187183093005057006
148085196085231225123076000000000001
085202032165050122062058010245749617
223043024009192030102221000255325706
119046101194202030160253099984178506
050067254114205180122202099875019317
047100038064237042073099004434705006
235236123221205032018117068814712117
047028215228205239062205004435250606
005008039103122195111160523260044306
021068194223215163004047004434930206
149158111124138145213185080062718606
002114242036073165109185306120044506
249237147142249237208045020005111417
202217215109205164115178572750722006
196014049172231225123072000533993917
072115183219207183016167631610555506
097132071168116246215083004434709506
097133087114231225123095000531834417
218225134073207001165070000000000001
155214049077199153039234073610899917
085247217060205213189105070066001006
058226202247212195128205050563523417
106127123114199169215077445992637117
215193101191016238145171000000000001
016012080225237042073093004430268406
212143025083116246215241644340904317
226154176178205236095117004434867506
021091198024116246215070004435694306
122016151149205126033098004431522306
111001215087251215148150315942569206
127107225023231225123081000533177617
197190098108205183038185556820338906
135084107093237042073102000800772406
213184192020244248205078004435751506
085223210048198229109181150550002306
100208217209231225123079000532867217
075029136019116246215070094823856606
247003194031192022173005000803368306
034173218244215106052229643892678506
076177103214205127099205052225660906
072011005097016228003084000000000001
047169094069237042073093004430991606
210030029151205125108161004435089006
044039184210240183051087000805033506
238204247126199208051072445731197517
081221252004244038204221160012785517
237042084193237042073102586100044306
042095122204194031035228000000000001
197061129192205218041087092173121717
062196047072237042073107000806478806
047008154011205200242243004435264506
200101135075212194041172314134038217
047123040177205066136005093393546617
059022093059135079171203544530044506
044025052213237042073094004433388606
044001040054205236124169004430963306
058030115206073165081041052920044506
044008055076050123212054004434049706
100235222134050065188052524920044506
131003246189198192041129004434917406
197043153083237042073102004432079206
152148105234199222139061000805358306
238063217135205126137069033064959906
083027114011199224098189000816066806
149042099213205180119191092120930917
030015071115205139168121000000000001
148067222062215007246013000536179717
141183211081202031094112004436330606
047123063170244001021237093396078406
099217005213199169214029010243332017
088046030109202167077051092535080217
196043026097231225123073000530436117
044000201196237042073106004432275206
132057143028122195111160503940044306
227003223003231225123081000530397417
157130192031215177139123323590312806
047018166056202024016012000802632806
044003062111237042073105004430844806
047187205090205164190029004435101906
044027144165237042073103004436507006
087150067030199224098189525980312806
047090012158194102248223004434515406
131170083102231225123093000533294017
044085129200205112188193004434299606
140014128033231225123079000533764317
200223240217205211032162457382629206
223007030181237042073094004434522006
070243078240205187184009000803900706
049139072024207023230146405004320417
193253232026116246215223520080008006
123188126243205164099050004434754106
140065118211064005155209004433379406
119132120171212064083073004433596906
127242060182244003025033004435413706
150216240227073165080170618220044506
044057021185244029048153004435445006
099035124255244038133045069073524106
058024020014192029084149000801044606
062196047072237042073095000805645006
243054196193192029060026004434339106
235195047178050062046165452620893317
091177248076252248025120147020012317
016171189013192182050182005873789806
123188123209205125187076000805219106
044043191167205195112231200253386406
237042083119237042073096378840008006
062243242211215177242186000803370806
139107190037207012138096004435723806
047160019129237042073099004435185806
100217061211205066141089000804104306
253242001229199153044208000805120406
037011067052207020019036000805497306
210018043157212202149248415680005317
109118244018205200226114477830789117
047080010073244029213005004431193306
115142092101139093084051004431200706
149158111009198209177255000805459306
124059056203198033104132596440005317
050075028226193065083233081015881406
047160238065237042073105004432270806
093041038053139219137217466405555306
213173043251244067234184052224490106
113175002229207180015129417850518606
134134130182237042073096004432665406
221082247052199136086010004434969606
036050137081205164118209334460667217
241249247123244038133045004431481006
073027146097237042073093004433429006
213184192012205139034077004430184406
047187063051198222244071000253488706
036210236197199153044069516560002306
101213186181205200226102131330648017
124016210235212196232165004434625106
076084179115205071136249080025869206
100197036129202030162144004435606806
047024134095244038133045004432620606
096033019154202024004125490180688106
237241150017205139168121000000000001
016012080219237042073102004435763206
197016034252199137231134004433379806
072044105173073165089061277780044506
044005066003205164190013122012819006
244199224088205139085042000805147606
193139104089016238146025495170044306
049076058083205113250126268061937117
044204066086237042073098004431893006
044000201196237042073093004434655806
213173027113050254094253052223873606
047184016237212230037229004433333106
141183211081202029193107004434624306
073026251253205239048154004430530706
098032096035116247217133000000000001
047186014067205099155183004435253606
044051126113212034244097004433524306
129201069156073165108133511120044506
114079165064198231073124434401372406
214021180136073165091072529370044506
091029124200215027187029000803401806
049097072145205148082155566960008206
129048012205212230061069092220930917
223003199032202028041056004435110906
213175202147244158083125004434597906
044209152013198192214069004432308606
021158237026215255060116004435119406
141183211149202030170105000805218106
206157043068199168233163004435715306
105139213132215163164214543501984117
130004046202192182044111000254698006
007234107099207020029039000000000001
195159188185205167105015326043538717
103173175076198193190036000802776406
049097072145205164110153566960008206
047011184196237042073105004433113006
083183190035073165110068562420044506
102039182246138056035086514133020717
070226157223202029011210406774936617
087079162194205180067242104771758217
196043026209139136059148000535101906
097132178179116246215069004433368206
237042071032237042073102004432490006
231148132051212171014189004435052306
062201161090205236232253004913483306
016242056115231225123075000531804917
047170001253237042073107004430321406
116069050219202024006227004434932406
044219076031202031093237052235304606
135243069107207022045119004435912106
111005167058219092051184566140714717
221082247052050253202240004435372206
202217215109198247228080572750111006
134134130180237042073097004436124806
048167245043205035001136211004055106
135084107064237042073104000803453806
099035121242202028140102069035854706
211000005175205113254214004435646606
047101058167205164096210004435991406
098163230005192135209145641550044506
070049178189192029092069541895695806
210030029151205251205145004435193906
062206107207205211031077000804384706
083182120250205180024108260855508106
218225090007064005155210004434126506
208070209184205211029255004435032306
102014249059131115011245244805280317
195161054127244212137175382212822517
213176048183212034079039004430386306
073161165181050123200251622185120417
253102008178207001011159001235124217
030214173103199224155225000806022806
141236058089135079171075000535080017
114227079115202118042090088885333117
244014071050199168152210004434313206
122013121166251073188186004435107406
131099187012237042073097004434347006
237241148199205218074002004436456806
253147244120212232186052583940002306
239213054013205251072192052225337406
103240064219135079171185004432611906
033236225085116246215087000000000001
047119081048116246215068004433318806
213176048139205112188081004430397006
101100070063202029226183021525222017
050094051071202024007028000806296806
218225196045064005155233004435194306
237038004209139010250151245830005317
134233149210215162120188188974729517
139130176205116246215010250640008006
135084107064237042073095000800283206
135243069107205249015219004434934506
231128055195199153044019579860547906
136122246032202030163151622515602506
202217215109240223181162572750899006
062200101139237042073096000805175406
021120126064138154105125004436481906
114076206078205183040158000253333406
030015093024215167193003004435603606
044038064073251215115082014335041506
030203080200199223125036510480338806
062200101139237042073101000804204006
047168224114205200149129000805252206
044048002021116246215120004436443206
075091210248237042073105004434496006
197085153095073165109138521670590006
063173035243215177109120004434668606
134031190194050123081161004653657706
047053243188138091018165004434414806
148068184009212171148109000804083206
041145050159205217180050004435041206
119132120165205032022222004432703906
096194151209050254095210375961711517
149140036146064005155233004435971506
119132120174205167104037004435343506
047122022124205139007204004435038706
131210253054205251205198004435257106
147202253096205125123068000255201206
206111154210251224032194000805912806
016193233126205249063076004434159506
124029251100198209142231004654842506
135214201055215018095094000802723006
253102008178207012140039001230012317
062199170154205218072230004432813706
210061112154205251202122004436463706
114071234246205218157173519006186717
213187203112244158083125052225490406
105129120171199153099086000805752106
136227068188192166169130378170002206
213179055031138091022105052222228306
044054132024192132029219004432631606
110125175001205066041190000233960206
131223185074251100098029000534261117
047008148134199171103005004434973506
135255214071205113247106000803989206
047028220176215007237074000800331306
016012080206237042073105004434881406
034183054135202030094144486304927017
044025052213237042073103004432086006
041144006215237042073099000801621006
198140094049116246215053500310008006
213179055000212227179002004435362406
218225236252116246215092000805549306
013144103253215019014173004434807006
044049016150138091022002004435486206
016245219142205211122024387690148517
213176048034215255118156052225717106
084114227021073165081090633670044506
016225161118198033143038503660905006
242029031090237042073098000801965206
155196077229205211033172603310338906
025189162138202029236203518123342606
123188126215244029243152004433714506
134134130178237042073095004432397606
213176048077139143183118004430268606
124101052192135079171167004433646006
149042109042192022173005092172646117
218225159169064005155202004435468206
044072199058237042073107004436200006
016150088138205186046125556312122617
110024164165073165059034646120044506
021088064203116246215060000806010806
103212188237073165228209622700044506
032105178125122195111160298120044306
044026121187237042073107004430661806
103091200030050065138147534890044506
131000155024215163175057004434523806
113049228174244158005053595154988117
072076073201202029177157426125860517
148080010116202167207047050720506017
100124201018194102245082470040590006
202217215109192030087253572753555006
044005105069064005155229004435722606
044203215203199208060066000805172606
139169064229116246215069004433656006
152117132035192182061253000255477806
234168246042064005155209004434250306
109073139254205126037195168815396806
213187193227244038194146004435584806
141236063126135079171128000530535917
194147120143138145199250456825065606
062255210240237042073102004431372206
131042160131139010250152311580005317
204124088113244212229038000000000017
062255210240237042073094004432545606
047049249052199152010075093393725617
237042084200237042073098301580008006
044027144165237042073103004430378006
197183208087205164099093528760339006
082199208166193241063201518160232306
243114116174064005155175000806433006
130004046202192182213003000255343406
075095166027202028198205550006399206
134195064116215162059126493410044306
070053076244073165110220650230044506
097133082094231225123078000531062617
090050238010116246215092004434775506
085130134141073165054163327730044506
218225090096116246215086000803836106
109100081139215004019210033896236006
127223065215244029214088481720005317
156127033094199153056246376336010717
148067222062205148018114000534420917
239213224177205055205249004432949706
055233073148237042073248020010200117
062208142246244029212089004432629406
124101052197135079171198004436030306
197043153080237042073099004433001206
135214115110205180084040000804991606
062245072182212197179178004434772906
206163133099205212224173581160312806
076177099148205164191227004434076306
044206096231116246215124004435047406
196115057084064005155148004433986206
135079191083135079171063476750044306
053173119069215163175049172760182217
239213060012205183121087004430221406
135243072086199153054029000803498306
036218201176244038134057044630808006
016012080234237042073098004432643606
044001050003198247243010504435039306
196054235111244248205097004432729706
218225196096116246215093004435856406
149158096184205250088078060934915806
099035122033194042036105069012985306
148067222062215162057234000532217017
197155091164199169214219004431054606
223007030181237042073101004432729406
047084229098237042073093000801302206
097084106163205250089082195775354617
109023164247244029048153302745893317
096096224203131026013195520160044506
041234113206192031126139562010102417
124101052207135079171152004433351306
239213060021194043181139004432828706
130150037145231225123092000533206217
231148130156205066060067004435341206
213187251107116246215087004436348306
119046146055193065050114004451510806
013192054012251224032197004435702706
213173027125198231233050052225910706
047123049198138091022002093394911606
122027138065205125109068100860575006
203022248075202030112162491604953017
213176048071205127099205052222646506
147212145145050065212033639840044506
206220228046205211054118188980814717
070059114071244089083230033094086406
030214173011244003024022000805053206
253102008178202031030001001235858617
200124200090192182193067107840012317
063173024134205219220195004432833706
044003036118207001003111004435770006
092219098136205236228204068894723317
070032085113205127072152588150002206
109210154012050065249168444880824306
050048068165205249014183000804839006
231148133010212196220236004430152006
149158111009248200053002000806537806
137113248129050065170131517410044506
041163246109202024006161000805235906
041147021252138091022086004435650106
231148131195202029113165000803420506
202217215109205236087103572753999906
050230053018205218244149431893264017
016002248216194102247042004433770417
062197230000215162048195004434805606
084193130108199224145205529922823517
033245039205116246215086004436139706
057112199206199153096085412045032117
197122065207192167239213004435798406
034111130111198193190248000804070906
124101052205135079171142004433281006
089217054027205180063242355125380617
148137206218244067211034004435092606
044048187036215160157143004431688006
206240162233199221117069059380174106
112146214211252248027066555294460017
021137021052116246215048004434068606
044004231124215005008170000805572206
080038168146202029032207514980143306
034080172094205167059075624660002206
113202209181198209155108515175585117
112081188215194207240173080685432206
206105047132202031159113261606321817
129066131083205180045132005875666606
114227233006202024005167340611461917
149042101045050255212237092125624217
196093065108231225123074000533925617
211247245014202030138183068285032117
042022083153207022045143568910002306
016253001111116246215085004436360506
195069006171202031028224004436196506
147250115180194207242009000805481006
213187199255205127099017004435418706
016012080211237042073095004431811606
047111122036237042073093004431806006
213187199241205139035042052223895306
223003073238202024017049000806100706
047090143152198253203197004432461706
103113195163194017228064000225067906
130004046201205125121060000254632106
047124149204199137234026004435339806
096036045250205250090026004435945106
253102008178199208155239001230012317
202217215109251190157024572750366606
209101028186202031036079251284568206
042006103124202030070109010253688417
106115176043244001169249291854688117
218225243047116246215240441630904217
223009007015135079171198000800346206
197002104181202029228057030745417906
122013116139205164121198004436029706
016196006231139113197197446900905006
044196061181202030001070004434202406
002136143006205066245181000806070306
209091183073202030151087080904958306
047109074090237042073100004430797006
103229102138199136087207004435021506
237042071024237042073104000803182406
112145230214138030240176587530002306
070243079058202024006127000801193506
072013035187198241161218418631121117
044201137132244089083201000806025506
197155091173202031045068004436039206
197122065205212197032247004435221706
244014070053199224155132000805618606
016215173238207001173101004436320406
096068063097207180012223010863628817
239213054022207023231068052225323706
224031200080205251205173144822821117
074230184249215018244002139485927506
147218142082073165091230274940044506
131190122249139143018199004434501006
021120125191139180034063004436004206
218225090017116246215092004434382706
044094197039139096099204004431152006
226154177242199224154093004435486406
087234010157244038061093443240222206
107197174021205032028230345355836617
106193183092073165107084255520044506
047081091076237042073102000802636006
055233073153237042073102004435656406
057184217039202027000210001612265106
053196245230073165034052518870044506
109237096185205071047180004434915106
049101235076199222139162243016482606
213187203098207000086021052223864606
047019138074193065053045000801610306
122028053101135079171198004434245806
050070035201240063113219524600008006
218225196048116246215093004436136306
063163079024139128098174004436110706
134164179108237042073124345960016117
007238054121016048144184000000000001
044095194233205213165104004435127206
103218046253135079171207004430386306
146017019058231225123076000531488917
249158180126116246215076004434916506
253102008178205203252073001230012317
112079249192205032251044547216336617
124142109083192182215039000255340206
016012080214237042073104004434981606
099141080150116246215168651930148417
153156131134205180014169435940435706
218225162218116246215156390570904317
099170006173199168152210135760688117
062200059181199152010029004432970206
072011018216192166233166004434899106
101026161111138154105125615673652706
137113216162073165073080452920044506
102175085210194102246029290750113017
007238099234198192035232000000000001
044030157084205098226182004435248106
204073180139215013072176004430154106
033236176074199153048225000803908006
223007030181237042073093004430996006
223007030183202167077127004435779506
237042093037237042073099004433534806
048213208231194042041052080013996906
072044146075139180034162029473327617
049196031171131114015074000000000001
231128055195205071027184579860547106
140242176164064005155231004436051306
136066149083205180003222000000000001
213175253251205066255152052223787506
151198129011194031084251445990190017
212143025069116246215082004435904406
062209018251205200149026093394624217
098172099010116247217133000000000001
098101053010207012143245575180188717
073024225211237042073106004434875806
231148131066205251075038004430203006
097174072085073165090007580710044506
044003062111237042073106004433642806
143234087238205166122246000804915806
016197012224205211062032004432517706
253102008178192182170171001234994017
213175253233205139034177052224922706
148137206208244067209230004436214506
231148130179205216101084000806166706
193253141242116246215026498310008006
016012080222237042073100004433997206
016012080219237042073097004436025406
044023007155205194244145004433966606
196054216184231225123081000534732117
007088209153202118054182613353052306
235231128098251196147123000000000001
047038234192050252039173093392709617
099141080150116247217212651930148417
112081188215199137227110080681929606
140065118193064005155219004435494406
231148133072199177255223004430304606
098004165237205217247056397615529617
030015080192192182054236004435980506
206240092254251196145221000804956206
044004247143237042073107004432457806
070243079058251100166226000802633606
134164179104237042073099025151848806
223007030181237042073105004432446406
044207202018205098232143000803645306
227223061135231225123093000534582417
203224017136192029094254587260312806
016012080204237042073094000801492806
083230194045251000115141259400179517
121158033163116246215070004435465906
047043052113212195130205004435953906
223010195120205032025237270216429106
251103139043116246215081004433581006
142208122053244127159207000000000001
075009030054207008087044004435834206
195077044182139128098012059386099406
070123153206050065214182560560044506
128009252107231225123079000535166917
063172210172131115161253004432662106
062240027211198247246124004435426306
036218193188240063100047222030002206
213187251107116246215069004436462206
197109049206215163005030200166003217
047160007097244248213085004433495906
098138179011251190158157270254915706
218225159076064005155245000803762206
213176048219205216062117004435709406
109194128159240183051070642423032517
040244221208139093088020328110002206
231148130251205212176034004434964506
119132120173212195130002004435941906
097133081078231225123073000530527917
073024239137135079171198004433698406
062192142166198253203037004433339006
044009025038199208054186004433791106
112178096213205055131069013375499206
239197096130199152014231023232079406
005241017031231225123095000531187017
137113232106073165059056432670044506
231148132108215022056248004433704506
013192054012251224032197004435036606
213176048238251190083176004433782506
146083050249202026181216040370044506
113183254161251100165146588181179417
044000180049205217244191004436014106
135243074253139072051021000536389917
044084080118240223037058004432865506
073027006102237042073106004432662206
058176215069207183132053010386237017
021120111085244127033022004435013406
002002132232050120061099004435945006
237042094175237042073095292140008006
044000024175237042073106004434514006
042094115176202028028028158481454217
253102008178207000064132001230012317
107135044166212064144218115276221017
030015068015205218074002004431010006
097074131145215027220077544070338906
016012080214237042073094004436159606
243054009052207022024153000534611817
140180007156064005155134004435012306
053045250172199135047164609492690506
143090042086251100097010004434266006
218225159022064005155102004436388006
224236236240212195004146511596486117
047037118172205098234023093394383017
237241135066199153054139000000000001
149140036134064005155233004435156506
213176048252205195126001004433646406
062199166086231225123091000535372517
126170046085116246215071004435496306
202217215109205125068004572752888006
245098018073199221114038100000910117
016242056115231225123095000536386417
223007030181237042073101004435204806
075062217254199152010028000802072006
245209093137198063097199278830338906
150017202201219092207093494910933117
251103139042064005155210004435096206
119046068062202024004085093000917406
136227068188192166172241575420002206
016215208159237042073099000804893806
213175202215205195209071004431986106
044006237119194038091114004436284306
146086146172139093084051004431178206
113056137006073165059078050590044506
221197114020207000065170004435041006
141236058236205185131012000532854317
076177103239205187188205052224653506
218225091066231225123077000534460717
042055017114212227179051462186393017
070254182045050056129090000805635506
213184192012251190082058052223317106
213176048210212227179089004431888706
131000235231135079171160004436073106
223007030181237042073096004431145206
159223228080205230091013090315583606
096068003231207180014074135865981117
063146143006205066158112000534225017
047168186061237042073093004434280606
076086009019244003004211004436200506
002154181158050120063005622850102917
139188155249016198224000214480044306
044057160068116246215120004433441906
223007030181237042073098004434210606
109245145020251224004251286452354706
048166059142251100143082004434160006
091177248076252248025120426280012317
131080014185192182177204000804948506
047049029018212227179009093392651306
062200101139237042073093000805056206
147178209060050065249024509400044506
047011074112237042073096004434316006
062208094022205126032234000805156306
075229000212116246215087004434913206
197016034086199204082250000803668606
224115018240244022096112004435143606
111224184167199224156157004435040206
070033121119202030104155525030044506
213176048183192031161241004435806306
204212004167199138217133012525558817
015043163108244158005055000804058506
041150227123192132094124004430287206
085046109241199204126212462462657217
007232071035116246215156464310904317
044220069175205066255050004434616506
249146116215064005155245000806507306
044007049164237042073101004432094606
041150227113138091018042004430473006
044027179146192022166198000802732006
042090233080202028050158000000000001
109236186068139010250152516000005317
207196038085199152010018133692778806
195077045020138056073247059384921706
044069172020199153054217000802271506
100208217209231225123072000536319717
124037053170116246215049118913866806
206163133099205212225245581160312806
124045236128194041032044328063343517
008072209240202024004015000801897906
044000201196237042073092004435427006
044204028162237042073097004432217806
030214172152212194251014004435664906
044084080171207180012223000805962506
113100132051073165059043634040044506
044077165194205167107013000802667606
104220089145231225123081000534785417
064025055024212194146194228722680617
213187199225199169002042052224527606
097132228080231225123092000530363117
087102215208212230042123097090268706
047045155105205236095042040170242506
047012124213207183080150004434500706
007234225066231225123078000532119317
021068194221199169214025004430646306
247003134093207008087125004431607906
101140078075244003007245518770899917
204175090007199169214223082110754806
239197074058244038133045004433600306
063175018224116246215074004434125806
213175201170212195089178052222722506
047011147048237042073092004434702406
215193111191016238145171000000000001
221197096168205199063186004433416606
101086123043192182150024000256034606
053040250201194043149125000530462917
119132120165198255181181004434366906
105171195139073165091071598410044506
223007030181237042073105004431949406
200162125180073165105189637860044506
096036045095194114063133004435673106
235199255155205167130002525472127517
213176048048240235108139004435323606
137181106136244001199155546960143306
136053123190202030198046100744893717
237241130105202029209128004435086106
137210061010198032024195152400002306
044006122120237042073094004432337006
062199080201135079171145004434436106
231148131161207000068121000805602006
049047171134192182223227068896070917
044059007011205126032236000803423706
140066195199192182248108000802633106
127043088045202118036201163020008006
075091213025237042073101368400008006
103204215206205249010089455393387717
062198199145139010250151441300005317
208206191041205126032066012315292617
206093055098193065052054000535624217
117098165182205239062137623604246206
196043026097231225123076000534216217
058020005083202029243118148832025217
030015085205205139168121000000000001
124101048195205164115140004435316406
137234065157237042073100136300008006
136053123146244248167058000805911606
235195225030050121119151364582631917
044027253156237042073106004431152206
058226202255244089100220051564959717
218225159169064005155102004435363406
044069002208138091023141004435047206
062238063079244089083252052232719006
223007030181237042073093004432074606
134164179074237042073097025153427406
197016034018205180011184004432944906
139188155249016198224000214500044306
223239038191207001011067004435050106
114067079096231225123091000535638417
136053123146193065006202000805351206
209101200108205249004093004432700106
159120074197199153100052502215140017
057184217041202024014123001616403606
075091212215237042073106004430876806
098114233202205184032089055251414806
062192142166212030159227004434625506
030214173057205139034178004434922706
155038086096205113206053000803831506
237042071030237042073104004430669206
044007060143237042073102004435245406
223007030181237042073093004431333406
101160237152240235016236301210190017
245060126085215255163163163540148917
077096162030199223123197349590124017
223080113040050123082187004655980906
085239183022192022167254597293276117
140215073215198231052186500006411006
249070079098199152012215001232730317
100249233082244022031159597340002306
044025010021237042073098004435939606
237241146049138145203037000000000001
131003246171199152106079004432814306
116155094148116246215079094825311306
093116203119192166172215565631444617
148068185187199137233223000804990506
244199225187131115180171380000227606
015154113181215027047052010242521017
079001233219073165073194137370044506
113097214253215177154208502640188306
223010195120205239049229270215164406
123188126153198240051071000803422606
231148132166215163201065004432677506
076177103213131115183063004435360406
141236059101231225123090000532534917
220253008144116246215043566650008006
044001110112237042073096004435932606
210028117040194115213194088882182517
122013122213205187184009004434724206
044207195187251196218143004435067406
044062077144240223037058000804281306
021016182033139180038003004435310206
237042071038237042073104004432068606
053153098227205126137121111325284206
238041241067199137227061320051856406
073167155193251215115082004434352106
143089160213199204094246004433388506
253102008178205211048145001230012317
250025126186231225123091000535986717
201196169046073165069066647350044506
201211242019212195125028001234800317
237042094137237042073101004434642806
044076116059202024016079052225464006
047184084218212230042082004434949406
047100158133237042073103004433297406
244014071021205139086109000800236306
044072128172194043180031000802720706
131134146233202030174100001233323717
077031002089205071044105010241605417
220017183242205218159036001236050017
237241130076202029060102034785081217
211038129007240063017189004431238317
076084179115194042200041080024233106
047112113240207000065107080003055917
129018133172199153049177000250448006
103119020110194017228064000224308206
105214080054205211049098514132807717
104094187098202118088053000000000050
030013029107212202046243328026239106
070243079058215177242038000802639906
044029027225215177110192004431408706
062205196134237042073096004435056206
149042099141131114015058092170232417
072011250203207020253213000801848906
044007060143237042073095004436012206
223007030181237042073100004434104806
044007103049237042073106004430309206
197122065206244067235149004432254006
196088148028205250089072000800783606
044006085094205218035252000804954306
130150037145231225123073000533717717
213173027169212202218042052222959206
213187251107116246215092004433968606
032033195215198192215036106863693317
022196177002198192209050081183281217
146094052144231225123095000535297417
044025010021237042073101004433980006
126170046085116246215071004435737506
146180088161073165090120523340044506
213175202205207001130247004430726306
064004255129231225123092000535706617
096189180154194031029181000800816706
112038194113050065216165132410044506
125144005132116246215086004435179506
103216175234198247248253000000000001
047108127139237042073107004434687606
063166117236207023230139004433503906
237042080192237042073248000000000001
149042099213194031112211092122858517
044198177150202024007168004434907306
050075159109199137231134084421948206
079121155115198253200082577160002306
013025111099212230042089000802743906
113166239059199136086054529051936206
252171219033202029110220020130143706
044059252090212197211064086024334506
108247089047215167112210610162333417
049199050155194043113081514131776117
075229000212116246215084004436547706
089221062198202028229082540260002306
100208217209231225123093000532419417
016012080214237042073098004434032406
213173139057207180189166004435811406
044032060197251108156145000805518706
106116114071205236237054328830419117
080211048139202031159113010326321817
044048037233215007246013000805172206
127165136187064005155103118913731206
062196113084064005155228004435766206
044022158036237042073096000802035006
106046054024192022167203010434916017
255107248252199169206186025350464506
062194073195064005155209004434022806
086060208122122195111160488540044306
047168171093237042073105004430507206
204214018013199168152106036580883917
158014069117202029021053011193925217
213173038225205187184009004434981306
226154176178199152011002052225331606
132024164061016233092143575600044306
055243248096073165107252516440044506
218225236216116246215242493870904317
109237015069205212182122068814196517
048166070169202024004110286225023006
047038078125205239062133093390246417
206157043065244248024143004434790206
070243079058205126037146000800403906
097132071161116246215082004434094806
070243078228194207240047000806107606
213187199227205217245029004434613106
044214128042251100166229081125554206
140066171216212230061007000000000001
200222118231205239062013000804421306
238041234179251224228011000804276606
197106250176202029149205239521493617
109216158089215013074081456324285017
148067222062244029048153000535715717
135070159171050123081185000254416006
114242108225215163005162000800107206
147128000123194038091253000000000001
044221124203205183043180004434417406
110121005221215167114145010245362117
062252171217207183080037004435558906
223007030181237042073102004431344606
202217215109199224147083572753999906
101160237152240235016039380120190017
096187194067205071044230542456398817
062215102209240183051219004435153506
083109012155131026048016466760044506
221197133038231225123093000531672117
247003110196212227132028092120109617
221169237090212195089174068815164506
196093065108231225123075000531324817
044221148079050122228221004435129506
083182113147073165111028576350044506
055233075062237042073098281940008006
047168171093237042073098004434655806
112042063199212195128205336565126306
206220230101073165079072579290044506
047038003195198192211193093394366906
218225159014064005155219004434622406
075061128250199221114038100000910017
041147021252138091022070004432732606
149042099213207180012223092124647617
131003246171215019014212004436301106
197222188038139128190218166960338906
201104211138122195111160529440044306
044004098210237042073106004436170206
223080104012192182151153004654333006
124101052204135079171198004434030606
044048187036215177241058004436371906
070243078228205185136204000805234806
237241146012202024007164004434981606
200163047241207183151219051654368306
123188126214050123066166004435448606
235232229028194031038216172992655817
153071177220194038147141004435336406
159226201096116246215073004436181406
044196142199205212238199004435202706
135084107064237042073099000800269606
141236063183135079171168000531564517
204124095191205239049229136070188917
100208217209231225123090000532505417
213179055065212171135139004435406206
127029207177207008082200004432674006
044009134136198193187164000805407106
147003221173202024007067009933866606
237007004180251190010037000533416117
213179055031207183082085004435242806
044028073056135079171170000806228906
013157019125205184077093004433490506
044037038002205185134074004435808806
135238185008199136086126019354321906
106215144152198209140138004655015406
062196047072237042073103000802831406
070243078253205212182122000800983606
253102008178217008039093001230012317
044068198003237042073107004431188006
202217215109192182104011572750833306
062193109008116246215073004435907406
073027006102237042073101004436109606
150190244041202024017093004434036606
204100203009138056035086368863020717
137042226006237042073101000805425206
070243079058202024006160000800546406
139130165147016233090186544160044306
013145146129215019014173004434807106
080207040240192182207121010274428617
213179055119050254095245004433785306
048181106054016230168186068140008006
047034068102244158083125004436020006
131051240070207001170180088015009117
016048033022138152125077000000000001
075219045216251215113218004433556406
124022131003116247217234000000000001
016249029229064005155190004435075506
047169086024135079171167004435014006
044024248059237042073105004434742806
047033146254237042073099004432839806
048213156120205035001136088416201806
205238056233205251202122000000000001
206213114221192028108141521405159106
047101041171116246215084004434954106
197016034018139180039164004430192006
200035249006202029117119182030002306
015043163098199136103031000805394006
047173046157198231050181004433946406
080215054037199204067111522493394817
129253198005192167126179290793598406
044214158018212230037240004431245906
062246068239116246215093000804778806
056021221136244031072068004436219406
062195145099199152008146000805238006
044037022084135079171207004433094606
197061129192207180015186092170930917
223007030181237042073102004435051406
139236203028116246215203157750193506
058226200023244157168254000000000001
047045155105207001000059040175790106
093193247150122195111160490760044306
041155124043202028227110004433441106
227110019225205180013085133935078206
073138248089240063103161000802608106
208070209168205187185169004430155406
135090231179205180032184005874083006
238020106186194042201128004435986506
016012080232237042073102000801821806
044027095197116246215071004433676806
141204008128199169004236004435010406
062200101139237042073103000803616406
016215208159237042073104000805697406
148067222062212195068050000000000001
063175189236064005155229004434776206
213175253215240235109050004435722406
044200122060205164190034004435151806
092019199209073165065002147710044506
197091195202205251202232004433811006
069124013041194039060116536980338906
016002248216252248201180004433509217
021120111092205071047138004433137306
047026082236244029212086081040102517
015075075190073165105162636250044506
197172050026240063114123526716485406
047160019129237042073099004431046406
016215208159237042073093000802109606
047111019044205236255194004432697506
124031189046231225123092000531430717
062217069141199171104081004434932906
156227152070016045106041000000000001
047038071178198192208111000804752106
044085248041192022160221004434974706
218225037006116246215087004435930606
062233199076215177111151081023094506
033182052195244157132173034785510417
153173169042139212124060004433952206
030015068015205218074002004432631506
047001232043251224229118004435220706
213189200006237042073107004435183006
146115089213199169202100524123180917
223007030181237042073099004430415006
249158180126116246215076004434829506
147088099114050065212124524700044506
196054200184205032031144004436114506
041146211123116246215068004434290106
044050246202138091016005004435131406
070071046255205249054210080112640306
044036051141202167044154068263545906
196052044076194017238154121731453017
204098004001199171099088004433621506
076084254146251100210164000000000001
021091198132116246215070004434390506
213176048187212227179137004435540106
073155112248205249051081004435897906
016049112217064005155202004435027306
097132071237116246215075004435251706
196054148060199171102099004433698206
070243079058212230042095000805861006
044068047245237042073101004430231606
121152171219064005155229118914771406
063147215187135079171142004431745306
136053110211199136077154000804894806
143089160213205071023132004434615406
110124241127202030130025011742039217
042095222189251190074150004455504706
231148130030202030129243000805354906
135072014070050062046170431524871517
070243078230205070215146040080352506
047160162181212230042127004432665806
021068194223215163004047004434930106
251103139043064005155135004435270806
070032171094073165065211612640044506
237241128223138145203037000000000001
044017055027237042073096004435696006
137113253074202118024061170542440017
113123067025202030008104000000000001
103133039088198193176013133862717206
048160009164205217151125508760312806
044206000003139005154013004433960806
070243079058205071137203000805741206
047033046046050248122217004434324906
141245096029202030167023255655148906
213187194126205164096189004435534406
228160185112231225123095000533423417
002074010002240223014131575880510206
003130126202199204078097000533090817
016012080229237042073106004435414206
210030029220251215113218004431140606
082094150222207180015034165080002306
098136138189116247217133000000000001
047011133227199177248179004435105906
153071180032205212176051000802761706
073027146097237042073096004433538606
130004046201205125073149000255722806
044007104115207001164179004435080006
047123050189252248203203093395783717
111025021171192029185125000000000001
047100122012237042073106004433856206
155133096051251190158243170080143306
237154240156116246215087000804547206
237042091037237042073101000804796206
096141116195073165089032568040044506
015068030105244031125189529623845206
200124200090252248025120502770012317
048181116249244248141072004434268506
228002062160205195122178004435206806
044222122231237042073101004435486406
062197180164205138176028004436238006
208191230224139096109012004430376206
156177079243240063114060500480008006
218225090007064005155210004435307206
125149139147064005155245004433560906
047080124018194114125249004431181406
114078186108202118026061403970620006
221197114063215022006250000806256306
062205196134237042073097004435718406
150130018170244001169249476404916017
062199045180205239062133004435021306
249237196058237042073093000000000001
097163172123205035005005321795712017
047124203226199171206084004436062306
044005117233116246215082004433454306
221197096168139180033185004434560306
044024098189116246215070004436123706
070076117242205180041233005875274606
013213252194116246215087004436247206
063161013240244205128010004435457306
033236230127116246215120094823710206
104141158021202029015072241950115917
097119008246050065250043569180044506
041144243201050253170004004435054606
202217215109194043149144572750466006
223007030181237042073093004430264406
228079187201244157049052004435458306
130004046201192182060216000253453406
033173186157116246215022000805741606
109118203132192135131152532465048417
048213030157244029212102004451608306
237042091030237042073095218460008006
134249009026116246215069004435339006
125020145082064005155139000803576106
131210218147205180048101000802942106
135224079003231225123075000534679717
047171007117237042073103004430297606
100208217209231225123073000531872817
044037093044199208052141004433821306
101212021206251108224208072994975117
209148201083215177138252565315133506
247003114212205164191112004435626906
101160237152139001140200086580190017
063174208039199224110061004435164106
030214173103251190074029080805405006
101152186126192182239148642696018717
097133087114231225123091000535856617
199053127042215004019226336623765117
047032110241237042073101004431242806
044201135094205217254181004435248406
135207186068192182102029000535704717
015074095090073165079153537690044506
111215147011194207240213109942600217
237042071030237042073103142120008006
150224201196202024016147004431321006
044198088054205071137039000804430006
062218077006205139035089004432110706
213176048150240223181066004435364006
097133082094231225123077000534488017
213175201188139143183196004432778606
070032085113205239082190588150002206
044201195042064005155209004435370106
044061058253205251200212004435012406
122013122213205032022232004433725906
047045155105244248042018040175012206
047100097008237042073097004430875606
134164179075237042073100025153076606
044004012033207000086161004435402006
196093065108231225123075000533572317
083231216136194042037123093060930617
208082203076215007141241421646070817
140065118167064005155245004435734506
080202033128199171103180576161971906
197043153090237042073096004436283006
063161048112240183050076004434502106
049088036019050065188070611250044506
057104127189251196144199533770038917
149042109042220245006250092174304117
073027110110237042073104004433212606
021068193036205212176066004436368806
034199148253212195130071298034922106
233133167069192182019174000254582206
203140082218192030020080487521914906
210061102046240063017146004434658317
141236063242231225123092000535273317
073155112248194042041051004433983406
251103139004064005155209004434561006
044200187186215013072176004430680906
218225196042116246215108397200044306
136053123146202024007088000805454806
044009199225240235109085004436033006
237042084202237042073097165680008006
146251004113244212229149059386320706
055255067021199177081186446140002306
218225197239116246215095004435241906
243054190091205126033101004433358606
092016121132139212113089000000000001
197190098108016048144213556820338906
062253205248205216060061004433347206
073027217212237042073094004431989806
223007030181237042073104004433491006
076177103215244248042018004433357506
091113065017202028198214195705054917
016012080217237042073100004431850806
228079196097194086007059000806098406
195222041205231225123079000531617717
075009196040202028052098000225210206
202217215109139061084246572751888006
200162186229050065189142490770044506
089016042091251073161240202750744017
119132120164192182023088004434910106
047012098022215007140142000806428806
193253153254116246215053571980008006
042014106198073165107134565040044506
213175201166215255202178004434995806
016173094069202029084044000805800706
213175253217205187184009004433369706
076084207107244212230125000803436606
239213192230116246215073004433902006
204015094155050252209077521554765317
021120124196198192205165004435346506
070061250164205066249079358570102417
030054034057212195128205589824617717
073167153214116246215234000805175006
016173086203116246215092000806432606
238041002231199223117202004436046206
021120108114205212176066004432948706
034108101098244127141129134280808006
021017109114212194041011052235222306
044049108196199153099132004432080906
087035015254138145199245169585994217
062196047072237042073097000805872206
197222188038198253209204419290807006
192044115179194115213194593763266817
149042101045202167077103092175740917
044003176026205185136207004432764206
013192054012251224032197004435036406
201102020184202031130249550591686917
141236058156231225123092000531237917
092018188098202031160026010934732417
047160077070131115052071040701595017
127168149027193065005162070795390806
094017220102202028024044564590317706
247003076067215177243195004435048206
223007030181237042073096004436309606
002136068242199208057086568172197617
047100144058237042073104004433305606
131003246171205201186010004433869706
070243079058205126137127000803697506
231148130059240235108141004436429606
196093065108231225123075000535319917
108253220157192182008095004654717306
062242130226135079171198004435834806
044040181246199224110034081165620006
210028117040194031046203088880434417
237241150038138145203037000000000001
016237093238116246215082004436453006
047108234002212230037176004434323106
047111158061116246215085004435069306
050075028226193065115157081012495606
047095036105207001190242000805434006
062242213018205203032235000805555706
032238238178231225123094000536511917
149020196173244022028007422200002306
150042240102073165173192298650044506
058203183212199152008143000806139906
062200239082205164096214004431485506
237241130097202024007160004434996606
130004046202192182212069000255133406
203192234011122195111160353690044306
044084086079215005026226004435455106
044027179127237042073093004434346206
016012080210237042073092004434982006
134009113047231225123076000534500617
203203204161207183147120000000000001
122061053145205113216234500900002306
113013105063050062046165647262127517
197122065205212197032247004435212806
016212005221212227211236004430184906
062246018047205126033114040104539717
135084107064237042073101000803781806
136227068188192166172049559490002206
213175202197205217245089004436366006
059171114233139180034162529543327606
075048189110207012139067525242782617
047124067060199224107115093392663806
016237093177116246215082004435158206
042004248088073165065188565060044506
146217204240244038133045361473249417
047081091076237042073094000804207606
131000235231135079171160004435985706
075164199157198231053138004434094006
134134130182237042073103004430404606
016036124186116246215122000805897406
128087134242192182150230004655830206
231128055195205199053194579860548206
218225236112064005155210004435193506
228079187011199224155225000805680906
152148105234205164190005088420206306
238204027072219092125047000000000001
208178084052205218159249414582005006
136227068188192166174108483050002206
200160074191194017236129648475032117
211246240236231225123079000534723317
148003126058116246215074000803589006
228202120167205164190013000804919106
213187251106116246215092004434923006
030015068015205218074002004435036406
070243079122138154105125000805046506
047170001253237042073106004431532806
090059142164244022141215070000201906
253102008178199168238088001235420317
049105203240194017239253325070038917
100217061127194086000061000803639006
047168048249237042073096004433492206
036218200065199177244239301790002206
213173033194212195084217000805776306
223007030182192182023100004435249006
044006155040237042073107004435581806
141236062161231225123077000530247917
103240064219135079171185004432597906
075091212242237042073092000805941406
016012080229237042073100004434439006
073146005182205180214223004435821006
238020106221205113240244004434878706
016179000127064005155246004433803606
044084080254215019203029004434562006
096245129004199224108141500286039617
027163237088199152010019512812806917
044000201196237042073097004435377406
195165100180205219154089142793287417
135223022075212230042092000805115006
213175202210244001196249004430165906
044021241150199169027113004434972406
231128055195199169221052579860549106
016038126020116246215068118914664806
057184217041202025152211001615435806
237241130105205218041088004431795706
233006173030205187188205000804503606
062211252060205239062021000803909706
073155112250138075188068004433636606
152211029100116246215008000000000001
085059231092192182096078237983793117
044027253156237042073096004431393206
030013029107207180012223459625000306
086142103151202030210119422020002306
236210210125251190163116000000000001
062254051020205187184005004435303806
058240037194138152125247297402744306
070201111124199204083254523995515306
044220085065116246215030000803406006
140242176192064005155245004435476306
136053101161202024017092000801616406
078169078045205125126009274383521217
225065187083231225123073000531491517
056036143090116246215234080803603206
066099069007199177255188405141361417
131175084198231225123095000534892917
049208124212205213166058283290338906
149054242249064005155233000806046106
073155112254205212176066004434420406
021068196216205151251253004434930906
106027021040199224102173573043672506
141236062090231225123075000530302017
002091228121207180012205099673073317
047038078125205194242231093396157917
218225090060116246215071004434673706
113175002229205216067105079590486206
044024248059237042073098004434615006
075091211162237042073105000806497606
196094099195116246215122004435443706
131134146233205164127055001234378417
156243032180198231235132000803857906
148085197151050056159098000806176506
070243078224202029091194000805106206
097041114231240183145067514262696606
044022252167198247228239004432687806
047111041154237042073103004433861206
073146107158198231053187004433387206
218225236071116246215242406430904317
075095166032251196216074330002746817
007239235096116246215082004433476706
044068041184237042073092004431567606
034163248028202118116050265590002306
062215225132116246215069004433734806
073027217212237042073092004430586206
063163237057205216060226072754103606
016012080213237042073093004433433006
249237255173249237189018518063344317
044025089096205180139069004432843206
131134146233202029161138001233479117
085057200154073165079152500160044506
141204015193231225123072000532339417
119132120180215163007105004433868706
041254158068240223014074275580117017
217227176170131115160069000800204906
044004189082237042073097004431294806
013216127219205066242083004435148606
213175202228194114091018052224917606
123106169217251100165185537375210406
044009185146212227066067004435420306
016012080233237042073107004431433406
044068041184237042073104004431589206
237042071051237042073103004432336006
133038052079205250089082010265354617
205130121150199177248242411175579917
044196127155205239062009000805533606
044003153154135079171158004430553606
127107225023231225123079000532951817
223007030181237042073098004431747406
097253203201192167127138165493755706
136053123146199224149005000806081706
131192122245237042073105004433676006
213176048107212195089174004434651206
062251086149205099158030004435132406
134134130178237042073096004435424206
047111131236237042073098004435516206
135079169015215162057079649060044306
013024166051202024017026052225306106
194054202200251196216180123272165006
119046068062202024005212093005410406
016253001140116246215071004434944806
119046068062202024005027093003397706
134194241211192254112061000806496806
235235201024244158004138339223195617
041144006215237042073102000803590206
016146204198199177255206534090005317
223003174028194042037103080742814206
231148130161205202231038004435252106
127107225023231225123074000531242417
134009120193192029095044000533510117
141183211149202024006175004430904606
050084215093205164096189268405909706
119132120164207022024168004435241206
133240146103207020023006233671846817
237007005118251190010037000533004517
075091211161237042073092619640044306
016212005221212227211236004430185006
047124001217215163004217004434944506
111050182244016230163107553640002306
218225159021064005155202004436257406
044050119202050056082154004435369906
135033217163198255187053004434402506
016225023169198033143048000000000001
127089203093215022059098387203344017
126064150173064005155210118916000206
113184067034199204078021552825464806
238118068094205139035069059385724806
126035032105199223099130546580002506
131205081238231225123081000534814617
073146107158198231053187004430620606
062253198192205249055027004435838306
213179055097205218008061052224321706
073155112248207180012010004435606006
002136157180194038092194244410400717
096189055102205194243249092170930917
119132120180194086007186000806030506
034040180014202028114029000804175706
044026121187237042073096004432516206
062255053173194038088109004435774506
105197029156131115160074171132741317
119046068062193065023157093004220106
064004255129231225123079000531271617
076084179115192030220196080644752006
213173027170198231050150052225697706
249070079099207012138062001230012317
137234065157237042073098644440008006
047109177040237042073103004432326606
064032133053202029027055639450688106
070055115019073165064014584080044506
044007208032237042073101004433846606
067112094190205127000054545772419806
075091213013237042073098004436295006
114086007153073165059051593550044506
136053000037192167233052000801461606
244200246168202024006119004432839706
110203090161192182205008093066408017
041225076226205187246050050565568817
047185187116116246215094000804928406
194054207033205126037089584741990717
005197100160199153102147038003970317
053052039188138152125013644565957006
047034208243199224099094004433493506
211247251130237042073105004432807206
076084179115205126046216080645373006
134009116161199223125108000530514517
049020102250199153054042159720103317
097132228080231225123072000533594117
134233147119138145213185612330287117
213175253228205164097081004435563106
042094173062199208054020000000000001
044220053017237042073105000801263406
218225091066231225123078000533934817
134014055113231225123091000531811017
108041250082199153034081652732816617
226102051193135079171207004436412006
127089142221212195124052004430284706
048160011239194041046019465380808006
044051043069205194242209004433394106
044003062111237042073104004435165006
146072204211199169201038004433415806
073155112250199136084118004434079906
016012080219237042073098004431943806
007234106207116246215075004435197106
131148087034231225123093000533235217
016012080209237042073100000805058406
100243170172207001131121152993653917
135072013192192167239169595964962517
041150227113207022044046004435003106
070032087025207180055253652430002206
147212255154215162120125068814102617
116247053167116246215107337340044306
030214172164205138232129000804625406
050075062119202024006068001102700106
202217215109215161087240572753444006
223007030181237042073094004431361806
207117053191016229024118477330044306
102199126045205251205198300524745417
197086015014198247255208471811121117
087150049116199224098189547150312806
213173027100205166059194004433405206
097132228080231225123091000535836117
136053123146192029094050000803672206
197090033202050065172144652820044506
135211169116205167204182004435445406
227180228110199153054042571770103317
058019008199073165110174549240044506
062212090207205126034223004436206506
077083026141212194089093068813724717
016035130206215163115082004436321806
091195094251073165172064109350044506
097133087047237042073106000534535517
049211154083244020057054001232702717
129177127067198241224178004434882106
218225159023064005155195000805658906
135079125217199204098067000802833306
050084215093251108156145138516148606
016173086205116246215092004434462806
044056166189237042073107004436206006
047111008241205164190034000805029006
202217215109205180094235572750533006
247003071038205236239026000803141106
131142018055244038033222000803996606
135243069253131115160074004433550906
143165237157199220219031000806420206
103119004169199153037006000805482006
127242060189205217251097004435172706
044001020068139096098237004435927306
195146245054122195111160393610044306
097132228080231225123075000531133317
202217215229192182179255539510402606
044027167065064005155229004433828106
152104243208205200147196556470005317
143234087238205186046038004434915606
044004189082237042073094004430482806
124244090226231225123090000533815417
016002248216240223181066004431335117
067030080150202024016004068810851006
210030029151199135043022004435082706
075010149000199204083254423665515317
048165222253138154105125000804488906
016012080228237042073093000800813606
218225234239064005155133000803595906
085247217031205127099253070063848606
047032016048237042073106004433561806
047012119226205217250050004434394406
218225090007116246215086004433912906
047048010130205236237230004435830406
044002105251237042073094004434834206
213184192016212227179051052225950506
131019022105139212124060080803375806
077007174171199136076000027390590006
152041050143212064144109004432635406
044093202074199153034111093394419006
013217114069244158005053004435070406
044038105216215018163131004430207506
055233073178237042073106004433646206
047168186061237042073093004436120006
108104139144138091022109571533761906
044220109014064005155174000805327906
070032087159244001168074538890002206
073146005182205180214223004435018406
033182062193064005155229004436482306
213175202246212227179058004433749906
124045100202193225174102376253344217
197043152170237042073248020010200117
119132120166244205010206000800271406
050075090051193065013138000223107506
141216181031244031072072004436098106
044039184210244158083125004434601406
244199180007202030119180000805385606
044000007196237042073104004433376406
047160161102116246215084004435474506
030221082051244003007245173225648717
208181017104205251202049000805145006
141236063126135079171203000533205717
044000073176198231050150004434630306
210061167088205251202106004435521617
075091210250237042073093004431347406
149140044177064005155231004434484706
044006155040237042073098004433942006
075062217254198254091153000805674406
016195143026231225123090000534354217
140255108189215163166064004435274506
073155112248199136103093004434749206
122028053239135079171167004432066106
236146108017139136059150000224307006
218225091064139136059143000534333317
209101038155205113202081576206096117
044009170200199153104179004435106206
025083224219251224088146045651742106
149054242186064005155233004434273306
136151110106240063115238000803862706
073027217212237042073101004431967806
016195143024231225123094000533420617
049087213189215106052240215161702017
218252045085131114048161180085449506
213175202207212034079027052225606206
210018047249215013112253000803926606
042090142112138152125013456532088417
047160049125251190082058004433715706
016215208159237042073094000803037806
016012080225237042073104004431903806
210018042061202118093143286880044306
204163056106205055130072535292822517
062192104028199153110187019355119106
223138211250251224119081068810688117
206240165051207001010134059380136106
141236062241231225123077000535915317
077190062077205236237154166744657317
135084107064237042073099000801433406
213176048148207001129237004433732106
127168132018202024005100004432849606
062192196017050121196214004435092006
002002132232207001174194004435064006
213175201183205127096089004432639506
015206138208215013072176214311659206
076177099131131115009166004436050706
148068184013205249058117200001309706
047061209129215019148157052232762006
223007030181237042073094004431774806
247003110196205148088222092170930917
237042094139237042073095004431673006
131000232124251108225108080384928806
062199080201135079171185004430388506
097187030020073165228085565750044506
231120120239135079171198000802623506
032098110078050065250197500330044506
134172200160198192217013000533812217
153217060166244212073048156306196517
197043152168237042073100081680008006
083088000110240063113219000802561706
218252000019205218029011540780808006
073155112250251000115139004434695306
141183211149202024007001000803232506
016207067045215163005221000805207906
007238190084215255019061034785293517
044063125087131115160077004430160406
073146005182205180214223004435016806
100197036136202024017078004430485306
197222188038219092126165175960338906
044060048184050255048254004430325206
213175253253205187184009052222650606
048166108173205098029085040493395606
127242060191199153054241004435179006
099035122035199171090167069035671706
047119181031199224107255000800403106
007157247074202028203202535534050017
208178051132244248167237004432672706
092019103091198209140207005874896806
134194243086202031093082019354993306
016227153201116246215100596760044306
080209131122198209169185000000000001
030214173030192182227000000806480106
021121021016205211050152163851640317
047122182111205167107013000800963006
021084067171064005155132004434663506
044054089149244031008066004435851006
044203165102050056130221004432745306
091093224119073165228030636690044506
013217192163215106045244057994064906
070243078228251108226057000805005406
202217215109215161108216572750677706
213175253232198231052169004433573706
121134213095205126037194068850777717
002002132227202028162074004435328506
075091213019237042073104000806520206
016012080215237042073106000802741606
202217215109205125127024572753111106
070199133035135079171176510900044506
141236058022231225123077000534466217
073146065195205055099197061366148117
133075116130050065189112570550044506
096189055102050249220192092170930917
210001148077215177155149080104678506
044000190172237042073103004433461006
047034096136237042073105004433008406
048181106054016230168186339080008006
223080015166244029085236005875008006
047109177040237042073097004435814606
139042104222135079171071004430216906
047038099013205239062025093395666517
044004058140251196218005004435385006
239197182113231225123093000534208617
030015093014138145203037000000000001
223044129146205249005216151514915417
035014188244207001132215000000000001
021120102213215018163204004430305406
047033146254237042073093004432037606
109053025111199221115099514131877317
138152152245205249057107224964211117
243054196215198247235186004435975406
127058076166064005155239333461164017
125084123176215006074253000251477206
119128008217202028209199000804921006
218225091066231225123093000530959017
062227163174205167107181004435900806
131188048101207008087096000000000001
073165193196205180073235004456308806
096018047076215007140205469231121917
226154176178215019148157004433678806
114046128215199153035181330380103617
048181106054016230168186640320008006
231128055195205126033221579860546506
249070079099198193189085001230012317
047168103175237042073100004433699606
152071105085192030007219000535567717
136053101053199153049004080803485817
044090083205138091017052004435814506
194112005124205126032193322225770117
021091199204116246215077004435789506
251156204021202030073088528590688117
044006157000237042073095004430796406
047081085032237042073103004435050206
070203008172073165228090554050044506
021068198045244003005191004434934706
097132228080231225123079000532870417
062201012229212197254061004434112006
197085153253202031170236135130899917
070243079058202028232135000803470106
073025008010237042073097004430973406
236194234181139180032057010321049817
227011246233192182042088005873424306
122016151097244248041107004434977706
119132120173192167232008004435240706
062242137097194043180031000802704906
064004255032251190010037000534678317
044222068160205218013206004435073106
124072070148192182040175005873849006
149042101045215162114215092170930917
047045155105199137227222040174949306
044068041184237042073092004432967606
003130126205192182097220000535769417
100124021229251196071061004433943306
233094093174202029001096611372953617
062200033114212195071109004432668406
076084179115240235108141080642648106
047119213075205032022208004432699206
033236149176205098239108000000000001
147155171073202030108125059384917406
200124200090192182193067268410012317
193192204186116246215076004433934306
047160162017237042073100004431451206
016212134234244038194172004432822706
213175195107205216060197000806091606
047036199183215006172191000804955306
047108127139237042073099004431952006
131000191025202118013154004436319606
096192061176215006172189030746531117
140242176176064005155230004435926606
210018047249240063103180000803942506
016012080207237042073106004434997606
147003221173212195004146009935058006
206217056254207012139248120624564717
047012046163212230042124004432921206
195074034009202031028056016660688117
238041045070199221127201000805062806
194058246136215013072176513501678217
150216242091050065143226501420044506
022195103018251190074029004435349606
195112232032215106052199517324988317
044011122042207008083138004434949306
231148131035205212176253004435589206
140169199221064005155228004435688306
075011030163139212123098457261500106
106054057168205066245181164576011706
198140099069116246215053504180008006
086039250155199169214181572572539117
016012080212237042073097004436124806
049152198239212195133117000000000001
141183211081244212136168004435596206
047048064072244020135074000805049006
213176048183205195208158052226283906
047028136211202167131182004434210306
088232075056202030248113397233002617
032181035135199153047070059385076506
141236062239205218042237000534667217
044006155040237042073093004435734006
073146096038202028082164000804969806
044092027170135079171176006364255606
150135044220231225123073000531863817
073155112254215027220170004435318706
062206113067116246215094004434425006
008069239058240223184073000803788606
044003061204116246215080004434835906
030182042105202024006193004434740006
123188126168192030016227004435216806
229019251213073165089059551360044506
044085129200205112188193004433626406
086231113079205186046066193880232306
050084215173205139035089246805791906
108217029183199221119051180735830417
096018091219207180012223342505701017
070106238008131026048190614060044506
047185202182205071046071004434924906
239213060009205185136196004435462506
075205198026064005155229004435446106
070243078244212030170141004433296206
050075028226202029066111081015511306
097133087114231225123075000530912217
088094105141202118026206314930266417
253102008178202029160022001235067017
047033046077135079171198004432217106
077010244128251196216027428735952106
044003205117116246215093004434367206
140169199137064005155233004436228206
002002130239212034176077004430451206
073155112250199152012013004435851806
092072223164205126138144168835350006
016012080222237042073101004433087806
208181140212135079171158000804127706
097041219187199170226007228270165817
239213054009205066247191004435591706
101033068048192182190021496695875117
016012080229237042073096004432846606
070243078228192029095214000805016806
044005105069064005155209004433646706
062209153194205250095076004435339006
062194058225237042073099004432974606
223007030181237042073094004433472606
044068187143064005155229004434270606
044095209206138152126165004435249906
231148130171192030021248000804628506
113051097060199169214167580764564617
213173038232205216103190052222763406
210030029151251224032205004435995006
047004245176237042073107000804267206
132192162229198243190053526802660006
211247016053212194146185607560812906
096069246245202029146134193575826806
076084179115244248042030080645789806
197222188038205183042220419290201006
208178086224205213185182000805856106
123188123209212195128205004434605406
096033250189073165107230523800044506
007106199086202024141104576420002306
047185202182205071046071004434925106
112098049099198241224200589534266006
218225237063116246215087004435263606
062206176135138152152221055132651217
131190120054139143018199004434277006
033228149152199169214220004430262006
238063074219192166172020474040002206
047050047223251224088133093393949806
016237093249116246215074004433967106
233044074114192166170182387062507306
197043153088237042073094264400008006
134164179107237042073097025155067406
116069050251202024017204004435076806
044068100254237042073098004434872206
113137203038205126039009370430125317
007234108109116246215075004434302606
242074089125138030201040596915907917
137133155201207001128013494170044306
131099069079064005155183000804584606
093047246102202024004015000804000906
092016238048199137227109457393187217
007101033099073165090149286030044506
213173033203207000086021052224472606
078233043011202029075133093050930517
247003110196207180012223092170930917
210028117152198033052085000805098706
105034173013131026013216621290044506
208070209182131114049199052223295706
152157252230050251141040000530788817
047049248166205216204174093394365706
013212093232116246215087004435035906
030015094049199152010018034783055717
073027180082194115213194004435607106
034064248020205098239253486410808006
125228248078244022110196000000000001
044084157027244248205087000803790406
044005076192237042073094004432609406
079077128151202030022235440550899917
113181013188199169202100301352102517
231148132117202029030172000803687706
007239139240116246215085004436247106
091029124200205239056024000805117506
087107229179073165065158635650044506
140243006036251196218185004435345206
044022250080244001198242004432653006
049097072145139093088251566960008206
059030227025199169193248629721697006
153033214033207180048193000534115617
137234065157237042073094330600008006
213175202209240235109053052226012506
041245062075199152109098004435585406
007234108178202024005004004433605106
021068194220240183051082004434986506
016012080230237042073102004433953406
047012007131231225123078000530278717
058245242020198241226016092121279817
130004046201194041043063000254291106
237042067061237042073096004434689206
047090237144199171104082004435114106
111182245235199169214059068813286917
108082018137199169214059592010679006
044207103184198253203037004435099706
048166027133192022194034493530808006
047170254249237042073105004430365206
130085031243199221119051543115830417
021154025019064005155218004436424506
114227079118202030064098088885975417
222081019117199169194038351500008006
070032085113205249063167588150002206
101173107077138147091088374526020906
203119146219131115224156128611855717
070208210128202029006014466175069506
016036124157116246215076004435612306
152200233235205180056154000803709106
149042109042212196221146092170930917
132242183018251224228010241975266117
050025148220073165089081648530044506
148067220032215255019130000532680117
141236063058231225123078000534946717
128058083168231225123073000532484417
044060241131192022160173004433493706
213173027190207001129237004433805206
103031050164207180054207000220498306
206240162231199208048249059384916706
193253252158116246215223365130008006
204105150131199204120254068813070617
249158180126116246215076004434837106
223239025072244031126158004430338006
016146204198240183050076329410005317
005007009251122195111160517960044306
086039039218198209158106580190126017
062245204133237042073100004435624606
117182245196192029060150297012666617
109209058047194038152203000531110117
047081219017237042073104004433349806
015043158072205211123154000532666217
196043026097231225123092000532749017
202217215109050249205098572753222006
109099103189199153107083093060115317
088133255085240183051070004434481406
078141086051251073189029050526444217
124101052201135079171198004430219006
016195143020231225123080000533896917
119132120174205211054241004435235306
141236058236205185131013000534892617
021120109090138056075218004435335406
119132120174205071047237004436347406
213176048235244158083125052225427506
119132120165199204078097004433245806
062227072036207001189054081084491317
044219076087202031046076052234294706
044076116184205230095061000804524006
047160184017237042073101004434653406
102221239033215018170009030740307417
251103139190064005155103000804666606
044069043077064005155209004435989806
062247008115244001198242040604409217
047173091017116246215070004434148806
049196105018194114011227004456287606
140200069255064005155180004434596606
044048010240194043191034004434518806
124101052213135079171132004432295406
062204118047205066244220004432650906
124117015055135079171079004435074806
044002105251237042073106004430339206
087062241185202024007082000804437906
090045107053215162059075569170044306
070221000186199168152226505040102417
025134222029215007246013614315803006
130150037147231225123093000535117617
008069239058212196054224000803638606
035204206034215162164207186195366106
131175084198212034247249000531682517
050075043044192031161251080802635306
218225090099064005155210004436136506
044006122120237042073095004432820806
237042071041237042073102004435774806
210030029151205167105174004435007606
099194128222073165108123270630044506
007234225066231225123080000531515617
245098089199202028153108501640172306
237042118033237042073107004436149206
197030218109192028108218004434388006
195069006171202031028224004436197506
250025126186231225123075000535801117
159090048090244022255165180260002206
087118114032205250088182592920808006
133088052124199223127018629470114517
153096039012192182209155005873842606
086038182214205180067216100376423617
076177099142205195122227004434542906
044022031160205071139021004435021306
148068184015205217086095004435227806
206089105007050123054030385885705617
231148133008050123065231004432993706
075055191092202029083144004435991306
239213224185240063017146004434614506
135238182035138152126165000800195806
241249226124198247255148005870479206
112176118157073165059132497020044506
047006149250199208048165004435450106
127107225022231225123072000531617017
055249139035205211056089158770038917
044001073042198231050150004433409906
021120125180139093090045004431202106
123188126253205203032206004434489306
109042186148192030007216102370005317
075224063090207001165070000000000001
204073063174202024016072000801922506
044207186172205138232145004434927106
070226123131231225123091000531868817
119132120169205216066135004435028406
237241146014198241225000004435413906
119046068062193065023138093004935106
102175233018205236085028382404180517
044068078155116246215093004435027606
133212152210194039040082498383568117
223007030181237042073100004431879806
063166040176116246215076000805507406
047123238128199224098096004432775006
044072199058237042073104004433899606
235232039180205200226118139324382317
218225162186116246215242404960904317
032097136166205066040002512493725106
242238087255251224032197596346069417
140065118193064005155209004436357206
103206246009116247217133000000000001
085023123202199168152210068816294017
062196025107205138232167004435627606
007234225066231225123090000535816017
218225155161064005155229004435781206
015252169160194017014022166093455817
100208217209231225123090000536462017
140169207164116246215084004435843206
123188126212244001199058004432631406
212235205080050062113176000804355506
044200159153205239092129004436155206
047172061084215013072176004431031406
099035122033215163007138069060121606
044007243054116246215079004434625406
110126121212199168236166389922823206
047050147202207001003181093390189406
245209094122194017230186000533907317
141236063067231225123072000534061417
141236063183231225123091000534111317
085041149222050065216108617200044506
036209224146205055135243166422762917
223007030181237042073102004433493406
111025038118251073189007395275523206
072044191085050065250220581760044506
062206164043064005155183004436328406
070243078228205217255113000805043506
049224097033073165080194499450044506
218225155162064005155133004434542606
223007030181237042073106004435738406
196093167107194017228043439510148517
021068194222198229020117004433588406
002130158170202029236203514133342617
131000232124244029241125080326074106
109237014135050062046165386460893317
253102008178202031132170001236093617
212235205050202118054182000803723806
194231093107244089100218089996450217
096189193191202024007167000804945906
047109077232215007141090004432735106
044000007196237042073103004431857006
044068078155116246215093004433810706
021068193037207022029227004436371506
047173165041194086013169000803602706
096036045095205250013218004435664506
157003251020251190074029370185809706
044007103049237042073101004430390806
231128055195194115223168579860548406
073155112254199204101157004432715006
218225196123116246215094000805704706
117145215145205249003152572743622417
243054196209138152126210004434149606
081096069085215013113167524963933817
197052136029194043110164544270008106
213176048070131114050189052220379506
223007030181237042073107004430594006
047100067038237042073095004431548006
080206000226251190163116576122677117
105197167005198033136227000233999106
075091212233237042073100000802676206
075091213017237042073092004430766206
016198183091205125107213000805663606
196042228219064005155103585160905006
124247190025205251200120009935281006
223007030181237042073092004434068806
131175084198199153050204000535554417
253102008178194042207099001234781317
027024098102207001164176012714888517
134211126131202118047253004455681306
150008155039244003004037172820002306
044068041155237042073094004432945206
044026181255237042073098004432540806
135079185254135079171063274480044306
098138183226205249049031055005260606
157134002070073165104106550350044506
213175202242215177242038052223850806
221191093051192182140199093060930617
016012080215237042073098000805415006
044007004233237042073092004432982006
076177099148202167002161004434238506
135084107064237042073092000803261606
097072198083199135039147516540044506
131134146233205194243249001230992717
016012080211237042073103000802496806
212235205105192167239213004435023206
047122026064050255048254004433779506
116086068189199152011012004432634406
197020078206073165172177530580044506
127168149027139212103162070761269106
073146255059207001189230004430549906
062199080201135079171104004433466906
030214172171138152126194080803386806
047049163089240183051086004435362706
140169207204064005155210004433611406
130004046201207001052096000254929606
062198094253207001131073004435151006
007236229131198192217013000000000001
084122011189073165111118551250044506
044068198245207180189166004433593306
247111207003050065188208614330044506
099035124254244038133045069002639706
047168103175237042073104004434469406
123213229040205127141078587322344406
109026120195219092051172443235952006
159212222075205212176230108716164017
127168149027202028062139070765893206
047050253241205200149026093393945606
016003249097215162037226004435309106
213175201189251100143082052225767406
047101010106205112188198004431515906
255108073123192022160221110334292617
102176138043199153034081010502816617
218225091066231225123092000535450817
016059207223205127113040004432678506
062198118118205166055234010022962606
141236058121231225123090000531911917
016008173024202024005202071180460006
237241149162202024006029004431516106
119132120164205126037195004435400406
047044186191116246215068004433822506
044007208032237042073104004431587606
042085184179198192207095490120008106
002250131002199136103085000000000001
117017113104215167248157110052603617
047033096037135079171142004434336306
218225161097116246215246004434083506
219252222037116246215087000805714006
223007030181237042073103004432782006
106068147168205187184169316084261517
033236230045064005155210004434182306
116247100027116246215162516870905006
063171239097139096109012040913516617
047101246214237042073104004430775806
151079166077202118204120075820338906
096073243086116247217133000000000001
205053171018205126032234000000000001
062246254131199208062158004435299906
116246014172194039040058000534040217
137217243108050123083019005874749206
124085080230194031046203088880434417
044086195111198253203037004434178106
213179055115205055202163052226026606
097160054084205239062133036584982817
044048001133205199057061004432838506
238063122054207180188197082820380706
148044157145231225123076000536246917
053109215000202029137133068823345717
076084179115205112172180080642661506
135243027126205217181073052224842706
239213054014205251200098004434748906
016225223047198033048221000802587106
008074003148205211058100000805038006
079058079165139212113089516941332617
196055203082212195089174004433382706
197155091173194038088109004436398706
025131157183202028168184280704693017
044222120026205203039021004435974806
239213054074215006255199052226404406
075062217254205055128081000801817206
007089231245194078255064612564169617
122064115180215027046107082400115006
193125182154016230162200524730044306
062197230053135079171198004434905006
158186152190122195111160436160044306
082188024175192030007219000000000001
148003126058116246215086000804140306
098010064140199169206186342160110617
022195101105215255060091004435061006
008074003030192182255111004434665206
008069239084064005155149000803596806
008075075233205201186010004433870706
153071177244199138218122004430174506
016032025242215177139184004433862106
213175202142205251202239052223400906
063175153012205217251242240401930117
150148250044016229018216000000000001
042093160229202030056231338396423817
223007030181237042073101004433065606
200016024008207001174138004435842206
210001152013251196216151004434977706
044027105057237042073098004433011006
100197036137202024006246004435287006
016012080213237042073103004433330406
237042071041237042073094000804642606
108207138196202030243094004456294806
101251160029205211049098610562807717
075062217198198247230100000802829606
208181140212135079171128000804816406
032000128071139180033116139055619306
248138141038199152014237001232630417
044084086099205251206057000805876106
098122249077073165173204551800044506
044056117120139005144049004434514506
097164227248205071020124297765029317
050075093021244212229162045003444717
044092027170135079171198006364793806
194034238159205250093233569034856817
142007015089198231051041000253501106
056014186177205249056246004435690306
129033027007207020016187004436489606
109182217226073165054205529620044506
044203215203205032031062000802628506
098253145160199223127018599600114717
204023110000251196216067502306485617
218225196096064005155134004433366006
210004148212215162059127551680044306
143090044098199169214220004430222806
197016034234215019012001004430217406
005179003170122195111160417740044306
047081116200237042073097004435783606
141236058236237042073106000535279117
075067180034199169192096080501273706
044001146208237042073101004432218406
055233073159237042073096272200008006
049183019237205126038228578305801117
128116202071073165069177620800044506
044003036118207001003111004435771106
202217215109199169208230572750877006
103119022032194017228064000223647106
044010205186199169023014004435522006
120070158086199152067148466405555306
100222107083215177155246000805577106
070076154193073165111011554380044506
073025015107205127099139000805088006
070243078216207183149184004432643806
107147087094073165080225211320044506
213179051175207022045038004432797906
070243079058194038158223000801489106
059175188122193065006234191562220517
070199015179198252033090128771419517
110228124054205251205076199075037506
213175253222215177241060004430733906
087132023065205249051081019532991317
112157194217251190163139000000000001
148152013147205218157098004430817806
016049112144116246215071004433829606
050067132116202029085153019504966206
075038244197215163115082004432638306
146073064006073165065174619770044506
103218046253135079171207004430471106
059216140207138030245096018644174117
077003063034205070220062463926020117
218225091067231225123075000534632117
033171121239116246215071094824167606
097133087114231225123093000534500917
062194110038251108156239004432688606
047124062146205164097081093393603606
156124201194122195111160375110044306
122193199079064005155102000804889206
080072231028202029226243652320002306
044000073176199153105210004432869006
049033023076050065216193610400044506
216038013073193065070237000256270006
073155104233215013112253004433434106
135168078078064005155230004436454006
016012080204237042073101004434736206
021084065144064005155201004434673006
129117087084192182011114000253645406
113130215193215019148157514135514517
131134146233212064145070001235504417
136053123011202024017077000801119506
062254034078138091031128004432694906
220145171171205250090022149712684817
044062180037139005155189004430341906
042103203064116246215008000000000001
148083148055202024166210000531090317
015150008150138152126186103386125117
108104073069205164190013456825153806
016253002245139113197197531840905006
202217215109194042194152572755666006
044003153154135079171207004432908906
140065118211064005155245004436521906
153075192108205126037197000254674106
079102187027202030240018000000000001
249124101233135079171128004431958606
245098037236202024007051000801349706
062247091202205126037152040204387017
044026235069205194243102004436486106
044022093045116246215079004436171006
109168249235194017012242415181645417
097210056127205251202072000000000001
073027180082205239092129004431998806
222225141134202024006078000806106706
062245204133237042073097004432026606
047045158056237042073101000803284406
089249156025202028186171166955963017
223007030181237042073098004431146006
100197036136194017012080004430906306
101160237152212171106095627640190017
047119177027116246215068004433283606
197016123172073165054131283850044506
044004199049237042073096004436096206
136227068188192166168106358190002206
016192215065205211059211004433375206
044026121187237042073106004435671006
070243079058202024006187000805452106
044004199049237042073107004434496006
114091155164192029060140260024521606
044084085165199171104084000805795306
196092076207116246215086004434783906
152021034172205251202119004435431006
047036227195215177242077004433010306
198140087249116246215223544090008006
055233073149237042073098000803465206
013217123174199208048027241703832617
047100097008237042073103004436223006
232188068251205251205243000800240706
085120088187202024017214000802681106
204096127014205066138134004430321306
070243079122202028164210000805662206
047081207099199137227062495640288306
072193167038138145203016069340044306
030015068042205139168121000000000001
055233075016237042073105443580008006
134009113047231225123090000534042017
109205049007202029170044510726154206
213175202243192133027138052224355506
204223175156202028196138214941890817
044039165043212230042071004435720906
213176048089240235108141052223411606
044068041155237042073102004431799006
242029219079135079171128004434482706
131134146233199208055156001234496317
047012124213215167112218004434426306
044024248059237042073105004431149206
196040118120205211122024503980905006
104067210206073165105253584320044506
231148131054215176008197004436119806
033216040182205071034225000000000001
030015071103138145203037000000000001
081013167201198240073077084690688217
044057107028215018163190004430248806
114078186108202118026061592020595906
113175002229207180015129092640533306
075066198101193065050114004454982406
141236062215231225123090000536266617
047004019086116246215049000804117206
193253244029116246215055607550044306
107221181243205203252120444004139417
016228206047064005155150000805586206
085033064003073165089066620880044506
062197057040237042073101004430464606
108123122021219092009137477832168417
134134130180237042073092004435090006
218225159022064005155102004436149606
047171102179135079171167004433383806
237042094172237042073248020010200117
204026009054199192043026000000000001
202217215109192030067237572750477706
113098015101135079171142004434424406
042055015051205180066111491992968017
148019225205135079171207000805521906
070243079058202024006160000801020006
218225091111231225123081000535076717
105210163042073165034078617180044506
044200094173205251202064004435995506
044025052204116246215085004434360306
047050027202050062114183093393968306
077189118204199137227109315653190717
129048012205215161084101092220930917
075091212232237042073094000803845406
202217215109198220159151572750111006
016242056115231225123093000534048417
047091148178244003240044093390384806
037046158172050065196056602880044506
127058076177116246215125550611164017
148083149210202118035093005141971406
025253009230231225123080000535552617
112081188215205202228030080684952306
075255020083064005155193000803921206
044004189082237042073105004433034606
047100056104237042073094004433535406
114089206229193065103166370531153817
203095169065205166255078000253694806
139130163134016238145171501850044306
096189055102215177176070092170930917
044026181255237042073099004431135006
213179055006240202184161052223647806
030214172246199137227017000802590006
044200008250016238145171000000000001
133212189027205251200208397483046517
047168103175237042073096004432696806
124101052203135079171146004434083106
044205038069205199052152004435769606
063165076061198193176013090015692206
239213054073215177242185004434972806
008075075233198255170122004434230206
237241146012244003096187004435796606
047100153006050057213179004434106806
090049067186202026246185311340555506
237042071024237042073096004433337006
062253097012205250089082000800968406
058091093191205218074050000802630806
063163076111205164097081004434229706
131190122249139143018199004434788606
153070053052198033105217000531195317
070243078228244038195045000805043506
147003207148202030189015009936299406
135207186068205139032210000000000001
042086197171198254090139528100002306
008126022107192030004237471130005317
198140111071116246215063571670008006
070243078230212232224029040070259706
201206158226202030074217653510338906
075067117097205071139022377872189606
217166051016016198229118510080008006
218225205094064005155219004433476206
044000201196237042073100004435975006
218225246106116246215055635120008006
119163132079205113240244077776420506
237241146000138145203037000000000001
223007030181237042073092004431698606
044036069048199177255009004432683306
049192025028205166059108430970102517
044038181062205166046227000802862906
239213224163198231054118004434949806
047187222084205066252101000804415806
112102210155192167237129180410002306
044004098210237042073099004434437406
231148130206205055135026004432634506
075091209224237042073096000805941206
044027105057237042073105004434923206
047160007097205113206222004435783806
140065118211064005155245004435374706
218225090099116246215093004434224206
202217215109212197209227572750722206
200035249006199169013021182030002306
062214162224237042073098000803972006
135238165203138145199242004434943106
097118125242212195130141652274163317
047168150085192029209114004432728706
223007030181237042073103004431358806
213175201164205216101035052220147006
044084086237212171168012004435366206
047161051234198192214211004433886306
213179055113205211029025052223408306
047108167236116246215093004434329506
097074131145139218240067544070338906
110184250123205249010089537806385317
030025174210050122228221239015695317
063160124196199153106125004434363106
057184217043198033046092001612997306
096036045095194114063133004435673006
213173027106215255217142004434550406
135243118083202024005187020964689906
201106207212199136086047372843935317
087197193251050123065253619382362206
156246150121205166121086161440555506
085247217042199153103000070012627606
210030029151251100097224004431336406
223007030181237042073092004436295206
047101025201237042073099004434467206
146038227225073165108202652710044506
231128055195205148081169579860547606
007234225066231225123076000530658217
062203105024198222247123004431946406
047101246214237042073094004436007406
050084215098205219153058093484419306
044000024175237042073101004431190206
047011074112237042073104004434894406
062211135057205032022205004430320206
036223184079244038134057420360808006
208191209134207001000192004433748206
120092230067202024004096092645473017
016227204246205125182226004436502506
044007060143237042073106004432102006
082029157198122195111160447590044306
044211102117194031081144004432206006
193253131030116246215223513640008006
047019158133202024006091052224690306
204010102073202029027055570050688117
044026181255237042073095004431368206
113051097060199169214167580763286917
136053123146202030207172000805376006
047000162073198231048054000532714617
196115057066064005155183004433379006
238204203175205184078170000806377506
134164178085237042073096000802398806
016003074211050253202167004436423206
088048038163135079171204593140044506
047119173016212232184144004433478706
210030029220205180093182000804348606
050084215093251108224232268405094206
141236062036205184043228000530454417
062242033238212227179154000805395606
148074155144240223014061270206131206
202217215109244212051087572750511006
062217171015205199050232004433218606
218225196178193232170176000806189206
200163191067073165109036191570044506
206027090056073165034035514370044506
213179055021050056130221004434209306
124045135085231225123079000533496817
042092183074205218014111000000000001
075165067003194086013152000804443206
073155112254205212231213004434652506
044003153154135079171128004434314906
044026234095237042073098004435016606
223139134128116246215082004436054406
047160161102116246215084004436482806
124069193026244001196130000533544017
137119254158207001005078000000000001
016215208159237042073096000804945406
044026121187237042073094004430967806
053040085039202028168184124714693017
062202091080198247234140000805838806
016052107002205250039161000000000001
196014049129231225123091000531970917
047011174045237042073105004431939606
218252194008138091029013000230577317
044002171124237042073100004431859806
128121247052212064070179004436448906
122199007067251196218162004435497906
197043152176237042073107034820008006
062200101139237042073104000803949806
062226023035212202218249004432653506
100197034182202024016059004433468406
135238162118212196221147095932873406
044011114112251196146161081165325117
213176048254205139034152004434931606
135079188039135079171207004432293006
210030029151207180012223004435401306
223239025152199169194196004430111206
044220083167116246215045000803403006
044048010240205187184009004430631106
047038208044215177109138093392744317
224141158218212195071122092170930917
135236070172205249051081096223912806
081152001242073165109038021760044506
250015073147139218240154571080899917
099035121241199171090167069006408606
130008135051064005155189000805891106
021120102220207022028249004434998106
140066180204116246215068094826234606
070065137199205216101084090016125906
047169139178212227179141004435748006
205046065097199177248203261700246317
110187100200244029048170646265042517
223007030181237042073098004431954006
218225090096116246215086004433844006
140169207157116246215085004433512206
109234121038073165080101614060044506
042204059170194102254175060064927206
007234225066231225123076000535719317
044084086192207012141242004432576206
119132120165199136086049004435352706
249070079099207012129092001230022717
002002130239194086003063004432687006
044068041184237042073095004430360806
030015088093138145203037000000000001
044034224144205251202072004435646906
206241188234231225123072000535342017
135084107064237042073095000800327606
197066202210215176008197004432790506
047100158133237042073106004431994406
096039014004073165110179548120044506
079109157209202030022235159370899917
044056040216205219217251004435215906
127107225022231225123073000536397117
044060232197198241224075004435827806
244199180007202029008091000804309206
206093055100199171108029000536167517
055233073156237042073093000801981006
104099172156138152125093563212008017
047034254208244067234188004435291906
007169053196202029125165405004050017
007234225066199224156038000532245217
197016034093205098232143004430826606
044221059239212196235204004433659806
033239237031199169210176004435789206
041150227114205251202233004436051806
131143133229231225123077000531374117
044205207160205251202101004435092806
013025238022202024006019000805469606
201084134133073165069069557280044506
049212096210073165104050613610044506
127168149027202024166210070791725906
197207242232198192209047407040002206
044207115076205138232137000805314506
047032110241237042073104004433114206
135214201037202024006236000803880106
098138179011251215113173370251799306
054167003174016238145171000000000001
103227026008116246215083004434697606
231148130194205166059066004430847306
237042093044237042073102144620044306
131184001166135079171154000531118317
088089007235205184075222000804041106
044037017006116246215093004435649306
073165193153205125076040004455474406
067128153078199153108104536276151017
135240062191198193185177004434819206
044007049164237042073106004431518806
044203218190192022173005004434955406
062241060151199224156116000805761306
245103243190122195111160376220044306
140169207158116246215069004435902106
210030029151192166238235004435057806
213187199235205055203066004435941406
075063248032202029157115099980266906
085231089191116246215086004434038806
088094110067202028203202520464050017
249158180126116246215084004435373006
210063197068202167002161050565189317
223011156077202030148052004434975806
099164014178194017012242198531645417
224008096094050255212237004435812506
127088253060194038159156341053343517
044073153203139128098015004433594506
140173240068139180032151004434588006
047091156045116246215076000804164306
239213054093205216060197004435092206
047113220060215163164237000802757206
141216184215202167044253004432767006
101140078075244003007245557180899906
080072139213251215112083416470002306
048166099041251073188098004432639606
084237133034198243031045620042116006
248138140087139180044130001234487317
148137194057064005155190004433888606
148152007175202031017091004435807806
047109027168215177179237004432921806
247003121221202030180040000804896906
116252241249215167248025000806241506
202217215109192029062250572750233306
016012080214237042073097004432717806
197043152174237042073105510040008006
047169009129244038195045004434759106
196052037242205180094048151510409717
155038086098215007229129000803837506
064004255034251190010037000532617817
097202101174199137227109537931865206
223080186056205032022222000806467906
135202169022212171043173605603661817
141236063126135079171204000536138017
113182122052194102249026348461803917
062254156047202167044253004434446706
047160019129237042073100004436216606
126052248006139061080255000805646106
016237093220116246215074004433990606
092145006157251196217002178712006717
206157043069131114015073004432263206
119039226250205187184005004435303406
158121226171202024005244085974531217
118122079027199208053105000804456806
096183060145212195028239209393576717
044094204103212227179154004435951406
030132161053205166121184015362178217
229019247201215004019226250302692917
070095143023202028069168269083221917
113175002229205216067105160130531306
103207067241050065138052568020044506
238041090103205201186061080810171806
209055241001064005155054095004530106
042053030064073165107162535010044506
119046068062202024016240093003072606
200222118162139061080182000804191406
034108090061205251200219501895328106
224078163047205250093172312372613917
196093065108231225123076000531405217
034120099228231225123092000532683217
016175038146050254095245050562813817
047160238065237042073101004431065206
030200024097205251205181359161751117
249070079098240063017174001230005617
044004098210237042073105004431536206
108105203085138152153233157232704006
125229017022135079171149000531036317
197155091173205113193210000805408306
131003120056205113199132004435738706
044028012246199224099214000805967606
016003076144199137234097655155190317
062194182206212197211049000802641406
214132228032205126132098618462722517
096036045095215163203216004432639306
044025254018194043191034000802668806
047124096231205251202105093394432117
044222020047199224147080004432659606
113177098254207180012223187725073806
206114223159050062034042086671489217
047036180216205194242234004432318506
044222002000215177177109000805067306
075249190078064005155133000805717906
057184217042205186046103001610118206
044048038061244248141175004434197606
003144073087050122105077004435626606
109199020008205212182122414055850617
021120124193205211057003004435244906
237042075073237042073097000805481606
041146214052215162050050004434312506
203084214106073165228052576350044506
044026181255237042073094004433233806
002002132227193065094082004435953206
131134146233212230037159001232647717
099141005084116246215077094825562206
096036045253205218158252004435231906
206245253093205212176221004436468506
253102008178202031006046001234184917
047043164062050122139248004435871206
030015093012205139168121000000000001
047170254249237042073093004434006806
197085153095073165109137521650590006
237042071026237042073093004434715406
098169103025050062046165234920454217
146083121011194102253241004435356306
047033012021207000086221000805164806
149042099213192182066014092122721717
150135059167237042073092000802237006
002247040147205251205181346785472506
142215082210215162057047556780044106
044009180131244067234188004435292106
247111153148205217084170235703240417
131134146233198033139114001233679617
231120120239135079171142004436096006
075164198100198253200189004435292606
104193170126194114055197365365495506
044030088058116246215077086015634206
042093109248199171095018621846017106
253102008178202028150073001234558817
127168149027202024005148070794744706
016012080228237042073101004431642606
044072248005240235109089004434174506
129109227208202029140245004435586306
070243079033202024006093000802765606
131134146233198033142172001235841117
253102008178217010237086001230215917
047002121236205098239114451506466417
073155112254251224032194004434628506
213173038233205139035230052223414506
047168186061237042073097004432829406
044026241102237042073104004431933606
015210109022016198230147271170002306
058001003069194039034050004433415306
112115172010205199050125164275963906
140169207157116246215085004433831606
037037033234202031055203496575913917
151198129011199204114235445990190017
227010076019116246215095004433943406
044000015180237042073103004432497606
073027006102237042073092004432669206
114240182209131026013088565020044506
133243181155205249003219432496242606
044000007196237042073097004432032806
100206105015073165065052498590044506
140065118193064005155219004434086806
237042093047237042073248000000000001
072011141007231225123078000530686617
053197083174073165034161017650044506
072011095101215007246013004434176206
149042109042198255185139092170930917
248199227104212227179154000805444206
070243078216205180123148000000000001
048162040236240063114060580190008006
119046068062198033051130093006157606
033182062192064005155247004435603306
218225090017116246215069004433472006
044061188100244001196166004432661006
008072209240202024016152004434642306
196114107253064005155182000803443006
201136107247073165034138576830044506
197202025113202024004083080804007806
218225196096116246215093000806421106
044003062111237042073096004434755806
141236058183194086002161000533525317
015043163115215019012184000804743706
231148130227205032024129000806311306
049101200035205249180088000804929306
062243112112135079171185004431619406
021137021052064005155065004433298706
208070209168207022045083052224181506
230123009138194017231052004431810506
196177033039194017236084000805037406
073024239137135079171198004434383306
213187199229215255218246004433904806
197210198175199208057153004455335506
116246198144139113197176562470148517
197030218109205139168121000000000001
063162114026116246215076004435551506
152200233235215167112218000801333706
203132058010205070220088180222623917
141183211149202029174101004435195006
122013118052192166236058004434816306
016048150183116246215246391510148517
135229208066192030091079004654544506
097133082094231225123077000532789817
136053123146194042202184000804119206
125228248199212195128205100862919506
007038218034205032025168591824611006
204171005158202028247192425905899406
134134130177237042073098004436072206
112081039151202028210064068815442406
202217215109194102240028572755222006
062200101139237042073107000800795006
157134095152202030124041203855921217
134164179105237042073097025154694406
141183211149202024006175004432683006
223007030181237042073102004433547606
231148132184198247252215004435089306
213187199254205164190008052225972506
141236062080231225123072000535306717
120092228027198241224083583980002506
224008095166231225123081000533409417
035182092215199170237185297131468017
136033151060050121119251505860005317
243054081014231225123072000533030617
091114128167139212126037444821013817
197155091172198254091237004434145006
062242118034205249055210004432409806
079040071003207008081216333132890917
213173027164205139034077052220180806
048166025004199169022015070233844806
044039016193138091022109004435869906
016025033062199165045075004456249006
119136137217199177241169004435134506
075091238123202031128121570751716717
044085251037192022160173004432795506
044024253042205183041046004434236306
016036125073050062046170000805249206
047091148178244029084150093391646606
112081076229139180035105004434420606
134194243086193065081105019355093706
016215208159237042073107000806504606
041146206045251108156219004435208706
044221094034138152126186004434864106
153113147234050065249055548750044506
124210138246205218074002004433030506
062196119218064005155209004434023006
070248153101251073188194216574094317
047167137093215167192199094434961406
047059172239237042073094080530269006
109199079113205071020216627602254806
197222188038219092126136470030338906
128079066065205250038210250920008017
072011141167199224100173000532794117
073155112250199136103089004435276306
135238170018205184039150000805422906
075034014169205139035254000800309806
113098115003199153056054004435317206
076177103239205200149026004434823506
094119149231194017015081539510002306
055233073155237042073096000805234806
223010197051205071016026043796514117
016036124160116246215122004434591706
202217215109212202099043572750733306
044199237011116246215069000804791106
089001025011050065214077564800044506
007239139219116246215092004433944506
044023211135064005155235004435763806
077238186170138091072018193780899917
062225041108207183081085004433860606
109138076085207180012010385164601617
070234163045202024007226000802950706
140169207166116246215092004433399806
113058133063135079171066568950044506
042204056091212171107033060062706606
195222041194202024007178000802384106
016215058072244248213085004432700506
119137092192244127141205004435079806
047038193229251215113218004435431606
112081188215199169014143080685644206
124101052209135079171187004433077706
223007030181237042073096004434110806
223007030181237042073096004433490206
130150037145231225123081000533889917
135243069225205125102178004433737806
101160237152205113197124314240190017
106054228101193065093237000234889006
044198043132202024007050000800903806
092025227085202028003235417185833406
158049025082073165107102615690044506
247003110196199169002198092172646117
076177103242215177242182052224626106
041149159087202030147050099984204306
253102008178198193182068001230012317
239213054004215255118156004435290406
205054113044194017237222442312158617
223007030181237042073097004433727006
047176173014198192208158000804395706
055233058034194017230106531475861217
213176048120205195126031004434864606
073027177001237042073105004434256406
047011160052237042073098004435983206
136053101161215167112218000801309306
013217242148199152011094055012679217
047186253131215167112218004434421006
047100158133237042073095004436487606
079121155115198228178211453410002306
211038055017116246215087000804066806
136053123146202024016177000803448706
058107166151205032024094334711444317
204018061042131026048182573790044506
034206052235231225123076000530735817
062205187047215018244002000804709206
135079162038205239048141004454929806
087062132236202024006098000801246106
134134130180237042073102004433876606
208070209165212195084193052225496206
044026234095237042073098004431129806
044018077204205055128226016265099006
101177044205207001003108119244019517
239213224183205203032232052223560706
063150076056199153033117004434948906
130077202129116246215076004434503206
093041021197073165107157593060044506
148094169017202024167063004436378806
044054132024192132029219004432632206
044057045000202167000209004433404006
248176000237064005155244004434830406
083158188072073165105032512870044506
091177248076192182193067332350012317
027136159179202030146002037245182406
123188126106199177082112004433217406
047038103194192167123088093395496517
111224184173194042201199004432737606
016012080223237042073098548360008006
049097072145205251205231566960008206
040244206040138030248172508880002206
224115018021198229187071004430288706
082249201023240063114060511070008006
213187199237215013082134052225107206
080200196120202030175173180965595117
062246154137205098239114450046468217
063145214150194017229138081142753306
093222079171050065214071616280044506
100208217209231225123076000533041717
030015088146138145203037000000000001
075029050251198247244188000804355806
041241028176205185134071000804704406
141236059116231225123081000532248217
044010175215207022045016004435348806
108074093201073165228025181440044306
070243079058202024017036000804650906
048166048016251224032205088773477817
047109144143237042073103004433566806
227005242170205200173065000000000001
084227218017205164119021068813063317
213173027164215162050099004433442106
131114208206073165110162608600044506
202217215109205251203041572750466006
047048194001207001001018093394013906
226025000192198193190154080005243806
119132120165205211056075004435009606
206157043064212171081016004432753206
073155112248244157051141004434566506
062251094141199208052150000804125206
224134235206193232171149000805791606
200000067089116246215210000000000001
021120096196192135131109004435352906
044007208032237042073096004433107406
134187206198198229021109393820002506
132042181096116246215223508460008006
213176048048205187184009052226204506
218225196096116246215086004436509306
016012080214237042073106004432438406
044201192247064005155209004434608406
110122230102215177050012122462710617
127107225022231225123072000534269317
131235023079205239062157004435525706
044007208032237042073094004431594206
196115231136064005155235004436271406
233051037248207001121150499351420606
140173240244198247243209004435082006
223010207032192182001188133005740906
073027151207237042073098004435083006
016012080227237042073099004430992406
155193167201205180214118382610143306
075009003081199177251097004435110106
223007030181237042073099004434685806
096078113098139061080170004455547306
073026208156205218008145000800778406
064004255129231225123075000531068017
047109144143237042073102004430674206
044011005009205251202114004434923006
223007030181237042073100004430423206
047011034230139005154013000804037406
086236232152202024017134004431803406
196055172072205239049229087655286017
238041241067199137227061320051859306
055230146086215177178030000533856017
122140000231198229187225034780155917
100208217209231225123081000533530917
083069005004212227177234571240688117
104067059174064005155183000805657206
044003153154135079171142004430641506
076177099133138091023085052225509906
016242056115231225123077000535649717
044026047098199171107252004435025606
149247038031205098234031004433927306
223007030181237042073094004434830806
116086068205207001052015004436037406
135229208066192182012096004653923306
139169064229116246215092004435158606
016012080207237042073095004431460606
122028053122135079171207004435577006
223007030181237042073102004430786606
047109074090237042073102004431555206
253102008178205200030067001230012317
159090048090244022255233526810002206
137110162056199152114078558842280717
140242147094116246215092094826283406
016227205096139105112086004433941506
141236058126231225123093000533812717
093047217184116246215076004433301106
213175201188240235109034004434621106
044025168013237042073095004432012206
047045155105199137233093040170441506
022212100177237042073092000800598806
217006055045251215115082002573575606
050084201042240183035172061083738806
044010240168199171104096004434949706
047123220218138152126210093394744506
124101052213135079171132004434800806
044018107093248200242021004433770606
223047225084212194041100004435046306
107200158116139061080220424506154217
237241150002205139168121000000000001
044050149108116246215070004436080406
150064027141073165110124067010044506
200126252075198243031045501972116006
139161079035244029085041000255822806
127152047038244003004137588123685417
135243069212192166238235000805041206
197043153097237042073103000804459006
135079185185215162059094554940044306
044054168112215176001216004432683006
239213192230116246215083004435204306
253102008178198193184174001230012317
116086068189215006004166004431456006
047004120220194038091109004435279606
141236059008205184043228000535189817
016036124184064005155230004436160606
062249098051251100165184004432765306
141183211149202028135078004435918106
044049244088116246215070004436371106
073024212066205138232092004434880106
097214003234199223126076404870102817
119039226250212227179009000805279006
088089007235199153098173000803840406
148094032162138071026013000805714106
047100019241199137227028030741533217
194137048022202024005121581861344617
239213054089199168152226052225201606
044086051160199137232239004432283806
221197114063205066137233000800221406
119136137217244067209212004434959606
213179055072251190082073052225563906
124145217003116246215058000805602406
136227068188192166170197436150002206
146086144212050056083119004433945506
016242056115231225123074000530665317
245212014136138147089186080805302706
016012080211237042073103004433723406
203035149205073165059025620740044506
062196185181199177248018004432639006
213173014176205127099193004432662406
027196170120199224155194331102457917
070235053001198254091122078280899917
237042071040237042073099004432677606
088051003213192135131115639472692817
058235180076073165228025324670044306
114242107029199192043081000805099606
099024229120205218245021043273878317
152227208237194031047156482840008006
062254033145050056130221004435234506
124247185134240063017153052286265206
213176048006251108156219004435714006
044068123008237042073098004431663406
159216019102135079171153619130044506
063163079024251196071061004435867406
044003036118244031010000004436270606
044005212238135079171167004431626906
149158098051194115205232004435246406
072011141000205126137163000532936117
102216058217199223124253468530104317
149171255175205250244146000800165106
022196184216205251205173081145479206
030015070229138145203037000000000001
044002171124237042073104004430800406
135072012164194041038066430195074406
197038210098205071034225000533469117
251103139042064005155232004433964606
016195143020231225123094000535055617
128087134242192030102005004655324606
238018173089244067209220059384921206
062197230053135079171175004434134706
204049074101199224221141127210603417
148092183118205113206118027031744206
075066094234135079171104004432529506
218225159093064005155245004436242706
032210176179205251207120000804952106
013024247070205126034222000801560906
016253001004116246215051361110008006
141236063212231225123076000533862517
062197167104194038088109004435775806
119132120169251224228026004434934906
047004019084064005155180000804628506
063164077051215163100225090014983606
223007030181237042073092004435656606
099199172175205211049098061192807706
047169018001194038090130004434309706
062199038156064005155174004436029306
225197118059205164112070000804278506
135084107064237042073106000804455406
201245175129199153098252018644900317
112035232070207180012205312223070517
228209093140135079171142004433729406
002154058251205249010141505092003517
116155094188064005155230094823694306
200124200090192182193067145990012317
113175002229205216067105565390532206
013192054118251224032197004435054406
059170033039198241229234230983861217
129194236173192135131242534620338606
044027253156237042073102004435494006
135148201219205212176066000805613606
085009225189073165080054566560044506
047059033010215007204053004434410406
016246231146205211122023000000000001
109204240010215163006231522360102417
127101008018244205138029572242687517
204124097237215004018234564511281417
195222041193193065022125004430431206
204217210197199136087219010285411017
022246087050205239062133090050158106
062193159134205239062186000804458306
047111041154237042073105004430930806
210043189163199225033135000000000001
109197032160205187184009580164704917
097162147145199152005234149625813206
137234065157237042073104507260044306
097133087114231225123093000533015617
073024225211237042073098004434562406
100197034179202024017056004432149506
237241135156199153054139000000000001
197015102164207180012223000805878206
108233239204050065189199487110044506
047119174099212195089178000805223206
093047222125205126037197000254674106
148080010116202167207039050720506017
097247127085050065170049536900044506
047033146254237042073092004436058006
049221048182207000068244008005228706
097074120158073165228047584110044506
244199061059205071031013004435312806
053180171178202029111184469150899917
044007004233237042073100004430290606
148067222062212196235224000534270117
253102008178205211035143001235538117
042090135235199204086144294456422317
135211169115199221119219004432976906
044039080215205250088199101455107906
249070079099207001003111001234650317
033236230034064005155210004433701106
136132106080205212179080000533399417
090045107053215162059127507200044306
196179163028192182046164004655422706
103245144045205236085028362623753217
135243069107212202099029004434455606
231120120239135079171185000805565106
090062081216199137128231269810555506
103245145102138056034226408563432617
223007030181237042073094004431776206
109204176028205098232229089994267917
047170001253237042073098004435142406
139169064229116246215069004433653206
044036010164205249052123004430187506
213179055078198231053138004434143306
044054089149205239054028004435578306
218225237063116246215069004434900306
213175202232205166056009004432621306
044028107245244248041012004434654206
073155112250212196048209004435878006
047008241088237042073104000000000001
223239026122244067209210004436364906
086142103151202030210119420790002306
122003067191205167204242068815594606
077175212199215163006231345950102417
016241016026016048144184000000000001
151091189154199224149004000806032806
104223227236138145234087000805734406
251103139042064005155232004434901206
047107034040205187185093004435480306
101137210139205249010089381083387717
047123206127215007244098081115435306
041144145250194038094222000803365406
141236062218231225123074000530251117
021091198038064005155181000805190406
044054037171205203032206004433739106
103119185233194017228064000225552006
223009124148205148018114011940250717
196093217040064005155166438600905006
237241130105202030053083004433660906
016012080228237042073094004431262606
062238186030207008087096052233933806
062202080198215167114145000806085306
199201237128199153100181462840288717
062198036118064005155209004434623706
196042218238207001132215000000000001
213173033212244212230114004430758406
075255020069064005155230004435058606
007220250175212195128205443343558217
135079185143215162057079272890044306
213176048218240183035172052222376106
143011220062116246215081000535076817
021120125180199224149249004435565306
073024239137135079171079004431833306
158005045024205249003219438105226806
062212057244199171096205004435957606
070213058149050065250061618680044506
143234087238202118039114004434919406
203076209121219092011207591070163006
197155091172202029212150004435277106
016049112217116246215071004433752706
044200000013231225123078000533782717
111092218133251196145111505660899906
085058253138205180105212000233400606
201164054050199171100223185000500017
097133087114231225123073000533359417
002247154208192022173005514426341417
113140147119205180072177004455011206
124101052201135079171198004436066106
193192204186116246215076004433935106
140169207157116246215068004435183706
079255183010194017238154283451453017
015076166121205187188127525593866406
109210154012244089081015444880824206
050025032120199137224066004456464006
075091213012237042073103000802252406
150016106225202031017027650045890406
213173027117215177154201004435336206
042204056168198193188205070083351417
134009124177231225123072000530889117
047012119226194207240033004431700406
247003114212202028068198000804994406
072011141000231225123094000534245917
101138176057215163164214010271984117
127107225023231225123081000535263217
200175078183050065250035527870044506
135207186068205166054168000000000001
044085112131251215115082004433227706
062192142033215005009117000802718006
076177103228205187184146052225001706
225021054208199152108151514486150217
047160019129237042073103004432895006
044062073194192022160239004432933806
044004098210237042073092004430759406
213179055126205218013036004433574506
096237032008205167104077051565536917
044025168013237042073107004434129206
050084215029199137233223000804500806
138038188045207012129086611131737517
243054081011231225123095000530818617
044076014095231225123075000535268917
016012080214237042073092004436210206
044063177100199168233077004435382606
112081188215212197255086080682465906
149158111124205125081033088975552206
063146181106212227179009000804335406
075062217254199136103031000805833406
119132120170251224228039004433693406
103211029157212195128204004433896506
089105020198244003007227633505242106
078094127051244038134057613200808006
199110122247139212118057289336353117
047119177027116246215082004433602506
088046101160138152125013086213018106
044018238147207183082162004434846706
097067218176207008083119017840108017
103240064219135079171158004430338706
097133082094231225123080000535214917
063146242183237042073103004434697606
033038140217116246215073004436278806
044002177031207001003245004434411506
131192122228237042073099004434707606
210028117153198033052085000806187206
047169009129205236227163004432413506
248062241188207183132053375316237017
247003110196194100121237092175262517
067027119026202031157221591003409517
016012080228237042073098004431093006
016253002192064005155038456220905006
119132120169207020027083004431462506
049097072145205032025073566960008206
033236230068116246215073094825974106
044095096205205138232150004433651806
044206060109199153062018004436444906
047061182251244248167050081165202906
070243079058202029041100000805745806
048165167180202028150134066633087017
131170083102231225123094000530698017
088162002134138145203016101230044306
137015039173202118050189004435205806
070095225026073165228237534990044506
084115152201050065172103079670044506
119132120166138071027018004434299506
044003159019237042073097004431753006
053081044246193065085197004455106706
047001182166192132001171000805022006
237241128204205126032236034782659217
075096078193205185133109004456003206
231128055195244031126017579860547906
197034193172192182039235000253534506
237042093045237042073094004432193206
047033146254237042073097004434540406
063186079088237042073092004435190006
109067107000212195084221193180436206
042095107056199136068166604182733917
253102008178199208147122001230012317
047004158195205249052064004431492106
044027179146205066246128000805705606
213173038232205251205173004432630306
063164150187199153103023004435150406
035211014147244089149057279943491417
047108167236116246215082004433736006
130150037145231225123092000533422817
099035121242202028140102069075965806
013213091240116246215087004435152306
082028141226202028164009578905445117
098141202003199224151090599823721506
075095164219202029176228100080365917
130004046201244029213103000255059506
096161158054193065103254004451232106
141183211149215167114013004432280006
134074138123231225123095000534300117
063160210237199177248179004434593806
197129021136215018095077010252681617
090128117206192022160173004430253406
007238055081116247217215000000000001
030214170231244001196133004435632706
106215144152192182045142004653691506
196115083194064005155192004433848006
044003036118212230063173004436495906
101090213062050123083170004654284106
044004189082237042073105004435706606
135081247091205113252247000000000001
016249228149199153061043535300148517
070243079058202029021192000805696006
044068187143064005155209004436473306
125020145082064005155139000804167706
226169198177138056035109000800262506
096039014103199177095178485410044506
048164049079116246215012000000000001
069142040212202029062001512070930517
047021082075116246215074004434608006
044068187143064005155229004434837906
197222188038205218024077061480338906
124045222045138071027138004434939006
197202027123207000065169080805809506
131190122252139143018199004435931006
239197005046244127032097255654961806
073027110110237042073104004432618206
009014137118205218043017000533297817
047101246214237042073097004432006806
062194058225237042073104004433001006
129048033243205187246191092170930917
037005152150205216067025588640002506
237241138226199153054139000000000001
047109173158237042073099004431162806
044025231187205126033101000804965806
056231090179193065004217000803320006
047109193091205199050037000804994906
223010192255244205153172000805171806
070122052171050254094253649055507817
103175255037050062046165000000000001
247003110196199208051034092120930917
218225091111231225123081000533545617
149240091109207020027247004432646706
016012080216237042073102000806544006
062208195127192029185101004431242106
231128055195194078249234579860548506
069207012029199224098189349880312806
099035124252050056156100069075081906
016036124186064005155193004433331406
044021118016199152012215004432382706
223007030181237042073099004433870406
059023011008135079171052059300044506
113076223029199153054175410430044306
066139170075251190163254004435183306
231148133105251000165239004436143306
016040071242116246215082004435386106
204096127022205035005036004431114106
116247055083138091064022000804952906
223007030181237042073101004435630006
016253002245205236095024507920905006
057184217041202031167090001615157306
034108090061205098239253517440808006
218225236133116246215087004436335306
057184217042202118107013001612736606
238020106057212195130085004433871806
124101052194135079171198004432223506
148067222062244029048153000530136017
213173027191205113216068052224548906
096189129061139212124060004434132906
076177103234192132094026004436185506
152148123156215161106251000800401106
088094120077202029027055541600688117
079043108134205217250130618005035106
044068100254237042073096004431141206
126052248006139061080255000805644606
103098110244073165108203525390044506
062196236025205112188074004432652906
204073121083202024016099004434245706
113175002229207180015129243180535006
223007030181237042073098004431747606
044002237020237042073103004430708406
063175025100205185136196004433897306
096189198224205139169073425060808006
195037031104207008085229218294693617
154169157174199137227023586592673417
047123079139207000065152000803802006
200162142141073165104128154550044506
077023208110215013072176199932849406
050070039115240063113219549280008006
070094157044205127141078524082344406
048162040236240063114060579160008006
134009120193231225123074000532436917
223007030181237042073099004431897406
062211137028116246215076004436088706
049038172130215161111253246315575906
063146242183237042073103004432725606
124011143078116247217234000000000001
213179055069251108156239052224205806
208191209134138091017042004435394506
064004255129231225123080000533606017
153066233082073165080042590260044506
016012080205237042073097004430716806
237042093022237042073099289260008006
101216085042205166043170400250411806
105210111004198247243077000536280117
213175201176244031010031004436249406
033228141155205032023242004434877106
237042077079237042073248000000000001
112081189113199153102051001236472517
202217215109199169205174572753888806
237042071031237042073096004433100606
112112068105215007228037453192122617
140065118193064005155209004436350606
044060212217205138232092004434481106
074226120038240183048189030745413117
153249235178198241226031652955578706
108082190228199152013194544712689017
047160006137237042073097004434522806
231148131209251073161118004434945206
196043026097231225123077000530349617
254216107121244089149057150444845817
114083241218202118049090212712576906
016188015038205211122025459660905006
112176210117207001000048050565950717
076177102216207183082178004434491906
237241130123138145203037000000000001
044205245091207001130247004434705606
146217204240205113199184361472455206
141236058240207180188197000536533517
155038086105212030094146000800737206
141236063126135079171168000531600717
003130126205192182163016000534075417
117047223069199169214167570452931706
002174103084122195111160018440044306
096071253052202030145004625751252517
129214018179193065101251004434997806
100233238060193065095010613896076117
062196047072237042073103000802809806
221238255254231225123078000530632117
223007030181237042073094004433227406
047100038064237042073094004435049606
058245242020205127143167092122671317
076084085018205164112018092123401417
218225090060116246215070004435472006
231148133116202024007012000802590906
042204060035205200226102060086411017
124101052192135079171146004432211406
073161166002139072053034563185177417
044006206031205055128226000801034006
100208217209231225123094000531304817
072011141012231225123077000530643117
131092246045194017013017005875686006
013192090172192166213048004432714706
016059195118212194042240004434513606
195192149128199168158126000222331906
124096010024205202230240004456285206
073137218019139212113034000805672706
223047225084194031037200004433926306
021091196016116246215070004435270806
210056048111205213167038004435145306
030015093017215167193003004435608406
120235015110139130004214000234279006
064031252096205148025180426780905006
076177099139215005010248004433293406
047045013136205251202119093393590217
119046068062193065038037093004938106
070243078224251215148151000802682206
237030028002139180032078082460002206
152148099157205218024101000805045606
101160237152205200175038314240190017
070243078224240235108141000806142106
231128239040205212182066004434971606
118122077242135079171198004434609106
129115119046050065138168548240044506
237042118034237042073094004431601406
047034190173237042073099004435312206
016062099236198254094170004433771106
002002132232215007140142004430166306
044068041184237042073092004432966006
044222126134212195069014004435420206
062253013017198231053138004434276006
214019075180205167204207011082117017
055233073162237042073100000804449806
204096127022215255119144004434147206
070122052176205137109201279830106817
202217215109199177091133572753666606
078079151061251190010041000533050417
021112097091199137230177004435777506
124003041057205249180161000805907106
030015070220138145203037000000000001
057012102072138152126074436582531017
030203080144199221119036253330839006
084126200018205218159049335810002306
193253252139116246215053268240008006
042204057159205202141188060065627006
224255190058050057213170312491708817
044069085128205126032234000801736106
131226075064194042195152570690005317
036251081211139136059148000532876517
007234225066231225123092000531400217
193201198014251190163116504572677117
044004213176237042073104004436438406
047084229098237042073094000800661006
149054242184064005155230000803413406
196055006140116246215087000803991706
201192086187205126108207394312292717
075091209194237042073093004436255806
149158111009192022167021000806203606
117079156254207009053128603600102517
003130126205192182097220000536081317
044000073176244158083229004435742306
221197138217231225123081000532354717
152001058179139093089118004431250806
213173027167244022242184004435329006
088192159010231225123078000532145417
148085199050231225123095000000000001
070032085113205184033175588150002206
226154176178205236089077004432949906
070243078228240183031034000805596406
008072209240202028156169004433661306
044078188246207020020137000802650006
142079205164135079171128000804410006
197143138162198252035154004435144806
013157225089215162049143094431220706
044055122059192132000185004432741906
213187199246251108156145000803607706
059198232226202028003235119585987806
089179237195244038133045131001847206
202217215109198229111199572755999006
047084229098237042073102000806181606
119132120174205251205145004436192106
053181062018202028202201526816178406
223007030181237042073095004433463206
199013124035240183054036165971458917
047050148206205194208062093396205606
070124096149073165173105561200044506
218252098058205180037033000803784206
149069168119194043124054000253774906
135247215211050253200107464010062306
047168055252131115163022122012653006
063161235131135079171175004435593006
244199094006244003251002080816054006
062253076249116246215255000803647606
098100110236050251141178223402190417
231148133034205148030157004436147906
062198036118064005155209004435848706
136148215080116246215012000000000001
047048049048205239062149004432696106
131092242153138075188017060145031706
135084107064237042073100000803342606
131210252196215176008197004436131106
016012080210237042073107004431717606
196042228236207020029040485820905006
063161058222205238171186000800285306
047081091076237042073102000802653606
047050101188205035005104093393270406
213184192005207001131073052225537206
062199082095116246215073004435836806
129166060254139010250152516710005317
044209045117135079171207004434561806
047107075209199224105116004432776706
062238225147215163112205081064961206
196054240194205218008173004435043306
047033096037135079171175004434893206
047027088211205194245136093395370906
251103139043064005155234004434053006
218225205083064005155200004434061406
197086015014016229029199347241121117
204073027194244038192024000532134117
057184217040199171105107001613032506
109244239155199137224077452032332717
238063074219192166174033341980002206
025237210083202030189018394406345817
076177102205212034247192052223868806
027196239175192182023116405005346017
140173240069244158005050004434991306
044002043115207180188225000803238606
002074010214050122120234017200330606
062211255236139005144061004431693006
149042099141138030193081092172646117
049118131027073165108209647670044506
149042101045205066246186092170930917
070243079058202024006251000802664506
037013175244205236085005301005371117
057155030220193065062210337714007917
197095135195244020056039000805172406
002074010002139010251247575880515206
073155112250199204070082004435097517
044222225124064005155180004435459306
047122119238207012129103004435005506
204124177146138152125013401442088417
047049149022205239049229093395123706
141236063126135079171128000533752917
140065118211064005155209004433680806
140180007163064005155134000805321206
044048088155212196233049004434132806
047011184196237042073095004433790606
062205145098138056033149004434391806
135238162119252248027077096645949706
062202007245215006005174004430125306
213175253242212230172121052225805306
062245058127116246215084004433710106
140075193191207001130149004435920706
044072222131251224088146004435065306
223003196115198255177173000804963006
007207107138131115160069578615580317
197085153095073165110193523640590006
218225090112116246215070004433328906
041155124114139212124057004435717806
075000118031205070215178004435093206
062207074055215255060215004435479606
073024217069237042073105004430242806
218225090007116246215093004436372806
132242246115207001129237422076272006
062206164043064005155181004434562606
117029023190131115082096000000000001
016049112172116246215069004434793706
112081188215199137229234080684992906
097132228080231225123091000535027317
016013196021205125076232004455713306
221082243082064005155244004434254706
127168149027202029198011070794940906
044039184210240183051086004436461306
075095166010205251205173550005760106
149042109042244003240044092170250917
016195143024231225123076000535805417
030048214219215007140194640030808017
213179055069205066251206004434948306
112233190219240223014061505005361806
136053110204212064070177000805546006
104053115061244158083033558530929717
106096110037199169206128058700038917
218225196096116246215086004436509106
021120125253199168152226004432277306
057184217043198033082024001612674206
226154187225199153042157004434342806
044033255023205070215213004434932406
070049107165251073188170000804651706
013192054010251224032205000802800506
007234225066231225123095000530761317
218225236112064005155203004433280706
223239024084244038133045004431761106
197016034234199223120182004435023006
062205145019116246215070004435300506
131235023116198193191107000803022906
213186016042138091018165052225220006
073027146097237042073098004432458006
044002237020237042073103004433955606
218225048104116246215115652530044306
213173014181205203032213052224473506
047163199210199168158126000220718806
050050026075251215148150055000304806
110101178146212227179058612452734606
047190102022202024017019004432906006
197113184206050065234183120590044506
016012080204237042073248020010200117
134164179071237042073096015143439206
193180247191064005155099094760008006
238063029005050253157084300005129706
041146215126116246215082004434857106
008072209240205211056075004435014206
208124076075251196147123000000000001
140065118211064005155209000803786306
075091213058237042073106000804964006
141199229081192182019042000803681406
119046068062202024166135093005776906
021120124199205211057003004435244506
047110181203237042073096004432911806
210030029151240063103151004435215506
237042093039237042073098004432648806
134249009026116246215075004433846006
062201128231139128098012004434533906
158158163093215019071214500150002306
109210154245198192207173369650909006
044033018148205139007254004433812406
114242108168207022024173004432657406
114242108253202029191119000804916406
115097024001220021119250000230307806
240083159071192182151185005874189706
047100067038237042073103004436486406
091232132027202118035093004455193306
141236058174237042073107000536472217
213173038244205164190029052225637606
048213113101194017014018080014451806
218225090096064005155210004435235506
237241128204205139035254034785603017
044093174236199137227208004434943906
090249157139194041046019604360808006
247003134093202028201203004435311706
021084065147064005155218004433510106
210005041010116246215082004435942406
044201069112116246215085004435197706
030054086185207180015129546270438906
078185054072240063113219287290008006
070243079122202024017170000800364006
070243079058050123137115000805229906
075091213055237042073100000805442206
081171004250198247234195000000000001
149042101045207001175121092123147217
050074105080202030196249004434953906
135084107064237042073096000805469006
237042118036237042073107004436393406
044027179127237042073104004432505606
070070133043016198229077000000000001
253102008178199208155143001230012317
084113197156202030242024540255667917
231059146130212171082154536963940817
123188091044199169205015004434301906
085009198218073165173230520900044506
096039014231050065172134169400044506
124101052201135079171142004430557306
090054119242192030074123198010002306
223007030181237042073097004434729806
143165233006205126171111048135749817
062254071043205199049150526430005317
044094204103215013112221004430176406
213184192027199169008092004434018006
111029075044205035005042550154342506
197015102164205184077012000805083306
075091213030237042073107004433718606
047160039218198192214211004435730506
236146063090192030007219000534847317
044007001014198253203037004432706006
047170248188237042073100004431214006
044084123226199169214220004430278306
119132120165192182087135004435815006
112081188215205070215213080685092306
099194165098131026013099606520044506
099200058239244003242229581190338906
231148133106050253202167004436335006
097133082094231225123092000532316117
075091213054237042073095004436033606
044202024127135079171185000803362906
044072146128116246215073004435601706
149042101045219092213047092174619817
047004135050199168152226004436200106
070243079058205127119175000802677306
148067222062205167107181000532866217
047109144143237042073107004430589406
218225205083064005155200004434284406
141236062084231225123077000534580217
073024217069237042073094004433479406
253143164021193065033053144353689117
040020105244244089100237193430420717
237042093030237042073104004435507206
253102008178215167027242001230012317
044004189082237042073093004433899206
131170083102231225123074000530988617
210004157118251224088154004436397106
070036028100073165228058553220044506
103025084152199137137243000000000001
047123167052215167112218004433266706
047050211237138091022066004435406406
197056182022199137238002000535936017
237241138238199153054139000000000001
197155091173207001175102004434220306
093047217184116246215076004433609306
076084179115199152012215080642167406
058249233028252248201191505551058617
090054176068205180018059478785124606
131252072135207001015251559185609606
251000215190192029215053529340254417
129177126010215006142099004432908706
080215033114073165104084394010044506
016030106133139212123098349040543206
032080254180212227163048005875637306
133127137188199169214223566950778106
109210154012199220209141444880824506
008107007128205213166077000804069906
034189197168050065143081592170044506
210007048141192030004237579960005317
139130177162116246215053511890008006
002176045194198247252207004435323506
044026075184116246215093004433399206
073027061123215177165018004432685806
070094014189073165109230626500044506
135079161057135079171207004434306606
106077046001194017014202341715343206
070032085113207020027236588150002206
127216089253139212124082000534689817
153158080063193065090114000530766817
097113163125199224145000004432688406
155192209043198255169237081030002206
213179058176244212229077052224267506
193158027171016233081123644840044306
097133087114231225123079000531853517
213175253213205218012170004436034006
134134130179237042073101004432415806
047185054075138091023085004435677206
044005053006215019149253004434635306
109040106144231225123093000533136717
128219101082116246215068000804060406
239213060005212227179058004434036006
070243078216205126137100000000000001
104232109186205167204238055564745406
213187199251215176003205052222045906
149042109042205071138205092172646117
087165028201199169214181308034048717
148083148054193065013102000530437917
102154248002205249010089587923387706
086100064099198247227154080005188017
148019225205135079171207000802332306
133212240158205217251232493930105117
139169064229116246215092004435163606
044090247114198231052169004433537106
100250091173138056078236070252976817
044001009033237042073098004433989206
147173103169205055142087431275573106
044084138221199136069244000805884906
213179055024205185134068052225441606
075130048217199153105131079032112106
137250104085050065250195188030044506
042204059034205071025061070085087617
049040107132202030115185296536176017
146052242243198243139106274611345217
149158096184199152013232071022036206
206127146026199153097038000805160806
213176048168194043182001052220915306
224020243061122195111160010540044306
044069144230198193185026004435657306
072011250205215161064004004434645306
195118177226073165090102646100044506
248126117114205216098136000803489106
033228029059205250089185004435055506
062248100142237042073105000801484006
097085125034199221113034000802628706
237241143083192182054236004433959506
124247185134205251200120052285216506
196115231136064005155235004435487006
047109047189237042073102004434250406
058226213050244089100220051564948917
243054196131194042036116004432809806
016098134039212195128205255650285806
076084087177244067234160655005192917
016012080213237042073094004435270406
070243078230199170224042040076518906
085024169162073165073052578470044506
237042071030237042073094004436338206
116246034075064005155247485080905006
047108127139237042073106004434317206
070243078228215022050163000802632006
130150167239064005155175455380148517
050027214050205112188193496630467406
049221145007212232088196336040002206
047004171121199153102080004436038906
044002171124237042073095004430979606
070243078228205217250130000805034806
062213066205131115180161090014684506
044068040242237042073097004432687406
253102008178251000115137001234466117
146222207219202026206033461720002306
192044165083050253169183588661275717
149140044186064005155200004434300206
197043153085237042073107000803252006
129175146202231225123073000531950217
237042093025237042073105004436184606
223044129146205211043018151530308317
080053211143207001048003038330143306
213179055127205187246207052224754906
134164179071237042073103015144914406
213173139062207180188197000801239306
244199180007193065005178000805427006
062252105044237042073103004435080206
016225186042116246215186407610148417
135243074244231225123075000535166217
021120109093139093084029004435190906
030214172222205216060217004434816506
092018252135205239049229479172926706
075000118031199208060141004433651306
048164099015248240123169000000000001
087237090253198193185165025140143306
047082177250199224104028004432964006
192044165083050253169183622421277017
243054196153199153107212000803518806
096189099131202024007029000804790906
253143068214202024167133539942538706
080181111039231225123093000530455317
053162236186192030018239141185141306
042095070081199177255245051545775406
231128051157205186046011538280200006
041147233139215163167106004433813706
135033200067116246215074000803689506
047080046180248200034114000532081217
085031021034050065143096214380044506
223014026255205250088077004435326406
135084107093237042073092000804300806
195075200005207183145239133515522506
033239237020207020027247004432644806
002000046057050122231189129416284117
021120096198205151251253004435407406
053040214188199204090162583255920317
089237210209202031007099483510002306
016012080229237042073093004432135606
140065118193064005155245000804306406
231222082221205211049130264674700217
044023009030199224110070004433422006
249070079098199152015182001232173517
247003121223192022173170000804288206
062202127166050123200247004431491606
196055172072139143183200087655924717
047028067231205126037195004435399906
206038171198205180085094093070016117
016012080206237042073099004433991206
114242109231198247238214000805121206
063171212119116246215074004435175206
044010056200205187188205090014914606
127092234104205066139134000802681806
050084201090199137231134310106106006
223007030181237042073105004432447006
135084107064237042073099000802075006
125020145094064005155228000805959306
105159184167205032027218514132037517
047081091076237042073096000804887206
016012080214237042073099004432521406
103106178038198229191010068892689517
047026082236244029212086081041028106
016012080233237042073107004430419806
016012080219237042073106004435640206
238041200142205201185246000805878606
044068100254237042073095004433002606
047111019044205098232242004431229406
057184217040202025223132001614107706
047038023065205139035190093395457806
016049112144116246215079004436377306
062194122027192132095002004436455806
213175202124199168235225052220646206
073027110110237042073107004431282206
237241130161138145203037000000000001
064082151183192029093153503160044306
073138248089192135131189000805254106
196012129012205239062149099985085406
231148130065212195133124000805785206
103193102022192182089041000233344106
213129187211198252033090340951419517
057184217037198033026225001615077906
097133082094231225123078000536421317
076191120168215161046242004434926606
140200069237064005155181004433787606
217242163115205249052134551166228206
159006154110050123138200000805640106
119132120180199136090191004436501006
102104013107198209170027270326175606
237042094138237042073103000805596606
062241228142198247233134004435204806
044087123014237042073104004433510206
044024100210064005155229004434289206
134134130182237042073097004432009606
231148130033207001175041004434955406
134195065043116246215230000534771117
062240003082244158005052004433493506
151076106230244248205086466810002206
130150037145231225123095000531160117
044025010021237042073101004434239006
156087188118199153102059553140115217
021120111095207022024194004434982406
047119173029205166056009004434984106
143234087238202118044141004430352106
044056196159205249052235004433442006
237241150165138145203037000000000001
062239203210205239062170004434004306
119046068062202024016056093004247306
016012080213237042073097000805237006
213175202232205166057098004435801606
013157052208205238230214240704941617
002194056107138154107090410072007017
213176048215205251075005004430278106
044002068163240235109089000805922606
076177099133215163006106052225031206
047021013219237042073102080542636806
044220058001116246215082004433751906
201089254140192029094254558820312806
131092223097240063113193004451678006
016195143015231225123090000535673617
032181035154240063103163059384964306
073027110110237042073099004434736006
150135047249251196146037000805283206
073155112254205202229096004434312706
197183149044215106210142077524399917
125206040188064005155134004433441006
131210135121231225123074000532427017
211247234107237042073092004433506806
210061102219205251200174004434958506
135214201041202030022214000805876406
073155113212199177248057004436196606
131170083102231225123073000530340117
033239237031194100114082004434048106
072011018149139218240189000804690206
069231010106050123083077000253423206
251151105136199221126049004433526506
062227221103194017230025004432734706
041135078226205164099210394352233017
032039165221192182032027000253829006
131141082230231225123092000531490417
223003018222138152147089085200225806
044006157000237042073102004434031606
210005041010116246215082004435944606
119054107147202024016089004430535606
218225196048116246215093004434350406
253102008178192030100026001234723817
226102051054135079171063583010044306
226154176178215027184010004436434306
021120124167215022058047004436119606
141236058040231225123095000535942617
062213171242139005154013000802624806
100238123178193065042045489670002306
047091238106199137226180093392864017
062208007018199208059053004435263006
146094051016231225123080000531454717
231148131110199220219029004435778506
213187194102050254103162004433645906
131190122249139143018199004431960006
075091223096237042073102095320044306
223007030183194043119101004432709406
044001009033237042073104004431344206
044002006093116246215079004433298906
016012080221237042073097442060008006
058094099036073165104115012980044506
077170200246050057213170114681708817
047048074164199171105216004435057606
135238162118198247252207093024919506
237042071036237042073094004431554606
016043038163116246215051437330008006
015043163112199137227091000800896406
135148178212199208059055000805995906
127043088165139212118162300340005317
137245160138251190010037000532186317
203126021207205166127066109781022206
044072240087251215113218004433532906
223139139061193065118109004435879906
121155241197192030038157517475736106
210042162051064005155175000803889406
213176048063205164191077052220943206
113174230028073165069084634470044506
062247192011205250088077004435309206
122139039152240235109045004430272006
210178016215199137227028030741532917
097132228080231225123081000530629517
062248126195207180188197004430527706
047080031158116246215082004433513906
148083149210199153056069005142215706
122028053122135079171167004434247206
062246203121212195125024040800192717
141236058109231225123072000536392317
021120110036199168153253004436316706
044027179127237042073099004434013406
059211238235193065094038004435804406
110125169014205236228061195643399217
044060234054116246215094000806359306
237241130097205166040201004435845606
047101025201237042073099004432827006
124145194033116246215023118913955606
222023001239198033105216000530588617
138119225078193065125226231595932217
044002114207237042073106004433724006
137049125241205236088109456870143306
016190096096205180075180004436384306
195022042090215027187202305852645417
049055000098050056082029147124895506
104053126186244248042061488770247917
073027040006237042073094004435665406
062215214210244248213085090012684706
152200233208205239062133004435021106
101002194098199223101185287191315706
127018021234199170236189004432673106
063165065125116246215071004433800806
044221094087207183083066004435523006
044200006019116246215084004434463306
047108167236116246215080004433651606
122202143046199177250117579160012317
152048114165212030198220099672795106
211253220150205218159165569044747717
047123197065199152010117004432625606
092104229095050065234075528450044506
016215185071199177092130004433343906
044214158018244248213085004432611306
196092076184116246215079000805822606
044018205242205236089190004430200106
126039177067231225123041000000000050
135183136185205199055017030564837506
239213224181207001130149004436528806
209101028178199168233000645064740417
034108090032205251200219139275328106
210024117064199177248209117176336617
148113029184205164114214000806524706
076177103217215177241003004433775806
135084107064237042073092000800239406
122194143000116246215073004435916306
197076035196231225123080000536038117
047110181203237042073098004436408406
213173038251244248042030052225170206
063171212119116246215094004433946906
044002171124237042073097004432730406
149042109042199153035084092170930917
047004158254064005155183000803840006
135084107139199224105182000802635706
021091199204116246215070004435672806
044001245000237042073095004435469006
114087189000131026013034181280044506
222081081172205239072049587440002206
096180252179073165080139566260044506
103077186154202030056231561355404617
047081091076237042073103000800418406
062240151054215177165018004432631806
075091210213237042073096004432506206
109132164002212064070171378520328317
048167030099192029095211080000102517
127242060191194017231093004434073706
058001025041202028193213059385197806
101235241053199169198037000535889317
112081188215205126032123080685361306
079229221235192029094254553150312806
044021176085194017236087004432831806
036218200065199136067253462450002206
249070079098199152012066001230012317
047119009209244031011177004435066706
044222131072240223180250004435613406
044008033006205216063165004434986206
062208170149251100165133004434917106
047034214121237042073107004430465606
027159021210198192215047633850553117
140065118211064005155219000806052006
213173033205215163112217052222693006
140066161005116246215076004435160706
101160237152138152255063510440190017
146251104050192254119117059386481906
220106111174212227179034004456164406
058249194225212030147009393210002306
149042101045205071139021092170930917
124101052197135079171187004433646106
021120125253205032020130004430234906
221197114020207020027046004436469106
076177102197205195124038004435777206
231128055195198247228204579860548706
127242060191192182098138004435779906
035228221071251215115204528610143306
100222083035205250094226004432153306
079045178097050065249105584450044506
047100153006212227179009004433503306
237042071032237042073099004432704806
097133087114231225123092000534166717
047190029212205098029167004435441606
244199223155244248213082080225614406
073155112254212194090034004434453506
053130219239122195111160623550044306
248199108251207000086197000804937006
021091196016116246215077004435910706
213175202248244212229103052222853806
075091222086237042073105358440008006
067024047034251196147123212196414106
140065118193064005155209004436350206
062198118118244248213082010035119906
218252106253016229020034512820044306
214025147180073165228194653530044506
249146105167064005155245004435786106
070036028100073165228058552850044506
105059042169073165172221552790044506
042206249175198255185138122102301917
135084107064237042073097000805365006
104220089150231225123072000531549417
064009249058248200052157000804519906
075249190082116246215074004436449006
251103139063064005155210004435990606
125017211066064005155134094823869406
140169199221064005155235004434921506
131000235231135079171160004432743206
249158180126116246215084004435544006
044019048019240235109082004435671806
213175253213244248024143004436235006
044222230099237042073104000805522806
119132120158192182145060004436517806
146140209156073165064054649010044506
059172112013050123202053000000000001
078087024009205211034018589090808006
002002130255192132070001004434613906
016241011114231225123093000000000001
208070209180199169002109004434534606
135203024194198192035039000000000001
237042071049237042073101004435745606
213187199234244158083228052222630306
138185019200194017228038000000000001
226154184204205212176228004434519806
237119235126192182097076000805087806
200232129167192029094254168010312806
213175253228215161087161004433352806
091200043065138071017060523090005317
021120109062199152012216004432442306
030015093024138145203037000000000001
044068100254237042073094004431959206
223007030181237042073097004430724806
197061129195050253202143092120930917
196085001142202030099010482584323317
126041198118202030145004165301252517
137131082130202030101053584234177506
015239198207198243031006000803094706
075164197092199169214220004430330406
249127242209207180012010004433378017
016012080230237042073094000805772206
044003159233205183125037004434149006
044221172100199171099088004433995206
239213054072205127099139004435272206
213175202205205139035162052222632306
100235152173050065234237405770044506
141236063126135079171170000535379217
124101052209135079171132004432773806
047107020219205194240212082826503006
126050033061205238169213004436234006
070029225069205032028230062195836617
021120125255205212176066004432949706
104099114107244205077097411114125417
237042067016237042073104113080008006
103143197066215163006231371350899917
122133032004205200149129004435008006
048166122013244031075061100012630417
193253248187116246215009500710008006
204123125161073165059242502850044506
044050225173240235108140000800112106
237042094175237042073101619320008006
100197036137202024016104004435041806
063150025199207001007072004435126206
034188087234050065212171593990044506
044025055095237042073095004432896206
206111166078215177179130004430388206
002002132227202024005237004430132106
016002248216205071047189004431362217
218225159015064005155202004434846906
073165167052205148030159220010701106
070243079058205148088219000803349206
044025210023212230042080004432694106
251103139024064005155135004434533806
049225223122199169194146389520008006
243054190091215162113184000804963306
070243079058050254095178000800194906
110136060242050120062215623480103917
200162098223073165089141639610044506
238041098018139005145045000802755706
048167068129199177245230004434155206
218225196048116246215093004434522606
016012080229237042073096000800296406
030037251203215176003060000000000001
072011211076231225123091000532821117
076084201236198243028180001230012317
098143045216192135131125004434987506
155037133244205071021003606234489606
002244077004050062034037004456522406
044004189082237042073103004432438006
223014026201207180055044004434916406
213173043229244248042018004434081406
218225091066231225123079000531618117
124101052197135079171198004432655506
047100068026237042073092004432126206
016012080218237042073099004430322206
140075251082231225123078000534698017
221082247052244067209212004434956406
097039189231251224119171004436278206
041058008202199153053006331190163917
047033096037135079171158004430252806
073155112248215018095100004433578406
048164206124205035001136088415069806
016212025129135079171142004435465606
211253200219198193186216625272721117
123188126253244248043249004435042506
080210045171192029187048123402678106
073164070120138075188071333905189906
073171090160192182184053000805122206
103093143061205071021003520394489617
213186016042212195084201004435687206
047124068055205113206033004435652406
044084086034199221123042004434113706
136053123146050254095245000805303706
044009181229205066247092004433276706
197109216211237042073107000805351806
237241146012202024016173004433780506
096189254129202029215075000803676206
103245188039199204083205049962629806
239213054089205251200174052223475206
070240087182199224145205278130808017
088089007235205184065219000805439406
055233075063237042073095004436449606
070214202141202030209173626641338217
202217215109205180075253000000000001
044072030007199208048165004435010306
155068051158050062046165010241883117
130185214128016238145177255650008006
047119129174205126033101000806305306
070243078228131115083018000805011406
062196047072237042073093000804591806
108009208155198243187056004435092306
121155232029199170234221529005188217
136053047022205164112021114244792417
007156236094215163006231194140899917
044054163065207022045110004432824306
116152239233202030024173000805702006
232188051070194114055034000805137406
197176205155199208057153069766442317
016012080219237042073099004435452806
204214042135207001170186175515512117
204131252151199136065175514132540217
141236062106231225123092000533568417
108063184181244001019238241435167917
077075233130073165081131632620044506
047124077103244067235168081025631606
119046068062202030249052093000212806
204096127022244001021194004433346706
071120094175205212176232363315054206
054146028196205251202126040304960717
213173043232205187184126052224692906
136053123146212197254239000800577006
047160184017237042073098004436343806
195206221110073165228025440780044306
253102008178207012134187001230012317
213179055122244158083069004435243806
147015004072244029048170551971989317
044000201196237042073106004430719206
059171132044192166214057527525126417
116246150133064005155230004434364606
044202024127135079171167004432006406
044084086034212171168018004435532806
153014058240244031010013384282652417
097117115024202030136194004435727906
041135099176205164099210100012233017
210030029151240183054178004434932406
070243078228207183149030000804958406
002190170131050255212237159441956917
123016203115231225123073000530284417
044222191003135079171198004433122506
070234163045212171168138000804310506
047100068026237042073103004432250606
047047157001199171099088004433307806
087118114044205250088182041520808006
224134061245215007143207004435231306
002120105168215013072176444441978106
030214172225192182097220004434945306
131192122245237042073102004435856006
044005231093116246215086004436370106
147131194060215106210138474220688117
062198118118139096108004010025016706
062213169215198193186066004434349206
202217215109199204106015000000000001
047033026131135079171198004434477306
050094064046251215148150458230323806
050075028226193065082178081015862706
131208002246205251205198614565300417
238193045227073165089108640000044506
149140045233116246215119390951164017
041144209162251100098071000805421306
021068197202131115010046004435751206
047033066165237042073092004434289006
197085153095073165109157521570590006
253102008178202030114066001234488117
135084107093237042073096000802566806
197038148067205164097069051280506017
022196177002205166008209081126410217
090023198099244127141129327530808006
141236058014231225123074000531489917
235229057172251190163139473160175117
047160019129237042073099004434824406
141236058194231225123091000535225017
123024077176202024005178548841300106
109165121253194100115016544090108417
213179055103212227179006052224507806
206111204175212194054110084434971006
112011236085199168152106637730365817
044004063177064005155229004435764706
066136121174205032027213004433910006
070243079058194207240217000804837406
102006054167207008190074089990106617
070232254233199169220096120042722717
047048015047050056157047093395094306
044068123008237042073107004431139606
016012080227237042073097004431908006
044023048236205195121251090015976306
147142230029073165089201608100044506
119132120180198255190012004435261206
114112097236202030013097571210143306
123188126170205218072008004435332006
204027111083244031125098383326518006
140242176195064005155200004435354006
237042071042237042073100109700044306
097101057217215177139144000253462406
141236063126135079171128000531262217
055233073149237042073099000804583806
062242075111116246215077004433693706
093047217184064005155189000804973406
133001171023207020027223550060338906
097132228080231225123078000536235717
042204059034205218158162060080135317
075225217035050056130221000803602106
127242060182205217247248004435190906
210232054249215006174101127072013717
209119021114212171082166575916393606
148067222062205148018114000535319217
135211169121192030121094004435916606
136126042139050065189108606180044506
139107190037207012138096004435724206
074231017165192029095211652935718606
127237105233199224153178090002760717
131210218147194042041242004435482906
133215166093205098232229342924267917
044002161222237042073092004435946806
202217215109192030013246572751333306
085050192115192182248235490295185717
197222188038215162095131317300339006
119132120180205113192143004434806606
141236063036231225123081000531492517
062245057114194114091141004434736206
041146206045207022024194000805226006
037011067052207020019036000805496806
063166141017244205131220004434282106
082074103119198193178218052223745106
035014062084205126032066176475095617
102204160201205055142087503214454417
155038086096212171043131000804986206
044002171124237042073106004433775806
047063112197199169020018004434759806
137234065155237042073104618520008006
100242179119050062046170391916024506
021120108126207022025156004435449306
200172157071192029095215139736120106
134211152003205218158094009995020306
044208121001240235109053004435225106
044021080145251190083166004433518906
100235109208131026048247512010044506
044087171119205219222013509422724306
062192133148240223029005000804328006
048165205028205035001136088415857206
048213242085192182020034040003848706
136053102074139212101197000000000001
124044067217205218156156501602840617
197117111237192132177145540845328106
008075075200194038152133004435504006
080199091123205236085045409515720617
044004098210237042073099004431156006
243054081005205211048023000534110217
115137028200199177248013004432679006
047030143078244127157148000803761206
197043152164237042073103004433767406
047011196102205055128226004435817206
210061112229215177154219004430314417
223007030181237042073104004431052406
127168149027202031125228070795930606
075091210251237042073102181000044306
130004046202205125073149000256089406
047168180051205187185082004434569506
044094180070205216100036004435451306
109110148172207022027126650636386717
016012080216237042073092004435398206
005085098004202028207113643452427806
136227068188192166174070462720002206
098064025250116247217133000000000001
090061151175073165108166609890044506
044005055230050248122215004434180806
050067189144192182080153004434915806
098118008204073165073169559500044506
044068123008237042073098004434529606
072011249202212197255018000803581006
044210134020205251200208052233610906
044027105057237042073104004431164006
153158004065202030189109004434028606
077140153009212195130006068811284817
044220067173199204078145004435575606
097132228080231225123091000535490317
213179055015215177242138004430205506
047168186061237042073106004430396406
041147088125244038132196000805144206
047113058181199153035028090805706106
044210046085251196218162000802718006
030055254098202028074062342014568217
239213051223139219138002052223754706
213175253224215255200002052225946606
044022111157202167003066004435134506
044063231164207001175242004434878706
237241139175138145203037000000000001
093116166130202031189115407775165717
097133082094231225123095000530784717
097132152047205218156064004435602806
002249117079231225035166418000485706
044025168013237042073098004436087606
044089088010237042073103000000000001
058001028211194031028006000806051606
030015093049205139168121000000000001
044027170124237042073107004436414806
016215208159237042073104000805701606
044006155040237042073101004431468606
007162178216244029048153205955346306
114218001087073165091061601050044506
114242108250138145212069000805253506
223007030181237042073096004432044206
016062099236198254094170004433771606
044001159232237042073101004434551806
125003118151244127141165089992898217
047169094069237042073093004430442206
131176096157212195128205004434971806
044094051124050062034042004434624106
129107151058192182174026254612705806
097117115024205239054028004435577906
013193032089192135131109004435624306
230123000233205239110007520025341317
214224042153207001170186129266126506
139056088209205126037195004432671306
073027208177198231048006531210992306
137113070139073165059006576210044506
044025190174207008085069000805753406
016012080220237042073107004430588006
206111141071212202149109000800239406
131026057077205113246218004453730406
131184042151240223014136001230012317
114028180211192167123221599614141606
143234087238199208059052004435043506
044033067200135079171207004436261406
086092193094202024167189004431735106
044210060034135079171128004435218206
083165168190073165173048508370044506
218225236133116246215092004434555006
140169207166116246215092004434843306
198140109072116246215223625110008006
141236059023231225123093000531381417
044029255131205200149026004433701806
044024248059237042073096004431229006
047124111128244127159190093394457917
044026009006237042073096004433265806
125086184177199169198250000531497817
070235066135205066253097388601974017
213176048047240183033102004435995806
044214128076244248167237052234728906
153071177194050062046165004435379906
073171192226212230228202004432667606
131071025249244038204221004431813206
135084107093237042073105000802257206
047027122052198229188048093390167117
076177103228251190081014004434267706
030214173032212227178005004435504406
044201195042064005155209004434310306
073024161099199224157208004433937606
134164179107237042073099025153807006
073027249006135079171158004435969106
206027066054073165228017598140044506
249070079098205032022222001230020017
131134146233202028185019001235247717
202019036052192182179229571282786317
047101008185212195089178000805232406
201084218219193232166117597954775717
044026206030205055131029004435069606
054146029115251000115139040205080517
222081019117199169194038462480008006
047030089119231225123073000530238917
044084128178205055128081004435293306
248199067106198231050179000800278706
135243027120199169000040004436076706
141236063126135079171133000533639517
073024200079215255201199004434616706
044054003230198240074072004435307306
073155112248199136069168004432739706
213179055092207001186130052223894906
062213201170207001002032000803556606
218225193063116246215081000535643717
044055062072199152013238040703175817
113101217061244001019238489335236517
131148087034212034247249000535971717
016036124186116246215122004435713606
063164011126207001164182004434911006
228079105182205113245002004433082606
131000191090215161040190004432816006
087109108069139180046029106734587217
002130154130073165080232495770044506
013156069251202029244216052233787806
036218193188240063100003540740002206
130149099151205217250018443240002206
044010056200205184033144090015726906
116118134065199177181144004433461306
047038234041251224229127093395269117
119132120170251224032205004433993706
044024116039237042073101004431029206
062196105235050248122126000805091306
210206026081194017239253037590038917
050051205039199204078138439460808006
231148130068199153060037004436326006
044076131052202029031040004433791806
047172052059199137227174004431908906
231148133071192166169190004430923006
070243078228199169214220000800146106
044007208032237042073100004434906806
075091212212237042073096000802401006
062215223099205126032234093390171917
007234225066231225123072000531555217
253102008178199208061181001235802517
033245221221116246215050000805862006
245059150254199137224001424880312706
152244036021205251202064004435921206
049089166045198192215168099970122906
104202094043016045106041000000000001
148019225205135079171142000800818306
057184217042202025026076001610382706
044000015180237042073099004434399806
237241130097138152125118004435096906
050051205039199204078138439220808006
140169207210116246215094004433404806
007148105186199135044033533890808006
218225091066231225123073000533522517
204110131092122195111160374090044306
096142113084199136067118647013988006
076177103219205251200098052224319106
106162017096205236089190399344557806
119132120173192030026056000805416806
034253255188205180043029005875391806
021091198050064005155106000803616006
044000073176198231050150004434630206
044222187076199224147080004432658506
227003066118202030190255004436030506
128145073052205113207208004435811906
111227018029198229022109572204249817
094101044162215255200002135125942217
050075028226202028128139081014980306
223014026221205032251164000804151706
135059206034215006253045004433870406
033245220246116246215255000806257406
044068128199237042073097004434507006
044205250099205219217046004436316806
200016024012244248205104004435940906
044025168013237042073094004431382606
149042099141131114014039092170930917
072011178233199136086010004435607606
140065118193064005155219004435186306
036212210195016230166050403230143306
093062085230205251202111080802633406
007238181055116246215156508170904317
047045212235207001131121093395826317
032171105033202030129003099983517206
044085248041205249058152004432632906
135079127178199177255039507244984017
097102094011217008115213449632157817
030214172152212194251014004435664706
044000201196237042073099004435751406
098161121119193107086134004435544506
135084107064237042073095000801975006
047001157025139219143134004433365206
044000015180237042073095004434358006
101160237152205236148042629150190017
048181084192116246215095004435139006
148067222062244029050160000530103717
213175202245244248166237052223881706
228079231241215163203172001821381806
237042065009237042073101000803227606
058199155064050065214233635960044506
101099042162194041032233532510008006
197093036035198241226018080801537506
150250019037192030057255000000000001
218225091066231225123095000533006517
047169079216237042073102004430337606
153149104246192029060144000804549606
197043153102237042073103000802616206
044206154074251196218162004434954906
150130005199215007228037651685371506
016242056115231225123090000532441417
103240064219135079171128004432711206
205053085107205251202071068815325606
083143249234073165107050570540044506
141183211081202031094112004436330206
044007049164237042073103004434669606
119046068062202030212126093000111006
119132120174212195130217004435570806
103119004169194086002023000802640106
247003110196207008083203092170930917
243054196135215167248134000805655506
100231190242199208057086202332197617
048213156120205035001136088415934806
131121155099202028144223004434959206
200124146153231225123072000531878717
231148130180192029094082000806253906
237042093033237042073098000800525006
128087134238192182210188004655128106
210008048130215006173132577440005317
224008095166231225123081000535081417
123188126153215255163125000806102206
223007030181237042073106004435276006
013025043133193065012242000803793906
196092076118116246215079000805069906
073150003196205211061139004455581506
100250060077244038204221482415600617
044007108179205236238205004433323906
133252096037202030082080220134154417
044027081128237042073105004433750606
054167003166016228003084000000000001
013157057228192182226135240701475117
148068185187205217086095000804605206
213176048210050254094249004433887106
112172033208073165109118611270044506
218225159168064005155233004435540206
223007030181237042073099004434358106
062195056196212195089174004432629006
213184192003205216103180052220406606
079151064093224134174194589144889906
076084085018215167149212092122671317
152157254217202028243073000806050806
103205144164073165110200130280044506
086038172232192182253049269471965317
221037170210116246215087000804393906
218252032002199224108117000232668817
218225090112116246215071004434067406
044004054209199208055161000805983806
226025148061215022058166020954438706
122028053239135079171185004432918006
103119018142194017228064000224657406
016012080213237042073095004434523206
210001151253192030068016031012579706
076084107056244127067110270163463117
073155112248207020255001004434203506
218225237129116246215024000804443006
047124000129199208048030093393286117
047110132078199168155007000804133806
069038087097192167233132000000000001
075035107048199169206186387891098706
101081106085192030124032004432646706
148067222062207008087057000530206217
197038200176202118017085001103575206
126042139082205180044167005874775906
047101039189237042073102004433326006
193253141242116246215026499300008006
106042209053205218245043068814320317
086106030040131114015079004432061706
008069239058251224032197000805535506
104235043159139180043208063465401906
075062217254192029060040000805554606
235128145056073165172167109890044506
070243079058194042038166000804239306
016036124160116246215122004434602906
237241149147202030122195004434180706
050022235091050065234042517850044506
209193202188240235017226553570002306
251103139042064005155232004433458506
021068196217207001013094004435963706
213176048207205066255005052222661106
119132120180192182240060004433575906
044220054226207000084153004432104906
036039127063192029092226000895799406
112113177023198209153030185161931017
116069050254202024004015004432205206
141216181031192182038131000805991406
127235039146219092011204000805437306
248126214185192030020233084636488117
062209001001202167002161088903164906
099234076179202028225081290894050017
047034096136237042073095004432629606
201101144021192182187141217770002306
054167003200116246215210000000000001
112081189113244031075061001234324617
047100122012237042073096004430755406
243054002208212195130077000803946206
239197182113231225123093000533040917
219247248104202025193189485790090206
077094054130199224151090004455480106
044003214238237042073102004434001806
044002161222237042073100004434811406
223208143086194100118234000800269906
111210022184205211030143602022787417
044004058140215167114145004432705506
231194171037215018163128270230228317
062210119225205126037146000805323206
244199180007202029004035000800298106
123188126106138145208124000804954106
110253055235199169214026475525964617
131003234147050056082031004430416506
016198187147199137233223000805224506
131210253057198229110212004434929806
218225234185116246215021118915493106
227010076019116246215095004434991406
047119059201192132094126004430151506
021120126067205126037146004435387706
204028145058073165073107506310044506
013216172210215163164234004435563506
073024236108237042073099000803800006
213173027100138152152245004435875806
070243079122202031001212000805330806
101153079005205071019011111670830017
109138005096193065012186004455739506
016012080216237042073099004431599206
044038105216212030093150004435944806
070243078228192182133072000804948606
070069011044050065170198208260044506
047122017240215162048224093393819306
237042071041237042073100004432719006
016012080218237042073107000800281406
056036141118064005155183118915997006
132160144026050065196091516790044506
044021025096244248042018004434075706
136030128224199177254246000532951817
149042099141192030070075092170201717
133114015083205218043047542140338906
081170019183192182139124571173138606
055238126083202030068154207315116606
127242060239244157134141004433073906
044007060143237042073101004434924206
044027170124237042073106004435461606
111234251011050056082031004435044706
049193174002199169214223514365964606
231128055195138145210182579860548406
049006038152215161031064514133490917
063166040176116246215094000804446406
105145017036073165109235526160008006
201248056011199223125099592660002206
112018245126205212182122000000000017
149158111009244029242058000805033606
218252147246205218008173000805323406
042204057159215161114124070064299006
213179058184205251205173004434860706
062245043025192029209074000805395606
197043153093237042073099000806369406
140169207210116246215094004435685906
223007030181237042073092004436265406
096133245188198192214082033010338906
223007030181237042073105004431356006
016059192097202167131232004434966006
044025045054237042073103004431667006
076084179115207180051016080645070206
076177103206198231053138004433865506
088088016236215176008020001235673517
148067222062244029048153000531289217
035164063243215106045108089995450606
047123220218205112188193093395513006
062251094141199208052150000804124606
196093065223050123066002000532351217
062245225080205138232177004431362206
244199217204205139035089004435308706
080072011233212196048209429090150017
100208217209231225123093000535711617
063175140090207001170186241701819617
044203215203207183082085000805578706
237042093047237042073248020010200117
134005166149116246215054075840008006
008075075198138145199242000802640906
101089000248073165089138591030044506
027136158090202028130039037245349306
136053123146202030151226000803838006
059025174011131115160221150003365117
245031229225193107087109004435850406
213176048218205164191035004433829906
218225091066231225123092000531313317
131134146233202029101168001234265717
047038233202240223181066093394442817
076084085018192132030178092120930917
041146093166205149043225004436174606
080201167024202029144113070801748417
016012080216237042073092004430806006
148068186173244067210238004433833806
101163148099194102243073640912713006
213173033205198231053138004434923606
044050213035248200242078004431882106
047090076028207001014250004436535106
044037160143244031010018004432690906
131134146233212230153141001235940117
206157043163194031029111004432670606
070243079058215019232002004436386506
133240148236251224091164234140112917
030169052167212171170184409415854806
030214172203215006068177004436431306
130004046202205125123140000255403906
116246127070064005155195000803933206
133076254253207180048013000222987306
213175202106139219137221004434229606
044000087205207022044106000805180006
130121094160231225123080000535883517
083157253066212194147232369866249406
239197006092199153100187255655395706
237042066202237042073102121040008006
047112209048192135131189004434203606
134009112239192030007221000533256117
124114161022050251189121066674394906
195222041194202024007138000803592606
047186089125205213185008004435698506
106194121183215019203018127770005317
002130136195202028198214424645054917
111002174088199137235112000805337706
148003126059116246215069004435436206
141183211149202031005254004434045806
047081024140237042073103004430648606
113175002229205216067105448730534106
047028011047215177242173004432713106
134155178223205250012195004435431606
226154176178215027187207004433455606
044001146208237042073107004433035606
141236058078135079171145000534074817
075009203237202030017048000805497006
141183211149202028117061004436175106
076177103235199168152205004435935506
213175253251205251200120004434356106
016012080218237042073097004432952806
223239026122244031127216004432060206
049041214191244127156184621660102717
016012080226237042073094000806387606
195222041230202024006228000802685906
218225036242116246215068004435701906
047028072150198231053138004432017606
203017235138212030170141010433489017
015239136137212195128204000803970506
091095242248073165034070642950044506
121130154148244003240047170930293406
108119062237212195128205514134937306
127058076166064005155239432341164017
098028246117073165080028531280044506
140122054182212194090025004434989006
210011239074202031157139107143474117
098115052055231225123091000535296617
150131164046205184035163586034584606
130004046202192030065155000255693906
073155112250205239062247004434566906
201198030142198247245249123191022717
097133087114231225123074000535040317
013216092203212230042086004430158906
044068123008237042073104004432397606
099194138077050065250217627250044506
213175202226244158083125052220533506
062199082095116246215070004434477306
107096125198215106210073132660102417
223007030181237042073097004431267006
097132228239231225123074000533785617
115159001001215027184232068812751006
197043153080237042073092000804132606
119034043100202028156223074322106706
044004247143237042073106004432972806
201196156149073165089166639080044506
109255128087199223102078070170002306
047101030085135079171175004435203306
073155112250199152091135004436057306
101160237152205201186237629150190017
099029253178192167232194004431225706
218225236226116246215070004436377106
078078043254135079171103615000044506
148067222062198254094066000531657717
213175201190244212229043004431057506
107091156210215004019210033916024406
036218200065198243031019111760002206
106200142226050065235115519900044506
044205140108207001015166004433940806
044000024175237042073106004436249006
086039233118207180012223503215765917
131092198167205125122221004654428006
131210219147215161087138000800843106
105035187128205113202081601340103117
100208217209231225123095000536061917
197143138162194038088109004435754406
210030029151244205009050004435107006
087121247081251000112221510650005317
103218046253135079171207004430498106
122024234185116246215079094825689006
016242056115231225123093000532477217
134220140231215162059203004435324206
146111212089199169207255366283573906
047100097008237042073106004431657206
135084107064237042073094000803553206
044006122120237042073093004433155606
247003110196212202160199092120930917
015043183027198193176013000000000001
114072007174131026048060529140044506
062253080046199137227021004432845906
239213054012139219137190052225436406
245059058008215019109062065114015706
070243078228199204110059000802709306
155038086115202118040109000804637606
047123080064212195089174093395550806
222035008182116246215087000803964906
218252106253016229020034512700044306
044197229140202030172005004433636406
044002105251237042073095004431648206
107138233045050065138160585620044506
213187199243198229031187004434072806
200162140207050065249014143780044506
124101052205135079171132004431387106
197135179116215167248070000805650606
149054251213199224148156000803694406
200222118228205126032236000802283606
075062217254205070211023000803391306
062202160041205187184009004433361606
151079196121202030049064406740143306
016211079229192182067052572663756517
016043038163116246215220369080008006
049097072145205139222123566960008206
044006064056050255155171004432632906
131151065185251073188198000533568817
088088016236244212050060001232839017
129217128174244089149057364963777617
047090241128212202218052004432839206
016173086204116246215092004436505506
042093164090139180034162437533327617
100208217209231225123078000534265117
223239026122207001007081004435979706
044002237020237042073103004430344406
050084201029251196218162309802663506
237241128201205139168121000000000001
148067222062198254094066000533849017
141236063216231225123072000531072517
105204000136202118024009526560926317
197137115172073165054100635700044506
073027047107237042073101004433988006
137105069084231225123080000533996317
096140176109202028154082405004482217
015230250086205126046216574040410406
147250126054198228051000000806202406
047160184017237042073103004431769206
104220091010064030113251548233002206
044009041189116246215084004434790506
041241186250244248142018000803994706
044023243060199208049252004433793406
227003145126202024007194005546331306
150134047074202031094154122165259906
248199210186202028052098000224886406
218225037071016045106041000000000001
213179051255207000086021004432643206
047004182013194017236141004434672706
096164133218205216098012357870198206
218225236216116246215242493870904217
073155112248244038204221004432717206
230123000233251224118006446695341317
109210154245194039034102354130100506
221082247052205230159181000805729406
030015074152138145203037000000000001
062241108081198247251255385580554406
127168149027202118023053070790247606
073169061106199169214220048770431106
197016034242240183051067000803760206
085134226227073165107201573180044506
027012168025198033050189627472546517
030189087201205251205181255281698717
074230155011205071138052558084582606
213187199228205185136207052223995606
116086068189199169201141004433948306
013192054082198243031078004434457506
030179137082215004019210033896308006
047026078121207001174041004432623106
044039016193138091022086004431531906
062196047072237042073107000806513206
238204206120205184037204000256034517
099207081071215162059075136440044306
047101099240237042073103004433815206
016020197179116246215220567830008006
034108125233192029092226127460808006
047050101188207001009042093395500206
213179055030212232184138052222736706
047108127139237042073098004430828606
225197118062199153061041000806315206
002198212003202024005121068811681117
044222086018194114119214000805529206
247003110196212230037170092120930917
141183211149202030110247004435858806
048160131178240063114060334870008006
237241137071138145203037000000000001
044068041155237042073093004434942006
237241128252138145203037000000000001
016012080230237042073106000805264606
074144223064205194210075229073947417
053173067251202030185079521285071817
223239004171198209159153004434017906
096133184242215163175044580461667106
135079187055135079171063222050044306
195112255213192135131152611655048417
007234225066231225123074000535445817
110187045053194114010089260853613617
044007103049237042073092004433997406
072011141002231225123078000534756117
030210069023205195115120004435027306
076084179115192031166107080644153306
041150227118215163006031052223287006
136110172225192167127105005874647406
090027033153050065172125571380044506
134134130178237042073100004431145006
077150108191202167077048434162756106
197027211143073165054016539820044506
016003251157199169221098004435085306
036211001140207009248135121370143306
228202120167240063130171004435322806
107221128182192166238235170143542217
108202118231205126037197000254673506
213175202217205139032016052224011006
047011147048237042073093004435887406
237121184140207180054207000221612106
119132120158207001001066004435166006
075011026105207180189166004432921806
237007145187231225123073000532633617
007239235076116246215070004436067906
244199224088205139085042000805147906
047124240061205139035190093394227917
075055188132050062046165070202795206
218252062018251190082009004434231806
016040071252116246215069004435138806
053116154239192182185013000000000001
016195253241116246215122004433741506
102113238120198254091123586610222417
124145217170116246215069004433851506
218225090016116246215087004436157006
047123014017207001170180093396250717
200175253087207008189236464144760517
044059160114251224229112004430120606
237042071051237042073107000802760806
231148130009205099158030004435112206
213176048174198231053138004435652306
147159022247202030139171043250002306
047062069159198243190195004432848006
085042254136205200149026142892668017
245098089199199136067190468140172306
214227229106073165090023648950044506
047081231144237042073096004436285606
207196010192199153108121216920308217
152236190236192166212029000535175617
140200069162064005155102000805898606
195255195129199177255000477831469917
197015102164207180012223000805981406
096189079173202167044253004435013306
127168149027202029095100070765002406
088102023213231225123092000534976717
130004046202192182208054000254593906
092016032161198193131066585603711817
228079242115215177176101004434967606
134134130181237042073105004434105006
062246203121215022057063041104165617
058091080232194017229138000805027706
100197036137202024007219004433020106
253102008178198209167051001236058917
008074003148205126033101004432895306
238063138190215161045102019354928306
231148131098205071139118004435194506
076177102205192132094122004434951006
229019125184202031030003057915410017
214133238167207180012223484263628817
044068123008237042073095004433504606
143238252104205070222255004432651306
119128008123240223214032000806325406
042064141086050065250232649090044506
203224096082116246215210000000000001
202217215109194102249090572750111006
206032046104199137227107068842975906
196093065108231225123078000531206117
030015074136138145203037000000000001
148067220032215163175033000536295217
092019103091205180108066005875260706
208070209180198231052169004433993706
062248127090205218074125004432633206
244014070013251224032197004435193106
116247099228116246215186599190148417
102050251000215255201121569610103717
073155112250192182200215004436119506
048166059154199223122088004434354106
075091212225237042073098004431109806
238204111178205070215221000805151506
103221255144050253158115000531315217
224134044246205164096216004431414806
192044147215205032030254364895130906
210022217227194086001169081182887506
073137228190207001052006005875390706
071080090102202030052254010243443417
213173043246205127099193004435532106
070032087159244001168019540590002206
002136100025192031164167080884077106
223002211120064005155195004435348106
195208228131219092051184113370714717
047160006137237042073107004434600406
044054086028244038133045004431430206
044085150055205251202104000805351706
141236059031231225123090000532947317
231128055195205126120098579860547006
223007030181237042073103004433320206
047111019044198222247176004435305406
047177090095205066245181004432671506
049118103026073165089208600000338906
044006122120237042073096004433661006
197043152171237042073248020010200117
117130148231205184032218405760618817
124101052211135079171142004430258906
131252189233199152013210001232598217
140242145219064005155245094824951706
236203133040205125065044228586144806
133212242035219092011009466870385617
047100179217237042073096004431911406
231148130018205148090060004435133806
021120108094205212182125004435013806
135084107093237042073104000805314606
213175202219240183032089052224536706
197043153094237042073106000801676406
096036045095207180012223004433926806
044004213176237042073107004434946606
044026121187237042073099004435182806
053085189079016229039023000000000001
237241143083202024166136004435710606
013157169240192030062176052235268706
140126025066050123066002000535518717
135084107064237042073101000805858806
087125239164215167248138233335166806
115224197173207180055002000221831606
057150230089192022173233079700117817
119132120180199153060118004436365006
237241130097194102250021004435488006
198141125106205249041120004455169106
021120126061207022024194004434983006
123188126250194114091140000805726806
218225205093064005155230004434338706
097117109244131115160077100015650906
013156180176202028150255004434171606
121155241197199153104140517473745106
218225009199116246215120004436208206
115005202121251000115140000504085406
027181056097199169001133533173348706
073155112250205218245055004434306506
047109233133240235108140000802644906
021068191133207020027239021955416706
131210219147215022048013004432804406
007207210150212194041215004455120806
044002162165237042073100004434141006
073146064249199153047011087005173806
208070209183131115009224052223789406
122027138115205238171022100862129706
198140042047116246215223544070008006
223007030181237042073102004433847406
044070021182244020133164004435595706
104104172195215007246013158615482217
202217215109198229106196572750711106
044024176172064005155209004434765806
143090042085205180008248004435141906
070243079058202024007197000802096506
016012080225237042073095367720008006
124101052211135079171132004432627906
047011147048237042073092004435715406
151248115025231225123092000532572517
075255020083064005155193000804354806
223007030181237042073105004433459006
202217215109138165018130572750533006
105198240036244127157143129760136917
223208143086212232014006000804414206
062205190036205239062009004434950906
193253139204116246215223516780008006
044005076192237042073099004432563206
200223240249207180012160404133899006
243054009046231225123073000532253117
027136158057199137229235037245133106
223007028020237042073097000000000001
136053123146205212176066000805867406
048181106054016230168186343160008006
047034184031237042073101004432101806
067031038129212195069012415910715206
243054196133205236085011004432040306
097039042144212194090031000805307906
111234250192205126033101004434355606
239213224185205127096098052224612306
016012080216237042073095004430419206
131010243126192182046075005874140706
047123012249215160157181004436119806
195033229031202030056231438196423817
148067222062205113207250000534073217
063162073050207001174217004433508206
245209093137193065093242258520338906
092044125039050065189091541040044506
159226201096116246215073004436180206
044006226094237042073104004430698406
131134146233202024004098001233437217
159090019123198253223066131240002206
211037211043199223123197211570124017
253102008178205230058094001235526617
135240062191240183006018000800821806
078079113146202024007005004433087706
044029027225215177110192004431408606
101160237152205071028170153780190017
062204109093215162050050055132638017
249070079098198193189085001230012317
119175219026192182250234000232694206
211247139085192022160173000804634306
047081231144237042073103004430775006
213176048249244212229158052224326206
097123037167251190160005107215032117
044073209238198253203037004432673206
158146109104205236117244512810002306
070114204038199152015237171880038917
076177103199199169001149004435137206
044026241102237042073093004430539406
044007243054116246215095004433669906
218225196096116246215093004434332306
053084108175073165079159113690044506
037010172237244127141129415300808006
062200101139237042073096000805166406
148072106235231225123076000535088817
131192122245237042073098004436475206
213173027125212227179009004430301906
223007030181237042073095004435183606
103237068023205187184009412090234917
075066094234135079171079004430997806
070089115046073165069090101490044506
196091190248064005155175000805004606
125001025024205249004194163931639317
070243078228212202150050000800317106
140169199208064005155209004434534406
204026153012205218158048068810455017
047081000167237042073103004430267406
100208217209231225123093000533934717
132222122106198231235089334580107917
131019022105139212124060080800675706
222246139109192182000027514134034217
047100158133237042073096004435829006
130117042158073165059047541080044506
077189084057205071020216315062254817
073027199013237042073106004433294606
083015033161199204096058503216375606
050075168153205183034064000804785406
197043152162237042073097000802335806
113115139061207180014074503215388406
213173043238205251075006004432669406
016147137151212171082154000804963306
083027114110139218240252000834720606
221169237090207022026127068816525706
021091196016116246215077004435907706
125206040209064005155134004436021506
047011121228064005155181000806480006
042090035210205236228042364276068306
077131004224139061080218609863900506
070193039230073165105155646410044506
062249164233207180189166000804035006
231148132092202024007114000802658106
212143025069116246215082004435916006
210061102067215177154219004430168617
153071177224198243031006004435986906
195222041194202024006023000802444006
218225091067231225123076000531950017
239213054007205142148157000801705906
103236074053073165081045643510044506
250015177059244067209150514134719906
062241003118205251202012004435461106
044018161203205194243059052235680406
044025190174205126032234000803702106
127107225022231225123072000530879517
109153001254205249055027000250262706
230203206002231225123072000530366717
096054244112194078242129524614319617
044192170106131114015018004433314006
047100219198205211054243004433320906
062240090165207008085128004435115206
044192065024237042073104004433271806
146242186023193065075082068812716606
047168103175237042073097004432780606
219122116219231225123081000535849017
153037036193199153100146155285639117
044090247097207001007171004433979606
016012080232237042073095004433705606
081233025214215177164058485800143306
044054250059207001003109000803792906
097133082094231225123079000531501917
152031133036199204078072052466538917
203203181001231225123078000536547417
016012080205237042073095004430673006
202217215109212202155117572750311006
047170093193240235109162004434308106
213176048015192022169133052224706106
195197173048251224035008198764552506
196177093016244248167178080800161206
136053123146205211054248000804044306
218225196048116246215093004433456106
075115009040139180034162456823327617
062195162224237042073100004436326606
016215173248131115183247000800238906
251103156042116246215218019354569606
149042099141205071137203092175215317
044002014134237042073093004433222206
042022021186050065234195615690044506
076177103235205139035230004433966706
212235205105205167107229004434101106
022195043103205183123112004436274706
134187091098199224151141000000000001
047101025201237042073095004432323406
125103071130205251202072004435329906
141204003138205138232068004435349806
119132120170205251202072004433977406
047036217052205187188021000802737406
016212134234244038194172004432822806
075009053164202030248070000805987206
103215112187064005155174000536229017
073155112254192182023091004433406106
238063074219192166170208540360002206
213173038254240223181066004435295806
139130165147016233090186544050044306
243054196209050253202083000800754906
016012080228237042073094000805538006
044026181255237042073104004431563006
213187199225192029209125004435942506
079229229083192029094254633150312806
218225009197064005155192004433978206
062202143243135079171198004434571306
075066055227207180189167004434435506
133240147218251224005137623795458006
048180136105192182193067533990012317
002131029130138091018165534294197406
221082247052202167077044000805029506
221147030059202031151199004435005106
062206176135205236237226055133889517
213179055066205251207207052223915006
047045130065192029170002093394746217
044051198005199169025052004432782706
047115098239202024016106000800251306
156018014019199153102059222130115317
114077099181244089055140004435590106
126055172172050123203047320050102406
036067211074207008087141549020143306
119131070175199169214220004430278506
047109124198116246215094004434821806
058032193152135079171057000534587317
202217215109207183148173572750411106
021068198044199152004024004435632506
047122237229139005155189093395765017
149140044165064005155228004435818906
100117058168202024167207152014971117
227092245209231225123080000535664617
047170248188237042073101004431045406
197143138162205166060224004434933406
148068184009202167077103004435436106
044000133249237042073101004433922206
008075075210198255178226004434925906
044068003134205137108233004434978606
047105205110198193189172000804155906
016098134039212195130012255655529406
213173038243205218011126004435950006
044022158036237042073096000802011206
214151232001073165073020652060044506
093166077039199153061109041980002306
062202173206064005155182004433331206
099210052209050065188236591810044506
033236176074220021119250000804318106
231148133114205212176253004434980306
149033031105212171043226574153978317
194222074252199153100146645365639106
218225090112116246215071004434364906
200175194142202029174229000000000001
230203206000231225123081000534746017
242037250062198229185139474330044306
127101008061212064145050617026341217
070111165065193065038133000530764206
109254196255193065084002521040143306
148003126058116246215069000803608206
047100068026237042073098004431129206
062215214210215161115169090015840406
131252189233199177248027001236097817
119132120164205126037195004435400006
083068191149194043189210614262787706
237042071025237042073107004435944806
008248160002199153096158000802688306
062225196211139005155189000804472406
091029124200205126037118000802168406
047177153021199136009157004435361506
075091210223237042073098330160008006
062254246053251108156219040305199517
102242130051215019148157548410491117
197001197233199137231135183225388817
091233224221073165107135374050044506
030015085244138145203037000000000001
058010108219202030253210037245011406
088197096152244022028153537190012317
069225134148050123083215519140899906
099217005213199169214029620783332006
044001136159064005155209004433608706
070243078228194017014243000800415406
054109117233207020027073135432083317
223007030181237042073095004436388806
223044129146192167233222151522279017
206089110157205071137179641042624017
243054081022231225123095000531537117
016034208233064005155219004435650306
150166085180194100126165150285796806
245098055074193241061095000805307006
057184217037198033013113001615787106
098160062130202030165059358464361117
133213216015192182003227619142725117
253102008178212232184061001230012317
016253002197139113197190529340905006
047034056253050254095245004432673606
226154184204205126037147052220218306
148003126058116246215069000803605806
044005117233116246215082004433452506
232188068255198255185126000804636306
047111041154237042073097004430212006
249237195221237042073107000000000001
199050227002207001175153622132381417
044037120183212227179058004434046006
198140003034116246215053515830008006
047107000071116246215071004433940806
047169079216237042073101004436158006
237042067018237042073097000800814006
224115233227202031030208004433813906
231148133203215004032058004435817506
124117015038135079171167004430518606
239213234139251190082084052224544106
032191132039244212229061004435677106
146124016158205218152048059384236906
111229054107139072048231000000000001
135084107064237042073102000800938406
243054009033231225123080000531414417
044068041155237042073097004434165006
064005212137139113197238509740905006
219254210090192030024248004435150406
136053123146205066060221000803242706
231148130027199137134182004436043906
047101201186205251202111004432691506
044063241019237042073098129211999606
103210105098073165107193279700044506
075091210216237042073092004435792606
125228248223199204096145000805129606
044206175215205236253173004434996006
128079089197199177093148068810103417
213176048157244158083125052223807006
047059033010139180038008004436044606
042090161076244038204221000000000001
051218108125193065001034000255202306
047009025167237042073102080012188206
129085034233193065002026004435486706
127110068163205113251037000530779517
047012046192205187184009004432648506
077153067061050250221252117303144117
200018106122202030022235214360899917
075203045106199177254245000000000001
148091245182198033051197080815083906
152148099157244127158038000800198806
119052248103207001175102000803675606
135079185206215162059097437230044306
204096127022205166045024004435381206
213176048156207000086042004436333506
075067180034205250038237080660472706
210061112218215177155029004434142317
210004148212215162059127551540044306
089216149074202024005124227835253817
080043135166138071030116223302909417
147238092130073165111087611080044506
047028160106205211063103000806295906
131210252196207008085229000806088806
054120255241192135131152533605048417
249237255173249237189018518063344417
064049067032194115213194088882182517
050074105080251215113218004433565806
008253121006192030038029000805454106
109146047171050065138018221250044506
136053000041205212178158004434885706
114242104183199138218125000804916806
073024250052116246215070004433418006
044055095139194043182001004433129706
013213089148116246215087004435714906
073027151207237042073100004430274806
002159064041073165073211635330044506
197061129192252248201161092175988717
070243079058212227179154000803934606
223007030181237042073100004431888206
226154176178205126137041004433814106
249149130217116246215084004433687506
022195101105215255060091004435060706
070243078224215161079110000800478506
090212110067199136069204446440002206
044051090052251224088146000804606606
130150037145231225123080000533963217
088088001004244038134057139620808006
135214115176192182165205004435144406
127242060189199137238179004435287206
036152221005205112117153340980002306
076084179115205112174007080645637306
084113166040212171012133000236048106
062205076238194102245207004435317006
245209093137202030249058217270338906
195005217082251224088130068892754106
030214172167207001175125004434996606
202217215109192029081058572750711106
013192054008198243029005000805063306
116069050205131114015018004433126906
237241146056248200033120004434126306
062248156026205139035178052225719106
141183211166202028038069004435896606
033228141158251224032197004433613406
058024020007193107084219000802639806
047011074112237042073107004431513606
073027211131198192208020004434944906
062215223099138152126210093395424217
073024225211237042073093004434833406
106205238069240235108140513501459506
097133087114231225123081000532360617
223007030181237042073103004436026406
201205113253073165064103565680044506
077238183221205126037089628571990717
034108125178244038134057553750808006
253102008178205164126229001230012317
135072012124199224110141429373302106
044025250041237042073094004431427606
226154176178199177255196004432713306
210189250068050122062061623481565717
156255233149205239048128561282735106
134164178095237042073096004435424006
074107231155205239049229172502053417
223047225084205251202106004434999906
041237076104192029095044468700005317
239213192230116246215073004435656706
047100216103205195126241000801820506
127242100076064005155218094825307806
075091212242237042073097004432827206
213179055064205195122235052222649606
136053123146202024016074000806128806
008075075159244038133045004436271606
016212027172192022160239004435378906
213175202229215176003203052221198006
196054254109207012140180004434657806
132160144026073165065240590080044506
213173027182244212229076052223606006
149042101045205195125183092120930917
197241237050199169202149497815338006
047100144058237042073094004434928606
050094170170205251205198019500250106
197065115005139143018000000000000001
013026232099244038204221004435830006
224187148013199224102037248882989017
239213224161240235108141004435161906
141236059039231225123091000531204317
119132120180199177187238004430180506
116252241249139180047156004433338706
044027170124237042073092004432431006
141186047135244089100193004435775806
193253252150116246215053517950008006
047004019086116246215049000804113206
133221182236194078242090089992040917
047082233013251224004243004430382606
119132120180050062046165004432337206
102025057038192182190021562655875117
016236017127205218156025004430163906
142039248210194038153213219741528417
044063130117050253170204004436075106
027123006185215255019213451384372517
149222068105116246215083090014265606
108229112031192135131152620285048417
073131094123244038133045000801980506
249070079098198193189218001230012317
047111041154237042073095004435687806
047187169107205166253248000805094106
041167148228138147090053000804122906
076084179115205187184146080642669106
148094169014205139035230004435239606
127254205172215161031156572980002306
135240062190198247249107004433624406
213173139056207180188197000805338506
070241050115073165069200520800044506
202217215109212230228010572750844406
086100119105198247227154080005188017
047108234002205239048152004432729406
044000015180237042073102004434003206
237241141014199153054139000000000001
016253001140116246215071004434947206
089027107234205211034018531560808006
062249145165198222245210004434970906
148113029184205164114214000806524806
047111122036237042073107004435864806
087079243134194039060202577816457806
050050048023207000086197000892644506
047101064034237042073096004432906406
062209011021215163004031093392661406
248073050200199152114011475644623617
035126158156215255200002577045942217
044048187036207022045092004434730606
239197000178199177245245004432659706
030015083156202024005149004434389906
213179055109240223180061052221843406
113119219087050065250211566290044506
131134146233202031048197001235702617
021120096177199169214218004433916606
080175140007116246215008000000000001
016012080218237042073100004431287406
208070209182198229022074004435528706
042204053233205185136196070082644417
238063074219192166174052472500002206
140066161014116246215120004433873706
157135074156207001051113005875928306
210030029151205249180161000805898106
213184192016205070234194052224492806
050029012128198193187116001602626606
223239004168199204064058004434933806
239213054023240235109089052224793706
140065118211064005155209004434150206
044027081128237042073106004430950406
215180094002198253203037092184832106
016041178130199168226130004435252706
044221195015237042073102000805588006
107103186073251190157112260552664917
041149159087202029242054099983742906
096189099131202030010201000805562206
044068153190207183081231004435117906
008074003148192182082107004435174306
016040071252064005155210004435240506
044220083167116246215045000803391006
072011211057231225123091000533567717
140066195199202024017210004436390006
103240064219135079171167004434006406
044026121187237042073107004433865406
202217215109194078211147572753888806
223007030181237042073098004434582206
141236059092135079171152000531436617
055233073176237042073093537720008006
073027177001237042073096004434040406
050067189144193065077125000804968106
111229100242050065172230033180044506
125144005132116246215086004434862906
116086068205198193176207004434029906
070243078006192167232138000802689306
058245242020139218240163092120201717
149158106089135079171198000805233306
100086201196199153036045000250408306
103218046124135079171142004431332006
074101139049050062046170241792028406
149140044179064005155100004436216606
016179000114064005155203004435267806
251000215195205236255034079555576906
146163012177199223127128435315346906
044049244088116246215095004436354206
062245204133237042073099004435921806
058092026237050120061111000805145906
197143138162215019232013004434967206
101223212000202031031171299605151317
062211212115212030093154004433965806
197118153249073165054085620180044506
109255037085207180048009584153499417
159104085179215162057047647590044306
096189180167202028017096000804795306
030015093055205139168121000000000001
204096127004215167114013004435756006
223003050110215176019050082004079706
204124090159205199052172053153530317
119132120166205113205236000805128406
141236059137231225123080000531281117
140066161130116246215120004434289406
135243119114199152013158004433624606
146085087154202029100134010241418317
062199082095116246215079004434409806
044007250141240183051070004435805906
055233073151237042073098004434606006
085031021034073165173208615210044506
044001071031199152004167004436409906
044073023188050255049114040501128117
198140016028116246215223625680008006
127107225023231225123078000530319917
016171184192205180041092005873941606
003130126206192182022031000000000001
044048187036207183095097004435015906
100217061117050121087127000805190106
237135129047050056083033000805827906
223007030181237042073098004434213206
016012080222237042073106000802965406
089237039201050122231189093056306217
088089034046244038134057287630808006
239197069026139010250151068150005317
082100063200116247217234000000000001
103215131170135079171142004435247706
237042093027237042073092004432349406
044073049136244038194212004436088506
047176088226205126109007004434005106
153173186045202024005189059381909806
208023034223205185134067437483449006
218225236073064005155203004433852306
047100158133237042073095004432625806
092003193165199169223249528080143306
075091209200237042073106000805509806
048167202123248240123169000000000001
141236059252231225123074000532721317
094182037238122195111160489420044306
114112148130135079171161000534026117
147228190098073165110161316680044506
075067180034251224004061080420183706
231148131000205113197157004435434506
141236063126231225123077000532613017
224013037109207008087034000000000001
042188047173192029094254533310312806
109095211144205211049098514132807717
237042076255237042073100000000000001
049097072145205066139035566960008206
149042099141215006255010092172646117
131190120054139143018199004431760606
129031097183016045106041000000000001
032083196083202024016106466335311617
077164027004073165105112493410044506
149158111124205251205198088856086806
044021211080198231053138004435302706
141236058098251190010041000532529317
127168149027193065033074070815047506
127165132128116246215021000805119006
044077199255016238145171000000000001
008074003021205164112018000802641306
231128055195207020027095579860546106
111212091127205071137174405652799617
030015085203205139168121000000000001
044002173140116246215082004434399706
101221234121199135041138507770044506
136053123146202029025157000803965506
122027118143207001186130000805008606
133032176001212171043226556933978306
062197230053135079171207004431116706
088098089150205249055033412105801117
233036111191199168152210105945602506
135083152077251100097023652055542017
237241146012202024007114004430587606
044219076109202029048188052233701306
214132243193073165104024560360044506
209110144122205187185217105480891017
047112224008212227064176004434772006
016012080218237042073104004433651406
044038105216215018163131004430207206
253102008178194078243226001235394217
202217215109198247226246572756333306
119142160229215177154201004432719717
197027032227205211030077000800165706
047169094069237042073098004434941206
102087139038205186046038491122735317
047108243000215005010119000803532706
140066161043116246215156387310904317
153071177194205066063155004430402506
047119173016199224109078004430243906
127168149027202030011252070764928006
203099144160231225123076000530692717
087151121000199224098189563110312806
140169207146116246215085004434502206
062216229198116246215070004433719306
159111133128202028024044591761263317
193253244029116246215055608030044306
044021182125244022242184004435610906
044086051160131115162033004434949706
131208004246205180091065614565842417
119132120165205148018034004432890606
097133087114231225123094000535759117
016036124186116246215122004435710406
097117109240050122156031100971664606
135207186068192167127033000534808117
197085153095073165111096527780590006
237241150033138145203037000000000001
239213054021199168152226052225864306
033241125155116246215076004435985306
044060234054116246215076000806353706
047124203179205251204051093394539617
159082009234205211122004298110044306
231128055195215019232144579860546706
030214172187192182226100000805863806
088162094077122195111160348370044306
050075214059202030130212004432802606
209095102156073165091000631830044506
057012010171199169214054511354333106
104160174088231225123094000533933217
044204082126116246215093004434671206
135084107064237042073099000805172006
070213068141073165105033507240044506
047045155105199153032090040175727606
136053110192215013075134000804997606
138119236075202028181188281990103017
218225159022064005155101004436008606
053095144114198192229244102440103817
223007030181237042073100004433449806
067011083158199170237173560954511506
047123172000199153038013093394747617
042022045229073165111101156330044506
237097251011050254092220500455814317
047001130171244212230246004434945706
129081075106205126037197000254673506
070032087159244001168235538320002206
044197116083207020027134004434182506
134199068120231225123081000534452517
231148133078212030145111000801672406
209094252165193065084205356665823417
141137156144138091093139004436506117
117176172248193241060127586970038917
141236063090231225123081000530183217
082171120079198255178226611355151017
206157043065207183082230004434793806
047111039119212171135081004434936306
044027179127237042073102004430263606
124050187041050123136032365693343917
218225091066231225123077000533502617
116086068180205139238142009935584106
196177114064215160090215004433302206
047032110241237042073107004430658206
237042094131237042073104000803104606
047011074112237042073092004431239206
042204060035215027220171060081770617
237042091026237042073105324560008006
243054009045231225123074000536191717
135187234155198228176178004435472106
218225236211116246215242430250904317
044054132120240183035172004434904206
231148133051215019233023004435332206
097133082094231225123081000533096317
136227068188192166168123485250002206
077189188240207180012223620516095006
246219028185205211054221037245680606
036223184150192029092226330650808006
097132228080231225123072000535056917
202217215109192029091018572754333306
242022048113050056082029217982725817
213179055015207001131073004433403506
237241150040205139168121000000000001
218225196096064005155210000803883506
213184192026215013082111052224749806
013157050193202030145090068926035217
119197166187199224153059004435130406
007238008094116247217215000000000001
093047217184116246215084004435562306
016012080219237042073105004434058206
112096067220207001052105536191763706
096239187013194100115016491600108417
047169018001199152003095004434567906
135243069031064005155235004435820106
196180166093215013083101313893752017
049136244193205032028230466285836606
070071044246231225123092000530123517
231148131199202031164078000805136606
073027151207237042073097004435015006
131174243019237042073094004432482606
044209012085192022167167004433837206
152041050143215177165029000805032806
237042093036237042073103635720008006
140169207166116246215092004434846506
124003060205116247217234000000000001
103229100137231225123081000533172217
048166247120199177248241004435416006
044206199177212171082166000802636306
062202173206064005155156004433549506
099035122035194042036105069013038106
224115019221199224156213004432694406
037010002091240063114060518790008006
210008048130215006173132522360005317
080200200022194038151045031250688106
239213054090138091022066004435349306
139130176205116246215059503480008006
218225159020116246215045000805060206
041150231028212227176167081385024906
062208129255116246215076000806183506
223007030181237042073107004434604206
219079168176244038133045537030688106
245098035119202028017202093200910117
063160162060215160157137000805408406
231148132108198243188198004435324906
208023082002202028050158012085469917
044050074074199137234143004433608306
149210152067212195133124498193292717
044002105251237042073099004435137406
103116058105050251141178498212190417
073006026127205216065199594545514217
081100031005202029231130456825544617
047100056104237042073102004434175006
074105080084199137232025138373101406
131026029057135079171006032160445506
087129105016202029129109522960002306
075011030163139212123098456841500106
149042101045192132029133092172671317
044219076047202024007083052235380006
057078245129199153099014292160044306
197081038206202024006042004433891006
044069144230205071139118004435107306
047124156040212202218246093393666417
248106119105194078198074589035290206
021120110033205184032056004436336206
139107190037207012138096004435724606
047125147102240223181072004433666506
130004046201192030091050000254815006
252171219033193065011122020135110906
050075043044192031161251080802634506
098171150119198241227150004456352206
041144134014240235108141004433628506
195003012098205239083149529340143306
062243075221116246215071004435870406
136053101161202024005069000802075706
077152185061207012139248538532726717
096189198224205139169073430320808006
080164135176122195111160508100044306
040249101182205199054017614585720206
044053072221199171104070004433716706
041197105155199224107225068820303506
044003127078237042073102004435019206
109100032020064005155064004435314006
047019138074199152014224000803027206
097133080176231225123077000532714117
044220083167116246215045000803405606
218225196123116246215094004434404606
126047092169205213167038082005217117
062196220061207001008120004434947206
231148130055212194041192004434932806
213173038253240235109085004434702906
062238183184215163101199052234548206
226154184204212195071109004434600806
087230012251139218240252529520808006
101163148099205199052174641422713006
127168149027139212124060070790135106
047011174045237042073094004434429206
063147052086135079171158004435325206
103113186011194017228064000225283006
044085125114212230037240004434950706
197202025096202028087189004434994706
119132120170244127141205000805216706
063175018224116246215094004435265006
044024116039237042073097004430437006
033241125179116246215076004434272906
099105022152205249004129510936519617
077190023251205113250126389861943117
048167178066139218243176000805681606
224134213146193232168178000805880606
146211169208064005155231004433990006
245098099099192022161058398880044306
086106106251073165090239535030044506
073027146097237042073096004434755206
016237093249116246215074004433947306
126047086179199223125061082006352917
135244027178207001054098082644998806
021068196220205218074045004435097306
008075075221199223117202004434953306
223007030181237042073102004433710006
070114204038205211056089171880038917
227197061053138145212199004435435306
148067222062244029048153000531289417
248199040006244089100208000805233006
135084107064237042073092000805568806
044094059079198229187191004432666306
196177114165244158083125004434092506
197016034252199137224143004433445206
047177085145207001175102360082648117
223007030181237042073103004433057606
016188225076064005155190000805478906
102037115186244003240047458560292606
047123220218138152125013093393310806
105089020039192030025007000805297506
202217215109194043155067572750655006
202217215109192030031253572750566006
210063240045205251205198000805059906
133071181112198209152026460526016106
058107078114196092079053398800002306
223007030181237042073098004434532406
152157244218212194042003000800463506
063164183106205055135116004433668506
119132120169138145240103004436186406
249146105176064005155245004433423606
135243027120139143183009052223659106
041144006215237042073101000803137606
092004053232207020027073429852083317
195066236001199224099094227944440017
107076149061207020027127064016407217
032169123231073165107133555320044506
129023209110192029095205004435069706
008109233089192030023193004432623706
047160006137237042073101004434046206
202217215109212196054137572750399906
247003110196205195113106092171033317
075194066094205213189163004434946306
223007030182205219153122004435839606
237042083118237042073097599940008006
239213060023194043179037004435021006
108114063109215018244002313644427206
044060234054116246215076000806292506
062228175108207183082230004435447406
103229103016231225123094000534971117
223007030181237042073103004432432806
047048111021207022024194093393337606
055251171217215161047145542950143306
075249190070064005155133000805791506
197155091172198255170234004435997806
213175202231240223180061004433786706
119046068062193065049157093005457406
057184217041192166213079001612464406
047110181203237042073094004435332406
088230073150193065075131065622020717
062196119218064005155209004434943906
122013118052215004019003004434884506
135211169121138145199242004432670206
047169043227205166058139000806089506
196043026097231225123072000530905317
197022184195207180012223559165872506
072011141013231225123077000534235417
059211238234240063113219000802542306
007234105210116246215022000806341406
044008068193244212229038000802643806
044004189082237042073103004430666606
213173142219135079171167004432166706
131003105167205098227069093394194706
113108104224202031186106512844778317
021120110123194086007116004432749806
134164179064237042073093015146233606
088094067039193065004085068823636917
044023166209199152012217081062722706
197052136029244089053083383490008106
016012080224237042073099000805515806
231120120239135079171145004433343806
058226202211244089100220051564954917
206168117167202030081069617786146417
044025010021237042073093004430518006
044001097030135079171175004434227506
089234164245205239116010392890002306
057184217043202025152149001615384406
109192025174198255185126644025240817
064030115184064005155040402700905006
085247217042205098227178070004692106
141183211149199170237173000805422806
213179055085205071132240052225304306
044028053092207000065130052235319406
213176048183205055205079004432641806
202217215109198228177147572755444406
223007030181237042073100004434104006
104220037110212030170024357820808006
133215186153199169214029514136206317
206126025220199153099166396560002506
096043202014202028225081644374050017
213179055123205203001125052223702306
213175201160205164097081004436517106
044021236094205219216058000802647606
093064247180205126032070586915534517
197214195228240063113219540970008006
008069236086199224110098000804575406
075091212232237042073105000805292406
122048066207135079171079000806084206
148137206218212171148108004434951106
062213120083131115009005093395903517
200134171201138154105125225795643506
123080241229050123065244004433793206
147008042217050056118095549034402206
196092076109116246215074004433627906
047170254249237042073106004432256206
016012080230237042073101004431133006
008075075159194038155157004435078206
223007030183205239062133004432728606
131121155099212171016138004434984006
218225236133116246215092004435087606
196093065108231225123072000531312117
016242056115231225123077000533276917
135255215001199168152226000805176406
062215024030212034079171004435478206
062215214210199208052105090014475406
036218200065198255185226395420002206
113115113028199137227109105763187217
063171113031205127099205000800970906
213173043238205112188173000802677706
059170228084202028215088237990044506
016012086155237042073092081813736606
208181140212135079171142000802999906
200035249006202024169083182030232306
231148131098205071139118004435194206
044068187143064005155229004436486406
044084085059205164190005000805789006
149210135112202031105178000805812106
044006099056240183033096004433545806
197016034093192182249076004435407106
063172140065138056032176004434847106
101172028223251000115139583960864317
141236058144199223125108000532401117
213175202251192132030116052222907006
097132228080231225123094000530199217
101108141158050123083013589365701506
075255020090064005155193004436174706
116152239232207012129092000802949606
102006114236050121119139253692806106
044003214238237042073093004430325006
135072013018192029095215432333330506
213175202109212227176016004433494806
021084065145064005155201004436097406
197109216211237042073107000805349406
044085251243205219217105000805572206
119039226186198241230189000805468606
206218135031205032024094170201444317
126002222195207020022009004435396606
044201171167199152013137004434376906
127235037021205216065178004435066606
239213054009207022045044004430702006
135079177222135079171198004433301706
131099187012237042073098004434162606
047020154020116246215082004433988506
016212238126192022164074004430223606
197016034086194043120144000805850606
047038196097205236085072004434671606
030054150137215004019210033896110806
130150039114231225123095000531906717
047111037100064005155136004435802206
070218090220193065093089503141520406
044000045205205211062047004433149406
044068047245237042073100004434654006
044002114207237042073099004434490806
140065118193064005155219004434870706
237042071042237042073105004434977806
047011147048237042073092004433781606
223239026122199152007073004436366106
223007030181237042073101004434829806
092034162138244038134057255420808006
073167154195251215115082004433896406
124101052200135079171142004430266406
098086201249116247217133000000000001
075091213023237042073103000803854206
002002132227193065087085004434626706
044006155040237042073101004431908006
047124075229215019148157093392639906
044026184049205239062060004434782406
016036124160116246215122004434601706
062209009231244248042018093394400417
237241146023138145203037000000000001
235229199145205251207214590470104106
196014049134231225123090000534944017
016012080228237042073107004435111406
119130229100116246215076004433771706
149042099141207000069046092172548517
070084217179073165104096574690044506
016237093238116246215074004434629906
235237133153193241061248139843373417
041241186250212230042114000800196506
057184217039193226255066001614200306
044210083122205138232076004435524806
135219069057050255212205000801446306
044024098189116246215073004436527106
133213215217192022160239367645551906
106208204072202024005069000803420606
148094169014199137224016004435622006
148094169017202024005005004433272006
213175202240244031008116052224109606
016098134090205250092042255655205806
044022237179116246215120004434769206
108119239214199169202100212203139306
130017205134202118019090000535165517
140247079158251000115141004435491506
231120120239135079171145004433343406
044021200033207008087070004435008806
075055185007202031067034099994564806
056231227017199170078210005000119417
244199180007202024005155000806016706
063174215194064005155229004434894706
124101052211135079171167004433235406
194043064133231225123091000531995817
243054081014199224100173000531598417
097132071237116246215075004435298706
047048049009240223023059093393604606
131052030178205251200152000535616606
047048195171205166055177093393317417
231148131128205236092073004432647906
064004255129231225123080000531716317
127242060178139130004187004435884606
050075181043199170237173000804138306
238041187133207180053135320052655006
148067222062050122231117000532897517
131003234194205251200174004435104906
119132120170205098226188004434387306
129107151058215162048158254615058606
044222121179205194244214004436365206
197210006237205217247190580594012106
128226186040073165073179576060044506
075255020109064005155193004433654006
127168149027202029139237070794930906
116246150146064005155158004435446406
131031156247231225123093000533894017
044207057241139219142162000804012006
140065118211064005155209000803789906
124116125237116247217234000000000001
053051060233199169214062403613297806
213176048185244248167237052225502506
078142165033212197176011514131300017
044025079037237042073096004433121406
044001146208237042073097004435985406
047048103149244158005053093395465817
141236059241231225123090000535726717
135079185143215162057079351870044306
044004058140251196218005004434383806
123188126162139096108246004432744806
218225155154116246215105474310044306
007234225066231225123073000533467717
148113172159205211049098363112976406
055255140239205212182117527125582006
239213054021215177242173052222842406
080211098121205138232131168816180106
047160238065237042073092004431055006
044069006114237042073094004430573006
135168151104064005155137094826305306
237042093041237042073248020010200117
002002132227202031067125004435526406
223208143086198209155197000805055106
124101052211135079171142004435656206
008072209240207008188174004432701606
197030218109205071139111004434195306
049097072145199153050058566960008206
223080042108135079171104000536369217
213175202207199169000150052222796206
086106223171202118062080004455590706
016012080232237042073104004432727206
076084179115205211030084080640906806
075062217254138152140210000805648906
074146028220244038204221404242113417
252171219033202028150079020134936706
125013069125240223023122004435291106
047038044041199152014056093393633306
148083148055193065105182000535654717
109209058047194038153122000532067117
126052107132194042201093087104603006
131031158012192182178159004435117406
013216048200244067234188004435291006
237042071023237042073102000804532406
250089215230212195130182089995655906
238063074219192166170030353460002206
203135199199193065070237000256369306
047091064019138152153253093395524806
044005076192237042073100004430979606
021068194220240183051082004434986306
041144006215237042073096000800370606
211206095192207001010054068810291917
104068249038193065079033000803475206
130150037145231225123080000533433717
197091195201205239049238004434251406
097133082094231225123077000530108517
021098062154138056075218004435338106
236146136233050254094253004431567506
128229133239205180043025000254577006
063150146075064005155209004434541206
213187199232205251202085004434431706
091248142162122195111160520370044306
002094201148192182063130000254583706
070243079058251224032205000805191106
196092076149064005155195000803755306
075095166023202028131010550005564206
073155112250205239053255004430217817
105148042166192182137148225930102517
057184217040198032171097001614681606
204002086017199153054042105590103017
159098228134205200027178647406258217
016039191053116246215093004435705806
044008033006205216063165004434986106
044002161222237042073105004433958806
097205148066202028053183203682466117
062201092044205200244199004436073406
077022112105207001054021522762773706
213187199224205137108233052224417706
047123062044198241224168004434406406
041150147180064005155174080805697606
213176048160205216103220052225277106
088100028144215019149253004432706906
128219101075116246215080004435283706
134164179105237042073103025155902406
225197118110205239087221004430331206
223007030181237042073106004434393006
044206042074135079171142004433457206
196043026097231225123072000536450117
050094127062199221116093004432705306
122048066026135079171079004436180606
042204052222215027223171070086208817
044200159153205113206118004431644406
119132120180205125077176004435250806
153039120106207012140201086006032706
044027140201251108156018004434015506
202217215109207012134056572750444006
217242123016207001002253004435831806
062212090207205184032211004431494806
069124013041194038095239537300338906
047170248188237042073106004430341806
210030029151251224032205004435995406
213184192005205055205112052223723606
208070209174215163006233052224648706
137100081159205166063097242835477617
044025062064237042073107004433824606
099035066151205071020076004435593106
005217025018205167206006358740555506
044018239199050121198092004432789706
103229102084231225123076000535330717
213187199226192029208131004435864206
075062217254215007140237000805157606
098176144255215177138239647600102817
044068100254237042073098004431170406
064009077076205236228042010886355506
044058020201050254094249004434154506
248176087058064005155200004435335506
213179055028205200149026052222859506
238063074219192166170061425540002206
044011036132116246215069004433913006
080200096105202030006130502080688117
021120096244050062034042004435293406
044002105251237042073096004432774606
085030128226251190163116105090108317
243054196203205055128226000800894106
245098099152202026018245512550044306
097187213076073165108096567890044506
149158111009199169214220000800297006
214007027088215106210142505532424106
101148118024073165034188170660044506
237042066203237042073105176220008006
114242109010205219155050000805281106
044003127078237042073099004431981806
021091199204116246215070004435668606
124057180101199204103066000806178806
079121155115198253192123581820002306
100197229213202118054182000805713706
042090020219215167248157118392603606
021068197207205071047227004431298706
048167030099252248201112080005188017
223010197078205166209050000800735706
044025062064237042073102004433202206
041150227104192022169159052223849906
062197057040237042073095004430274006
113053186149131115160069302335992017
057184217037207001049255001613954406
125032050148244022254234107132948417
047100103141251190082073000805272106
015043163104205126033104000806240106
058024020007050255048254010802742606
015063036203202031130249042011686906
158149167196073165079237527030044506
116086068189205212183176004434037606
136227068188192166172024467750002206
087118113237199169198149370080808006
047185187116116246215094000804317806
156231110168192030071030000253449106
203027122177202029176249392315742217
223007030181237042073103004435674406
044208235055135079171158004432683106
044095162078050056156083004434862206
224115233227240235108141004434483706
223007030181237042073093004431319806
025191067179207183083093260854578617
042055172129050065214182191670044506
063164077051215255116221090013579606
203123159111073165109080583550044506
075212166055064005155055095004254306
099077234142138091029162562174217117
047048178180212202217067004432791106
034104066179231225123079000534710717
223007030183215007140194004434708306
213176048080212227183127004434506406
047168071189205186046038004435035106
044005191028135079171142000805789306
223007030181237042073101004430351806
096189177194202118035010509170808006
201196224114050065172217506540044506
062192133148138091022066000804031506
213173033200215177154201052222667306
119132120158050062046165004433439306
073024217069237042073099004434533206
134164179074237042073092025156438606
114218021081131026048002505300044506
126047073125138145199242082005292117
030015085205138145203037000000000001
197111084207205236228061528983399206
113108244156212227179051264664639106
047119059201192132094126004430152306
243054190091199224110070000804738406
231148131108205070212216004435125706
022211037038205199053036004435155906
213175201177215005010130004435571006
223239024084205239062133004430308306
206210150164199224155227004456241006
070243078224194042036108000805750906
213175202231139143180089052220275606
223007030181237042073106004432142006
150217055103194086007116558352644117
196052037242050251141188151520409717
210061167105205251200120004433495717
044204120118198231049105004432355106
238063074219192166172201430920002206
058017075013205239062013148352125817
135084107093237042073100000804390006
136053035150202030164019000000000001
218225236225116246215070004433360106
075091209196237042073103000805060806
