129066131083192182215233005874391106
062196170063205239062149004434746106
058051098014202118034037592326113717
134134130181237042073093004435096006
206240092254064005155149000804976206
114118068019244020056041000000000001
136053197215073165065149550820044506
136132107110139061080005000535844206
122024154239064005155231004434866506
237042093044237042073100004435725606
249070079099198193176149001230012317
077190172018219092207093110600933917
007238181100116246215241371010904217
225126186136205187186031257024898017
073161164058205251202236545065429517
070243078228199169214219000801499806
237042071051237042073096000800719206
237042124168237042073092200740008006
131174243000207020027221004435006006
149210141102073165081200105600044506
049224136098212171170184068895266917
096116245151050065138188492680044506
244014070053199177093140004435032806
016012080226237042073101000804295406
218225205092064005155200004435174706
213176048120212227179051004434525506
097133082094231225123094000531176417
134194243076202118088113000806001206
251103139061064005155233004436517306
048165186056252248025120438720012317
089139021041215176181068000000000001
218225090113064005155210000806535606
147237040035244089102125403640104706
037043029172073165228186568310044506
210052088234205219154165009934028706
143011015043016032168066334560008006
131184001166231225123075000530590217
206047071037207020253047503740002106
084065245048202025065213472030002306
034108125233199224098189533020312806
049210208184202031141158576960102617
044001159232237042073100004435045406
153039112164205250089242199912869606
103200226056207183081212449331584217
127242060237207001006031004434870506
067027119026202030094130591005554617
244200080106205127099016000805029806
124244090231231225123095000530729217
105165128161205250094200568625032117
021068195095050062034042004435778606
070243078228205098029145000804960406
058047002066073165172016618870044506
097133082094199223099141000531393017
213176048142244248205094004431402006
194244175183202028160151036580365817
044004008135199153043108004434962206
196043026097231225123091000535097017
204046050129205098232229042854267917
086255114252205184035163559634584606
062197021088205183037193004435272006
131210252196199169214025004431545606
131134146233205113200161001236062417
222081006058073165089047622750044506
223003055197194038092194461360002506
047080124018131115162004004434985906
097133087114231225123080000534436217
218225090019064005155132000803301306
042006168050215167248173597686075917
044039243071199169001133004435878106
080108005230192029094254377940312806
194043064133231225123073000531709717
002075185127212171168138068825170206
062211252060205167107229004433669206
016227204145205200244229004436214706
100197036137202024017136004432769506
139169064229116246215069004434015206
016147136236215163101128004431734506
050084201162251073189178000802829406
063174114062138091026050000804140806
047025109105205126109241004434050006
044068082160205203003029004435185006
253102008178205032247235001235528117
153158135069231225123092000532729817
223011158072251215115082088014066106
044006044041237042073104004434343606
076084092251205218025097052224926806
044071068180205055128122004432804406
062248084111199153099215004435900206
126132122102205148086063000251548906
087105244084207020255078096490338906
218225090128116246215043639440008006
213179055125207001186130052220261606
005068082076205098237172598700044506
247003251036135079171145004433319606
062211217153244158005054093393881917
153096039012192182214189005873634506
124045100200199136103086377453343517
107218248224212195130221334460899917
069078169109205236095112374886387417
077238223052215162059126581220044306
129115071026131026048156595880044506
047173091017116246215079004435207306
124117015002135079171175004432130806
048167178066205218074002000804641106
093168145177215006172182270355972617
203203182002231225123075000534603217
073024239137135079171167004435628706
044076057018212195126124000806074606
251103139043064005155234004434054206
146050254160212194144229004445653706
049089171061198240075116559230046506
131172094225064005155133000536487817
213173033219205200149026004434460106
097132178179064005155218004434841506
135157217005237042073107000803479206
136053103158199137224114000804005217
131134146233199177176044001234221917
008069239058205212176132000804454706
073155112250205218245205004434511206
112081188215194031029096080680134406
062196047072237042073096000803128206
044084202107135079171128004432456206
221197115086252248027077004432786506
049026105038016229039023000000000001
131190122018139143018216004432496806
062200101139237042073094000801891006
044022069105244248167053000805535206
021120124194199169217234004435867406
237241146012215027213167004433913006
244199180007244003096194000805240306
123188126104215167248173004430200706
062194058225237042073101004435408206
044085251194192022160221000800385306
047006059141198231053138004434194106
047004246076212230061231004435018106
139107089205205211057242000801706506
098133087068205180050239654680688106
102211249141116247217234000000000001
208181150170198243179139000802682806
200174089176194078209105379601591817
196014049171231225123072000531035917
197143138162192167233185004431996106
119131066057212197209111004430591506
235229058163244003024207036585294117
027248104250198193178204603992668117
215180094002244158083125264240181406
044004189082237042073103004432526206
044023048236205218008149090014574506
047112113240244248042018087654422917
230249006147231225123095000533683417
047009101049202029152107004434633106
194184055041122195111160573310044306
047101203029237042073093004432938806
083109012155131026048029440090044506
136227068188192166169203511400002206
070246060028073165034124591370044506
021120125250194207240043004435057406
213187199231212230183070004436056606
033245039128244020056041000000000001
136227068188192166169139355420002206
135084107093237042073107000804920006
062202128004202167001104000802625906
108119137237212171014178405510202006
113114079046248200052157586664916006
083121077153050065170147592370044506
225197118110205239087221004436186606
100208038186116246215071004434569106
248035197082016233089210520150005317
062242067066205055132144004430392206
088142115219199204071217000000000001
113098115003205098234050004434385506
044031015069207183022193004434171906
126052097069215167025078000802650906
203123250114215004032120227584948317
049079216212202031167224050615900106
224115233227192182089116004432632306
204003051018231225123081000530198017
206154172151073165108188609940044506
053114054030192022160239506215002606
213176055236199168153189004434044506
016035125209205066159184000535101417
232163006029016229037174643300044306
075091210247237042073103004431678006
244200119058215167114013004434817906
237042065011237042073103004436388206
073027151207237042073105004432202406
058108097240205126033153350992824417
044005151003064005155246004433903606
062206201053116246215070004434770106
124029100251231225123077000532706817
116252241249205033004009004430777106
062213169019205195121213004430231906
206166204180205071032190534930114317
105237035080215004018234607451686517
213175253218205166055197052223721906
063163013066244248043249004433532606
130150037145231225123078000536139917
245098097107205236252228553370005317
142124162076244067211018004434928306
057184217039202030195012001613991606
062211065029205187184126000804115006
041167162195248200069131000805243806
218225090096116246215086004435188706
134164179075237042073094025151401806
097133087112231225123094000534173717
223043024040205180043173005875886206
122028053122135079171207004436058006
223007030182202024016216004433395606
123187184210231225123077000535390817
133213054225192182228038607882742617
007227194225205187184235614931031517
147205246121194017013132005873503706
223007030181237042073098004432632406
047160235052205236231090004435667406
047160113040237042073103004435434406
237241135088198255186198000000000001
218225090026116246215086004435721606
130004046201192182060054000253385106
223010195092199138219075270185013217
047062069159215018245184004430155106
044094190249215013072176004431421306
194195131042205251205198594674954417
149247038031205199052076004432716806
036218200065199153059018217990002206
072011141162231225123081000534156117
096189177194202118035010528590808006
108255056004138145208072514410143306
133036080001212195071106274551021817
213179055022205066230050052223095006
044003205117116246215084004435727006
109023104118199136084112493970106817
047184016237199152013242004432786406
213176048093199168233153052225228106
137113232106073165059060280940044506
002141199001215160157150410581876717
218225090026064005155210004435216206
213176048107205139035089052226032506
008072209240194017229143004435804806
213176048007205216103188052224599306
044037248043240223037058004435201306
125145253090064005155244004435166906
218225159157116246215079004435524806
213187199240205113206016052222811206
047162250155194102254194080004973706
042054116008207183018018063032166617
149042099213205180120104092120930917
070243079058198231053138004430459806
044000007196237042073103004433708606
206153176202192029095209603082655706
047123008040198231235160093393496217
114116225217198209154041080000269006
140065118211064005155245004435204106
048160002011205217151125604000312806
044039017091064005155192004433860106
108104152162199171102231450003796717
047081024140237042073093004432419806
249143060071231225123095000534526117
236146061181198033104134000535814917
213175253224215177242138052225424806
041144149077205236226140004434263206
062197002059139096108005004434001006
213179055001215163102190052225662606
206113059038073165064042555030044506
111205163112205185134068516971250317
047100038064237042073096004436442406
124101052210135079171146004431975806
238063074219192166169208472960002206
154017194147192030049173222440002306
047048223029205199050056093394351117
070243079058205236224150000802712206
213187199244212230182227052220440906
044222002035116246215082004434270706
198061016219016229024118336030008006
091096254036073165173060596880044506
002002132227205184032177004431225106
200162001240073165090059313460044506
135168078131064005155231004434329006
049142246218215163200054603120102617
044205042042212227179009004432900406
208178094241205219059062004435473906
103136021029244022028050453221361017
148083149183244067133125005142183406
133226200142215019014000093060515717
072011248205215167149193004433550806
127030215146205180099181580220666406
119163132079205249007131077775020306
218225090060116246215071004434030806
195223248234199224149005000804944906
112081189113207180012013001235168617
097132228080231225123080000532252717
099141032170116246215069004435355906
064004255034231225123075000530623317
195222041230199177082235000804961906
044220090222116246215014000804254606
044027179127237042073101004436058406
125020145195064005155139000803727306
146086234212231225123074000531787217
135240062166050123065230004431514706
098002232151194207242006508442048817
109193075101205218041103543885479017
044059160114138091022002004435480506
197016034201199138218125004434150006
213175202233202167002170052223907306
015043163116215177154198000804123906
075091209203237042073101004432864406
016012080220237042073094004431823406
124210159112205183034225004435769306
044025079037237042073093004433743206
030048237051073165173023560530044506
204106144227207180013137526613710917
139049126004205250089229004435727806
159215188225199153107068118540002306
025162107221073165080086635530044506
155038086119192030040165000805666006
197043152152237042073106000805562006
197086015014215018247055518061121117
027136162186198254091157011190600906
114097015082116247217215000000000001
044078224036135079171158000800331806
044002234002202167044253004435871706
059106038105193065062210194564007917
214231055007205213161047251056366917
134194243110202031021079019355317806
062212119213192029208198070785881906
196150183231194017228038000000000001
077023208110198193185149199921119606
193039185013207008082169321683480117
229019125184202028164119058265600217
131208004228198209142018614562730017
047112146082064005155219004436119906
149042099213215162121002092170930917
109078167017073165105251500120044506
225126009019050065235252435520044506
127168149027193065105226070795157506
047100068026237042073094004431047206
044020140039207183083004004432924106
047027042171215177242075093393492406
047187148244192132094000004433060606
149053203018207012140119004435165806
242238057078199171104067462404915506
016041098161205125184118004430336006
146038184099073165054222655310044506
015074139018138152125118496990044506
064004255194215161029038000531051117
054124211023212195084214276445123506
079121155114199137237008482380002306
140169207255116246215094004435280906
237241146012202029010122004435578806
016215036164205032027021004431311506
135084107064237042073102000803817406
244200013172139072053034000800984506
213173027114212195089178052220270206
047160006137237042073101004433447206
015043163111215106210142000802940006
134134130180237042073101004434883006
140247021213205216067013000535177817
007234225066231225123074000532587417
047170140165237042073104004431826006
229012023138231225123076000532088017
113175002229199137226250282670533306
223007030181237042073103004430660406
002120212067194017239057000806410806
247003207053205139035250000804421106
227010076019116246215092004436166306
100208228237138145213189000804929106
044087041163205098232224004435306006
044001159232237042073102004436535006
142129202241205250011030004434960806
213175202236205137109070004436243406
088046107156194078243231086201616906
213179055022205139035237052223388006
080200008125192029095211458155840406
096065158199199152010025561706472306
047032110241237042073107004431957806
072165049076199153102059527120114917
140169207210116246215094004435617306
129033027060199221121203000804935406
063161039000205180139218004430199906
149042099141205151251253092170930917
197016034168199224110061000804892606
153137074042205249054061240006304906
149042099141198209173088092170930917
016241099009116246215008000000000001
213173027165205216101013004430660706
013024110221202029117102052234909306
047108134219207001131073004435178106
047001057168219092051190004436171906
044001136159064005155229004433434206
044029150101212232088058004435061206
092089241049050065170176633130044506
213179055025244001169249004434992406
122140030069207180185095637830005317
047087130002205187184085000802856406
016012080234237042073097000805083006
097091235090073165073081644390044506
036171016121198033219062113320002306
063162114026116246215076004435840506
044049115048205213189177000802893606
021120111088205212182061004432062306
195069030122199222138023000804910106
141236062104199223125108000530868717
123188127039215007228045000803940906
202217215109205183036039572750922006
137220076223202029112200605520688117
047186199250194017229018004433774706
130004046201192182057117000253917806
070032085113205239092051588150002206
074110025182192182186150119423828417
101217092138202029124199054173011406
070243078228215019235066000800331606
047168103175237042073099004434397806
015043163116244089100210000804416606
196114107254064005155182000804191206
141183211079202029052101000804993606
044006044041237042073098004430831406
223007030181237042073099004433869606
099026028118050065235168227580002306
097132228080205218043183000533986717
239213192230116246215083004434566306
206157043135205066251130004435792006
097229156048073165073167609850044506
097113163125251190011026004434015506
148022164154064005155134004435125806
135072012167244001019238437394567006
217010104237244038133045245525808406
134194243086202030118073019350202906
114064185161199221119051266385830417
076177099142205195127017052225072406
201206072037131026013181582110044506
148083149025207020027213005140641006
016012080220237042073102004435226406
197122065207215177165029004436292506
002061112253205200224234004456537406
206240090103205213189137353910005317
050084201082207180012160250985502506
047160255152240235109085004436015206
223007030181237042073107004436099806
047100179217237042073093004434425606
002002130239194114011194000804975506
237042083116237042073098325800008006
152001058175138152140144004435098206
101221204082073165107221618000044506
141186045158064005155201004435774006
150143083151202024166136004432952106
077023208110205126032067199923198006
113177172008205187184146255652974417
062215216215207022044218000805760706
075066195036205200173086004435174306
128009252107231225123095000532332417
146146041050207180012223000000000001
223208143086244158005050000805789806
050051209044202118023235175554652006
124243178072199135047086000804922406
075255020090064005155230000804751906
108125150007198209165121610974810117
223007030181237042073102004434801006
119142024148205164099061004434520017
092016252146138146063253375032964517
245208181004251215115082000803785706
044027246247192029209119099335314806
073155112254205126032241004435949006
047122116232205249060026004435008106
044094180070199224110162004435847306
208070209177207001131073004433079506
135072013088199152013232401532435106
034213196103139180034185102970899917
090251113070192167239170087652649117
088230097043198192202148577370158817
075010138193192030035157109830126006
202217215109205249181031572755777706
131134146233202030144025001235083517
155038086119205138162053000805441906
047028191059199224107001004432635706
030015080252215255051045004435711306
047111041154237042073101004433441806
126001093126231225123072000530749517
140169207045116246215056000804189406
016012080210237042073093000803421806
135243027122240223181066052223583706
047081116200237042073095004430913206
047081024140237042073097004431861606
073024141071215163005039004433817106
214203126237212197209006148312658517
197109216211237042073104000801352806
062243026167251108156219004435224506
113106023132202029173057460516243517
131210252196205184032178004430287606
124101052205135079171146004431634706
047160238065237042073097004433183406
098106208135212194251014578635402617
106161255123215177242185000800676606
108254011054202030249204101300338906
062209128118205200149026000803788106
119132120170205113207089004434932006
047024005204199208060112004435192606
231128239039138145199250004432819706
086075045057215162165250558590143306
091177248076192182193067062360012317
097133087114231225123072000533388017
044039227007212230042086004435010206
135072013122205164122070348525925117
207214205140205250093233273244856817
238204131083205126033114080815168706
073169061106199169214220048773996906
239213054076205066249105004434084406
197027032243198254091182000802637706
141186045158064005155201004435773606
070231208181237042073104360800008006
238174144015192030020203004435979506
073007070054050251141178270072190417
062200071067231225123076000535712817
044004081143237042073100030005772406
016012080207237042073093000800650206
044040144063212230042094004430386706
101235247109199152070082004435641106
062200101139237042073096000801213206
097132228080231225123074000535043917
089075158127199153102059390156315617
008075075234205148026133004434780006
047188108033207183080155000803598406
140076018192192182156253004435252606
099141032170116246215069004434278106
218225236113116246215087004434366406
197109216211237042073097000804080006
140173240224199223100000000800152906
056019114144199136071001004656045006
085124116034192167125183331460143306
197155091173199170233238004435141006
085154009232251000112221076960005317
135197173194193065052250000805054406
206157043064194043181206004436011806
044015200248205250089072004432654206
135084107064237042073104000806138006
057106141154212197032108089992710817
202217215229205180082004539510401606
047050193212205066250029093393550206
149164124059215177155130004433484906
087160001177205184042218456820122317
135230134048251224032197000805134806
047084229098237042073092000805137406
055233073173237042073094004430994806
079121155114198252041241395300002306
214010128099193241061248000000000001
086037018096193065012186004456049406
096186226185198247248208080804091317
062227221103199177248178004434903906
197016034160199137226180000803708806
130245028202231225123092000533537117
016030106133139212123098355930543206
016215208159237042073100000802992406
073024217069237042073094004436405006
048165037068050122105077039995059717
239213054089244031010123004434104306
047168052107199208059190004432770106
034064248020205250088182526200808006
127035083189202024167245004434929506
113108252083215007246013015541828917
078089223238192022167005543234134306
047185187116116246215076000805278606
016195143020231225123076000534704617
044001110112237042073107004435575006
036218200065199153057130126230002206
087104247249050065235089653420044506
131000232124050122105077080320463106
016012080224237042073103000802080206
012244043124016229023231494170008006
197143138162138075186083004434355606
213175201182240235108141052223337106
047172187153231225123094000532122417
047101064034237042073107004430580406
047011074112237042073096004430927606
148067220032199153099152000536022917
129174199001205236239004059384916406
228079225065202118095109000803300206
058024242009194042201038474201047417
197093043111139212126178636020002206
153064019200198209153080509505158706
237042065011237042073092156040008006
239213054084212227178060052224471606
213187199242205113206049004434846806
224020213130122195111160057560044306
090059142176138152126178070024301206
203123041123202030125150542964484917
196092076207116246215074000803681006
119242050020205203249056543545686506
148067222062205236089077000530116717
002226170014073165054111473940044506
198140039235116246215053516350008006
244200083137212197176077037245654006
112081188215194207240034080680215206
197016034252138145199253004432804206
044219142135220245006085000806420506
245098037236207020029165000804359206
212235203010251073189007000800477906
146119207091199224149113058920102417
236146203229199208058157004432707306
076177102205244001169249052224425306
119128008123050062046170000801510906
075091213021237042073098004430689606
131134146233192030034145001234510917
047051254042251190082050093392753517
030054150137215004019210033895860906
137234065157237042073100275640044306
218225094005139180042039004435065006
047169086024135079171128004433222406
140169207157116246215085004434852006
097232113213252248203051180754596917
213175195112205066245094004435405406
217242117042199152014229160102103206
044084086111050251219243004430278606
140244199090205211114240000000000001
062218077006131115160074004432629106
197222188038219092126187544500338906
156188194114205098232222095881531106
044039227007212230042086004435010606
213175202121050123203063004436013406
116247053099116246215069000804343506
135243027124240183033098004435738506
116116093247199169214025099104207006
007037234140138030205130112235155117
075091213018237042073096231820008006
207229033028050253170215185324701017
044201107122198229191002004432681006
042095067143212232224046096764465917
245212101173244212230125093404940006
016062060189199208061122000000000001
197155091167205216062207004436262406
131003120059199137236115004435456206
064004255129231225123094000533454217
096189177194202118035010339580808006
016215145158192029210207000805090806
047092105091199224103187093393934006
072011141165231225123073000530978017
125149139007064005155139004435730506
119132120158198255165188004435143306
030131023137199205175089269960339006
127107225023231225123092000536351817
044095140166138091022122004433013806
135238185058138091023085080820757306
112178096107139005144047080813058706
103245145153205184078118494215787417
112038232137073165110013138620044506
131255054169205212236250592415837817
055233075052237042073104004432626406
047169156224199137234003004435043006
021068184067207020027207021955511106
057184217043202026159075001611836606
150016094255073165064021617740044506
218225159159064005155134004433613106
081096093026202028156045011345032117
044009191078116246215084004434000406
229019246248212194147100596462664506
044027105057237042073106004433472406
044077163214202024006245052234499306
047082095240251100097010004433839506
044027105057237042073094004430849806
016012080232237042073101000803027806
044008077238205211054154000804276706
105168004187215013074218068896470117
148067222062215007246013000535113617
148068184013192182008190004435326106
140169207146116246215085004436063706
047111041154237042073106004433617406
231148133185131115160069000802741106
213175253243207023229150052223673206
231148132206205149042243004430237706
112005035213205200173086105073208717
044206000003212227179102004435134906
213176048249212195084201004435115706
016242056115231225123092000536327617
204178223051244212136155370490899917
197043153097237042073095004431387606
156183143180205167130003000253904706
015048125021073165107172144790044506
110121075213202028156149089994311617
109159118175073165064056582340044506
113175002229205216067105278790511606
075091210208237042073107000802780606
148083149175194114063138005140698306
124045222169138071027138004434921806
078078066046073165034218159090044506
154006130208202024166144000801402406
047185094180205099158196004436098406
147155171072202030241167059386317806
124247185134205251202112052286004606
126052081166215162114245320050102506
044006155040237042073102004432776606
013216059149205195123196004435872306
062205187047215013072176000801595106
047160019129237042073098004434244206
096133245188205180139242016590338906
041150227110205164190013004435581506
218225196032116246215093004435448706
136227068188192166169153537100002206
016195143025231225123094000536277317
231148132140215019235078004434996606
131252026055244020059238099871140817
103240064219135079171175004434662506
092034162138244038134057471500808006
032181035170050123139068059385012806
208031029192231225123078000531824217
076123171040205071032190010330113817
153214238075205164096210034786252317
090073104238016229033085051800002306
140076018207192182156253004435253506
202217215109194031044000572754888006
140065118193064005155209004436358806
213179055091244248042018052222669706
096189195031199208051250455604915706
140173240068205138232161004435944206
110123074133251190074029000234709806
075067180034205250037226080651000006
075091210207237042073095004435568006
194147151226202028210106545470102517
130142015139244038134057421500808006
102169015029194078255064226864169617
100208217209231225123073000535005517
032171105033202028190250099983742606
047090134174205126033114004433934306
123188126142215106045108004436067606
131134146233202030176179001233761317
044072037154215007238147004433061506
237042071031237042073092004433155006
200163181175194078215190228391711206
053038234152138145213107326136470117
021137021052116246215048004434070006
127242060191192182159017004435139306
042055122212073165091038185910044506
021068197204205212176051004430302806
114071048009240063113242068895032117
140169207146116246215085004433719606
103245145155212195030175000000000001
208070209168202167000085004433685106
197030218116198255186198000000000001
062241003118199208059191000800480506
074227142108199136091120068825147606
148137139143116246215074094825629106
033163048018199177254245000000000001
098138176111205032025253586926051906
044036104204194114091140004435525206
195126112087202030185238429915141317
223007030181237042073094004430411206
125145253127064005155244004434642406
213173014180207183082210052225677706
119132120165199221127037004435331406
213175202114205187184126004432645106
008072209240139218240253000803483306
070243078246205212176145000804889706
207215208100205250089082517275067406
197169160041073165080253565190044506
098138179011199220222193170255207306
237042065010237042073098000806126606
225244214199199169192048492196468306
114087061103215019068049004436175506
197243251075205125072123099994830506
204214044150212195128205576572606917
044026234095237042073096004432305206
047190123116202030055132004433321406
226154176178199136086049004435823306
129023209110205249051081004435049306
008075075233205126032236004434968206
057184217043202026230105001614214806
247003121223198254090201000800907406
066255002053199169197049145872834417
062245178207207001175121004434634606
136151008075202030115223000803857006
213175201190205166052168052222701906
231148130057198243031003004432762506
135243027125212202219165052223289906
197043153107237042073102000803136806
237241135087198255186198000000000001
070032085113205126121055588150002206
002140243219251190074029000235238606
047113011130198193190031000000000001
130004046202192182036213000253919906
092019219131202024005050397665032106
111247127213231225123093000535388017
223007030181237042073104004435754406
152200233154205112118045004432825806
195158163067251224228057613460388817
016215058072199137232028004434754806
110242229028205184066205594010968317
036218200065199136069106429390002206
071008112099050065196024622650044506
062241051086116246215085004434137906
016012080210237042073107004435308606
223007030181237042073099004436351006
127107225023231225123093000530356517
050021087015016229024157000000000001
208191196253212202219189004434355006
101081106071192182170117004435041906
130150037145231225123072000536422117
206157043135244031011168004432784606
047034214121237042073095004434382406
226102051053135079171063104380044306
016012080211237042073100000805995206
197043153099237042073093000804080206
094022102214199169014172218745835517
047169189014199137227236004435040406
218225090096116246215086004434033506
080185099016205071032086200683918817
130004046202199152105125000254708406
070243078228215177154200000802905706
093121062183202024007111010345906417
077067104057199137231133209993491417
044004213176237042073100004430614406
048181199121202031188222180015027006
030214173103199224155225000805903206
057184217043202026007077001614117906
077013032002138075186227393830002306
047063052066207001003110004435623606
073025056110231225123072000530471317
148137206208205251205181004434937806
239213054015215163102109004430319306
062203004122251100165185103464784517
143011015043016032169110554390008006
247101131063205066251229004435805806
100209113134116247217234000000000001
103241039144139093088176004435491406
042221183038122195111160412470044306
213176048114205112188069004435402406
062196047072237042073102000805965406
044026052036215177242038004430456006
074104221069212232020064396174262317
213173038254205216103220052225487206
223007030181237042073103004433943206
044027167065064005155229004433956406
139227148002016233080118608350008006
119132120165198255176121004434974606
218225234175064005155235094823974406
237241135120198255186198000000000001
047091000043240235109085093392911617
044039099208199169024156004432639206
196092076100116246215082004436128006
202017126114205239079024050600524417
245026115108205098239114582602761317
044085129151205112188193004433935106
087079056132205167130002523435141306
127254177082231225123081000532973517
044037201254205071139022004435218006
047081085032237042073093004433266206
239178209000064005155180000805963006
044084202056135079171167004435685706
237241130097202024017245004431445806
050231237058212195128205125002707206
053149188242198253172165071770005317
047124077236205055128221093393545206
062194119127205211061058004433456206
044025250041237042073106004432136806
206203020159131115183150228976317817
016012080210237042073098004435053206
076084087232199152125214607666053917
237241128204139218243209034784595317
070243078228138030205030000805196706
197086015014205071034212487701121117
073155112250205167130002004434251106
201204240195073165054107579040044506
156247171129050065216014648740044506
114142026164192182233123228160102417
101160237152240235016236452810190017
044022102011244001020105072755587606
016012080222237042073106000805321206
050238213113050065138016083480044506
047033066165237042073100004431525006
047124226069251190082058093395721717
077060151152050123083011005874920706
044004189082237042073095004433370606
034080172094205236091071514550002206
197222188038139143037010324640338906
047177082122194207242172052234640106
218158088184192182225183044336183317
082029114052122195111160451900044306
070073063200202029211177646656095006
244200013172139072053034000802853006
044002177031251224118148004432762306
049240242154073165110136235050044506
216038054113202024016171000804100006
044024176172064005155229004436108406
197209162172050065196002057540044506
125144005165116246215092004435542506
148068185187205180056175004434587206
244200097153192132067228000802678106
037119179061207020019036000884462406
100124113083193065061188004435559006
016173175001212171107175004432772206
044026206013237042073097004433596606
016012080204237042073095004435181206
109000059172205251205060480702284617
127099050191231225123076000532243917
240083014245192182151176000253360106
218225196096116246215093004435682106
062200101139237042073092000805718806
243054249142244205242081004434042806
213175202200212227179154052225750306
072011141008231225123090000536065117
114091155104212030203103004435781006
119132120164205032020204004435203206
196054254079198192203050050010102417
253102008178192031069135001230012317
223007030181237042073099004434358006
062254125250212171081016004430359106
070254182010199204117026255655030106
213175253217138091026001052225268206
073027217212237042073098004433294606
110179085123205126033102553333261506
079121155114198247240246365050002306
070255000025199138219096274330120917
140242209138116246215073094823676306
075067250201205238169180000803014506
044039015074248200034125004434309906
153039112251212195133124199902624606
237042071022237042073093004436524806
243054009035231225123092000530542817
044025052213237042073093004434902806
099212163010073165108246044020044506
044060128138138152126050004433598306
238226023043199208151093151742444617
047048211089192167124058093395316917
016245219142205211122025387690148517
148074064145131115052094000530218917
118090081213199153046045068810103617
248199041148202028069224000804542606
047175200063237042073092004430694006
070243079058207001049017000804375606
035071075249244022141011443144953106
075217114005207001003103004435041606
022194213104116246215076004433807906
135243027126215177242184004433442206
243054081023231225123093000530598217
076084179115138091023053080645197806
025167053032198241201053235670008006
075091212217237042073098000804787006
093047217184064005155180000805468506
030015080211198255186198000000000001
200016042243138091023141004435974406
042157163156016233091077000000000001
070243079058202024007167000803014106
056023178214116247217133000000000001
195200015194050255212237514133866017
058235080146073165054041591940044506
134251168048231225123078000534185517
085024237030073165107153570760044506
204124189243194100126165543100688117
136227068188192166170209374650002206
084054064070199169206186500386027317
112081188215205213185107080685054606
058226172003198247250163004436302006
127101029093192030106038521663049517
007234225066231225123090000534541617
245212085119194078193247551375328106
044084122154205249014155004434979106
062206049244205112188193004435746306
044048139155205183123084332160194206
073027006102237042073094004435840006
196115231117064005155245004433986306
049211154083215007237065001232632917
016012080219237042073097004435045206
062209153194212195084205004435182906
213176048249251190082050000804153906
149042148153139212096090000531334517
047011160052237042073101004431143006
007234225066231225123092000533673117
231148133013199152089002000805632606
237042065008237042073092572080008006
135238149077199204117026255655029506
047026093048207022024221004434515306
044069079177207180188197004435648206
141183211166202029020081004434685106
068126020095205203249056549535682106
200124200090192182193067192360012317
012130008064207001006092004435415517
147202253103199152001093000253513906
140169207157116246215068004435183906
092018134177073165073146211850044506
030015095017198255186198000000000001
106004229237202118049109514135141317
047123057129138152126074093394870206
195208195143251100166226216223261717
116082028175205250036205004435981206
047123237054215163005216004435925406
030015069173198255186198000000000001
044215040197215005010094004434198606
201198079238244003240045068810291206
044000024175237042073095004435403606
044072195036212195070105000805107006
237042091040237042073095227800044306
127254220199193065095107359280002306
140255108222192029209118004432706406
218225090096116246215086000805736506
124156152161231225123073000534640317
141236059186231225123073000531614917
114066046099207180012223004435903306
053150011082215106052240262880899917
067027082224202030116185355376043206
047011184196237042073095004433892406
129107151058244031009056254614891006
044068123008237042073107004431532406
075038244197212064145037004435892606
100202255180207180012223000805913606
097133139082205250039161000000000001
247003207040202024016190000801773406
228079155183212034079092533850002206
111224149012244248213082004436014906
113114086107212230042094653590774606
196042229131050062046170000806311806
016036124160064005155193004435081906
044090247254199168152210004433088406
027121122210192029085115390273611517
122195147183192182010054004653553206
007234225066231225123078000534985717
223007030181237042073098004433379806
141236063032231225123074000530299317
131012031017199169205019468600615106
016012080235237042073094004430219006
237241149149202024004019004434063606
148067222062215162059203000536529917
149053203013192182237004004434244906
231148132109212196220236000800304506
245098106074202024125218545340175506
133039236079199177255188495541361406
153048014253251224032197540225302917
214000029101199208053124494923740506
053052038056073165064207611540044506
218225091067231225123075000532310217
062198090147207001175090000803977806
109237120218198247241155578742713006
211253220154212064082250491705841617
090051029223192182193067007140012317
223007030181237042073105004433755006
105008076232244127157143623480136917
210004148219215162059117646360044306
149158111009192182179057000805397306
048181106054016230168186412900008006
143238254029202024016080004432919506
096036045095207001003193004435328106
124057234019064005155193004435718906
104081092122215027187202538452645417
089188023254207022045110130002662417
101133008083205236237178210254470217
135159110072192029061146000000000001
097227145117050065212085236810044506
217242091103215161105065099264921706
119132120174244003251035004435507706
245212151248205211031164432953229306
075023027123205139035106379010204817
044003245085240235109045004433437806
193235161125016229027041264210044306
195072182072205184032103126954798417
130150037145231225123093000536403517
063160211191198254094226000804200306
062211003176212230061071004435365706
114066046099205236089082004435579906
044207214141215255200002093393548106
218225205096064005155132004436472906
044004052172194114091138000805683606
062245058127116246215093004433824206
002061124058205180085094541510016117
206157040181244248213085004433988106
203123085200050065250148587320044506
073027110110237042073093004430788806
213186016042207183081103004435895406
113174168253073165054184612070044506
153216193183202031021120248743189617
231148133172199170237185004435874106
223239025072199224153062004435509906
049236120068192182047221000254688306
044208054191215161087138000800857306
062203076242215163115082120000341006
140158138121212230061008000805959606
123188126104215167248173004430200606
047028062169212197179133004434403606
218225236073064005155210004434825906
224115233227205185134115004436097006
141236059053231225123090000532790417
053104203095202031034191510884012206
047229106113198193182084450002674206
127242060223199168156070004436303906
087062241185202024006251004434352806
122139039152205211055039000800136606
197222188038198253210244419290104006
044056037156205138232128004434616706
223007030181237042073095004435217406
210022242067199153054061562585080206
134194243110202024005029000800975306
079051057098244038134057499410808006
156089044054122195111160396850044306
047011147105135079171142004434715606
109099179228050062046165131854831417
042095064133192182090041313115123417
062208046214240235109089004434681006
204105086249192182086043214044833517
248199106162193065013138000223249306
091229069088244003007227317106012206
197143138162207020017107004436073706
129077083148205239062099261184392917
223007030181237042073104004435116606
238063074219192166174051396840002206
237042071021237042073094004435508406
016147136175205187185093004432882806
062228193004116246215071004434018406
134164179075237042073094025150923006
197016034086199169192125000804082506
250015225113205200240018627240378406
213179055022240235108141052225736206
114087061103205239048151000803579206
044001009033237042073097004431440206
113174230028050065250177567280044506
055233073159237042073100000803572806
195028220058202030006105440215687106
047110160103237042073092004435492206
121149089072199169210176004435576906
047084229098237042073093000803667206
007234225066231225123091000535992717
076084236255138030192170080503875006
124101052195135079171187004431792706
130150037145231225123095000534282817
021091198146064005155183000806084806
148094169025205139169077000533079717
200234151254205184076113452050143306
047101183090251224228027004434005306
044024248059237042073106004433611006
044060241131240235109034004435050706
204096127022050056130221004434193406
111002183087198247228018004431050506
223007030181237042073103004434647406
135240062190205164096215004434977906
091209087229202030183179589495502817
218225090033064005155132004434633406
108082049069215006005174222224417317
080056234094122193092085214590002306
008074003024205203249185004435022406
050051127229251073189007080800376206
125101146155205164099210004436340406
247003207051202024016254000803236806
141236059190231225123095000531897917
047173091017116246215070004433529806
213176048147205185134086052225211406
100208217209231225123080000535177417
218225159093064005155201004433503306
047012122044205236227163004430705006
131003116137138056035034000803834406
077063120176207180048013187404353517
196093065108231225123081000533112717
044026009006237042073101004430829406
044222190196064005155183000806521206
213179055119205139035178004431263506
047107042088240223181253004435732006
140169199221064005155235004436272106
057108100086207020019036000803536006
044095144253205139035106004434265506
044004247143237042073093004432846406
130245028202231225123093000532479817
148068184013194043102041200003794206
213184192021192029209125052224368706
047169086024135079171104004431877606
044001146208237042073106004435193406
102174125045073165228025441520044306
213179055010205112188193052225404806
053197122205073165034113642940044506
119132120170199137134075000805023106
044084086233205066249253004435041006
047109074090237042073095004433728606
016215024027244127159057004433548506
064031252069064005155173453720905006
044017167062135079171158006364428606
049239054246212195128205089992560306
030193143156212064080247370246370906
042204060035205035005166070083372517
071010139048212195133137066724019217
107093205166073165081124585270044506
075009102183016233080185363200143306
075091210251237042073092004433515006
210039050123131115052042033895705706
044009043222116246215084004433739606
070077184080122195111160042360044306
105038133112050065212135643350044506
076084179115205200247004080024603906
075010138193205148089107109830465506
199213138141205250089242386974746706
044221035141207000086042004433734506
076191124062244003096139004435449406
213179055071205251207238004431451706
042204053175215013072176070080599917
148137206218215019232002004434979806
053158156136205164119021150025647406
158050245042202031149033502323784117
140066162047205219153122004431201306
213179055096205127099147052224204906
223003032254192166238235001104131517
050075159252215013072176000800177906
223007030181237042073106004434539406
016012080206237042073093000803930006
062199080201135079171158004431101006
197122065206198229191231004430210706
237241143087198255186198000000000001
007164208216212194042041591916153217
236146136233215163164223004435153006
075011079107202028189150070013526706
021120109063198228176178004434989606
025244043067050062046165011942790917
050084215114205139035254000805880106
016149188226198209156153495295483617
047119207040116246215079004435270606
037171040026198033104134000531847217
140194242150231225123041000000000050
044003205117116246215084004433826506
070080035068199152111204359711247517
135243072096198253203037000804237806
200164159037073165109029505860044506
133231219061198193186015617360688106
048166069230205218158162080805969706
086106156033205216101040000806460306
151151142135212194052098107784563817
149042099141139093086036092171202217
048213031176205194245216080014980506
206044083185205251205218000000000001
048164220217073165089035505710044506
213176048123198209059209052223545606
044026127111212195124016000800221006
134194241106198033104134000531228917
047110061041198229186131004432632306
044027169085199171103066430002055606
111024134164205071019011576260830017
083181056079138091026195010313065617
047168171093237042073096004433614206
109195136250207001003108524744017817
223007030178192182096146004435453106
112081211226050123200251004433598306
044035219045205166045111004436438306
223007030181237042073099004435455606
050048068165244001198242000805829706
141236058100231225123079000530171117
034189181227050065249043616470044506
085012053130050065138184505080044506
044059096034207023228023004434838006
044039154070205217180050004435888306
044074037152202028187211000803976406
223007030181237042073098004432194206
107056190060207020027130305301792206
131134146233202029070096001236132217
114042255046131248239006530420008006
206155114021139072053034514172030317
030015090206205239049229034780179117
044222187044116246215074004433652806
074043107093251108156178608143491417
218225205099064005155231004434757106
137015039172215177242038000805080906
044000007196237042073102004432986006
075010149057194017230118565596329106
193253141242116246215026498290008006
251103139018064005155135004433487806
248199105000202028145036000806015906
195251213210212196052139332875719406
070243079058202024007237000806483906
088089034046240063114060626150008006
070243078214202031171042000805717006
091233209225202031041184288853107217
213176048114212202218034052225534806
062197089042205230095205004434903006
044025062064237042073100004436070606
210030029151212030198220004432695706
128225064172205142148241004653783006
044001097030135079171175004436492906
127107225023231225123092000535323517
072044198074073165080188511130044506
127168149027202030009064070794939906
048166059154215106210142004433570806
097133087114231225123076000532717417
030015095165198255186198000000000001
237042080199237042073105627680008006
195222041194194207242080000805831706
099141032170116246215069004434278906
152157244218198032156165000803844206
021084065137116246215058004433917906
133212245054244248042018243403005417
199002250160202029204054521962520117
112001185057215013072176540171211806
025206080156050065234183532130044506
106096110037198252024204058700038917
044221170096237042073093004435883006
111125083164199224156157511374837717
016012080224237042073099000804126206
244057113071207183082162222220261406
237042065009237042073106560880008006
122022014254135079171079004433190706
073025013213205184032103004434529806
080072192244202031188221543124360717
048166059183202024007156000803960506
127203045017244038099041540970044506
016036124186116246215122000806077406
226154184204199223112068004434468206
231148133120205166059175004435170406
102076052037192030127156433076104006
131148087034212195089157000532225417
080210021011192182207121600304428617
210011223042202030242024000000000001
062202173206064005155182004433330806
007237234147205098239109519870148517
044027179127237042073103004436415406
243054009032231225123072000535278417
124101052211135079171146004435648606
047008242231237042073098000000000001
223007030181237042073098004435523606
073027217212237042073097004430795606
016012080219237042073096004431743406
213173033200205211030100004433594006
231148132081205194222045000805680806
111199202002073165228025315960044306
218225237193116246215046000805669606
213184192008192029208224004436121606
016196006191064005155119467200905006
153137074042199137227081240001747406
047051059159198254088028093394403317
097133087114231225123073000533044417
112145106188139180032057293181049817
149042099141244003025004092170930917
237042064232237042073099004431458406
044203082172212197209082000804626306
197043153101237042073106000801648406
070243079033202024016159000801556806
102085232164202167044253568786469706
050067189144193241060244004434961406
007238181100116246215243371010904217
058226202246199137140191050562633017
197155091164202028050242004435210406
016012080234237042073100000806316406
237042071039237042073095004430847406
237042124171237042073102501940044306
090128117206199169214219004431321506
196043026097231225123075000533128017
044204022140251108156018004435529006
223007030182193241062129004435171006
148068184009205216066057004435860606
047107000064207000070147004435129006
113134204133192167126051000255474506
044039050082205167104037000805342006
047160019129237042073092004435406206
044039223072139096108236004433750506
200162025220212194251014080135402317
147003221167205183043041004655544006
213176048088138091018165052220743806
016207128131205211054217004434671606
047081091076237042073104000802549806
141183211149202028229186004436006206
034080172094205217254057570900002206
101086172212139219136254004432672506
072011141160231225123073000534821317
034070151042251000112221379990005317
113098115003205202230057004434928506
047108243000199171097002004435575106
196085001142202030105015482583862217
074231246023116246215223358560008006
117180129092199138218124600950663917
126067008018116246215120004433788906
073027040006237042073102004434819006
135079173144135079171063360770044306
050023165085073165081039583670044506
211016077058240183050076572050005317
213175195118251108156219004434194606
245212089123205201029009393030044306
047183003170207001014087004434080406
209088105093073165064198026170044506
083016037154192029095211004430382406
047119075040050255049114004432635006
085030196165192182223033115616100606
097087174254139130005098346740380017
044027081128237042073098004431274406
137023014228205148026133004431230706
044050051130198193189186000802692906
013157066193202118044018004434019106
141183211149202031094000004434977306
090070165077205185133021029121651217
141236062049231225123094000530595917
195173215224073165173135568330044506
042093106082202024004254599542763217
089235042185205217086024033896319606
231148130068050122228221004432749406
158049010113205194245046045992292906
100208217209231225123073000532599817
072011141008231225123072000533733717
249146105166064005155232004434829806
141236063126135079171064000534356717
073024239137135079171167004432734206
243054009045231225123075000535259617
131176096149192167027133004435108106
124243178072205250036146000804742806
109010116097131026048247576370044506
135243072105205236155128004435123206
133094242162205167204242655064273306
213128109051116246215223581700008006
208070209181194043179183004434738606
114242107032194017014066000805581506
159170073204199153099254285200044306
059182054115202030135046142786374206
251103139024064005155244004433916106
140169207146116246215085004433720206
042094072215205236225175043694434206
097224207248073165081215614230044506
114076206078205183037077000255680006
206157043163194031029219004434082906
016012080210237042073107004431026806
116072152138199221119099004435343406
076084179115205070214003080645234106
223010192228212194042038000805102406
044085118066251215113218004433737406
237042065010237042073095004436206406
062241111231205127099205004432654006
050074119144231225123076000532578817
203123086163251215148178010466327217
094255142183131114050057303570150017
213176048228138091023085004435790606
210013229083205184032074004431328906
140200069215116246215022000805192106
016020219082205148085179360024742817
113175002229207180015129160200515506
044026009006237042073100004433316806
062197048130199177245230004433097906
206240167115198033052022059385588206
119132120165205071047230000801831206
196092076112116246215074004434449006
070243079058202024166125000802811106
044201195042064005155228004435393906
154240208166205032024003004653689006
047011184196237042073107004435753206
044073049136212227179051004434712606
224213113095215177154219629033740517
141236059116237042073107000533906117
218225196096116246215093000803667006
205143247142016230162090461170044306
148067222062205218074002000531206217
070243079058050123200240000803890806
131209141146064005155201004434553306
085128123239050065172191214030044506
202217215109192030216182572756550006
062215068228240183051070004435341806
100197045103205098232177000800445206
197037227157205211052152533093696106
131003246189199138218124004434676106
229225213085231225123094000536521117
016037005188194043191034004435955906
030214172249212230042124000804981506
044033164216237042073096004433496406
223003032254192166238235001195349617
106167214235192030004237449300005317
213175201161212034245123052224886806
218225091066231225123077000530669617
097102001209073165090076025610044506
218225237063116246215092004435670806
218225090019116246215094000805215106
238041192037202024016104000802678506
200222118166205184066251000805755006
027116193156064005155247094825148406
016012080228237042073098000800983206
044026234095237042073097004434980406
037044192064194078222208279435965917
047111122036237042073104004432442806
044003062111237042073095004434089606
135243069107193065104178004431811606
030015095051198255186198000000000001
077184186142139093095121004435835106
203203182002231225123080000533254617
081115030084199169214181168812539117
091007229006073165173107638490044506
075063140169194041038066000805228406
075110152175202024006057000801942006
044001159232237042073096004435806606
044085248041205032247142004435432206
097133087114231225123074000536383017
030015093030198255186198000000000001
016237093003116246215069004433509406
081126121115202031100219505290143306
119132120180202167076147004435573606
070243078216202028098160000804054206
150192065150073165104062651120044506
016012080222237042073102004433870606
213189214024194031116092014431406806
146014126136215004019210033995632806
218158123210251196144102174725068806
013192054022198243031003004433357006
213175202248205164190034004434653306
044218018040198033105217000531820617
082242143048199224099045080843483106
223010195036215255019207270265186317
103139076232205126137110648201423917
124101052207135079171132004431551906
237042093034237042073092645960008006
103173175076198193188208000805131006
047113216160215177165018000805418206
107091048087073165065068373870044506
202217215109207183145130572750133306
030015093054198255186198000000000001
223007030181237042073092004435052806
115142071076205200226152000530653217
156227152070199170078231000000000001
076177103215240223181066004434596206
109153035063050123138105004434918106
237241146012138056035251004432668206
030015078045202024017113004434928906
135168078069064005155230004436241506
037072206229199224097058455890002306
016012080214237042073095171900008006
157148122100050253157012468462339317
002002130255205112191195004430200006
096189158069194039034221455602996206
112086120224205250036141004430294606
075009053164202024006091000806239606
075091212231237042073098000802820606
223007030181237042073103004433947606
037146090237073165080174535840044506
217227132221212194052099004434053506
002158063159212195089174165303666417
107181094107050123083215652250899906
016012080224237042073092004433133606
070243078216212195084201004432696706
049223136066215004019210033895504106
135148178212205251200212000801146106
119132120169205164122122004435946806
016195143015231225123080000535224117
049046138185073165228025317780044306
136053123146205032251043000805663406
149158111009205218041120000800254706
048167194200199137234143050216110106
149158116057192030045068004435020906
079045009042050065250196513100044506
037144102176205236082080085820002306
202217215109215162206246572756111106
140083255111139072051021000532585617
041226124036199153046045525375141306
223007030181237042073093004435954606
003144072158207183145076004435117606
087034211018193241060127096240038917
079121155114244038099142609060002306
047109177040237042073104004435758406
239213054073212202218081052220382306
063167247060207000086042000805946506
044005076192237042073095004432347806
196012030229205180121206000803578506
079011007137131026013208539950044506
244014071050205180056168004433725506
113175002229207180015129311030518406
132074036252198193187025569430154417
016190096096205250090114004435567606
008075075142194042199177004436309306
223010192238192022160221000800200806
215180093109205112188173178480429106
033163048167116246215077094824817206
047160233056212197176078000805576006
016249230245064005155137490850148517
016195143015231225123094000536035917
197122065205194038092206004434250006
128121247014212230042126004436042306
206217058149205249051081284315080117
044087123014237042073096004432708806
016195143025231225123080000530941917
158051094148202118021054137360102417
127168149027202031155140070766306506
048167018182202024007219000802551606
197016034252215255019061004430850006
016043038163116246215051453370008006
213179055090205139035106004433776706
047091189173135079171207004433485506
047111122036237042073095004433112206
062244205200237042073107004430853206
131003246189194017012151004435172106
005250105185073165079140568270044506
044060234203138152125013000804992906
016012080218237042073094000805543006
133038129244205199053093010294095917
149042109042199138218122092120930917
227003203110202024016108000804550906
044005105069064005155209004433409406
081119203077192029095203275041078117
055233073176237042073105000806313806
064030131073016045106041000000000001
130004046201192182213007000254177906
131176195152231225123093000534719717
114226094090199153047033134044219917
047101025201237042073099004433951806
044026241102237042073104004430908406
250171043018205200149026068810688117
127242036024064005155230004434069406
111233233079212196220006004435013906
070255076214202028064234246026477417
027018088135202031058028601753597917
138152153233251196218162010256467717
134134130182237042073092004435707606
140066159086116246215051458240008006
226102051045135079171063193290044306
130150171023199153038165004435877406
108232058095202028086201000000000001
114097010148116247217215000000000001
131000247058194031116087505011955406
047063073047205099158030004435154606
140200069174064005155064000805209906
040090100238217008245162377580044306
112081189113212171083065001233871817
105008207231202030240000548614918806
016012080221237042073102004430451006
044010212156116246215084004433866606
243054009046231225123093000530247117
021091198024116246215077004435844006
044206154074138071027233004433339206
047080018130205032018174004435472406
037163130125193065070237000255050506
097133082094231225123078000530276717
047100179217237042073097004431847406
077023208110205148030117199915553006
111002183087198247228018004431050806
053042017113205199052172024673530306
034013103180050254095178353304002317
044025079037237042073104004431143206
075091222060237042073101154960008006
196154199205215018244002094945528706
150226096026199208156027000800283106
136053101161244067133125000800625806
201198124152050065188210568940044506
140075194019192182160043000805315606
244199223155205249051081080006174906
243054009037231225123079000532234117
112080112066199177087109000805020506
016012080204237042073092004435814206
195222041194138145213185000804701106
049209034064073165065038025920044506
212235206238199204099112000803793006
121149058199207183020061452903208217
015043163108205035005118000801862106
073027006102237042073096004431563206
063160087248050254129239004432672306
044222121003116246215073004434859506
047124255076244020135080093394860217
075091209225237042073101004430987806
044010212156116246215076004434973606
044003127078237042073107004431401406
237042067061237042073096004430703006
044023141017205199057250004436099906
119132120173138075186187004430192606
047045155105212230060080040175851806
080199065199202030120231263180044506
213176048248205032251042004432698406
044095105071205239062061004436499706
238174120075207180012223100005839517
047084229098237042073105000804730206
042094069115202029120033271964050017
197143138162194114090178004435195506
034108120122199137224001570790312706
044054068002215176002067004430223706
044015050250194207242008004432645006
204048099205205113194241592380044506
131170083102231225123094000536283317
062245204133237042073107004433580406
223080088004192029093087005876288506
044026121187237042073104004432355406
147202253096192182051224000254457206
047119182228205183046073004435092506
137031085009193065070237000255028706
044003245085194102248246004435702706
218225236073064005155134004435570006
069207011035199169194038577120008006
077137221083202031055203653685913917
016060196254194017229034000000000001
041150227114205203003090004432678906
106215144157192182151145004655379006
047176084192205139035190004435048506
077027055106205184032057206133938217
062194058225237042073100004431280806
213176048039212227179108004434971906
213179055006212227183056004435990306
050238026190202024016117128020955006
086169192087073165172222515390044506
047100158133237042073094004435713006
089226239113215006175009620830002306
105191164023073165073119602100044306
098107046254202024005178503214703206
092000203212205098239106000000000001
016043038163116246215051510590008006
253102008178202030114208001236055717
140169199176064005155247004435202906
158051006237073165059185018990044506
044027117200244038133045000801329006
248176087058064005155228004434491106
030015068010205218074022004431275906
223007030181237042073095004430925606
213175201161244248165093004434514206
195200015194219092051184514130714717
223007030181237042073096004433494406
211247139085202024016230000803612306
044005105069064005155209004435371306
047124240061251190082050093392835417
237042071050237042073248020010200117
086106052001193065086210250005150006
062242049029205239048153004433226206
135243069093207022028172004434631406
148003126058116246215074004436277306
044027170124237042073106004434145606
073027151207237042073093004433611406
044027144165237042073094004430372406
047026125122205183046112093390182417
044206136006199224099214004435084206
138055207071215013075116045000450017
212143024248064005155209004433281006
231148130214192182208165004435138306
218225090003064005155229000803990406
132221246031073165091042594520044506
072011141002231225123079000536275817
218234109103064005155103000805132206
140065118193064005155245004433385806
148067222062244029051012000530102617
217242028149205250091007011002665806
210028117157193065002141000805351106
141236062053231225123091000534139317
113109015233199224155194068905585806
044003159019237042073100004436196406
148067222062244029048153000532634417
044001104199116246215121004435973906
044061156144240235109061004436271706
042092022082212171043173148353659017
134164179075237042073093025154180206
213059128034251100210164004455835806
114121004000215019235114531255293917
044068100254237042073107004434755006
131134146233202031137137001235944317
239213060012205139033142052223899806
044208102091135079171207004433435606
049143060018207012141215335835915817
197243251072207183131145371226051906
047100122012237042073092004435560606
033239237020212195128204004435022906
124101048221199153111009019355112106
213187199247199168152226004434128706
213187199235240235109166052222709606
223007030179202029197154004435169106
204114040145073165081161526250044506
111234250192244029240019004435321006
210039053009205211042252069432682017
213179055075050122167218004434548706
044200246168205066245181000802622706
218225090026116246215086004434616306
008075075215244003248183004436109506
044000190172237042073093004434549406
049046162122073165228025227480044306
070199019032194042037148618694778306
077188068005192022167203010314916017
213173027179205066245181052225402906
062194215114205139168173004435010706
131134146233138030205149001233683217
124101052195135079171167004434210006
194161151043202024167191418882730206
044005105069064005155200004434439806
253102008178199208150183001230012317
016012080208237042073095004431871606
053082062242192030021254403451009906
062243240079237042073106000806087206
244199180007193065005178000805429806
197030218150198255186198000000000001
002136028113193065070237000254953706
044006155040237042073093004435738006
016012080219237042073095004432971406
134164179106237042073095025150241206
141183211189202028001179004436264506
138104136015116246215084004435411906
075205198026116246215122004433717106
218225236219116246215243470620904217
063173171044212030093185004431550306
044063241019237042073099129216221406
134009120193198033105217000530822117
062196033115237042073098004430350406
044039012019251073162229000801046506
062211084156207183082230601710910317
062196105235205035005033000801312406
073155112254212030198220004432632406
064004255129231225123075000532328817
213179055020207022045119052225506106
116241237229139113197190337211234717
122028053239135079171175004434862106
131190120054139143018199004434658606
047124017245194114091136004434813006
196092076111116246215074004435500206
119132120174198240073146004435543506
130004046202192182011059000254369706
097133087047237042073106000535837217
016212159216199168226059004434460706
119132120166192182069190004433686506
195222041194202024006069000806361306
202217215109244127067105000000000001
049063067194205199055019609325853117
103202001163205249003219270326235917
016012080223237042073101000806509406
112038195168073165228012061410044506
119132120174205164112020004433739706
213179055009205218072158004432591606
090061151175073165108180639950044506
058245242020205239048152092120930917
016215208159237042073107000806505606
070089022082064005155192004434105506
197041224132212195133130099994427006
231148130172202024007194000802019406
044074250222202024007093004434101606
114047003005116247217215000000000001
067027089069199169001133503395853606
016212238126244089081064004432646106
231148130151205180052031004434953606
119132120165199221117082000805268706
200124200090192182193067132330012317
047107037243199153044040004435460506
098147026231205236092061491950166917
073155098053138145213030004430195906
116086068189199169214219004431491906
007204031033207012139009004452779206
130185185233215167114013414972790706
053198232152122195111160397380044306
062199080201135079171142004431831906
047063067097199171104071004436127106
062243112112135079171175004434962406
223014026255139218240061000805904706
098110221092251100166047004456117906
062196110204251224116067004430295506
124101052212135079171132004431625406
041216094085198253188229000805745006
044222134156064005155156000806161806
063145012091215106045108081182654706
213179055087192132029193052223369206
197143138162205184070138004434931706
251103139189064005155246004434724806
213175253225244205138056004430188006
058038027170050123065233485464606817
211246251233215007140194004432734006
237042118036237042073099004430514406
140081031156231225123078000534094317
237042080197237042073102000804712406
140081030229231225123078000531672917
048180136105252248025120257530012317
062197230053135079171175004434738706
073167154214202029076119004436275406
047161051234199137224016004435054506
044021220136205236085072004434785306
248176087007064005155231004434900306
113136137226202029226145530892444406
016215089214244212229038004432724106
073136197220205071020216405002254817
223007030181237042073100004434588406
053178227184219092011204163666494806
124050093147244031072025004435427306
218225162187116246215229431290904217
239213054094050122167218004435971606
096100187159050123083052000255092606
044005173058244031009193000805597306
213179055094244212230246004434514806
133094099099207180051185351350808017
093046041239231225123093000532933617
213173038240205203039119052223573406
073027040006237042073102004434417206
062194191096215177242138000805842306
133006054226202029238084496771630217
197143138162199135033158004435701106
036218200065199137224006312990002206
003167197209231225123077000533395217
030201077100205249004179273696189117
248199071250064005155102004436103406
047063095159205055132149004433744606
016190105175064005155149004434767806
106218211018207020027249068891410517
112081188215205070220141080685034006
027136152234205249010057037242686106
238071174157205194213046004435667006
044069086010215007140194099330265106
213179055110205139035178004434355606
196085215149131026048145517950044506
141236059052231225123090000533190817
113123003236244212048028545632705717
254216176122199137232151004430215106
013216219121205249053193240202711317
044016164208198254091170004436155506
041144237072237042073097000805390006
206089105115212195128205422464556017
075219045216251215113218004431917306
147250126054205211043003080000286306
044026144063205219223041004434971306
218225159176064005155134004434955906
253243238148202024017246001234970817
047108127139237042073095004430471006
119142160251215177154200004432771206
070243078230205098232197040075502906
107069040027192030106012400160102817
213173139056207180189166000800945806
198140014253116246215053544320008006
119132120165205166046117004435131106
016195143020231225123076000536131617
197243251072050123081204108526051906
152236190237212030202010000536024317
062205196134237042073106004433778806
048181080127207001175102068684810606
075091211159237042073099601240008006
195222041230199177082235000804874506
131134146233205032029077001230209717
044009165110205219216038000804990906
016242056115231225123080000536545617
055235142046050065249088564440044506
217166051016116246215038577200044306
231148130018199136103087000804579306
213176048156202167002161052222647906
080207024235202030079024353692817817
030177113189050065250016570800044506
086106065021198033105216000534398817
201129169005202030117193434316241817
101081106071192182170117004435041806
044062124250138152125149004433674106
062199082095116246215070004436004506
057104127189194017239253580300038917
044071163026244067209210004434274706
108215205174199136086054174381936217
005058209055207022031191128180044506
142152198164192182215156000255408906
141236059150231225123074000536174717
223007030181237042073102004433986206
213182131050205251202087100025371017
103229102084231225123079000535551917
079042133048199169214219000000000001
097045036106205071047204309553480317
231148133063194042036113004430974306
044002000008212197179211004434983806
044222185107237042073107000806012606
241205035152240063017174240005301506
072011211077231225123078000532516217
049066132023212171106169236345657017
044068040242237042073093004434237006
016012080222237042073103000806258206
131210219147205239033048004432759606
135243072125205166040201000804966906
044026234095237042073101004435974606
105197103186205184032205604810281617
140169207133116246215105646740044306
249070079098198193190183001230012317
135084107139139180044112004435041806
079121155114192167127199441300002306
086038017134131114050057065710150017
213175253207205127098013004433595206
226154176178215007246013004435345106
110098013111050254094253562775622517
016012080233237042073092000800856206
141186045194212227133199004433281506
086106052001193065086210250005148706
047038101206212171082252093392642017
152148105234205164190034088425087506
077079114107073165089222628280044506
238063254254199192036081537340044306
047008158232205216060199004433258206
062202143243135079171142004435442906
021114183009050062034042004435074206
044032240052215006255213004435323406
146017019058231225123080000532827117
091070114063050120179022570242642917
135059221234215167114193080040705006
196092076192116246215092000805845406
044019110010202167002161004432730806
044020035179192022173005004433884706
127011109116231225123090000533291317
044003127078237042073105004430606206
200163018201073165059089183930044506
218225091066231225123095000536360117
016196002231116246215234384560905006
206157043065199222141157004435528006
218225236115116246215087004433838506
152066001045231225123079000532656917
149158116057194042037153004435781106
044008074062135079171197004434748306
197143138162050123066195004435504806
044022094135205236228203004434499406
212230093210251196218162502535319617
131208002251205180032198614560102417
044011084029205185134086004436016506
047060251021237042073093000805446006
047119220149205218072142004434960006
044027105057237042073097004431447406
042064175134205184038253619286527506
196093065108231225123093000530267417
044091231008198254091149004433364706
044020145009198254091153004435145706
072011211078231225123075000532796117
251108072029231225123075000535905817
044042110118240235109082004430441606
016253003006064005155028443020905006
064004255129192167232026000535865517
141183211149202024007002000800187306
049101226188050254094248004433953906
047123172168215007246013093395550917
129048033243139072053034092170930917
135231061242207008086202000536532417
047049163040199152012137004432733306
062248169015212227179051004435619606
044039099208199169024156004432639106
080101216024199169193205170334929017
044003062111237042073100004435373206
062245204133237042073104004436292006
209088002059192182136127221324957206
070243078240198193176013000803619606
044062003200205055128226004435317406
075062217254220245006106000805988606
132242130222199136086054188531936217
075066106112212194040058004435042606
140065118211064005155245004435059506
032181035152212195031200059384918206
044025010021237042073106004434937406
213173027115205066245167052226058506
047081091076237042073102000804866806
109153241005231225123093000535027217
213184192023199168227099052224685006
054108061184122195111160460310044306
044025190174198253203037000000000001
037166126082192182191137012515618717
213179055023244158083125052224496906
139129041101116246215059147220008006
238080062133231225123080000530994417
013216127090207183082178004435118406
091177248076192182193067619510012317
131192122245237042073099004432657606
070107120181194043103109595465699106
195005227089139180038212036580365817
127107225023231225123093000532346417
135214115175192182064121004430215806
243054081003231225123093000536133217
044072162198064005155231004436171706
226154176178199223112068004435129906
127168149027202024004209070762530906
044221124133194038093089004433493806
075091210246237042073106004430743006
044024248059237042073107004433014206
050094093111231225123079000531228617
044003159019237042073093004432731406
209111204060205251207214514135671506
073026219088194038088109004435056206
044024098189116246215079004434579506
033239237031192135137038004430891106
100208217209231225123079000536264017
044068123008237042073107004431134606
203203183253205187184044000535842017
044007060143237042073097004436024406
197143138162205216066128004434965306
127165132136064005155174000803788006
231148130149215163007035004434956306
049089171061198240075174558090046506
106075013045212227179051403410102417
109206032155205113240244089994063217
047037222179205211061017321000326317
044002162165237042073095004431127006
197243251072192030060196379023347906
197143138162198243031005004435327106
136053123146202118040005000805686006
126003196019138030198100000805530006
097085193106192030029234177715235717
197143138162198247250052004433301806
047038021182192132094149093394401206
070243079058202024006134000802857306
153071177217139180047068004434922106
047045155105205239062137040175744606
124101052208135079171142004435245306
253102008178198255170228001234229417
096161149113202118062080004455153606
101047004213192182190021650054106306
137203111159139128099072625450002306
100247228180199169004012386850002306
036218193188240063100047482900002206
007038167046202029018242089995399706
062199084153138071031180004435454206
080206031006202024005221475886376317
044008108211205236089082240105673117
119132120169244029240166004434998306
030015090253198255186198000000000001
140169207157116246215068004435292906
021091198018064005155183000803569406
113171123020205249014222033400002306
044068078155116246215093004435927706
127168149027202029002145070815020206
070243079058202028022005000805700706
044084086223199177082106004430257106
008075075174194038157148004432347006
062205196134237042073095004435572606
048180136105252248025120495020012317
070115135195073165073038537620044506
119046245001202031148130033894982306
231148132040244089100220004430349006
112178096096244003005143080815066606
025202120118202029249060471485471617
044056166189237042073092004430600006
044068040039237042073092004435788406
047100179217237042073097004431379806
136053123146199177245245000802671606
211253200238244029049123569913833817
212058037079199136068048108080555506
199181175165205251202012109454500417
047160113040237042073094004434793006
008253121018207183128068000806501006
242071195120192182091132514135032117
044000015180237042073094004431786806
075091212224237042073094000806429606
007234225064231225123073000535948617
044007049164237042073094004436378606
047124241093244158083125004430518106
208178110057194078193247349635328106
022196172134194038093069373955959106
135059241156205166145009513660450306
047100097008237042073094004436307406
044026234095237042073105004431450206
044003153154135079171175004435249206
136053123190202024017128101474814817
251000215027016198230148528770044306
223007030181237042073096004434741806
073027217212237042073105004434027806
077191088252240063115086407425155806
033038140189116246215070000534549617
096036045017131115052064004435009406
149158096184199152119221060504925306
136053123146244067133125000802131106
218225090099116246215093004434226806
143249015048205219222009000531512417
124050093147207001008081004434916506
206097188088207008085229269891318217
044003062111237042073104004430237606
101214149244215163006059520532653317
044054013200205219223044000804335906
087150057102240063114060077880008006
044039016193207183083066004435528906
134194243076202118094178000805197706
021020031204205164112014000803912706
213179058180240235109089004435818606
218225090096064005155210004435228906
032104114104192030029040089995156706
044000015180237042073099004432808006
073165167051207001013053071714921706
044221037147237042073103000802787006
044011104128205195124088004435175406
137213136166193065013138000223257206
124101052205135079171205004434301106
013144230231215161087213612325328106
084120040107073165089205583100044506
062240022098215007140237004435491806
196092076192116246215082004434260006
076177102205202167003003052221768806
016188229208064005155220392631164017
062198131070205200149026000805103106
201072135128244038204093000531230817
131003246171240223113170004435250706
102157055035202030185073514615141317
016012080228237042073093004430974606
037011188095199137224223004434254006
062212136101199168234052093396386017
103170007108050065250065057250044506
093193169081202031004112531244899606
136053047100240235109089191114973717
044206042074135079171207004435887406
062196033115237042073097004432838606
211038129098240063017189004435292017
135168078143064005155136004435538206
239213054004212202217174052224375706
005000240228122195111160559480044306
203020166244050056082206010245856117
134130250203199208057230000805038606
114218022203073165107138503220044506
135244038157205249054187082946227606
108073001230199153045144064682397617
033239237020199152004167004436240306
044204146171116246215085004434699606
237042077090237042073105167560044306
044039223199116246215082004434375506
218225090034116246215092004433470706
206157040181050062035065004434634906
063173022010199171097002000805365206
062199246068205138232165004434757006
100217061127199152003095000805087006
140169207157116246215085004434852406
236146136233194078195129004435158906
213184192006205066230050052223115006
203123085202073165105124548710044506
070050158099202031156201102792180617
231225122203231225123041000000000050
047188004183205112191242000804725106
241205094078231225123090000533962417
158047253118215019068245604900338906
047119073140205251075022004433714606
218252036004198255178226102040516106
070247014155202029229106000000000001
033166223008199169206128455880038917
143234117226192030051000056475350306
148067222062205113203157000532456417
202217215229205126109034539510402906
044027105057237042073103004434693606
213179055113244248205095052224559406
070243078216202028219213000805731806
097124156214050065189170018250044506
213173014168205139035042052225337506
042055068133050065143039565700044506
016215208159237042073093000802110406
106039158080199221119051519595830417
111234250192205236095154004433594406
141204003035244248213093004435112006
155038086108202024006193000805014706
044032224249215007140142004432706906
044222124249198253194250004434283206
062245204133237042073107004433852006
206207007253073165089006652010044506
096189055102199153035101092170930917
231120103013135079171128004433932106
127101001218199169214025004431964906
048160030252205217151125392380312806
140065118193064005155245004433616206
047119192252205239062186004435639306
042088174091202031006006478624159906
072011211072231225123081000536050317
002158063159194100115016165304464417
223007030181237042073092004433094406
044021061153205113216251004433495506
044222002035116246215082004434273506
106215144152205180106128000256060306
008250063252192182244041000806152506
047188014133199137227097004430424006
016173086203116246215092000803429106
197143138162205212179110004433007706
195038005125219092051184183590714717
096161136251202024005209004455061706
253102008178244157200082001230012317
127242060213199169210176004435311406
127071140148116246215050000804188206
123188126104244205242116004434967406
090054126126244158004102358855185306
021068182009207020027207021955512906
016035131232215013072176004433067406
058091094032215177154201000822721906
109209061048231225123074000534714217
042090131092050065143152650730044506
044024098189116246215070004436178206
213175202098205187185006004434466606
253102008178192182003018001233556517
075067168196205166055157000805705506
119132120164205251205198004434496606
080211052222244003005077405005817117
227003244138202024016002004430459106
140200069174064005155102000804134806
062255201218251100143082620004983706
007169180139202030006105000000000017
016195252197205113252248000804239006
130004046202192182011177000253963106
239213054012244248042022004434315106
237241128220139005144223004435213206
044003159019237042073104004431768206
153069079081231225123094000536359217
044008004016050062113161004435280306
016012080233237042073096000804501406
223239026122199169193253004435830506
088088165080199152014196618562473817
248199247015215167250227000804343206
034125162031199224098189000855560506
044003062111237042073094004432628206
044200152245205098234050000804385506
100124190018139072053034000802965006
044209091165192167126023081124175517
223010195092199169214029270173437617
097014038226244003007245555820899906
044007004233237042073099004430475806
200124151238231225123072000533733517
062226033196205070214076004435902906
231148132097251108156219004435223506
213176048120050254095245052222683806
197016034242205071037066000804949606
135084107093237042073104000804822406
048165186056252248025120150520012317
139169064229116246215069004434013406
036218200065199153060090200140002206
047160162017237042073098004434538406
008068107014192182223201004434920006
047081124095237042073103004430785606
021120124167215022058047004436119706
243054081004231225123080000536008317
064051160250192182240214477190103917
237045035014122195111160456010044306
196092076109116246215069004434826006
047028094100116246215095000805589506
119128011095231225123090000536297417
016035125178231225123077000535284017
198140003034116246215059514740008006
119046101194202030243187099984336706
074073086083050065143120453220044506
223007030181237042073107004434025806
047084229098237042073102000802096206
197191212139202031134153470926026817
244199180007193065117157000805839406
140169199213064005155139004436268806
208178091070244003242020320050187506
079047118141202028159081460245077317
200174119186131026048022542480044506
090044119206138091022105013623025017
013217248252199171108245240004273117
062209141095215176003223004431553006
021068193034205212182125004432731206
226102051043135079171063558070044306
034064248020205250088182445060808006
092080153064205236093000044380044506
047081091076237042073096000800939806
197030217109244158005051004435209406
044037086107244158005054004433614506
213175253244205139035250004435988606
197171166217205250038045077875384306
048167178066244248205072000806100406
075091213055237042073105000806236406
076084179115205187185093080643554206
228079247063192254119019000806278806
100208217209231225123095000536447617
213175253215240235108141052223919206
148067220032199204095053000535420017
107105238067193241061248625802243706
237042077088237042073097252000044306
044025052213237042073106004430209606
047111081091205138232072004434065506
119131066056205167130002004434734006
248053189075205211045105545041237006
048165186056192182193067447740012317
134194243110193065009089000803019006
063167027127205066136230000805000806
210030029151199221119219004432990506
094107229240199153102059201656264106
147093129119199136067118637653988006
062251060124205138232125000533136017
195222041230202024017127000801936706
213176048119240235109034004434286906
134172201176135079171154000532758717
213173014181205218012014004433387706
044004189082237042073106004436197006
075062217254205236089190000803680106
223047225084050253157101000805597806
062232007166199169005110081046366606
075000118031202030170192004434954706
075010177200202029110097544895118117
195186026078205251200174619255456017
033182062206064005155231004436214106
213179054184240235108141050555452117
044206058172237042073093004434322006
245212156049202028087033077664649106
030214173123244157121226080804923906
213175201185215161084136004433409306
109023179185050122228221182115695317
152227208237202028061224520760008006
083230138052199177255055135760688117
016213199235205066156226000805021006
079121155114193232160003513580002306
044008210102116246215068004434786006
198165112227016198228255394980044306
213176048187215163101160004431256706
131143133229135079171154000533876817
142073049132050251141124275960038917
084065222136205184035163593454584606
047028086079205071139021004430741006
242022231245205184073173470120960817
204156196226202030189228535205205606
008075075234207008086202004434941806
016012080228237042073093000805366406
123188126106199224104241004430374006
109020236118122195111160421230044306
107200048225240063017146296195098017
116247237232116246215137564320905006
073155112250205032022200004434251306
237042094138237042073100000801052806
114113028039116247217215000000000001
213176048207205187185093004433931706
131148087034205139169045000534620017
209056214001139180033037143145853106
213175202098194043179011052224768806
044001245000237042073097004431152206
044001110112237042073099004431003606
062196047072237042073105000802704406
192044165083050253169183638721277317
208191053061207183082162004431854506
252171219033193065011122020131543406
022196058073244212229104081005387806
112180019047205218159037149850104017
153053135136231225123076000532106617
070100083014073165073056591980044506
086106156034205216101040000806460406
078010073204192133024168364000002306
122183074010199224145071594682791517
075091212219237042073099000804801806
068122049212212171014178524350200217
239213054028050254095178004430985506
044095016040244158005055004433877906
072001127169131026013031026720044506
213173043235212202218035052225019206
196092076204116246215069000805070906
099140049073116246215186456550904217
002130132114205071040221109744600917
131134146233192182226231001233316017
044008094193116246215076004434943106
097028189139073165064234514670044506
044004063177064005155209004436273306
047187049073212230042094004432738706
047122216185207000086021093392732206
062201115090205250088102004431716006
223007030181237042073102004435386406
062240017240116246215082004434280806
047084229098237042073095000806360406
036218200065199153057018208800002206
086039067195202029062222646784602717
091234114022050065235165494420044506
113035048020205113194110584850102417
147199019250205071029117033890329106
197143138162212194146194004432677806
159014088233212230037172338855291806
231148131103244248166226004435060506
210028117156202028052091000804935206
228138214037193241060127051080038917
195021171172199169194038605040008006
106215144152194043120028004655612206
069079086211251000167111591573345317
022195011204244029050173004434917306
244199061059251215113218004433617106
047081091076237042073094000806425006
044214135091138152126186004435560206
047050034142199153037226004432686806
134194243086202030186150019355041106
141236062027231225123072000531755117
062196047072237042073096000803105006
016034200174064005155158004434397306
140169199136116246215121004434269306
134194241215202024005170004431292206
080119254137205148089206528360044506
044001153080135079171145004432295706
075066029114192182244234004435874906
016215207025205251202072004434780706
237241135089198255186198000000000001
087124056226199204125040625310044506
124101052202135079171205004433338506
047034096136237042073095004430496206
077183154143251224032194596215604817
047081124095237042073102004435207606
062193226142116246215070004433893706
055233255198205200149026379312668017
134134130177237042073094004430941806
007090103149212195128205163813984217
223239024084244038133045004434272006
124233126151016048144184000000000001
055233073163237042073097000801721606
213173027106240063017189004432651906
047001194017199224102247000802894906
062252105044237042073104004434654806
044008069204198192209146004435204706
047170248188237042073093004433725606
070056144013073165069213289000044506
034064248020205251202136602885328106
044026121187237042073092004434332406
241081131105205071047208576535303517
100197036137252248027077004435162106
044220061139199177251097004434949506
140065118193064005155209004434183006
044060234054116246215094000804297406
047049202076205098232129093392340917
213175202196205213185028004434882406
100085125077199153100130270325648906
021116017230050123066145004431043606
200124200090252248025120422230012317
126067008018116246215120004433624906
016012080223237042073099004432633606
237042071024237042073097004431181406
149158106089135079171128000804266806
202220175106205239079024050600532317
049097072145205213167015566960008206
044004081143237042073103030003880806
127183004021205055096246000804008606
244014070053205212183195004436378806
129121046151244001021237093060343217
044202076242205236239027004435296506
033228149152202024006078000803187606
140066161029116246215081004435879306
044000015180237042073102004432769606
044004043178199169001133004435878706
121149058199207183020061452943049417
153146131107205098238137006555051006
062208129255116246215076000806254106
208191149236198192215078650815139406
135243027105205139035106052223990506
213176048213244031008021004431844106
044022093045116246215079004433797306
099137164201194086007127619162711306
030210069019138056079170004432666606
016173094073199137227090000802944506
114227079247202028085209319532252017
155192209170192029170009047800002206
111228206183244205009202334100008006
063170207073205032024102000802691706
218225141147116246215243623250904217
149053203013207183147109004435151206
030214173000215005008244004430432606
044085251009205219217105000805566606
228079171249202024016163004431646106
127168149027202024017021070792588206
044068198003237042073101004430707806
243054101162251190010041000533885517
047124203226138152126082004433375706
025207246222192182231236152305317606
123188126168192030016227004435230506
047123057129205166057046093390994906
249222148047205184073173614651817517
085134254210050065188194504600044506
072058192079205219172197000534715517
207230103109205251202161215980163017
044069006114237042073100004432548006
096189177194202118035010350720808006
116069050207193065060093004435032806
016012080207237042073104000800946806
218225236113116246215087004435543006
140169207157116246215068004435182506
044025052213237042073107004432691606
218225037016116246215092004435101406
073155112250244158137033004435062706
131026002160135079171006071650445506
044027020088207022045039004434603606
197143138162199136085214004434703906
158044176105205216061231558222603306
062196033115237042073092004432430406
086106052001193065086210250005148506
097133082094231225123079000534053017
127089142147202030015180004435131906
097133087114231225123075000531997117
141236059038231225123078000532460617
131099083144231225123078000534947217
002002132232192029095204004435803506
196092076209064005155202004434936306
047190208101202024004041052236258306
044094204103215013112221004430178506
084232063112205249011254068894913617
025129019161202028231183004436239806
096231194093237042073101000803515806
141236062198231225123072000531757817
152045085024050062046170004432647506
158069116057202024004138132722942317
015043158081231225123093000536333417
063174215194064005155209004435623806
005085179125202029101215123841924406
101243197170207022024166069692678317
202217215109244022196215572751666606
206127146043205217248104000804955406
041144006215237042073093000801303606
124117015124135079171128004433137406
044003153154135079171207004435025206
044002105251237042073107004432799206
016012080230237042073100004433925206
223007030181237042073095004436378206
033038140231116246215082004434071506
114242109215116247217215000000000001
097180225201199136088086260850758817
130004046202192182053061000255942106
067027130121205217251194598900102417
141198057159199204096086004436150406
044051151013215163101210004433759006
062196203046207001175253004436401606
073027217212237042073106004432208606
058249249027215027185033024510899906
044222230211244001196021004435896006
048181106054016230168186071540008006
016173094072205148029021004432641906
047111131237237042073100004430520406
134164178110237042073095000805605206
015043163105205218245001000804617506
237042066203237042073096507000008006
066137093054205249051081004435268506
047011074112237042073107004436545406
140075251144205200226152000531043417
131134146233217010239131001230220417
050084201173199153054060135444958706
218225090026116246215086004434865806
021098062006064005155132004435251406
148074155144215163007050270186499317
111224149012202030169200004435984006
044069043077064005155209004436113406
062241003118205183046073000805034906
134134130179237042073099004433585006
206157034032199223101193000805193706
032140132013202024005159634902240606
047191037040207001002116004434546806
075091213021237042073106004430707406
119128008217050062046170000801511206
044055116097237042073107004434224206
195074033017073165079049045350044506
247003044181202030125233000804361906
131003246171198193187162004435468506
016012080213237042073107000800909006
075062217254207008087096000805121906
044000252231205112188166000802730506
125145081161207020152034000530490317
211255201106199177248214300005182406
217006054180251215113218000000000050
245098033236212195028175004434733706
079045178099073165105070188250044506
130004046202192182046140000254416406
016242056115231225123075000535422217
047090164115116246215070004436526306
044048060112237042073094004434161006
047110060123050251219243000800271706
016195143015231225123076000532336317
202217215109198209173063572750411106
075008111016205251206063004434935006
131175084198231225123075000530330117
044095031048116246215083004436145606
044037037083194043180246000803121106
148092180063198229021109027035496406
103005124237244001023021351210002206
251103139035064005155066004436188606
067075085199205032028230541615836606
197043153102237042073097004430703006
150172048191138030198134604046399506
213179055101207183082178004435240406
244014071021205125091190004435774606
199249103094205250095175176674586417
016012080229237042073101004433058206
101221189082050065188122607290044506
249237196091139143018000000000000001
243054081012231225123072000536447117
127242060180205125078069004435144606
044027144165237042073098004431556006
002056189005205098234016190003184106
253147188212198252033090275276094006
130004046201193107086011000253376806
047101025201237042073100004433248006
070243078216205055097065000000000001
131003246171138056072252004435283706
197155091172215163040213000803588306
047081219017237042073102004433094206
231148130177138145208171004432689306
213179055004199168152210004433995506
218225236073064005155210004434829506
002075135076251224032197000803313206
202217215109215160089134572750922006
033228168006198220148162004430195606
108021044001073165105105521400044506
063160069115138152214109004434514206
075091209194237042073105000802393606
218225236113116246215087004436367906
081059161047194043185047480553672617
197143138162192167239065004435567706
044006237119205251205181004435225006
131000232124199192038101080280159606
044054169052050254094249004434936706
044024100210064005155229004434448206
047168186061237042073104004436225006
030015080212198255186198000000000001
112081189113205098029169001235411317
016012080208237042073104000801265006
147224001101215027044109004435102806
041155068095231225123076000532071817
048166171154244001021194090002665406
049152084251212030170024572070808006
098106024197205239062025152406001206
104053124196207008085229068811456617
213173033203205251205218052226002606
075225035173064005155230004433931506
097133082094231225123092000530751617
075067180034240223015236080654978106
049222211119244127065002000805834206
048166059238244248143216000805538006
113175002229207180015129634990514306
070122052217205113202081493675064617
016003076040207180012010654763979517
016012080219237042073100004434062406
048180136105192182193067310790012317
025173103027205098232222107441531117
243054081005199224100174000535700717
213175202247205216060222004434413006
154170186183212194053079477480143306
245156195248198247224113112030895606
143232076048199152014229004432342806
082221035125138152127106018646303617
044054254100135079171071004433925006
248199067106205112191107000803366606
068120183053212232088181174612017417
218252110062212195069081220823370017
136053112096138075176238080804613306
212143024236116246215082004436428606
044001110112237042073097004434812606
149210156035050065212244591610044506
048180136105192182193067198190012317
047018166056202024007153000804180906
131130025235202024006065004431892106
016179003032064005155107000804035206
153173107174139010250152216420005317
213179055067199168236079004435344306
047049249104194207240037004434475106
136053112115205164190018004430487706
250015233129202030175173183185595117
034103056044244038134057000814362006
127030205045199152004132573870478206
151104122246194017237164000532916117
096043109080207001173109004455113806
008069239084064005155149000803678006
247003121221202030167128004435105106
078083137067139218240252520940808006
196040118174064005155200442120905006
218225091067231225123072000535564217
044051210143199168233188004435702906
075164096205199135033171004434990306
075062217254205166122017000805757706
062205035202135079171142004433539706
204136182197202030189228498825204706
047019151061202024016017052220247506
131151065185139093083238000533043817
047084229098237042073102000802061406
213184192000244001196005052220217406
047091114102240235108141093394969206
008075075221194017237164004435371206
206204051083073165104216529900044506
070021170238207001186130000014054806
141236058093231225123074000531809217
204053244058205148018182314570489906
080198193111212171043226527273978306
073155112250199152108119004433385706
108061199127199137141222537223023617
249145180105215162057234045000450017
066139251152050253159045000805984006
047108047078116246215068004435541506
062205196134237042073103004433489806
049101236050205218008153050563731917
193253187196016198230169524260044306
119132120170205113196102004430152406
044007103049237042073098004435604206
044039085186207023144002004432772006
044003153154135079171198004432454606
223007030181237042073106004430893006
137234065155237042073093468020044306
193253172247116246215223590940008006
044221034210205055203066004433410306
150190244208192182170242004435965206
135079185222215162057079522660044306
096057218153244067211093589582562306
044002105251237042073106004434069206
062202150117205139035162004434047606
200124200090252248025120349800012317
237042071023237042073105004430783006
103236074053073165081032633790044506
076177102192251190082045004434148106
047187112085199153063118004431169906
042090246087073165110103519220044506
037046142009073165069096551910044506
124101052210135079171132004433464606
210030029151207020022055004433572706
079121155114205219217000504630002306
050095188052199177086236008080236706
208070209176205216060200004433520406
124101052192135079171187004434061706
044021236094202167044253000805722106
044005083239205126032199000806308906
158158156186073165105003094450044506
213173027170240223037058004435437606
016012080213237042073102004435277806
204073185150212227163192000254903606
022197141062205071033092004434958406
135210139065205251202012080005706806
047081091076237042073105000802612806
055233075059237042073095516080044306
044000146080215007141100004433184306
239213060013198231050122004435694806
044042000015231225123078000536163117
159111133128202028024044000000000017
213176048144205183040024004435263206
044054187190240235109053004436120606
032039165221192030057004000255379106
064004255129231225123081000533194717
016003076166199177248013652492683717
062194058225237042073092004432771206
062195149135205138232165004434177406
078182012187198255175156048110044306
221147056190202030152225000806279806
088094108166202030248070533735319706
140169207146116246215068004436091106
062197025252205218015188004435750206
133184069250205249051081521645080117
080048022090202029169028271365773917
044220061154237042073101000801467806
130048133193205250089082074812079717
204046026097207012139034592270235217
048165211228198209154145070004497106
195077011027199170068171059383363206
050075219254202024007224004430985206
206038171198205180085214093070016117
021068198041138071027205004432435906
048181080197212197254079000805092406
218225234211064005155229004433955206
112081188215205149043004080685163306
044039016193199169012173004432794406
200124146169231225123074000532893617
225197118110205239087221004430758706
098138179011212195133124270254949906
218225036211064005155200004436128106
235206175161212195128204495343986706
076084087225202028118133613315455817
016035125178231225123092000534475817
016012080206237042073107000806300606
204161200195205212182122068814106717
223007030181237042073093004434121606
197032087170139219143163004434822106
047001001021212171016123004434947406
008069239058205249049081000803906506
103229102111231225123094000531445617
044206085132212195069117004433213206
049196105156192135131141455600999506
127011109116231225123074000535423017
147003207128193065090114009933898906
140169207158116246215087004433303006
197171166217205250038045077875384206
134254130128064005155175004436292406
047112113240192022160239087652637217
134194243123202029032156019355380606
249127121020116246215087000806101306
077203045015205125099030633870104517
239213060019205139035237004435881206
152066085082231225123079000536294617
218225236053116246215156655230904317
074224091150202030189018171486345817
062211135057205200149129004435467606
141236063000231225123094000532256017
073027040006237042073097004436432406
044002237020237042073095004435819206
122030155099244127158227361743343517
044048235210205138232092004435134606
062200101139237042073094000801883006
092019103091192182151103005873641406
044058199092198241224164004433898906
090218213151198231048117609270338906
047100034065199169001133000805385906
057008156106199169195222375371401306
075009178169116246215077004435779806
073165244114205032251044004433777006
135084107093237042073104000804828206
155038086096192167127121000803383206
213176048252205164190109052220157206
231128055195198247227088579860548706
213176048015244031009033052222750406
044037234209237042073107004431545206
140243042254237042073107004433737406
195077011027202030115244059382197706
048165241026202024017176000805121706
197143138162212202099029004435032606
141204047016192182151245000255050306
101136179157205180122032503215032117
197016034018192030058021004433907706
044000133106205213165121004436296106
044002177031202167044253004433867606
131174242045237042073102004435536406
210011251024199168152226000000000001
047169209171237042073093004436279806
077170174192251108156178644653491417
201193184157073165064233494250044506
079120132043205066248031004434046206
136227068188192166172040603740002206
073155112250199223127184004435919317
223239026122199169193217004435217406
075063140112194041038066000805692806
197042128219205113207089000254655306
218225196032116246215093004435194906
113109254255202024005168130944605317
047049019061205212224064004435021206
130225071185193065087213125070338906
211253223118244003240026545290236917
134009120193198033105217000533542117
223239038177139072053077004432944106
099035082202244038133045069063196206
097186207202199153045144127286414006
146072194136207008085229004435021606
109153074175194114059018004455073606
093047214091064005155181000804600206
101016018146205249010089605823387706
137113230170073165064099550220044506
044002161222237042073092004436331406
053196250155073165064088589840044506
218225090026116246215086004433320806
236236130018240183051126448060005317
044201195042064005155229004436297006
044022200151212230061061004434465406
044023007155244003027049004433952506
075094076162050056082031000000000001
200222118227244003006100000804478806
057184217043202025029225001614336506
092148077167199169206186421760110617
096037184101199152014224517296437906
037011117207244205008118000805385406
223239026122202167077048004430253506
226025158065205250092032000800794206
245098079055199204077143421420808006
203013149247205249180185273735258806
122028053239135079171128004431924406
150088014076198032187105338020002306
125229017171135079171136000534074717
047053246209205187184146004433854306
062196047072237042073097000801936206
064004227182116246215095560940905006
044050177092139005145045004432628806
225126066149205249014117144025141306
030214172158205236239026004433128706
048181080126205126039013004432958606
136227068188192166170213507670002206
114218011254073165107147591600044506
044084086240199221123042004435044806
064004255129231225123092000532033017
021091198024116246215070004435330306
154017139042205211039079409520002306
062194023149199208051104004433664406
062199179075205187247043004435048206
016012080205237042073099004434622806
243054009032231225123090000530614817
049101230026199223096172400654916006
070032085113205148086105588150002206
149042099141202118092066092170394917
098138179011198255177098270254917006
237042090150237042073105395240008006
047169009129212195125028004433599606
016003076156192030028020652294913617
044001110112237042073101004435595606
050084201018212171082252498272636606
044009107186212230173087004436055806
070097057220205251205181299325657406
106047168021073165054240633550044506
032076208108192030094063000805043406
082074103119194041033046052223442706
104236017138192029095208539062739917
100224167213139180032057367791049817
218225091178116246215036000804768406
197155091167205184033158000803475406
058001014044199153047027059384921806
224134046157194100126165004435302706
034064248020205250088182098300808006
100208217209231225123081000535269417
158120244162199171100223167620500017
122157194048240183051126337760005317
100197186092205251200212004435353106
044039242168212227179009004435863206
041146215126116246215082004433526006
044222021100244003004038004433818506
032114190212064005155210000535322017
125145081233205217165006000802640606
243054190052139130004111000804385206
070243078214240223184085000000000001
033038140162116246215071004435609606
044002234103215013072176004433392906
044087044140212230042090004432646806
044060176018251224004248004435622706
213175253241207001131073052224052606
127242060191205199056230004435139006
016000173246199137238005183480012317
036222005039199224098189089780312806
044003214238237042073095004433746206
047113083254244127158144004430419106
129242049165139061080170000000000001
069226221220231225123081000530493717
127242060234192182244234004435332406
141183211149202030192072000804038806
211247125213139005144090567750354606
047112113240050123201095087650393117
237241146012205236087236004432634106
223007030181237042073103004436398606
196115231116116246215120004435174806
044022086229198193176013004435148106
047168186061237042073101004431025206
067014249139194078255064010244169617
147131195214205126037195078113720906
100208121189116247217234000000000001
044000024175237042073100004434465606
140075194019050056157237000804060706
136227068188192166170069565570002206
013217220233205071139118004435207506
044043000056215163004203081120134317
047119189246205251202097004435048706
048180136105252248025120558270012317
044025168013237042073098004432478006
016012080213237042073099004430693806
134164179107237042073099025153801806
013156236231237042073092080013921406
155133112178194086008057000000000001
213175202238207001129233052223724606
113141216102073165054049591080044506
197071070192050253234165199995050306
085133160104073165110080568140044506
041241186250205066138185000804634706
032128174193215163175060000805986906
073024239137135079171167004432055206
238204094125207183023127004435887306
047170140165237042073092004432167006
231148133114199169214218000801202706
195014227237205032028230630345836606
021091198188116246215077004435466206
249237189157249237189018000000000001
096071021045138145199242068813942417
047100179217237042073096004434116406
253102008178138152254061001230012317
099218097004073165069148533410044506
016061076182215163112217004430182406
062248032057116246215082004436129806
196054217253231225123079000533096517
204096127022131115160069004433339206
213187199241215162050050052222706306
204234140253199222138046525814568206
050075028226139212109034081014999806
128034142106231225123079000532887206
202217215109205250039037572750499906
116247053109116246215075004434404006
131151065185251190010037000536469417
084093025165073165173122117140044506
016245211185016048144184000000000001
100197036137202024006221004435976006
013156078167205148026133004432545006
111211159076199168152226001010102417
086106156033212195069119000803959106
101081106096198255211045004435384506
072011178230215163005145004435161706
047004165091205126039009004433855806
110122242111198033136227000234267906
140075251103231225123095000531802817
116152239232199137234003000805043406
213176048218205112188069004435090706
134233125194202024005220000803700406
021068194218199169214066004435995306
047005246067248200071183004435055306
213173038253215177242010052223134306
237042091042237042073097000801174206
125149139147064005155245004433867406
062205196134237042073093004435027806
075095166011199153039035550002696106
016012080227237042073092000801636406
218225161142116246215046004434070606
218225234169064005155232118915269006
013217229131138152126109004435881506
103119020174194017228064000224450306
044210078071205149043005004434903006
119039226250212202151081000800646906
223007030181237042073101004435209806
197190098123207001012242414040338906
044084080103050123066188000805248906
148074155144244127020085043796197117
073155112248207180012010004435073906
041147251047205239062174004436055906
101143037064199136091115268673348317
042090166074198254094106624251440706
103119185106194017228064000223799006
057184217043219092213057001610697306
196040118217064005155123390760905006
047100122012237042073103004430958406
002136214151212227152112000803700706
021120109093050253170165004436215806
097132228080231225123073000535941317
143200073081231225123091000531830917
223007030179194043146249004430469106
077190089187199208159070562474568206
218252053227215167025218208902660917
073146202146231225123074000532197517
054169015038251224035126085860232306
073155112248205180048022004433839306
086100119105199221119039080005188017
210028117148205164099194000806284106
002169071204205211051187004434980106
047186156022212202218048004432642806
100208217209231225123091000533459117
213176048154205127099101004435859206
138119065051240063017146293170116817
239213192230116246215083004433371806
215180095250198192225166230025538906
127035083189202024167245004433651706
148137206208205151253223004435013106
077079033024073165111188628320044506
210030029151192166235157004434986606
048166059154205212176228004434166606
243054009038231225123075000533772317
021068198044199152008023004432497106
127107225023231225123092000535159917
044001110112237042073099004434910006
149249218226231225123094000532225317
197242216240199220216199606590002506
075091211151237042073103475480044306
062241111231205127099205004432653906
044062077164205099154038004435667406
253235222026205113197250486440104517
047038029046205126037146093393320317
228047142106194031112232592302195517
126050033061207008085242004435174706
240083024132192182059040005875355306
044068100254237042073107004431332606
141236058236231225123092000532895117
044009043062138152125118004436029506
148152024128138147090121073502652417
050029012177199135034248085175647406
007234225066231225123095000530689917
131190120054139143018199004434669006
203172229135199208057086068892197617
245011183030251224228048609591550506
025240207072202030119207482640002306
213175202114199169007228004436176906
218225236211116246215240430250904217
096189195254202031137181004435280006
111234250242192030087126004434319906
116116078007050062035219203334838806
089096052147138145222179573360002306
218225236211116246215242430250904217
210030029151198229107060004435038306
021112097091205212229049004432686806
152200233154199177255051004430451106
062211170071205239062137000805665706
030015088183198255186198000000000001
223007030182202024005165004431215406
100222201116212064145045519002591317
044006252250064005155209004433492506
025206138052050065196199554070044506
140169207204116246215084004434783106
123188123209199136009058000805193306
203152006138050122231189093056306217
197222188038139072055004340630338906
104220091151205032030142574210555506
042205245069050123083077000255812906
249070079098207012129092001230020617
075063248032202029182231099980277006
111234250192207008081194004434745406
044222228028064005155182000805286606
047036180216205112188193004432653106
054146030217194041033077040505867017
238063142232205212176073000805701106
140075194019199171206115000802763506
206157043133198193182161004432634006
100124201018073165145044392050590006
044003214238237042073092004433526206
223007030179205071034072004435022306
048166086022205186046230080020111017
136227068188192166174247429060002206
239213054005215177243178052224171906
104067052067205166062098000000000001
148152007175202031017091004435810606
062202182203198253198010004434947406
047168052107199153047043004434775206
047020049214202118088053000805223706
249070079099207020016200001230012317
047108068093205250088220080803719706
075011030163139212123098486191500106
062241003118199208059191000800480306
119137092208202029116216004436552706
041155117093215167251194082536550717
115021010167122195111160457020044306
218225090096116246215093004436035406
206237034064215006068141004436536506
223239026122251100166173004434922006
090090206185199169194131514280143306
239213054084244001196166004432700106
208070209164207022044102052222695006
030015078049198255186198000000000001
062196047072237042073104000802962406
138245221241016198230169608050044306
044029042173205236085004052233496906
044001040054251196144149000805294606
016173171092231225123092000536236817
210030029151194039037249000800122106
196093217217116246215228630440905006
057184217041016228014062001612912806
047108052006199153033147000805646206
197019225090050065143214626410044506
223007030181237042073096004432949006
141183211149202024004065004430141906
105139128232207012139107000802952506
007231047179205194243159542564493517
110106173022202030054200449520002206
100222083106205250094226004432158206
133212244082205113240244195976254606
108254011054202030243132101380338906
141236058093231225123093000534955517
047036164176202167002170000805676006
249149130142244029048125004436549006
044000024175237042073107004433398206
213179055064199169026086052225115406
016215208159237042073093000801856206
237042071043237042073107004434504806
062242032160237042073103004434190206
213179055091215162050050004433351606
016038126038116246215081094825084206
053034178111192182248235324945185717
054055223115207012134008018641818317
021120096193205251205243004434965906
047184016237205066248169004435502906
134215151250240183048228106333956617
156183146109199169198037000536052817
047124068215251224117078004432664806
047036053113231225123072000533047117
044024176172064005155229004434169706
047123210092215013072176093390806717
070028005193205126172202598510002206
194238038181202029043149387334944406
016012080195237042073107000804276206
050237022080138056035086619793020606
050075019158050062115208000000000001
224115233227251073189029000803107406
140169207211116246215092004435964906
044221050053205239062149004432805706
244199223155251190163159080204944406
223007030179192182223188004435325406
047168189124198231053138004431669106
063175189236064005155229004434106606
070243078214199171104082000000000001
047168186061237042073103004431441206
047032016048237042073101004433447806
070071046250231225123094000532637617
044222227076116246215070004433459206
101137077249194038145242262365414017
077190062077205236237154000000000017
044000024175237042073105004433097806
069142040212202029062001574090930617
016012080220237042073102004430970306
030015072200198255186198000000000001
030015093010198255186198000000000001
156102054075194078198074416706034617
231148131094202024007000000805593806
044027169085199171103066430002055706
073027177001237042073101004432728006
044060086244251196218162004434039806
239213060025207001129237052223954906
044202024127135079171128000805088806
002143096036205167059219011285869717
213173014180139143182169052222685406
030054086185207180015129594290457406
047170254249237042073099004431934206
047168171093237042073105004431076806
223208143086194042041055000804741906
140169207146116246215068004436091506
044049012083050062113125130212860906
044090083205244248204037004435498406
044004213176237042073107004432343006
007205071069050065250163587920044506
021112097091244212050174004435683806
112046219201073165064095616600044506
206187252013050123066010554590338906
076106172162205203027106572740103017
212143025086116246215156632970904317
148068184009205032024171004434604006
068090094152215162057070517040809206
013192092241240183033127004434245406
047005216192205127099016004432728306
037010172237244127141129266520808006
212143024236116246215082004436416006
048166059154194031041230004431192306
231148130062212227179009004435556006
193253141242116246215010498300008006
044049016150207183082162004434959006
126037035211205212231173004435137906
047096042027205113202243581576316706
044004112121237042073093004434931206
137014129214116247217133000000000001
030214173024251224088133004432728706
047168186061237042073102004430529606
131026044209198243173111004455520506
047048005086207000071151093394570017
062206154252237042073106004436466806
044002171124237042073094004432606606
049235058222016233089210000000000001
197019046071073165108143558460044506
005064219197251100210164004455831706
119034045134138154104018008080442006
127107225022231225123075000532084517
044000007196237042073099004436036606
228101229185198209152099580114530506
218192206005138152125149004434482306
111010110028205251205237004433144206
062212051130212232088050093395081517
107129140118205216066141000000000001
244057235017202024167181004434982506
013217097017205139035178000801267306
238063141070205218014088000805523406
238204174164212171149168000223741206
062229140239212064071088052233828506
062198248185199224110057004435145306
213179055123138152152245004434344106
044069207099207183082178004434723106
062205196134237042073100004430490206
135084107064237042073105000805332406
123188126153199205174210004432713706
214134090018073165090160606740044506
047160235052205236231090004430345906
123188126168205180037150000804942006
156227152070199153061038000000000001
218225196096116246215093004436394106
041144006215237042073097000804196406
073024200079205166055177004434575606
157225091230192167234083481590143306
044027170124237042073093004431595806
143238252045194102252055004436312006
108123182110215162059075505160044306
047056014001199208052019004434338006
096043167181244212229038498235365606
208178002006199223117077004433545006
062195117105244038133045004430219806
223007030181237042073103004435013406
090054031025205212181001337961700817
121193141135205203003077572742925217
136227068188192166170061505100002206
131148087034231225123079000536504117
016012080222237042073100000800994806
148019247237215177242010000804376906
101047004213192182190021650064107106
127242060180215162057234004435037806
100197034183192132029231004432816306
021091198024116246215077004435840806
021137021051116246215095000806195406
044007016245237042073096004431081206
047034214121237042073099004434943806
119132120165192030025178004435973006
050239207201244001169249089994688117
122195147059207009253109000804995206
213184192017050120195113004434998006
062241229063205213166234004435004406
213176048152205216060033004435580206
016012080218237042073103004435311606
064048052139205113207083089996339617
070049107165202024016110000805879306
112059140014199169220096546952722706
103090174175212227179066444261098506
119132120168251100097152000805486806
140066161058116246215156432870904317
152157244218202028018086000804489506
044027170124237042073092004433985006
044006155040237042073095004433478406
008072209240205218013225004435008206
237042071024237042073102004430335806
036071095034073165111213618420044506
213173033206212227179002004435137106
237042093036237042073092000804677206
044222225062064005155175000805641806
147202253096205125121010000254275606
080210174034205239062137089991365917
223239004168192182087135004432793906
044025127081237042073095004434910406
047005043076215005026172000800118406
097183180197244001171032346313732117
047124049093207001009042093393384017
136151110106202024006164000803856706
073027146097237042073096004431265406
141183211166202028199159004434922906
114076206078205183043008004653452906
070243078240198209186109000803434306
253102008178139180040013001230012317
123188126104251190074029000806046606
208191236150199177255058004432866706
123188126106138152126181004435008406
092018144047199224151090004455942406
044020112202244158005209000802724306
213179055102215177242182004432644306
075091209194237042073107000801582206
136151110106212227064167000804487006
244014070013199223117202004435043306
223007030181237042073099004436353206
075066153110205033006248000804941206
047027068147205071038233093395027217
124137016165016230168164638100008006
231128051157198247229009538280201406
047041037061244212229072000803014906
097133087114231225123092000534401917
089229166157131026013057646230044506
021098062008064005155201004435560106
152045085093205125069221004435088906
122016143082202024006194000805521306
195255193011199169202100130003686517
016237093249116246215074004435529806
097040019142240063017189515350126017
044001245000237042073093004433475606
223007030181237042073102004434890406
050075068147205164190029000800178606
198140033053116246215053587740008006
100255048141199138218122650364916417
210025199052116246215086094825819006
106053004127193065093237000234882506
047044186191116246215082004433942506
141183211149202028144206004434226306
079121155114198247227183355360002306
047110181203237042073096004434668406
137051230163138152215165000255743606
123188123208205216066206004433504606
044026234095237042073099004435657406
089188012218073165104076530860044506
101063217045205126172217000000000001
076177099141205099158231004432911406
021091198147116246215077004436072606
213187199237215177242138004432730506
086037090034073165059115585600044506
005066151223205184044088271030002306
062243245159199171111039004432672006
091098105044202031151125430150899917
237042080200237042073104423040044306
196092076113116246215069004434321506
062200101139237042073102000803934606
047108127139237042073105004434427406
136053123146215177241060000802695006
076177102193205216060217004436521006
123188126162205249042037004435679006
197141077175240063113219000800699506
134194241211193065083093004435105406
210030025218192022160173000802698506
021098062008064005155132004434954606
141236063183135079171152000530448417
197156146136139180032017004435070706
114242104187116247217215000000000001
086142103151202030210119423850002306
040020021028244003007227370375656206
044062021201205213165242004435176706
079121155114205219221141494050002306
109208067024073165080171093920044506
136151102220202024005210100062296006
215181031216215162059230005000050017
070197075252050120063139527095032106
196092076207116246215074000806202406
231148130086205033005181004436319206
106083216253205180215011306515220206
100208217209231225123074000532655417
021098062051064005155132004435839406
102231024195244038204221427762151517
044032108080215007140194052235227006
037011176169199137233223055812768917
084232204137199177188252018641670717
044000007196237042073094004436399006
127029204202138145212199004433440206
085193051162251224032156263652625917
044026009006237042073092004433373606
223007030171193065050054004435169506
141236063244231225123095000534184517
254227154023073165173005557390044506
096205213251202028114089030740307417
072011211074231225123073000535383817
127045103210116246215077004436095406
151165171178192030091134000804958106
089230114033192022166175485650143306
253243238246251224116253001231446717
048201253167205164099061273922971317
213173038228202167000241004435530806
047125188161205200149026093395337117
223047225084050253170004004435056106
044072156175192167127138004433725906
199157006180192022164213531755085817
002002132227202031066066004435585106
127168149027202028024144070796063206
053032019179016230164196000000000001
204029212095202118117009406300313217
213179055065050251189121052224322306
044002177031198192202116004435041806
016190096096050120062144004435137706
197112172091139105124084000534891117
032181035168199137234143059384917606
097132228080231225123075000536497417
036171004094202028218241569180002306
108233213206193065072202197930146706
042204050214131115160069433182851306
070032085113205250090193588150002206
087017243009205184035163609974584606
047081024140237042073104004433843006
076086009019244003004211004436200406
042204056091215167114145060082659617
210061167155215177155179004433348906
049196109109205166046226000803748506
005253018192073165059027149740044506
214021180136073165091079558490044506
066138065068251224090095004435428806
041150227112244205139064052222996606
047008153189207001174138004432669706
008072209240202024016212004435933406
048166078115138030203094321000103617
044072199058237042073107004432989606
149158116057138056034209004434918906
044043055073192167126161081080103317
248231140250199152106082000253376506
062203162181207180189167056723722506
099141148218194017228043429190148517
085033099211198220157093000000000001
096019033001215106052199635664988317
007234055044116246215243355760904317
047034190173237042073100004434051406
047113006092199137224143000806015406
237042084202237042073103154820008006
044027144165237042073106004432605006
016038126017116246215031118915583606
131192122228237042073104004432153006
224021129024122195111160017430044306
158049010136050065234075519820044506
134164179075237042073104025151927806
122024159008064005155107118915647806
050020081204205066249090004455085606
213026000163194115214002518340008006
041155068095231225123073000536149817
218225141139116246215157357770904217
127254190014205180106238000254156606
109119163072240235109089518612048417
048164048162215006172174080000118917
044029150101212232088058004433790206
154018048208251073188242625442818906
070243079058202024016240000800639206
204073139045231225123095000530759917
231148133202193065095010000804503406
005078180096192135131152214182009417
084118062125139212125254038002188717
048165186056192182193067182030012317
076084179115215255119159080645665606
030015071074199208059064400035293817
044023212135212171082252004435261006
047049229079251190082009034802696606
196093217081064005155021360260905006
069226221207198255179154000534277417
066138065096251108226220004435356106
231148133007202031037117004435636706
036218193188240063101235418070002206
063199056179016233089034409720044306
062233239047139005144062081023569917
008074003156212064082250000804728206
099035121241244038133045069025209806
047113011130198254092070087653309117
249016226241192182151195005873835206
105161218126199137227109192603187217
215123185172116246215093004436174606
044025079037237042073107004433322006
197202025096202028087189004434994306
044048178250050057215104004435622906
048213171007207012129086080015414006
044007016245237042073098004435485606
204073078177192254115188000806195006
089059068032205184067007000536310617
130004046202205180044034000254119206
048180136105192182193067180780012317
047101041171116246215093004434689706
155038086108215177154198000804161406
021120111005207022026079004435173106
239213224178215163041065004435125706
075232068176205127119167004430279206
016215208159237042073093000800397006
109239191156050065235013543420044506
223007030181237042073095004432980806
077182006156207020027115000800940906
062211254079244248142058000803592706
053192187226073165107025651180044506
075225035186116246215122000804773306
146110129015116247217103000000000001
238063217233202027031013476770012317
127168149027202031067095070796524806
075091213013237042073092004434056406
016012080232237042073098004430675606
196093065108231225123072000536411117
062196033115237042073095004431027606
119132120174199136087175004435130506
196092076208116246215074000804938706
213184192017244067235189004434345206
141236062147231225123081000536518017
050017234137016198231109000000000001
002018192210073165090235621710044506
021084065139116246215058004435609206
237042070086237042073098624100008006
062192142166205055131122004434339306
119132120183194038152133000800426506
153071177226205071047140004436207206
244200013172139072053034000800983206
196154056218192182081168098343537906
044004098210237042073106004433144406
196085200112202030109010000000000001
196115231137064005155203000804735406
008074003149205166125146004435008006
198140033087016198230169442500044306
044023187165205216099081052232628206
089230062002205217086024033896319106
044002014134237042073100004435610606
158164071191122195111160221470044306
135211169116194114091141004433949406
146119207206205126037146069170698317
116241237229016032170058413540008006
047081124095237042073097004430916806
044027136008244248143208000805500406
100207010015202030177184579115760406
003167197211205032020221000805045406
070243079058244001196166000805113506
225018101102205250088182080873695906
203203183253231225123079000531767617
021017146061212194041233004435093006
243054009046231225123093000536164317
047105116136202024016245000842797706
015043163113244001022023000805442606
152001058225192182084046004434854706
075091212231237042073098004430264606
196093065108231225123095000535001217
037043141146073165111209456850044506
133124225044139072053034595932028517
231148132108215167248103004435211206
112096067220240063112061620643725106
239213054088212227179051052225194806
016227153240116246215075004434330606
075091211149237042073098486040044306
195222041230202024006238000801596806
090194228250205098232200220793985306
044206166137198247244070004435414706
098157211108205184071112068895439617
114080035015231225123072000531084917
221048087139073165064101611460044506
082032053007116247217133000000000001
044203081058205236228202000805140506
075091223095237042073095347480008006
136053123191205187186093101402672217
074046004041202028149150200015032106
047123008023205166057046093391022117
223011121080231225123081000530615617
097132228080231225123081000530647017
044085161220050056082031000804931506
238226095064207001181063041920044306
158050105124202031021214529893919317
136053123146207023229155000804353906
032198092068205213189173394231413717
044202153201116246215084004436056306
131208002245205201187131614560102417
062200101139237042073095000801697206
140173240255199153103074004434929606
226025007123205211056151540730808006
148068184009192030121215004434379906
197016034000215027045021004433768606
146100209241205217247056435685529617
195207244088205126137115316822724817
044001245000237042073093004432674206
048166069230198231237049080800295906
016215095187212064142082004435173606
062196047072237042073099000802502006
044206162237251224116067004430295106
131176096168199169214219004433479006
239213060017215176003224052225413006
223007030181237042073092004435047206
062210107195212195071118004435095706
015043163109244089082001000804651306
044039012115205032024129000806308006
075255020083064005155230000804420306
206157040178192029170002004434579106
134164178090237042073107000800846006
141236063186231225123079000531769917
210030029220205032022208000802641406
075091213053237042073102004431966006
044025134192240235109085080885251406
057184217039205212228250001614076406
037173182212202024167133318724582306
073155096003192030222105004434823406
016041072216244029240234000805477006
109192121074199137227109222223190717
141236059178231225123090000534943317
013144082107205239048153004435885306
228209197046205211056151515730808006
210030025218205166043027000805963506
044222224120064005155230004435700306
032169123231073165065025380060044506
048166059165202030242085004434994106
116116093211138145199170000800304206
097015233076073165059110530170044506
135059218223244157200117004433184306
062207243248202167044253093392675506
238063074219192166172049505920002206
223003018222199153098197085076290206
124145217000116246215122004434076906
099035113072205035005110066670772306
127107225023231225123074000534580217
032191132036207012138008004435158306
093123134185205066255068571224689806
124102153163212230042089058165004006
021068194222138030255233004436096506
105052172160205212182122000000000017
047177236088205066252241004433614406
047084229098237042073102000802058406
047110028130240223180061004434651906
062196033115237042073098004430368006
016012080211237042073106004433672406
044039243071199169001133004435878006
130150037145231225123076000531830117
107199024037215162121126100001000017
239213054005240235109089052225091606
197030218097198255186198000000000001
130004046202192182215081000253738206
103216052064205217247248004430288906
231148131098212064144066004435134306
197003183099205167104077000535291317
047032228012199208063070004434981106
109089110048198253220163618530012317
093125227051217010237236649330044506
136053101161202024017179000804156806
044027170124237042073103004434631406
044026234095237042073099004433273806
063165024038237042073094004435041606
047080081137248200243253055145937617
197243251072192182046001455846051906
062217216202205098232207004432083506
101133041224194114125249030746108217
076177099152240235109050004430218406
044068050068237042073102004434737806
054110009237251073161183133822697517
243054081003231225123080000532285317
141236063028231225123079000532866217
130004046202192182151233000254200506
127242036007064005155230004433634406
197174046055199208059161093364136617
103222080015064005155103000804051006
059211238234199224098189004434048006
016012080224237042073096004433489806
030208234134073165228025220970044306
007031004197205126037192567145773806
125228244092240183051073000804425106
015043183027219092051205000000000001
073027099015237042073096004432862006
087217072209244003240047089990297006
134159101059193065004076056045508017
062196033115237042073094004433362806
044038105216212030093150004435952706
044063164199138152126210004430425806
073155098048240183007107004432645506
103222080015064005155103000804050206
044069085128215167114029000803768406
075067109192202024004210004436351906
136157070216231225123091000533797317
196115231137064005155203004435096206
070243078216199136064055000802782406
044025010021237042073106004431016406
044084085022212030157184000805457106
153145152156073165228030497670044506
091149145152199169193248353045114406
148067222062215007246013000536178417
247003044181202030125233000804361506
223007030181237042073096004434066206
047161051234205066245181004432636706
197085004084205098232210000531234017
112081189113207022045092001234100517
076084236255205184032019080215143006
218225090096116246215093004436051906
113175002229207180015129333630516606
131252060049205032018154051210337406
062199080201135079171198004432312506
062212140185205217254132093393541617
069124013174073165079195610890044506
016215142194199152013237004433252606
224201050236251224228010177685266117
044009107186194017229143004435803506
047100133163205138232129000805408406
044069144230205251205237004433101006
249070079098207012136018001230012317
141183211149202031103055004435423906
131092194140215004032080099922630506
136053209127073165172045024140044506
097039161235202031045041004434829406
228079139243231225123081000532560617
072057178083192028109108586980143306
063171057002205219223041191322622717
044026144063219092207081004432135806
218225236113116246215092000804572306
106018073115194207242207606250103206
213176048117205251207001004432695006
244057012111207020027208033775071306
016012080230237042073098000800625806
070243078127205212176145000801161006
139130182033116246215063540840008006
236146136232251100165095004435105206
231148133098205180041245004435222206
062197230053135079171185004434465706
213175202248138091022026052223916506
049143048173215019232002615684099317
016215208159237042073099000804436406
223007030181237042073095004434031206
070243079122193065034106000806095206
103245144133219092009137629032168417
069124161239205137109201068810227817
047186102131244248041040021955383106
108254011054202030255035101370338906
100153046002050123065225000802914306
213176048119244248042018004434022406
002196167108202028028028514131454217
119142160193205251200208004432659217
044003159019237042073098004435695806
085051123177207020027073133502668906
044007243054116246215084004434959806
044068198003237042073099004431393406
047045155105215019149253040175257006
106055204194205032028230549665782717
062254027108205138232131241602092917
149158112253192030039016106665953406
062250164159207001007094004436352206
197091195202194038150090004430645606
140200069195116246215022000805791206
090249157139240063113219414750008006
047034096136237042073093004436391406
146086234213231225123074000532034517
112073125181215163006231411410102417
063160063158237042073103004433607406
148047042197116246215093004434875006
199021148053205239062013342725837206
097095223113205211045105139481237006
135159110072251215148189000000000001
221197115089244029240029004432727206
122016143082202024006107000805375906
036218193187240063103132475410002206
070243078214139105122196000000000001
136227068188192166169209389530002206
033239237020212195130205004435954806
133212218068205066157152371945069206
044025190174194038093089000000000001
021120111082205184044179004430553306
047109173158237042073104004433901406
062194058225237042073092004435087806
197090136251205250088202000802357706
007144119150199136088086510090758817
003144073121199204091178004436354106
193253216057116246215059502810008006
047028197032205250094119004434348506
062243242211215177154198000804940406
033228141158215161079250004434415806
123188126160205211038086004434975006
083124207081192167127014465865733917
063172210172205194245168004433871206
081096181219199221121052471615881117
200222118176205249005021000803235106
211210206017251108150013000804591406
048165186056192182193067447050012317
111210067134244248042018514135932906
111025020136199177248179000804969606
062196047072237042073102000805962006
097200147157073165034010593540044506
201072135131231225123073000535680217
253102008178192132040082001230012317
122027138110139218240211000805139206
063172111071194207241008000804196006
044057247150207183082110004433419806
047109074090237042073100004431209006
109019243075202024005070448756520417
099035121241199171090167069015037206
133212244253199177082113340166103217
005234162082073165090159557850044506
155038086096244205242029000800532406
153187133236237042073103004432818406
245212174224138147089186031285364406
047160006137237042073103004432498806
073027099015237042073098004432959806
044032240052244029048171004436120906
102010068249192182090041456825123417
139056088081205126033101004434860206
059171112251050062046165183180466217
231128055195212232020074579860547106
131143049095199169214058082823122906
032099007043207001132215000000000001
218225205124016045106041000000000001
050051033203198033146245175555992306
197135179116207008087044000803755506
086106052001193065086210250005151406
073155112254251224032197004433761006
016012080195237042073096000802092406
101016168121116247217234000000000001
239197074236215013072176070153324906
044003214243237042073098004434810006
079001012022198255170134489550493017
111075119194198240075010046620161406
202217215109198247246138572750911106
016012254220205217251192004433568406
069088080079251224119081239430688117
034108125191192029092226382270808006
070100054198073165091201546560044506
056021221113207020253144004435405706
083088040051199137227211000803538506
062194073195064005155228004435258706
048181106054016230168186410280008006
016012080235237042073107004434749806
047170001253237042073094004431386006
036087189232122195111160614100044306
231148132075202031106032000804997606
213179055110212227179002052223897706
082100045164192182025251069085669706
073026250112199224156061004435428506
231120120239135079171167004430549606
229019230088202031028056068810688117
069113203028205212176073010513010217
070243078228192182185039000805269506
057184217037202026148215001615479306
075091213054237042073095004432010206
223007030181237042073092004434435206
076084179115212232236102080023613406
016039237023194017228038000000000001
243054081006199224100173000532666317
212246192003207020028157587870002506
096043141124202029170044250876154217
062205196134237042073104004432368006
030214172209138152126165080805470706
083109057249122195111160309010044306
140075250000050123066003000533309817
044072159178205180139093000805302606
134164179105237042073095025153166006
077023208110212202161075199920411906
042064152182199168158126000000000001
141183211149202030105216000805085606
047107224188050056157179081005142506
030015078052198255186198000000000001
062196103036205164099243004435174206
044222187179135079171142004431902906
048213118196202024006146080012491006
100208217209231225123078000530531017
047025002224199177082125004430933506
135069248195199204120058004432817306
135214201046202031155161000805557406
016226083159064005155156004435253906
249158180126116246215094004436044206
201205002251138145237054436640555506
073138247041192030125051000804938906
197174047210212227179009093394217806
129211018184116246215080004434318906
047028011245198222247205004433014506
047084229098237042073092000805138006
063147027092251224091164081120113017
134134130178237042073092004435934806
047111177160237042073105004433049206
197210198168199208057153004455670306
030214172226212171014189000806370406
209148117107207012136247590752741817
137185179023122195111160226140044306
002120122231199153044089068811043317
111014018102212227179051470154219417
062238177141205250095252052236095906
047119090058205239062133064032805306
016012080235237042073098000804761806
231059056000244248204037512753328217
047122010220194038093242004433742806
123218243039215004018236505454402817
044084123012131114015051004434207406
152041050141202030243093000804931106
231128055195199153096147579860548906
047050009167244038194197093393956217
093125004111251224032205554493139806
030015078054198255186198000000000001
050050056192205211048021000532109417
125020145082064005155201004433511206
135079190114135079171063617410044306
103218046253135079171207004431744106
073171186037202024166138004452626406
211038129096240063017153004434736706
131040222060251190011213214346328917
077146229143205218074002270434561406
044002161222237042073098004432043606
034080172094205230090132232070002206
096016119070205184066250497121684417
124101052200135079171146004436244606
080203145065202167046207011980688117
075014075198199169202054000534097317
062199205161205139034077004430172406
016012080223237042073100004434428806
016012080221237042073099000805967806
131000232124251224004112080285399206
148068184015251000115139004436020606
052094163035215177154219000805120906
075091210211237042073093004431595206
047063002131244038133045000800419906
044039187033198231235091004435271206
050067189144193065052237004436547406
196093065108231225123080000531981417
103245144183207001004123609534579717
044026066129116246215093004435728506
213173038251050122167218004430848506
103195139028073165034192160470044506
073158140130205200173086292945899606
114242108253205071139022000804987006
044222190196064005155183000806520206
002019163249073165080234582400044506
134164179105237042073101025152440606
041149159087202030166229099983367406
015221230145205249007215232444664117
231148130084207001190114004435806106
070243079058205218041069000804254306
063161039000205066142249004434395506
047081091076237042073092000800848406
044084086211199169022214004433511506
078183061124205199058009347970143306
140066195028198193184093000530837617
044207167172199171206037004435150706
127168149027192254115149070793327506
044027144165237042073093004434364206
030054086185207180015129594970453606
119132120167212171245084004436127906
047081219250240235108140539995199206
114077099132194114119214000805318506
044026234095237042073103004432315006
036212210195205184074148403230143306
016012080222237042073094004431866606
008075075222207180012205004433075106
243054196205219092051205000804483506
149158096184199177247226071024950306
140169207157116246215085004436086006
096183018042212195128205578915408817
044200006019116246215093004435063106
062215095008116246215092004436184506
213187199242199168233136004434025506
044023048236215161115169090014234706
133088121044073165064101534800044506
075091213019237042073099004435324406
097132070061244031200201000804691306
016003074205199224157058004432546106
089141192005073165172139603320044506
131134146233205184071157001235652017
140081031156231225123074000534232517
030214172218219092011204080802808506
069050019091073165081230603860044506
062199082095116246215084004433595606
210061167043215177154201004434976406
044001110112237042073103004436046806
125228248198207000069018100865861806
119132120180205180011229004435083306
113044188175215255062225357080002306
044095058105199224110034004435311406
148092180063205201092084027033956906
135072013121198240075243388955637106
016203009119116246215015000805173806
135240062190139001143027000805023606
213187202254212197085188004435317106
044011048040212030157157004433894106
044007043033212030157184000802647406
047160006137237042073098004433586006
044002171124237042073103004433075206
203127070137073165034232548410044506
131134146233202030252026001233781817
044094179081207001173101004435491606
048166247120205203003040004432822706
207117057112202024016182034785830117
136053123146207001175102000804993406
070028007092205249054128635250002206
041145050077199224153075004435621006
103245144203205098029246381312153717
117120207193050123083215641450899906
062200022195205211052109093394782306
075228020253116246215084004434867806
008072209240202024005159004430309306
141236059211135079171149000534049317
048167030099199153033053080000102717
213176048181205213185070052222629606
195222041194202118045005000800145606
040090100238217008245162164460044306
202217215109207001015096000000000001
132221205232050065235193133120044506
148068184013192167232151004433972906
035137130051205194223164068812210617
049079181034192167123221081126552806
062202150117205139035106004434981006
116247237232116246215144458960905006
202102120213064005155150000803313606
074144103229202028023197628693179617
059252155150202028129171001234445517
047100067038237042073102004434728806
158122036165212195132003284151782317
149042099213212194187255092121711217
108249004148192135131152596195048417
044087041163205098232224004435306106
213179055089138091022105052223921406
213179055023194043179122004435049006
077051148104073165228185528900044506
223007030181237042073101004431407806
197028216111131026048235524740044506
213175202245244248165117052225279006
062201092044205199056102000805196506
062243060221205164190034004430369706
073155112250251224032205004433624206
213176048238205066242203052224900006
044002162165237042073102004432947406
034108125233192029092226647790808006
143011055062116246215051539910008006
108120070058198255185126434545938117
127058076178064005155220541321164017
044000024175237042073094004432079006
197243251075194043124106099995174706
044016212026194017236074004436283406
231148132108194086001169000803042606
074236232012192182250234000230397806
016215208159237042073098000800347206
131210219147192132180093004434003706
131134146233202118034105001233578317
213173038231215255201250052220395606
140043061061198255176117004434204906
062199082095116246215070004433679906
226102051193135079171185004430905306
036218193187240063100251286380002206
231148130001192030029234000805826406
085247217050194114063157070095682606
135238185058199153100004085565013706
133124144084202029242018068816366217
072011250172199177247118000801232406
079179252249202024156167166984097917
213176048055205187186221052225422106
141183211149202024017021000805970706
223007030181237042073104004435116806
131092242168192182046211000263391606
113105073200205071021003625554489617
140065118193064005155209004436345606
238079008021199208048165004456195206
044068198003237042073106004431011606
016012080216237042073096000800347606
239213054022050254092220004433609006
044202053254212064141185004435151606
195135139134205236095112534110320217
237241128201205251205173004434171206
141204003138193065049237004435457106
044024176172064005155229004436246906
044222189175207001131073004432774206
044200000015231225123081000536220817
063167033212205236228201004433691606
133237136109251224091164518820112117
042094068166212197179178267140688106
150066156026198193186058624700002306
196154009237215167114193080004656306
239213060009205066248129000803555406
070243078228244067211108000804924006
218225234049244031200203000806422306
141236058100231225123072000535635417
015074134238207009048123000000000001
108254011054202030119108100910338906
021068194223215163004047004434930006
062242032160237042073103000802106806
062196159178199177093143004435777606
213175201176240223181066052224873306
058101134251192135131109000806014206
135084107093237042073092000801397606
062254236168207001130205004435934906
109210154009199169207098557200013906
032181132130251215148189069693245617
208178081223205127099002000802624606
122163015178205071044196591665331817
016183186230116246215215000000000001
200124200090252248025120167780012317
044002171124237042073106004436165606
096133245188212034247180018890338906
070253158073199136067118554643988006
231148131209202029037092000804724506
093041021197073165107140621800044506
044014238241205137110030399870002206
197016117240205071023085514130102417
075062217254205203248252004435321006
044213076011215007140218004435335306
049020059038244089100204143886076617
237042071025237042073093004432550406
087062241185202024016079004431607106
213128162150192030055222568972145106
137125215013073165105141605790044506
140180208166215019232013088015355017
194013211235244038134107050600506117
030015071079193065119141004435864306
136053123146202024016001000801616006
134194243110193065038133000800700206
197015102164207180012223000805861006
083177029032073165173038621000044506
044005176228219092051185004430524406
220017179168194114059034004455875706
137075067042073165065157399810044506
047100158133237042073100004435542606
113107240141212227179137010290283217
109026099201199137227017626920423106
134194243086193065040069019353194706
148067222062215162057234000536110817
015073048122244248213093000000000001
080203091028205166054175641845173517
249167088058194039040082080002610106
097133082094231225123074000533713217
223011156115198192205182088012941017
074107159180138145203016394040044306
058212124041050065235135121800044506
047032061113199152012142300002687406
200097192089194042041053000805101506
044005236185205194243035004434941306
213173027105205071139108052224084806
062215189187116246215076000803477606
124145217144116246215122004434649906
076177103234205216060124052220233206
044030168152050254095245052233638506
016012080209237042073103004430256606
070028007092205249054077635020002206
070035045098050065196208619310044506
086053231214212202162180000000000001
002091037066205098029009528074845017
136053123146202030060000000803742306
049196119190202024167091000801965106
073027099015237042073103004434796206
141236063234231225123090000531463617
197143138162212194088012004435510106
124247190024205251200212009933692506
021068195090207008085174004434964206
138179218199205239062137089990936017
134164179107237042073098025150446806
223239026122198229191167004435719306
215015097121231225123093000532986617
223007030181237042073094004433226606
021068184227207020027239021955512806
231148133202212064144066000805124706
047004134171135079171158004431809306
106006141089199153108194584620801206
073146145090064005155101004434799406
213173043255198231053189004434004806
032241194091205250090114094435818006
135084107064237042073098000804314606
104158196110202167044253623486412506
047011147105135079171145004435546606
103132027151050065138149498360044506
130142058014231225123074000535186317
021068182009207020027207021955512106
085129065215073165111149584940044506
237042071051237042073102004436105606
047091149100194086010203004435111806
097133087114231225123072000534839617
096133245188205126037093020100338906
134164178084237042073092000804104406
119136142255199224155162004431343506
063166069136205071047201004431022506
062206150151139096099204004433653706
021120125189194086002116004434972006
113175002229205216067105084130518606
141236058200194038152203000533343217
146072194136131115224148004432254606
135243069093205236086098004432907406
114067044154064005155182000805136006
210221086024251224005229188733900206
016012080220237042073096004432127406
100197186092202024006012004430344706
213179058180205071139253052225333906
124003041057205250089041004435108406
044008180063138056032176004432870706
042204063195205213189188070084754817
146086155078198255175137004434545306
233057184157199153102059203926080306
223007030181237042073097004433923606
002102009083192029094165550190338906
063160146128207001000248004434924406
135243069231251215119009004433284006
120070158086192182245131591402556506
044000201196237042073107004435498206
053181118221251215234085491520008006
041150227114207183093078052224909206
149016102181231225123093000534382917
025200100251073165079146635160044506
116108028173202028201202000806290106
131134146233202029054100001233638417
127168149027193065059045070794998506
238063254254202028011157537340008006
044222224120199136009050004435599606
147202253096192030100139000254631206
101160237152192182216063589870190017
218252199254205112117170004436325306
008104239022244127156248000535787917
248199042077207183149212000804893306
093210002076073165173096643660044506
044002029187116246215079004435074306
147088024069050065235111501660044506
044208235055135079171167004434756106
218225090010116246215077004436393706
197016034242205180120012000805850406
140169199186064005155210004434743506
016249230247207020029042400260148517
022194187012207183083004004432923806
206097002108244157223247323494916017
107223078091205217248053221324286517
062228193004116246215083004433691906
204026026134199221119051083565830417
119132120174205201184139004430751206
047123206230138091029028000804976606
002075176065251224035008279464552517
244014005023194038155157004432790006
206089105214199177245245127432795917
062194058225237042073094004436054806
091195238084073165064018537440044506
196012212058215177177108000805066906
213175202245240183033096004433441206
044072096045116246215068004435595406
075063140018138056079079000804938706
041144225102205187184005004435909406
048167178066202024017032000802969906
044027081128237042073106004433753406
137234065157237042073104411380044306
047177053195198254091170004435798206
053038177139205125103240000254896606
237241143068198255186198000000000001
030209150034202031036086009934983406
062241025066199177087105004433233106
206111181159212230173215000804206806
030054158227215004019210033925594606
134134152081244157132173004436347606
116086068189199169202080004433841006
070243079122205127002121000804445406
075065173250139093087219133111008617
148068184012194043157186004435954606
030054086185207180015129594100453506
247003207043050253233247000800303106
133038203155202028141036590523732106
047111041154237042073095004432747406
134067155214116247217133000000000001
114242108220202024005226000802335006
254116211058192166232252092120930917
075063078168202118095157004435072306
047009025167237042073105080524262406
206163133099205250094172581160312806
070048059038244067211059000802647806
213175202231192031161197052223291806
213173043246050122165119004434477006
050075028226202029084113081015067606
002002132232212196221139004431903406
062213035021199152008014020003102906
044004247143237042073095004436531206
075023030005207022045110090370688117
134025023064207012129092522110717917
223007030181237042073100004431458206
228065175005251224228010513895266117
156183092131050255049114004434612406
199247182164240063017174209992852306
047169128071207180189166000805085106
097133082161231225123095000534668717
113011152118073165108151652710044506
199048176190251224228010247935298417
247003207052251224032205000803622106
218225091066231225123074000531413017
062193046191251224229123040904632917
141183211149139093088229004431201006
087118114044205250088182230010808006
197137092022205164121121004435163006
133240162029194017238154358721453017
202217215109205236225089572750877706
044006237119205251205181004435224806
062209009011192022167016093394513306
204096127004138091022086004433695806
135243069107212227176016004435252706
197084055224199152004167582410338906
034080172094205236091087546850002206
002056095020215006005165000802743606
223139160181212171082166004432656806
151075029189202029197205265340002306
062243178014244038133045004432414006
119132120158205164097081004436243806
048181106054016230168186071730008006
124016192062219092207080004431465706
218252146084205202140254320055070906
213173027125050254095245004432691506
243054009016231225123077000534696117
213179055094240235109045004431064606
237042065009237042073101000805475806
141166076133194017229034000536378517
047124189159199171105155093395560917
044062077214205127097039000802825106
231059048110198254091122401795877106
152105163186205249014183000804255606
127045103229116246215077000534527917
130017247136131026048172616910044506
124244081067231225123080000531404217
242037250157205203253058528430005317
219247248103202029077196394980098906
210061131229215177154219004432691617
137113217159073165089192137440044506
134211152002205194223164009995103406
101105114179251224032205347382826806
057184217039202024030252001616088006
002002132227192132183097004435512906
197207242232198192209037548140002206
075165032148237042073105000800536206
239213060025212195089178052220200206
213179055004240235109118052224827406
097165057197199177255009173641250617
111025098139050065212156155670044506
047038039194139143183029093392651117
047124021049198192209090093393258317
119142160195215177155126004434708406
149042109042050251189121092120930917
036223184098205250088182445580808006
079045178098073165059231529630044506
044198159141231225123095000530544517
140169199206064005155134004436233706
044029152161205139035162000805058006
137215032181073165065156541380044506
252172177166205166063249221330002306
070112209069207180012223453044473406
146182103104205211031164046725816117
041155117093202029076122082535715317
062242127055116246215082004434810706
113111011252199223127128548665305606
141183211166202031095064004435255206
127198223243192022160239000802670206
070032085113205032028052588150002206
213175202200205139035089052222764006
075062217254139180043152004433866906
085029094127207001003108068814019517
213179055118202167002170004434520706
127242060198240063113003000805203706
111057099170215161111225568732705417
047169094069237042073101004435206406
062213118122251196218162093393521317
146011195188212195084193000805859606
213175202217212227179051052224367906
053179146141131115224156397481696106
231148130064244031072068004436030906
044057070225212195071200000806106006
080215054106050065216130441070044506
156117210077198241201053638330008006
149016151122199224099094004433072606
082162104131205071032190026700114217
248199102004202024007203000802196906
243054190091205212235187004435641606
133074218085050065249087501060044506
141236058099231225123075000531693717
149210180175199224149049004434817006
016242056115205216067013000536418117
021091198132116246215077004433820206
223007030181237042073100004430529006
223007030181237042073107004431652406
228079071147205098236041004435501906
044023107238199208058223004435946806
102213206129198243029005559183534517
049003077085202029115207102181786617
204214170208199223126076308520102817
133094088091251000115141189794565717
016012080234237042073104004434633206
223007030181237042073093004433158406
044039212030207001182105004432648906
124101052197135079171146004432783906
047004073104237042073101000802022606
230100185077244029048153456612282617
044006155040237042073097004430594806
134194243123139212115173000803513606
044221194081205138232092000804641906
092029093204215167248157124852603617
112172032212073165104242650550044506
217242007040199153099173087660194006
096189055102215161031008092121781217
239213224162205187185151004435056006
062196168036199152003098004434738706
239213054006207022045110004432669706
070243078224131115224144000800708706
044046046214231225123080000535094017
253102008178244248205113001232694117
016098134039205212176179255652667506
131092242153199171095094060144918706
213176048210205055205141004435670506
072011211078231225123093000535246417
107183214079205236085045420295720617
200124200090192182193067088770012317
036213192194205071040185492310143306
044022187019205126032199004436313306
064004255129231225123077000532560417
050075043044194031116070080802427606
244022183144205251202111000000000001
198140020217116246215223592290008006
070243078224202029091194000805113606
053037096145199221114239136445246217
103201190103251100210164004455815606
047108167236116246215080004433646406
062201077109116246215071004435960106
197043153080237042073104000806251206
044058119066212194251002034794956406
112115224023215004019210033895679706
047005063162244158005051004435517906
213179055085138091022086004432672006
156108211212202028024044176021263317
042204053160212064070159060084395017
213176048057215177242173052223286206
075091029223199169214218004433543106
213179055083199169012057004435535006
030034243078199171104071169266126306
047032110241237042073093004435143406
042207172248138152126226585065696606
203203183253231225123077000535721417
131134146233202118054182001235991017
141236059116231225123091000530813317
203203183253050254094253000530513017
021068198040192135131109004435352106
093127175154199153052200136565767417
075011079107202028189157070015955806
102215010139205126137116497591296717
231128055195205239066005579860546106
044222190183207001165045004435188606
146112165103073165228025373700044306
062207024087205194242218080004942106
141236062106231225123074000533870917
140169207158116246215092004433575706
002002129240199177027029004435706506
062192142166205099158011004433945706
136053123190192029060179101040308217
007205095197205184032120278315600317
044020145009198254091153004435203306
110104138097205203039119472954617217
213176048117205112191032052223075306
007171006234199152013194530902683017
047038003195205239061037093393506506
073155112250207012132235004430512706
080215081080199204098222004434540906
130150037145231225123076000535030817
101235247110194043106045004432638906
197008099022207180015086077772234306
127242060239199152001251004432676806
213173033209205251205243004433763206
213179055069215013082035052225491506
238165112192215004019210033896139306
079075194188202025020070070190002306
200094057196050065235111655090044506
213175201164205113206158004435960306
073167155193251215115082004434405906
134194243123202029122193000805040106
135214201045205032021241004432991406
047123201106205164190034004434848306
209202130243138030198133018635207217
148003126058116246215069000803989006
047081219017237042073104004434710206
122136043155205217249204004435103506
111205241194202024005121522555818517
080207208068073165080186562310044506
149042109042207001164186092120930917
226202039164205251202109000800441206
149042099141205187188205092172646117
213128108236116246215043527310008006
002002132177192182037109004435049206
044209039189135079171185004435851706
008068009245192182139124000805193106
242037250184016229027242427350044306
070243078214199204070232000000000001
075065173250139180043208089991331617
016225161021016048144190577440905006
097132071162116246215082004436422406
044068100254237042073093004436543006
213179055005205216098182052224448206
047001058096215161105226004435416406
251000215006116246215223474730008006
002080022028199152008133068812702617
249149130142244029048125004434537706
210030029151199169193232000802720206
141236059007231225123092000531890217
122028053239135079171175004434153906
044200190057212227179137004435097706
119137092208194078222213004435090006
044206180009212202218073004435772006
237042065010237042073104020760008006
122137167108016229033180577800044306
062252025031198231048022000225669006
047101246214237042073097004434724006
200124200090192182193067294680012317
064004255129231225123095000535874817
133095050236073165069215638910044506
016242056115231225123081000532863617
002246012011135079171073506160044506
097085211066215163165108308105018306
131174243014192030122005004433675206
127168149027202028245016070795431606
044000187107199208055242004434221806
130004046201192182213195005873444006
223007030181237042073106004432856206
141183211149202024006255004434331006
196093065108231225123090000534930817
134052166188116246215080004434212506
022197151226251190163186081101036217
044049099043244001020026004436290506
130149140042205212179110000803240006
104053104126205187184009121934804517
213187199235244067235224052223452306
213176048100198231053138004435261606
044021169152199137227110004431405006
044003245085215176002052004432627506
070243078253192030046153000805026006
047032110241237042073102004434435406
218225159158116246215215000804706406
119132120164205148029166004430388206
096189178094192022166075004432788606
062196047072237042073097000801947406
213179055092205127096150004430245606
197009179181198247235181279356487406
140066249106215161031064004433442806
047119059201212227179009004435555706
119132120180205217164226004435028406
197222188038198193180252038190338906
131190122252139143018199004430564006
016012080213237042073104004431170606
016012080195237042073099000804069806
210030029220215177154219004434747806
149042109042205194243141092125624017
130202218044073165109115507920044506
041144210188199208049210004436291606
103195139028073165034192160220044506
097133087114231225123073000533800417
050067252117215019233006011944349606
044039016193207001175253004435460406
044000190172237042073098004435898806
062206064030205099159127004433962306
016237093032116246215069004435171206
142215082130212230173063004432062006
100231226059192166226080464740143306
237135165124205071138237004434872506
249070079099215027090147001230012317
136227068188192166168092335540002206
100197034181202024007047004432537006
021120110123205212183176004435273606
041149159087202031161220099984936006
044039067198198254091182004430172606
062198021144251190083176000805904206
062201252168215005011096004430198706
223007030179202030086214004433792606
231148130230240235109050004434941406
103119022088194017228064000225872606
063160077011207008087096004434010906
044017055027237042073094004431381406
044199086127199136087023004435180506
153156131132205180071130435945213106
073164088216215163202012000533287617
033183167035205250038162004436386606
153158004051244127158066000803042106
032191132052199171105239004430498506
218225090096116246215086000804212406
233133167069192182233062000254477306
021084065137116246215058004433915706
141186047209251224032205004436383906
119132120170192022173005004433722206
153173169042193065012186000806479606
016195143025231225123076000535931817
048166059183198240051160000803531206
218225009207116246215084004434756906
016146204198205032022194066530005317
199114093113224134173170603670044306
036046111104251196218143080015381217
111234250012215167114172004435495706
223047225084205212176221004434967506
135035224130050255049114195000278006
243054196140198240074128004436492706
196042228187064005155157637520905006
021120125181199168153015004434947606
223003050110244001022026080605006706
097095222003073165089184501160044506
111210116074138075187235514135726517
064092045243131115161100584890002306
044222130140198231048022004435221106
044087041163205098232224004435305806
201200143242131026048015014170044506
237042067020237042073096000800690006
135243069231215007140142004430207606
208070209175240235108141004434844106
127168149027202031025050070765058106
213176048034194043189130052224813706
136053122151202118042090000805805906
044020221114198241226024004431614106
237042071022237042073098004435566606
062227155184215163115082004433536406
129177126010050120061058004435254906
047037032218231225123072000532857817
080185176136207001003108633950102417
044002014134237042073094004430717206
213173033197251190083166004434813906
044085129008207001131073004432950206
197043152150237042073104000804247806
097133087114231225123092000532569017
091095041186192029094254502950312806
016012080229237042073092004430360606
114218009113073165064089605770044506
044037096150192022173005004432639706
075091213030237042073101004436347006
042094032059205236085045010295720617
126117023166205249010089239153387717
248176087051064005155230000805791806
062242010253205186046038004436298506
047091030167205236255034093394749106
103113186109194017228064000225246806
140180208166244127020060088012649817
044006226094237042073097004431291006
073155112250205180101155004430284206
008075075157205164096216004433448106
142215080236244157132145000805013206
148068184012050062046170004430840906
075091209194237042073093479960044306
132221138006073165104231647100044506
044027105057237042073095004435040206
075091213023237042073097004435536606
048166060181016198228024000000000001
015055040148199177255206107600005317
070231208182237042073106428380008006
049196075230202030214230000800117106
073155112250251215148159004434651006
032239097054202118049109341905141317
218225159012064005155202004435838506
070225085172139212117073538210002306
096019043176205167107229036580365817
047107000064205216062207004436260706
044027144165237042073103004432284406
207083067018016230164044060650044306
047033096037135079171185004434395006
213179055084244248165154004435138006
197218035170050120062105479604978817
016003224093202024016212004431652606
070111139170073165081098628810044506
044202017032199168153244040704480817
131082226210205218157086004432220906
075063140168205212176073000800235306
002248013001194038147093192901715517
050084215093207001000068268404929106
136037243004244067209150283064358717
073136109206205180122105499655957217
223208143086199177092145000803842906
112081188215199152014239080682664506
209134070244122195111160518060044306
030214172228199204119034080805841106
208181140212135079171142000805335906
070045176232202030065098563724925917
030015068059205185134105004435510606
064031252084212230061008653640905006
245098056077205218072072004433771206
047170254249237042073102004431341806
196093065108231225123093000531245117
044037253246194038088018004431828106
047032110241237042073099004436500206
213179055105205180139218004435574206
124016210235205071044132004434138606
244199180007212195004146000805413506
056021221124199136070131004432816706
156183092131244031072095004433471206
151165116000122195111160122820044306
206127246250244158005197000800384906
210030029151202167077046004436317006
074250101244199153047033244264219917
203158175058202031188024516111456406
135214201047202024004189000802327106
104210017147198254091122514130322617
073164088201205200226103000530257917
016012080234237042073106000805747206
062245204133237042073100004431214406
080074197217205184036200000000000001
016012080209237042073098004432508206
056021221112205112119107000805586506
223010192208202029231008270185899517
044076254087198254094226000803419906
210011215050202031186106227704778317
213173038250205112188069052224113006
076084179115207180051202080023571306
135214201054202029148092000805181306
016212199238244248213082004431013906
130004046201192182034082000255199406
070234037120135079171079004435928706
044008212055131115181120004435271406
047184014031205199054106000805481106
062205051026215255218060004435651006
047169209171237042073104004432521806
200174155096202028024230368805902317
016196006229064005155235400140905006
223007030181237042073098004433402806
197047117017073165228246603690044506
047091149032205167104005004435684706
213176048167244212229043004432688406
044008206253199153035028240502205117
129066245106205125073142514130103817
137067095126207180012205340473070517
037169031209212230037172104695322306
016012080232237042073106147940008006
223007030181237042073095004434816206
213184219088244212229038004435557606
044025205220199208061189004436475506
103227026008116246215085004434892006
111060068087244127021238068812773017
036218200065198253221074374810002206
237241138238198255186198000000000001
200124200090192182193067140830012317
202217215109212030196219572750744406
062196047072237042073094000802933806
243054190091199136086126004434475206
213175202241205183125141052224557906
101003044254240063115086208953449917
193140198201016233080118137870044306
140015213117116246215222398871164017
105038199254244067208141621500005317
016196006191207001165065404300905006
197043152151237042073096000801335806
062197230053135079171142004435359106
206163132008192028052168463363389006
196154009237205200226112080004626006
213173043239198231053138004434591706
213184192021212227179066004434992406
245098065203194086002184359290108006
131099069244215176008218004435095506
203218046005050062032209564332420006
007234108210193065040046000803309806
044025010021237042073102004433036006
131209141070116246215111395780044306
213173027103212196235023052221421606
070096175064202118019245462170808006
044091165150231225123081000535510017
213173013040116246215210000000000001
044002014134237042073103004433310806
016215218220248200252010004433802706
131134146233202031158176001235296817
210013122221198209185095594442676517
082092156168194031040200515280002306
140169207157116246215085004433784606
130234064207116246215092004433590006
044039012019251073162229000801046606
016012086151237042073102081801518006
077023045114073165079179502670044506
097132101087205166127066000805893106
037001024212073165079087534370044506
214006073057194031112238038001643317
223007030181237042073092004432272806
100124021229199137235244004435233406
016030048147193065050114004455360406
253187082128199224100174000536333517
131190122252139143018199004430577406
105085054025205251202071140225569117
033239237031202167077028004433986406
197043153102237042073096004434572006
005255048222073165091097611860044506
203147235052215167251096387780002306
049152227243202024007039000805232506
072203031089205070220130385210128517
148137206208212196052143004432688306
075220135033064005155233004435055706
229019120065202029078119373345260917
044000015180237042073107004434380206
239213054026202167000206052220266606
077007174143199136076000423980590006
075067169157192022194034603040808006
070231208182237042073094000805129406
135084107064237042073101000802829406
005085124115251224035008371585527606
047124078050199152013242004432787706
044009173213207001131121066023712406
210043204245205211122026000536504517
047109177040237042073101004433966406
047063125101212230063158000804355706
116118046061116247217133000000000001
196085155187202031155250000000000001
136227068188192166168123550910002206
082074103119215027215026052224897106
053087042064198033072242380650002206
050067246231202031067034099994715806
106003013077135079171062648280044506
136227068188192166169152475520002206
195147100142215007246013296374318117
211038129041215177154201004432680117
127233182151205250012082000531832017
072075078207219092051188004431682406
142215081146205199063110589742441117
034104066179231225123095000531007917
044006122120237042073095004431293206
223007030181237042073092004431065606
237042124160237042073099104060044306
136062205068073165228119530350044506
015030012148198243139152038001699517
041144006215237042073103000805089206
096036045095205149040105004435067306
036039127055244127141129000814088806
016215096005212230042090004432790806
213176048007240223180061004435751106
044003153154135079171145004434208506
047100144058237042073106004436349406
016195143020231225123094000535913117
044037017006116246215093004434530906
076084236255139093083065080701104206
116241237229016032168052400100008006
062247021110212227179066041004755817
210061112218215177154198004432695217
048039050108192182239148626176018717
049086222072215027214028564390114717
123188126142205166058221004435421506
044201028016205164099061004435253806
130004046201192182212184000253404906
044026127111215006255013000802725106
142073049132194114091195205440038917
114242104032192030216037000804165706
218225037016116246215087004434514006
206163133099205216064102581160312806
213175253254205164190034004433292306
055224122058073165064184107010044506
047028141250237042073107004436144806
225018049008050065138079652550044506
050075205103215006172006353840002106
097133082094231225123094000532336817
044084128086244158005053000801168006
044219076019202024016082052231920706
109205036154205230095122538382295517
140242147057064005155133094823786906
044000249018199137234003004435040306
047048130064205112188193093395877017
070116102184194114081175000536247317
237042080196237042073101421920008006
213176048053244031008068004432698706
030015080210198255186198000000000001
123111039156202030130156505603456406
088046086164205219173092086285411606
062242096192248200252010004432889306
136227068188192166174083442530002206
047100068026237042073093004430377406
141236058220231225123094000535897217
202217215109251000112241572750344406
131051241093202030023071088015880617
141183211149199169223159000804980306
063175231215205126034214240104843217
197074092227202030054132068810688117
047081000167237042073107004431409606
213176048140199168152106052225090406
112098162233251224005137628365090917
148083149019202031125065005140150006
044009219003205216102001004436432206
070243078224202118024057000805480106
044210060034135079171128004430597906
021120110038205212225023004435449706
196014049172231225123075000533506917
146017019058231225123080000532590717
218225237182116246215023000804489606
044073048238248200243225000800111206
062194119127199224110182004434071006
016012080218237042073101000800278606
140065118193064005155137004435014606
247003137108205216103219000805391806
105035246089199153054241004435436206
007100056204073165079036641590044506
002136178219252248027066080883719006
213175202127205251202012004435543506
022196126022205217247056081025529617
047119101222131115180032004436339306
103132029171050065170098642630044506
119046101194202031162191099984589906
063167011166212232088088000802625506
062198036118064005155229004433800706
213179055126215177242138052223191906
044027136008244248143208000805500106
047051249211240223037058093393784417
154039209147073165110084513420044506
218225246069064005155101000806393606
030054086185207180015129594420458006
005085029023202024054215573660002306
042093172216050123066195312244168906
109248121166139212113042584190002306
156183092131050056083246004435456806
047037181139205218010128093395820817
091173072179198032156253572580002306
223007030181237042073092004433003406
070243079058194102249085000804191306
047008240180237042073106000000000001
135072013122205164119185366156379806
075062217254199224156165004433768006
231148131184202030165082004435197106
007234225066231225123078000532102417
235232178185199169222235377575996317
247003214036205236144137004436321706
135084107064237042073097000805003006
050023037209073165228023092330044506
124210131037199224099094004433625506
249237058089139061160140000000000050
062241036084240235108140004436168006
087150007032199224098189515610312806
253102008178215022006104001233281717
237042071047237042073248020010200117
112159119131192022167203226604916017
088197238077202031028210142410143306
047005247022205098029167000800776306
044004199049237042073104004433907806
196043026097231225123076000531303117
131134146233199192036171001236078417
239197069023199177254245201770005317
069051052044073165090103135210044506
044084085055199221119053004435146406
151054020198205071022086558190146906
062196185181139005155189004431668806
044021144072192166215172000803644806
052135059199116246215080004436402706
047169088063237042073095004433345206
044205140108050254094248004434100406
218225090034116246215092004433961306
063166058030205238169002004435392606
044050073226205183123101383400005317
097133087114231225123095000532804017
016012080233237042073103004430474406
016049112237064005155192004434588306
130004046202205180042043000253734406
044068078155116246215084004436165706
104250166081205200226122004436262806
049101235076244001198242492902637306
197043153080237042073096000801515406
200162214027073165173106064620044506
096014153092244205136136004431927106
213179055109207001133117004434192606
238063254254205203032177537340312806
096189173169205236227218004431001406
139044150245231225123073000536317317
142208122053199169214167000000000001
114151022152198241201053595700008006
147246093180073165107131414410044506
116247099228199153061043599190148417
041144093050215163040213004435021606
140075193213215161047173000804829906
213175202116207001130247004433354006
237042091046237042073106538900008006
044004213176237042073097004434580206
135243069212205126034222000801615206
002002132227050056145002004435009106
201072135131231225123075000533010517
114021234008122195111160555210044306
131208002242215006173242614560160817
099035124254050056157236069005385906
063172004182205098229061102585835917
013192004081116246215008000805695806
140066162047139093089118004434074106
139169064229116246215092004435527206
055233043252244031074225581380143306
223239026122139093083130004431201706
213173043228244248042018052224522006
237135129108240223215225000805031906
196042229131050062046170000806217406
044017138240135079171128004433217806
021098062006064005155132004436049006
047081219017237042073093004433229206
062211137028116246215084004434269406
086037235235194207242207299285483006
113175002229205216067105481160518706
136227068188192166169165593940002206
110218124091192182190021496755954917
245098110101202025163252422620008006
141183211149202028205069000804363606
073155112254244157132149004433516706
050067248009192030065139000254256606
044000024175237042073100004435210206
033228029059251100097152004435506306
111234250192205139085027004434778906
232195075122205200240005000805034106
148067222062212196232090000534494617
227003223238202031158169000805818306
197151170174205211031164000803228406
114044033180199169214029000000000001
127242060234205180070219004435162206
047160222006135079171158004433715406
198140022162016230108026580360044306
140242176216064005155231004435587706
081120079239244022029161393480002206
127168132018202031017091004435829006
195069070179199205173210490320312806
050238210028240235108140269373947017
042065095176202027221114527060044506
136053100103202024007177000804890206
218225236113116246215087000803423906
054146019149050062046165040202710617
070056030070244248213085485275597217
047034190173237042073098004432766006
253102008178202028085163001235433417
116246127028064005155102000803375806
249070079099207012130082001230012317
196092076117116246215069004435020106
016012080214237042073103000803392006
213176055236205066245181004432674606
073155112248205180054158004433963206
044068063152237042073105004433730806
062242129159199177092145004434240306
063160200042240235109045004431894506
047168103175237042073105004431088806
044071218208244127158066004432993906
213175202202198231053138004434297506
015043163110138056034209000803721906
197052013103192167126208000253651106
131134146233202029002160001233978717
134134130180237042073105004435409806
237058090151205251200174385771063817
047110167164116246215077000806363006
016010006025212030199041000803641306
119132120174205148026214004430578306
224021152099122195111160010300044306
243054081013231225123078000531609617
090126036172244038134057243260808006
133075091103073165228222552030044506
047187126230215018244002004431314206
016012080213237042073096286360008006
070028005193205249054107597170002206
085133065108073165228196110430044506
016215208159237042073097000802479006
103234142191073165107149516360044506
148137206208244031125098004435484606
062198055092198231050050004436161106
195222041230202024016058000804161306
153035178079192029095044000535433817
150166085147205249057011000804982406
231120120239135079171198004436226106
213173038232212227179066052224007306
239213054084205099159224004435745106
210016037015240063113219525280008006
016234099021251215115082004435358606
047108178119244001199077004434426606
016012080234237042073102004435493206
090218213151198231051229609200338906
110199104197205113196234507624925306
158121207255205217244097543030002306
044048110142199168159088034795006317
003144073055192182091059004430204106
033239237020205066060049004435445906
141183211149199169214025004430983606
136227068188192166174084428110002206
016012080226237042073106004434657006
140065118179116246215093004434432706
047100068026237042073106004432022206
111229042230016045106040000000000001
218225090099064005155210000803393906
062199082095116246215079004435875106
100208217209231225123078000531673917
108206060174193232161097000530726617
047090200137244248167178004434186606
044039187033198231235091004435270606
223045056025205239062133549724176717
107032166069215004019210033895602906
138130175214215027215042435643979106
113181108042244127157143417276483906
047160113040237042073103004431087606
239213054006131115011248004435661906
213175202142212034079153052223759806
109205237119240063114123424880141217
047169094069237042073101004434629006
063174215194064005155229004433594306
206157043065205184032044004432823506
076084179115215163115082080645683006
084215248199131026048156163980044506
140066162047139093089118004431512506
141236063222231225123091000534999917
112081189113205194247190001230257517
044033015219212030093185004434414706
081078052133139180037129162954214217
073155112254199204071146004435379806
253102008178205211040108001230012317
195037203016050056082029368372725817
016012080235237042073106004434210406
015052116079205071020216634652254817
119132120166205216067144004435093006
149158112253199204078168506660305706
245212234060193065087085004434542706
130150037145231225123090000533488917
096071077124205211043037547950688106
047123206127205218074010081112679906
223002196233135079171198004432549706
107079205012217010239155461160514917
073155112254212030199041004435675606
044005105069064005155209004434905006
044001124039135079171185004430890206
080207159146205071021003022594489617
007236109088116246215243536550904217
047125158114212227179009093391544006
231148131137207001130205004431013006
119039226250199177255183000802714606
099157188215199224155227004455471806
047063052066199168153189000805062406
007237234149244020056037391160148517
047183075086198254091117052233709806
048164206124205035001136088410956706
206155103223198247224196414474220417
062243198239116246215084004435313906
135084107093237042073102000800772006
044037145177198229186214004432636806
073024217069237042073105004432591406
044004247143237042073092004432154406
100208217209231225123073000534248217
232188027044192029060210000802626006
253102008178194115167205001230012317
044213052028198231053138004430468406
050029012141199169214219000805646606
231148132172202024006239000805890306
044086208040050062034037004436150506
141236058098135079171131000533645817
072011211077231225123073000532193417
033245039238116246215092004435232506
157202008207198253220163321720012317
049119071125199224099045047952667117
152157244219207180051042000805238306
155006229210193107087098609494698517
218225091107231225123081000534117117
036010170193122195111160524910044306
063166040176116246215070000804491106
063166040176116246215076000805693006
073165225151135079171185044553231506
119132120168207001000068004435384106
213187199253138152153115052222342706
050075028226202028214077081014938606
062240131222240235109085004435634306
231015222077192182090041496815123417
062202143243135079171207004432304406
152200233114192182225155004435519806
147250115028138154105125004435470006
002122125175205236085005646404721917
140242146114116246215087094825376606
073027199013237042073107004434179206
047169075075237042073093004436465406
239197075238244003006004254613421006
105170020030220021119250023230388606
033236230128116246215084094825792706
113106213197050057215099068815114717
124101052211135079171152004432352906
127101028217215177242182544982759317
213173043245207022044051004432749206
044027144165237042073095004430502606
140173240212202031141080004434987406
111204222015202029190100620145732317
030015093039198255186198000000000001
002168036223237042073094004434767806
044028187135205183043063004435930406
140169207207116246215082004435005906
078134164049139093088183458730002306
075067180034194100126165080654945206
134194243110139188012237019355185206
101235243186131115162207004432642506
030170086241207020027127270324724217
042093111045244003240047010953616117
070222238022198220146248600534798017
203085165156231225123079000531366717
027136153123202030187048037246301206
104160174088231225123080000534480417
048181084173192022164152000803972006
025072028172202026247044232460002306
030182042105205070222205004433465406
044001001217064005155183004434369806
030214175187199153098233004434939306
244200097154202024017225000801119006
063167143025212195089174004432642706
218225047160202024017012004431092706
243054081006231225123074000534562617
016190173069116246215008000000000001
073155112250205126037198004431766306
044054102247205055131085004435033806
016237092225116246215074004433736306
228079159117193065074230004431866106
007232071059116246215156398800904317
103229103016231225123074000531274017
016012080235237042073098000801902606
016212184000192167124153004433466406
140065118193064005155209004436359806
016012080215237042073100004434900606
107215015253215167248068587801993717
044007060143237042073103004434287406
089093235142205071020216556692254806
044003205117116246215093004436249706
155022235190199168158126000000000001
213179055125205195126043052222598506
044004063177064005155229004434497706
134194243076202118094178000802628806
248199043201244020056075000801323006
155192209043199137237232248690002206
044056037156244248142029004435968206
044060234054116246215076000806441106
047107053158205216062207004436263006
147159022247202026210039043250002306
193253159041116246215026580470008006
195222040238202024017126000804174006
107217055211215163006231586780899917
127235039146205055128226004435262106
048166059166202024016028004434463506
219247235082050122139005540280044506
214021048194073165104146606360044506
237042094135237042073095004432365406
044039117097194114090178000805670606
222081081172205239090046546700002206
131034196195192030029244004456124706
021120108114199152008217004434929806
114242109010198243186085004436291906
206157043133198222247163004432765706
030214175163199204103022000805389906
213173027186215177242021004432741306
220000193012139180032249440742732206
062242116129202167131238004435775506
239197004086215013075193071725297706
032190074117205249056134601383625817
208178018019205251200212004435259706
253102008178205186004212001234022517
062202198066244031008234090002707606
075091209225237042073107211620044306
248199107125202024016246000803533206
073027040006237042073107004435364206
064004255129231225123092000531971917
148083149183202118050189005141481706
021120108115215022058072004432096106
021068196223199153102080004436031306
044068050068237042073100004431898606
136227068188192166174125576890002206
156102120110199168155090016224502106
197015102164207020027127000805064406
030203080200205212227069097450338906
248176087033199204078097000803179206
059170032131251108225222202684050017
223239026122205112112225004435556506
062240241188205055132140004435667406
062213188132198222247178004434293706
021084065149064005155218004433620406
075091209194237042073097069160008006
223080223157205211035143000805197506
041144140044205203004024004434743606
015076235055202031186106648574778306
208178094241251215234030004433983606
062209014111138152125118093395738717
197043153099237042073093000805403206
112081188215244038195045080684923406
197016034093192182249076004435411706
123188123208205236224226000805759506
251103139035064005155066004435536206
135214201048205239062153004435224806
244005083087202029231130495895544617
211253220172194031033031521121167817
211247090171138091016163004431550206
050067166119202118023235175555888206
223007030181237042073096004434876206
096014154220205149044238004432635706
016012080210237042073107000802661206
036039127062199224099045000863397206
141236062143231225123095000536127817
239213054077207183082178052224663106
156166234189251215148150090922564506
108236163220073165107192037340044506
196043026097231225123074000530260917
231148133166194114055237004433890206
062253070109244248026170000805119306
047187098008251215113218004431016406
223007030181237042073098004435098606
213176048223050254095210052222024306
202217215109192135136062572750833306
109141062091212034179230595740002206
096036045017194038145146000800837406
195102044180050065235157554540044506
044095016040205139035106004434709806
025252239204212171043226198263978317
156177079244240063113219618160008006
047032110241237042073104004434175406
002002132232202030210171004433957606
213179055126244031011180004432852606
047063092145116246215082004433764306
147250115028205249050223004435055906
154025066201205138176063501003710317
253102008178202030160234001234494817
116069050237202029059170004434922706
112077009013199169202100409590252917
116247237144064005155023357530905006
227110019242205180013085129113881606
013217220233215163007035004434954006
062192098194205194217028000800363406
044039004103199224156213004432816806
002061115128199224155227004455502106
044006226094237042073105004435766606
152230007156215161044141051953613706
044072199058237042073095004435788406
075067106252139061080239004434246406
119046101194202030179044099984748106
212129169215135079171167004434027206
196052037242199135037042151520409817
131252132135231225123075000534060417
113111205099139180034162490873327617
153036116167050065212072593710044506
147142066041073165059194293190044506
076199129151139180033116068815644917
213179055002131115010033004434564806
062193222057194043180246000803121806
151103236153205211062076036010044506
131252175165244038133045004432613806
044021013055116246215076000805656206
137220106205202029227147396524974617
130004046202192182062075000256079806
044221102064244248205094004435211306
135072013068205239062137375893744406
122133241209205195209076004433911706
058245242020251224005101092120140217
213176048139251190082050004434921906
016012080214237042073104004431417206
092106112057138091022086004435609506
218225090099116246215086004435268506
044004112121237042073102004434047206
159089146105192029092226216860808006
062217192142251190074029081120724117
147207023016199153106205004433897706
208070209183215255200002004433858406
097137136226073165108048515890044506
156247162010205071138250000000000001
013192247049199153042205004435113406
049215221042215004019210033905429906
097132071162116246215093004435133906
131003246171205249056208000804246406
044048110157205185134097034786011917
127101001218199169214025004431964406
136053096056192029095215100250928317
044009190200199171104068004435100406
237241146012202024007000004432878806
062195156025199208060097004432765106
016041201151116246215116596920008006
237241143160198255186198000000000001
075091212230237042073098000806150206
103119022245194017228064000223723006
131003116161205180139218004435301906
044005076192237042073098004436134206
016012080235237042073096004431060606
100243141183199168152210068816294017
059196140161212194090027506886497806
079121155114198252036234336760002306
047026034015205218074002004433466406
047101000113116246215070004436009806
219122166028205098239114514136468917
213179051255205195123237004433960406
237042071034237042073098004435291206
062225171151215177242134052232921306
044209183046205236124146000802303206
133001141173131026048100610270044306
153050202172202118074242610630044506
070243078224199153034107000806294306
213176048223205032251056052223313106
216098152196064005155148000805773006
251103139024064005155135004434979606
072011018149244158005050004434590406
044003061204116246215082004433803706
047003212079205139035089004432651506
140174201093199223125104000531605417
080202062041244089149057256611042417
016237068117244158138014004435772206
007111064098073165173162572840044506
143234087238139212106109004434967906
110038052187199171099193030740307417
007238181125116246215156603010904317
108232224008207001003108004435010806
148067222062215007246013000531863917
044009151213199171111039004432670806
047100067038237042073093004432305806
070243078228138030195199000805197206
044010095180207001130149004435471206
092022116252199177248174262862696917
200162116036073165173063629820044506
047008181122237042073096000000000001
044007016245237042073106004436273406
148067222062050123052185000535803817
137175039249202029027055645710688106
048213031176205185136211080012821106
197155091167244212136187004435721906
044071186241202024006206000803409306
253102008178202030152172001235060017
137031085009193065070237000255045806
047108127139237042073104004433422206
007238170117064005155190004434018006
008071035137050250223209004435040106
058205015018199177083251384200005317
035074157074194102254031066671359206
033239237020212171014037004436525906
101172112135212202075077275836449706
147211130075205251207214089990104217
131174243019237042073100004436544206
153071177220199152015182004432387906
002002132227212197209023004435153006
096129006097205251200208000804127706
062200123130240235110128004435661006
070243078228138146060026000802679806
122058139248199153050205000000000050
047123172000138152126165093396041117
091184061063199169194038032880008006
131176096171198231051050004435579106
213173014176240235109085004430304306
075091223112237042073248020010200117
047110181203237042073099004433591006
159091032137138145240173510211904717
124011027119244031075061282622167706
008074003069212232224034004432847606
237042080200237042073096624880008006
124101052194135079171198004432223906
047168241133194102254110004435447606
047177153021199177250041004435131806
021120111005207022026079004435173206
070032085113205139222114588150002206
008253194054199153110078000805763106
097133082094231225123072000530542317
069005145195231225123073000534046017
141186045193205098232195004431681906
197036098000199169214086542245155106
213173043230205112188193052222647206
223007030181237042073095004433413006
213175253240244158083033004432630306
041241186250199224149004000804033906
062208108038198254091125004435119006
042101126200122195111160546380044306
093123090035244003007245646710899906
044222019229251224228033004435022506
213176048123205251206174052223708806
137075255038073165089130631220044506
088098028153202031062203078860143306
044198072177202024016189052231977306
044001001217064005155180004436011306
218225162137199136085066004435162206
047124176161205184032065093390275717
223007030181237042073095004435770206
203173099070050065250204539230044506
048213131186205055097082080014962506
016188225076064005155190000805282106
076177103197212227179009004434562406
116247129036064005155202004435682006
100202168154244157050196000804923406
016036124160064005155193000804359806
193253233023116246215010511600008006
042029207199244248041049582152931206
213175253246212227179002004434491006
223007030181237042073105004433520806
110169255012212232237246146043485317
213173027172240202184172052221931006
122016143106202024006115000804341706
087038188231215161105111263080002206
155017137152199136083117287172206817
073146022027244248042061004432835006
062205196134237042073097004430947006
122199012192192030023072021875007006
055237092210016233084103000000000001
223010192238215177242038000805018006
044022119044215163164155004434116306
005085043000073165054046604820044506
033245039250116246215092004433307706
047038002141198231053138004435798106
047119177027116246215068004434323206
073146116071202024006216030014820806
070058056166212230173063004432629506
047090001176244248167022004435440106
096189177194202118035010445730808006
047100144058237042073099004432885206
016012080208237042073098000803127206
044003133173251196218162004435016006
074231030212198247228194068815584506
130004046117192182041057000254964206
041144149077212030157184004430327006
237042071021237042073104004432514606
130004046201194041040061000253677906
030214172187192182178147004434985806
210039051046205249053052514135858106
062199082095116246215073004436080306
127168149027193065050066070794921606
197043064001205211042162010244563717
044198168120251000115138004435171306
053154005020205166122254483815519806
049097072145205203255225566960008206
047100153006251100165026004433368706
062197019024205239062133004432720106
049089171061198240072103624530046506
213187193220202167002170004432746806
213175202205205164190058052220215406
213176048019244022096163004433790906
044061183188205194242198004431755106
102034133146192022167203277344916017
016012080206237042073103004434698006
021120124167207022024194004434955206
044076198156202024016221004433726706
050084201034205033005181152254915506
062215203061116246215095004436200206
104160174088231225123080000533580817
016245126056199177251097004434946206
062217194029116246215079004433573806
077075008157205071020216368142254817
076084179115192030047042080643934306
062209001096205213166229004433603006
063174008167192132094126004430269906
096068202105215013073186000000000001
073024239137135079171142004433770606
148068186151199136091065004434605506
218225090016116246215087004435528206
079045206109073165054043589700044506
016012080235237042073098004432543606
194176227069212195070168560832294717
063161037133198253198010004435544606
213179055113215255119202052224981306
231148130056202031054073000804409706
111046187069202028195010490951968817
237042064227237042073107122940008006
044029125017215018163150004430311706
080210034218192182087135010351308717
251103156004116246215218019355948806
047170248188237042073097004436122206
110039045168194017236089597001201717
062197192136194114087130000000000001
097133087114231225123090000533422117
101207093089244205242094174872776906
122199007067199204091204004435974406
213173043236212195084201052222697906
008074106097205125068213435944988306
044024255116116246215079004433645206
213176055205050056130221004434217006
016012080221237042073092000801373806
097133087114231225123091000533482017
213175201160207001186130000800228006
196085026059073165109110586160044506
062197014248205149044213000803328906
062247021110205250089102040105875817
084224224249205032030205436633257317
193253220039116246215053516740008006
044068040039237042073099004431657806
116116078007050062035219201590981706
050084201149205251202012294684580306
140065118211064005155245004433552906
062225111113212227179051004435041406
249070079098198193182149001230012317
196042229131050062046170000806183806
041144006215237042073105000800373206
195212252213205239062157522925917306
098093147003202031164227000000000001
213173038244050254094252052222952606
210016041173240063113219352220008006
044071110093139005145045004432623306
036218193188240063103166537410002206
130061187250194039044091396030002306
237241146012202024007055004432600106
030210075153199204070132004432671206
088102023177231225123091000536133017
016012080211237042073099004436398806
131146008244205035005069000533787117
102011210071244038133045217700404706
137250104085050065250196393890044506
141183211149205194210075004430291806
158073251110202029173057037806243517
116118134065192028108226004436010406
135219031209205211002045004431225806
218225159126064005155201004434511106
129174199011202028189076059384957306
108074093002073165228025433930044306
218225091066231225123077000534911617
047110201205135079171175004431259706
218225236073064005155210004434140706
123188123209251108150013004435212206
044037223111199168226039122015643406
253102008178215167113114001234733317
111215124116192182090041349145123417
197122065205192167123098004430260006
196043026097231225123072000534979317
223010192232199169214025000804816906
200162252021073165080027055990044506
047028067241207000086021004432625906
086106052001193065086210250005150206
223007030181237042073092004435523406
047045155105199171104087040174977606
148094169014215177242173004432889406
158157161059205236085045109995720617
016242056115231225123075000533700317
040244221208194031038202464320002206
218225090026116246215093004433872806
047113242222116246215082004435804506
250008068031016032170098572200008006
111199203062192022167048087665120917
062242075111116246215095004435810706
062243246205251100165146004434221906
127058076167064005155220585901164017
247003245124202024007143004431045406
093047248195202024016059004432755506
136053123191202024016184101283238717
228209073034194017228123510800058706
047033146254237042073095004436170806
073025002080205199054106004433431206
136053096062202024016056004432249706
044203253074199168159243000802644406
143238249247198243181183004436203306
122144057075205148017045082924530006
075091210209237042073097004433911406
071015236002205055132144089992392717
062243198239116246215084004433614606
047100056104237042073104004430981806
008075075233205249060018004435218906
141236062229231225123090000530593217
148067222062215007246013000534971417
135069149250202024006099000804512306
138045000013231225123093000530479717
025133230055192022167203068814916017
108125042212202030188037517026477317
201162252069251224004088068813568617
079205141165205126032236000803422306
213175253240207183082238004435308406
122143159112198247224048001100416606
070231208181237042073098491640044306
076177099146251190082073004431939506
223007030179192029094091004434947006
070048059038192030016150004434017806
193253252148116246215026320650008006
047036180216138091023141004434266606
016253001004116246215051343740008006
048161116102205217151125431440312806
016242056115231225123078000535089017
136132107110139061080005000533405106
075019096141192022160221055004925006
016195143026231225123080000532171717
034126072069205126137163000531724417
107019161254073165172043138250044506
062196200008198253197229004433933106
213187199246215176003048004430286906
100124021229212232021005004433087606
097074005105202028050086543660102517
100208217209231225123076000531070617
096161180060202030184213000804971006
223007030183215019149245004435254306
070103239247215255219055000804636106
047030150108212232088050004436043506
218225091066231225123093000535464517
106215144157205125073054004653486806
082184035194192182208028521770002306
084054031008205239062157504585934317
047031203015199153099172442780002506
239213192230116246215073004433703406
099016244183073165110144520960044506
202217215109205236111043572750311106
223003174028194078251127080805730506
136131011083131026048062529500044506
244014071021205250090149004434316606
058245242020192166232042092120930917
044200062123231225123079000532981717
072011211055231225123079000535075417
075247165185116246215244371930148517
119132120171199177093140004435032606
211023002087207183146152005874472206
102033018131198209152169452964050017
058235113069050065250052624420044506
072044188233073165073187526180044506
096044226230194031039067346560002206
149158111124205250090098088976083906
223007030181237042073094004433226406
103173172135212171148108000803883206
237241130097207180012013004434859506
196088123171192030007087000000000001
142073049132050251141124205440038917
148094033229199177248177000806006706
135072013063219092051205407152731306
101002194098202167044253517026416806
141236062052205185131012000531394217
044004063177064005155209004435125906
140169207166116246215092004435607106
044019202065205098227074000805035506
213173038254138152153052004435927106
141236058236205218042237000532147117
016215208159237042073097000802967406
025106199072215006068177049421818317
047119173015244157168176004433985106
085135071240073165064178444400044506
131190122249139143018199004430259206
231148133135199138218122004435094706
044000007196237042073096004431426806
025013203217205187185217351680891017
016215208159237042073105000806482806
141236059135231225123090000536483417
196043026097231225123072000534729317
047011121228064005155158000806049306
079121155114198241224079405610002306
070032085113205212176051588150002206
253102008178240063017189001230205217
096065245171207012143020107261281517
131176096151207022027063052283968906
140200069174064005155064000804575906
063147236084212230173215004434021806
036218200065199177190140195030002206
047049062201244029049236004434381306
044084123083205249012118000805557506
064005212183205148025182602280905006
208181140212135079171158000806079306
100202168154212171171116000803947506
156222184062205180095117097230002306
126062176049199224145071445862791517
248126214170199204096202008704018417
197155091172139218240253000805569406
021091197133116246215070004433692106
070048059038212064082250000803546606
213175202240205187186221052223888106
218225236112064005155210004435194506
096075185208073165228133510080044506
112081188215215006142185080682633506
070243079058198231053138004430468406
216038089033202025033004534020002106
008074003175207022029142000805065206
195021029064192029095201153605869517
141236058236231225123081000536247617
022196184216205194243094081024975506
119136137148138154105125004435023506
194182061228205035078210429730105017
070225048214073165054188512470044506
237042093046237042073092004435459206
244200119034205166010016004436267406
044039154070205217180050004435888106
041150227119205187184009004433034106
062241111231199171111039004432672506
047122005037205055203100004431987906
223007030181237042073093004434184206
076177099142215163102147004435042106
044058231250207183017005004435719606
113187009216215163006231136620102417
034108125191199224098189474480312806
213176048160050122167218052223301606
085019207183205166059108010286204417
223007030181237042073099004436322606
057104127189138056073197233860038917
100197186092202024017025004432745406
104053132177064005155183004433684406
231148133033199152014237004432273606
064030129193139072048231000000000001
082029039166122195111160427450044306
213175201160212202218046052222684706
047172179189215162050050004432447606
109195228007205251200174628800102917
044201154111116246215085000804127206
085236026136207009080120536690002306
073025022024050121198008004433321706
044007004233237042073104004433815806
206240090099205213189151619840005317
105004185054116246215075118914148306
042109175001199168158126000225884306
125020145194064005155201004435953306
213179055096244158083125004432639906
016012080224237042073104000801745206
193253233023116246215010511420008006
243054081002231225123078000532156517
223007030181237042073105004430593606
133043106061202028201134613884000417
044207072213199224151141004432706406
134164178087237042073102139640008006
044025221186205219223041004432827206
109247000255251224032205246082837717
062194191096205200149026000802864506
082029151080198252033090632731419517
041146206215215018247124004433630906
103243102233199169197049524742834417
143089160213205180030152004434955606
062202252141205250011093004435454606
044010056200198253203037090012633406
130004046202050123083029000254879106
044218012184202024016118000802600606
102211186158116247217234000000000001
218225090099116246215086000806316606
064018064169202030130242248746234817
047009025167237042073093080546035406
253102008178215106055097001231929817
107222109232240063101051497240377606
090149189224202029039238132160688117
134164179074237042073094025156231006
062253109247116246215071004436019506
088053006076205194212091397280808006
192113167236205250089242412845133717
044068040242237042073093004431664606
195129121135207020027127270320878617
213173027171240183033101052225605906
015255139028192022168193441733343617
134194243123202024006172000803953906
044000133249237042073105004434797806
044021169152205239062174004436265906
132242229247050065250078522920044506
021084065148064005155132004434406706
203029217023220021119250023234057806
213173043229207183082162052221470406
098007093237199224156213189635717717
127242060237205151253136004435271806
198140007065116246215027353840044306
007234225066231225123076000530801617
112078144100207008082059622791671717
007088108115050255049114157775032117
044095105071199208055174004431662806
044068040242237042073103004433224406
073027006102237042073100004430388606
140065118193064005155245004434896806
063167084020205216061009000802625806
133212009147192029186061395502710017
238063126187198255181085310052655906
021068196217207001013094004435963806
047026168085244038133045081003249417
062217096138138152125149004434471106
218225091067231225123078000534214717
044221144220215162120154004435454406
120203028104207020027062316422707306
099073011199244020130000600975650017
047049222157192132094024093392756406
044071163026244067209210004434274106
047108243000205184032142000803130906
141183211149199153111009004435172306
251103139125116246215080004435224006
016012080207237042073104004434337006
044023199198205251205243004435547606
097132071162116246215093004434902806
197043153098237042073096000805801806
146017019058231225123094000536175417
218225090017116246215092000805460006
132003001249244003005077520545817106
062227217156205166050161004432741806
248199195198202029083249000805126806
101138253063202030187088603722206706
016242056115231225123081000533490817
022195017027192022160221099990557617
130044040114231225123076000534213217
097111066231138091020175456821677717
131003246171244031200100004436098306
113205152193244157049236068814594317
059196217047073165059252638600044506
044070167220202024017231000805682106
062199067158215177165018004433353006
081126132070202030099010522855432517
208181140212135079171185000805403606
047080031158116246215082004435760306
226102051049135079171063483360044306
016012080232237042073094000801856806
223003085117199169195068011944649317
131058204210199135034047085764714906
062196047072237042073100000805359006
143234087238205218043245004435905106
063170175078064005155158000804102306
022196072110050122228221081026267906
002193069053202030145004514135707706
075091213017237042073105004430430406
213173014176215005010142004434122606
202217215109205125107073572750799906
202217215229205211037234539510401606
062233136246205139035069081005112506
047108243000205184032154004435932306
030182042105251190074029004436048006
224008095166231225123080000530716717
231148133176207001131073004435189806
223007030181237042073103004435013206
007234225066231225123093000532983917
243054196155205212179110004432089106
213179055084205195122088004430293706
003144073184205180027198004435148006
096253251105198033105218354140005317
108206101180244029212013468500002206
064004255129231225123094000535663117
131000141189016228012101578060812906
153039126225199220214127170436120806
003130126202199204078097000533235517
044000133106215007142148004435566306
033038140100116246215087004433830306
076177103227205251075023000801790806
063174193068215013112205320050273706
075091213052237042073097000804810006
223007030181237042073102004433705806
044043049042205167104005004435018206
254216176122199169214219004430984406
202217215109199152073188572751222206
131019178129215019232002004435944606
128132086251202030084105243540688117
070243079058244248042018004432776506
231148131013199224149108004434991206
243054196147251224004033004434211306
158044190236139180034162300193327617
098018186086205239062153204960102417
122027095054205239087212000803685206
021120109084205032021168004435808606
135084107064237042073094000803910406
131128133046135079171134000530687917
044203212164237042073097004433268206
113175002229205216067105270700510406
238041123190215013072176000806187406
073024254225199171109056000805421506
129098061094192030007216416170005317
109031178001194017229137354870344017
044025045054237042073104004432964006
085187250115199136069208000254229506
097132071196116246215105503030044306
058235050203073165111066588760044506
044008069109116246215094004433960906
044068198003237042073105004436031406
112109042092244158136030068825005206
002193102227050121229061572434343617
140255108180212034079145004434320006
077023211126192022161188443725676606
044002161222237042073099004434565806
237241146012215167153114004433942406
130063010109073165108180199070044506
231148133201205218156034004435007006
030015090201198255186198000000000001
070113073244135079171073559810044506
044068255125237042073094004432300206
044068187143064005155229004433923106
044006155040237042073093004436497806
073155112250205219154070004435684306
100080151101231225123081000530130517
052135059034064005155106000803591406
073138248089199153111101000805545006
213175201167205251200212004433365806
047100122012237042073100004435156606
044022093045116246215084004434949606
202217215229199177186123539510401806
206091050060244158139225394090104117
226102049198135079171063566340044306
022175186086192029185092000800455006
146124016166199169207029059385566406
044025250041237042073097004430212606
201199058119050065172032614310044506
092193019077212030196142508670002206
222081102075139093084078011945090406
091096030163202030042148458600044506
132242183236194038155157116082301217
200124200090192182193067568310012317
131134146233202030182028001235346917
137027250198207020029039000000000001
041049213126016229021013000000000001
197155091172205218159165000804717606
057184217043215177138069001611662206
062199117149205236239027004432629606
197243251072205125121236113206051906
208070209166205066245181052224943206
075091213029237042073101004436320006
053188196232073165080018104610044506
098172227221205126032071555612903406
047111199130194038088034004432006006
228202090213193065007105175552125206
016012080224237042073103000806205406
212143024179116246215243604130904317
047109074090237042073098004434148806
141236058017231225123073000534823617
016040071242064005155134004436510106
197243251075205125073060099993778706
124050093148205203039169000805334106
208181140212135079171198000802039206
233062065247194078251056195135080217
147020210034073165107001567900044506
067057242213199136087064000804955806
131000232124050120061121080965489206
047033146254237042073095004433297006
202217215110116247233136524380277806
062192142166199177082124004433281606
204096127022244001198237004432948506
213176048150212195084193004435496906
196093217094064005155235408380905006
231148132108205148093230004434992206
040219222077207183151219017634368306
114078075253116247217215000000000001
217166051016116246215038577480044306
131142018054199204069164000804317606
044000024175237042073097004433694006
016249028087116246215015000806320606
016012080226237042073092004431234606
044026206013237042073102004433579006
244199180007193065040069000804505206
056021221114215255116076000806531806
237042118043237042073093543820008006
091177248076192182193067147020012317
050075028226202028247136081010151706
103222080015064005155103000804034806
237042091031237042073096000800365206
213176048207215162050096052224020906
231148132059212230042080000800205006
197043153101237042073102000802017806
098143096251050065196227555300044506
127107225022231225123072000535861317
021120109091138056075218004435335706
124085080231202118050189088880351517
100208217209231225123095000531327717
153190242153199168152226010913949517
131143133229251190010041000534060517
143255020231244020056041000000000001
100208217209231225123095000533822717
221082247052205167105025004430232106
206114012002050065170156033380044506
118024236151205166209254038000688117
197043153079237042073101000803122406
080205077065198255185126369250693117
048165186056252248025120451530012317
044027179146198247236191000805146706
218225091066231225123075000532058817
130078173003139093080163004434930206
100205127177073165091160611050044506
135108087122116246215022118913697706
140072052045202028234108004434929006
197041165199199204099076000801685206
034064247172192167239169070012829706
044039016193192031167134004435754606
103236154086073165065081587170044506
047109081036244248213093004433944206
213176048025205112190247004435351306
218252170101207001000048022224387306
238225133083073165054086639100044506
074231118077199177248208491603031817
194131212187194102249026503211803917
112042207083212195128205297712654506
196154009237205230156108080002633106
101035193175050065138148480430044506
047100158133237042073092004432710206
021120124194199169217234004435867606
213187203098244248042018052224815606
192044165083050253169183492161275617
007234225066231225123080000532213617
044025168013237042073099004436208406
218225091111231225123081000532178617
104160174088231225123094000536009117
097225047236073165069123532550044506
047028012016205183043153004431679306
135084107064237042073100000804947206
111091120091205113194110564702050206
141236058017231225123073000534918817
062197040040244031010000000803434506
072011178199139130007226004435158506
044050231130205200240018004433676906
230203199218205251205181004434983106
140065118193064005155245004433428206
224115233227202024016187004430514806
148067222062244158083115000532393417
133236196034205249003219277153153417
130004046202192030102114000253351906
204210234189215177154208573910188306
146242044027202118035010596640808006
002002130239199153054249004435389906
103098116150073165081012556340044506
044002014134237042073105004430482606
194059065237205249053052360873830517
022196110230240183033126081086030206
136053123146202024017048000803064306
062232029149199153100181081000288717
047001182199199137238179004435068706
016173086205116246215087004434615606
213187199227205139035237004432745006
047108127139237042073095004432690806
008075075160251215148189000800218806
218225091067231225123072000531425317
213173027181205251204051004435464006
040020069240073165080180518890044506
044056075240207009053158000804209106
218225090024116246215074000806239806
134164179178237042073099019101874606
149042109042192132030105092120930917
208191209134199208055090004433869806
032135215089192132030066518680307417
032023162010215163180066505104529017
148084182162116246215120004433660506
016012080230237042073096004432774206
203203183253231225123077000535654017
030015095044202024017113004432329906
016215180135199171206181004432628206
049057107173199169197049511102834417
062199082095116246215070004433686906
022194036017205194217115004431498306
042133056168205185133021018641651217
032171105033202029191159099983560506
101081106085192030124032004432646606
034252252207220021119250000230413406
213175202147212171016106052225325606
044003214238237042073101004431358806
052135059108064005155064000803747206
074144043075205166122254248840104317
112182043203202028211254004435985606
148104202252194038088109004436493706
047170239049199168155059004434965406
062197057040237042073101004430446006
213173043231205166055169004432856806
047030158193116246215068004436334906
075091210248237042073097000803526206
157180175056199171090172258603400206
223208143086205201184219000803435506
194187210001202031155250332895702117
218225013198064005155139118915083906
100197034182202024007054004433226406
110101180248205218244149514135150917
101241085232073165091066481880044506
237241130074202024006112004434761006
129085214193202024017171000801258606
016179000114064005155235000803317706
047033066165237042073104004431465606
196093065108231225123093000533483617
044093254195231225123093000534004817
044026184049199137237077004433988706
055233058034205249058184531476542617
030214173035199137227017000802585806
116246248150064005155174000803461406
218225246103205113252251000805681706
048167030099205099159254080000102517
213179055064194043191034052222892806
237042071025237042073096004433849806
044056073116202167044253004435839806
125109124165231225123081000530294517
103240064219135079171167004435235406
222081081172205098225131431740002206
213179055106194114091133004435546706
044007016245237042073096004431350206
062250159123205098239108004434989006
089230119035205217086024033896319506
070243078228194042204140000805464306
197097071095202030214037004431551106
044072199058237042073098004433588406
213175201189212034245177004435784006
215167200011244248024143190481487517
094100081163202030198090263810002306
197113078103205249010089420683387717
016003076165194102251049654696020217
203120090031073165073162499250044506
218225196178205070214031000802762106
030182042105205203003040004434966506
100124089068199208060112004432073906
213175253228205112188173052223164906
213175202112240235108140004435730906
238063074219192166174036514100002206
030015090232198255186198000000000001
125096142066215177154201004433099506
062194058225237042073107004434909006
044018236114205139035162000805054406
137113106026073165109221633370044506
044094100051205142148131004435107806
016249230244205098239108509790148517
134134130179237042073093004436342406
047170001253237042073098004435788406
047105211087251224088150000805144206
085057085001131026013179527590044506
147221131061199137236000127760339006
021120111002199224154086004435195106
106222115221199153054042490450103117
055230140165199136086054540191936206
032049079031205113193043000803162106
015074139179073165054127514080044506
073155112250198209167127004434939106
148067222062215007246013000532683017
098112192192207020027130242391705006
198140109072116246215223625140008006
062209016255205218008153093393635317
047059172239237042073105080514979006
073164070223215161044148095005788417
116116100118251108224001085835001406
050239104019202024166184454422848506
248237175242122195111160453670044306
075067205060050123137186004435085306
079117177253202024006068052225777606
105204008069199169197049219982834417
253102008178199223100155001230012317
231023054051240063017178000000000050
047170157080207001172149004431933206
203203183253231225123092000535401717
002019043159199169214086142255155117
247003065126215177109245004432743306
101009083197202027172136343800002306
015063035018205113194110108190197417
244200130171202024004050004436540406
213175201171205112188069004432635906
016242056115231225123076000533887117
253102008178205211057248001230012317
044004098210237042073095004435893606
197243251075198209141048099993882706
016012080212237042073092004431708206
105206186103231225123078000535992817
076084179115202024017144080645837106
084125123005073165069203647420044506
033245008083116246215095118915079406
016202245111138091084040000805171206
111246195153231225123073000532892317
148067222062205113207083000534990417
047187224249205139169046004435577706
197033197058205125076201000000000050
044001009033237042073095004433656606
213176048210215177155191052224267306
096028202063050065188204609290044506
091153194167207183083166014095060717
108104201113240223115162638280688106
007234225066231225123077000534317717
044068100254237042073104004433509806
047184014031199168152106000804205306
124177179226050123066195000802632506
044002014134237042073098004435793606
122202143046199153097189579160012317
008074003158192182082107004435188706
077180108082215177176058001104949306
062197230053135079171146004431892006
047122012101207023228198093395936106
131190122249139143018199004434889806
223014026201205184066005004435190806
243054009052231225123093000536061117
213173038224205251200098004435425306
048180136105252248025120240790012317
123188126168205251200174004435101406
087119036190240063113219000801075306
130144223061192029084146004434999206
062249253146202167131237004435836906
122013118052198209187009004435649106
044005076192237042073092004431446606
030015091113205151251147034785650617
070048059033205212182117004432914106
141236058193207020030066000535681017
030192126092202118035093004456543006
221082247052215176181130004432658806
087230012251199224098189540500312806
016098134090244038204221255652715406
097132228080231225123072000531057517
047084229098237042073098000800239806
070211051150138146060070548145269717
016012080232237042073106004435844406
044023048236199137234143090014663706
235128154002192182051220000255828206
146119207072138145213090514380403117
044077066029202031137246004434991706
101163148099194102245061501652713006
237241143082202024017123004435400306
136102154096139005144062594960471106
135084107064237042073099000800270006
237042080202237042073105439260008006
213176048228205216103190052223619706
075000118029198222247222004432746806
131012031017199169205019468710615106
215123185028116246215092004433342806
073155112250205212178158004434011306
197155091167199177187044004435435506
107196010107212194040061513541601417
141183211149202024007048004434063306
047034214121237042073107004436163006
213176048006205137110239004430156606
148067220032244029048153000535399217
044000107074212227182091004432828906
201205052218073165069225201040044506
044026234095237042073092004432667206
058121102216205218157149537050651917
140065118211064005155245004435242706
135210009099205071032134070424944606
016012080228237042073092000805917406
044019048138205239051241004434975306
239213054012205112188198004433475806
103173175076198193190036000802652506
106130056176073165110182510410044506
210224002061199224099094503210155017
075091222060237042073106052900008006
016036124160116246215122004434846706
134134130249237042073095004434702606
249158180126116246215084004433385906
044020046034205139035178004435950306
101036153208202024005159531773368317
047082034176251224229125004433471006
066138216016199153062054000806288406
073155112248199224156157004434215606
206240162230202118046050059385068406
105106152194244038133045561154212217
074053186173202031138220490972398817
134009119017231225123080000535628817
112131128088207020253183593880002306
062205196134237042073093004434279006
149158111009139180043213000801903306
044002161222237042073104004430562606
231148132108205216101084004436217006
223007030181237042073107004434521006
196040118138064005155029419340905006
062213066205139005144234090016152506
122013174247202118035010585330808006
050029012141199136087023000802095406
070254210233231225123073000532671317
044086124103205184032103004434523306
044008076092050254094253004431576506
047034025237205251206141004432673006
141218041217244158138205000805218306
070243079058240235108140004434342006
047027068147215013072176093390743117
223003156047064005155064004435675306
062212077211207001131121081106301006
044060234054116246215094000804080406
213175253244215177154198052222763406
194187210001202031007170332894117117
047110160103237042073102004433677206
047030158193116246215068004435153406
100124196217202030152102004435141206
197016034029131115008230004432726406
070243078228199171206084000804944106
101227181076202118015220174750002306
119132120166205126033102004431062206
063164070082205166057034004434065106
047169175164237042073099004432611606
016012080212237042073095000804086806
044058179113240063017174004435074306
044084080087215160157187004434344806
097085238086207180012223036583941217
073138248089199223125150000802634006
098078122056219092051184347960714717
044018165008207000065130004435071906
047091156045116246215070000803890306
194129073069202028183248488852941817
224134054125212230172044004435647606
016012080208237042073095004431897406
104255195197212194041172019194038217
153037087049202024005165004436386906
047111057153116246215093004434786006
047168111169199153052227004433330506
016012080227237042073092004432682806
197043153088237042073092000805479406
217242123249199153105054088804896306
237042071048237042073103644860044306
220021029099202029111184171350899906
195222041193202030109147004436532106
213179055066215177178214052223520506
213175253197192166212149052223291306
107076070173073165091145514110044506
044027081128237042073101004434386806
239213054092212034079225004433703106
197061129192192030105225092120930917
044210118146198231051131004435012706
070243078214193065007250000801418906
152027061241199204113111352413345017
047100158133237042073094004432826006
218225125241199169086053000532725917
223003068069202030172037031116117306
036218200065199224158162271400002206
131134146233202030131241001235325417
223007030181237042073093004433418406
047110026229205071139253004432651606
034120101218231225123077000530480517
055233073162237042073248020010200117
196092076159116246215069000804701106
075165034174237042073099004432524006
047018244059202024007014000803735506
202217215109050250193241572753888806
047125148114198193186238093393798706
213175202232138091022066052225031206
113011059102050065250049520690044506
148097157040050062046165000802983606
097133087173064005155039000531470917
064004255129231225123095000534988817
124090019133251190010041000531469617
153065168219138030198100004435526906
223043024053205180042175004654743006
204096127022205219223092004433073106
140075251103199152015202000534198217
206019124226205098234026030616172517
127242060189192182228157004435024606
131003246189198229186214004432625106
103105010219205200031217279364831517
202217215109207180051131572750233306
049097072145244205008191566960008206
129048037214207012143245080810201306
073155112254139218240189004435466617
059252155150205184040155001233693517
075244154251215018160251000000000001
042157163168016230161205000000000001
124101052210135079171187004435480106
126003178081199138218039004432753206
237042067056237042073095000805311606
131151065185231225123092000535201617
075230124150192132001171004435029006
130150037145231225123072000534386017
119132120180251215115082000805452206
119132120174205211002045004435204106
143232076048198193187216000802773506
251103139051064005155244004433564806
044033081102212030093130004432690906
016010006025205167130002000804936406
087125043013240063113219000801223006
135238147118205127001070080804940106
157163216069194017228038000000000001
058118071188050121229090646315952217
044005102220198231053138004433267006
113011059102050065250048519980044506
101177052020138154105125156413760417
033228034008205148030117000804956006
210016039230205055202247000804969806
044214135091205219222068004433886206
218225159162116246215075004436067806
093119054206212194042121547160899906
062196033115237042073103004436381406
062214208148116246215069004433715006
062192120153244020056221080802651206
141204003055252248051085000800270906
100222230019198033048106004455861006
119132120167212171245084004436127306
044085150012205251202072004436108706
156245189123207008082059164560103317
146107156190212230042092004432672506
049203203235205126037192556545773806
204124074102205218244149046983264017
206115067153199137231133069280103417
200124092226194041046019307650808006
073024061201205112188242598280005317
146252234053244089149057623455686006
113003192049244248204037612880102517
063173032125244248166237004432985006
076182010074215177179086004433024306
104243182242199168233108000805090406
030182042105199153047019004436111006
211024107192194102245111158245906317
218225090099116246215093000804989406
202217215109207001179221572750722206
253102008178198193177196001230012317
206089105137199137227109165403187217
152157244219205113246238000804004206
016215018228205055131053004432841606
210030017245199204074076004435271106
141236059085231225123093000531743217
096161133104202118062080004455344906
047038016058199137231132093395785917
076115138003138152126186533614958706
223007030181237042073097004432063806
213176048238212202218066052224529706
088046034125251100046120086015925006
044003061204116246215084004436518006
016012080205237042073106004430470206
103245145244205184078118356625787417
111024142230205217251224258890104017
238063074219192166169245374660002206
135084107093237042073095000802626406
247003207046202024007007000805121206
047109074090237042073092004433127006
124149120038194038095050004433496106
062195145099240223181066000800599606
129090144220215161106029529226051906
112081214157050254103162004435021206
131210219147252248147180000805530106
239213224163194114090178004434950906
199215069165240183051070308664944317
113012233055205113194110494472050217
082242143132205251202136080924826106
101160237152205236148042374100190017
137181043099050123171147000800188506
070243079058202024016195000801423506
213173027171244158083125052223766806
197016034018251224004220004431824806
067241092188240183051126083630005317
070243079058202024017032004430645306
058023065025192022160221652314292606
097087149166199168156166345085471517
092003193162199177091086023110143306
044009107186212230173087004436055506
237042080199237042073107390000008006
149016108056205126033101004435122006
213173027182205139035069052225362006
114079163102016229016072475610335006
049089171061198240074135527470046506
063175069033064005155229004435015506
002120212067199153108018000805067406
243054081004231225123072000531315117
231148131179199169214025004431447606
062196144124244157168176004435449306
016012080211237042073106000805897806
251103139061116246215092004433837306
021068197203199152008017004432842806
062212001053212195084193004434723806
197111087101202118049109533325141306
193130135067192166171151586403866006
096189177194202118035010561110808006
123188126215198255169124004435116506
044092253132244248213085093396176506
134014053126231225123093000531376517
086046182205231225123094000534388517
047080031158116246215082004434417906
042180104024212195028084119270688117
047030175250198254091117004434942806
037162229247192182186075622240930617
021120111082199169205213004434934506
055234087118202029008225505435785117
140169199138064005155193000806347706
213176048092205112191109052220276006
196085154244050065214202576430044506
094014230224198253203037270325641306
213187251107116246215092000803536606
127107225022231225123077000534056217
062197230000192167126240004434089106
249070079099198193185044001230012317
213173027125050254095210004435691106
129096203008205250010168648686504106
223007030181237042073093004435953606
113175002229205216067105575110504206
044069079177207180188197004435647806
047011147048237042073098004432460606
148073086150215161047173004434616206
070231208180237042073096215800008006
213179055099205195120239052220268706
135072013126192182149200424554018506
080201250049202030254056274655917317
047081219017237042073101004434447206
223002235107212202149093000800237706
044022107170251108156196004435195106
212235206237192029094238000800160106
112146213138240235108141464212812606
130008135136205211122023000000000001
047033146254237042073097004432679806
137113064126073165091176504740044506
047032004218205138232140004434300706
104171012158131026013070246460044506
206157043069199208053075004435397306
103245144024199224102173391743672517
195125255168215018246212134176405206
197143138162215106210078004435815206
105061062130207022024153000531053317
076177103213199168159192004430269806
016044146220064005155219004433844106
123190098116205148026065018535277417
119197246186251196144061009934243206
047184016237199152013242004432786206
203175198052244248043249589323346917
136062225098073165081082646130044506
048166059157215177109138004432626806
062204194126215177242038000804091506
202217215109207020027150572750833306
197155091173198209155111004435207706
044022050207212171082166004434875806
016012080214237042073104000801884806
047184016237199152014226004432051806
073155112250205184077018004432610006
228209111145205249048218000804926906
206204150124073165111098568650044506
042004076114073165065035026290044506
044054194195192022166132004432658406
103173169171198193188208000805485406
016012080228237042073101000802658406
091098115012207001003108524160102417
075062217254199221119207000803378006
124050093146205211061241004434973606
063174201231205239087212004430811406
223007030181237042073103004432423806
047109074180135079171185004430402406
228209116130207001013216071725024106
092018254152205230082162232626205517
153053194191202031051070034783497717
087230022005199169194038546340008006
213184192019240235108139000802633206
073024225211237042073097004431429206
198140042047116246215053543920008006
044219184183202024006214100015678006
044053067100215161085228004435020806
091233113156194038145242000000000001
214128010128138030199019613540044506
044048113122205187244075004435151106
213175253232199169007163052224661606
062247036156199169001210004434928006
124050093149205236237230004434918206
131190120054139143018199004431747606
152155087191116246215030000804094206
049038174062193232169046543215015917
208178012075199136066151000803041106
016036124160064005155232004434036006
073155112250205218245037004432914206
047034190173237042073104004431713806
025254056179198254094106630046059017
021120125188205212182117004436095006
197190098123215005139139571360338906
135072013192207022024184465495666106
196093064099231225123081000535045617
087150046082192029094254507640312806
016195143025231225123094000535580817
044033108049212227179009004434890906
239213192230116246215073004433321306
213187199234240223181066004434195206
141236058236231225123074000535117417
223007030181237042073100004436062406
147209211203202028146235059385068306
202217215109212030170125572751999906
137114125013138147089032000804310206
047081091076237042073105000802613006
201163019156205251200174503211094917
141183195240116246215034118916385406
087121207112194041046019004434912206
047091030165199224148114004435366206
044062069217205113216251004434586906
223007030179202031168090004430231806
148047042197116246215083004435923206
158198030181193065075131133122020717
148067222062215162057234000532311017
073137241110202030127210000805615406
238041196186244157132105388840312806
206157212119205249010089012003387717
055233073156237042073248020010200117
064031187151199153055033000000000001
044095238095205185134075004434144806
119046101194202024166245099983729906
047124006170198193177140093393567417
032130198247202030067109405005349717
112081189113192133087191001234720717
136151110106202030199109000803877106
237042071032237042073104004433115406
083027114011199224099045000844928506
218225091066231225123078000534989717
016012080217237042073096004430592206
062205196134237042073093004436310206
131210252196244158005052004436152906
047101008185199208049150004436382806
044048010240199169020202004434514106
072011141010231225123094000534512617
151032060120122195111160446230044306
044068047245237042073104004436214006
146078246035073165172123516500044506
135243069107251196218162004432630206
213187194091244248165126004435056006
218225090099116246215093004433703906
213182175098231225123077000535713517
034070206094199169205015160016478017
212235206238199204099112000803790906
129217131058050065170162517290002506
197043153107237042073092000806194006
119132120166199221124124004434092906
041155195100205239087082000805860806
239213054011212195084101004435713206
016012080226237042073095004431056606
075066094234135079171185004434518306
075029136044198192035230118914512206
112105072213198193130094602564224617
203123124019205125127041369155805217
103193216100212195130200127623150217
210011220155202118092066000000000001
044210072157205230095077004434861706
036218200065199153057245358140002206
223002242114207001000020004436084306
047034184031237042073103004434205406
062194119127215177242185004432741506
204088224129192132030066030740307417
049021099198205071019011587450830017
084120234092073165109009527430044506
133239140187138056034226012294435317
085202137150244031125098004435109206
055233073161237042073105000800919406
136227068188192166174251607580002206
248126214155192030067087018776087717
016003076028212195130077650755854717
131223155062205250089013000535726417
070055145066244158005053370506351606
047100068026237042073101004435142006
021120126061207022028249004434996506
047124246144244248213085004435942806
129232194106215255116163011946166517
134014051239205203039104000533563417
237042071022237042073100004433973806
036039127169212194090093000533647817
136227068188192166172037395800002206
204096127022207001133117004435945606
153173191083138075179008059380107506
200016028034202024007060004436048406
213173038232131115180171004434615206
253102008178207020026096001230012317
149042099213215018163134092120211917
210030029151244003251036004435798306
082028137124207001003110529252847417
223007030181237042073095004435965806
047096016037231225123095000530420317
044197086042205164112024000806069306
047080003127205032030251004432809506
125229017183135079171176000530261917
016012080226237042073093000801050406
209235122105202030189060643315362717
035060184005199153045225559500143306
047063002131199137224016000803374106
132016242125199169214099522231696717
096205010180202028225081128464050017
114178216077215163005170336892352117
036222016218240063113219585310008006
196043026097231225123091000530861517
109248195003251224228010452882430617
253102008178202030099097001233634317
226154184204199152015186004432696706
137093037172073165054009642460044506
103119022031194017228064000226057806
238187153138205249060018004435219606
116069050204199152008023004433033006
245098077021192182044057437340338906
136094135252202030165029001235666817
113141216102073165108236624470044506
062205196134237042073106004435836806
213176048119207022045052052222521106
085134198030073165110069355040044506
223007030181237042073095004431817606
044068187143064005155209004435777806
044221149099237042073102004432335406
047032016048237042073097004430857406
237042070084237042073098138940008006
047001219244199177248057004434953206
073027151207237042073101004435898406
097133087114231225123075000536308617
047110181203237042073095004436099806
047036047250215163004209004433807106
008074003136205166125146004434987706
239213192230116246215083004434595706
213176048187215163040213052223594306
047049233002205138232165093393809406
197222188038219092126158331350338906
073027040006237042073102004435840006
237042067055237042073103004432545606
119132120169205113207089004434378606
044211239071199168153114004430357506
136053123146202024006009000806251006
141236062106231225123094000532411317
135243027125215177242138004434663706
204163239016202024016004068815501306
238020106122199137227029004431236306
140173240230251215115082004431596206
047004073104237042073105004433377606
196115231140116246215092004433654806
213175201165138152152245004435586506
124050093146198255165154004434919106
047011160052237042073103004433720206
231148130191198222247057004435029406
048166247120205218026115004434643606
156188194114205098232222511801531117
030054086185207180015129593820466006
249158180126116246215076004435128706
062193226142116246215079004436085906
119142160020240063017189004433297317
237042071043237042073248020010200117
146230062102205212224015601112644906
049152088145016233083247000000000001
245098098186199204121145355384780806
213187199255205187188205052225480206
131176096158212202218185004435688706
047026098228135079171142004435341406
139049126004205250089229004435729806
062212090207205098232152004434493706
153053194191193065011181034783070017
213176048185207183082085004436174106
104102145106073165228025495050044306
040244221208198193183193445390002206
021114183009050062034042004435074406
197143138162207012138017004434971106
097227201100192022160221236494292617
197016122129073165054160010500044506
129117087084192182233149000255463106
062199166086231225123077000530103917
062208129255116246215076000806256306
069000009082231225123078000530570317
231148130042199137134182004436042406
135084107064237042073094000802466406
101018233026207012129086066723039617
021068197206205071047235004432241906
131001129220215161105085083606328306
213179055074205139035125052224831206
235195118155251224005137470555707006
138179167131050123066175136604607117
237042071020237042073100004430808206
016012080230237042073098000803964206
076177099130251108156219004434195906
007234225066231225123072000535421317
103241039063139093088176004435491606
200035249006194017231116182030002306
105082221111073165110221614180044506
197152136247205212182178077776338506
075066094234135079171079004431619606
135084107064237042073095000802364006
016012086148237042073104044431555406
134009124177199208061122000535514817
073155112250192030100117004436099606
223007030181237042073105004433573406
044073177237199137233223004435537406
047107184153215018245072004430444506
048181084192194102255153004432640906
016012080212237042073107004430390606
195070186121205098226169000000000001
063173180069244158083125004435016006
149164124059215177155130004434906206
239213054030205164099093052224050606
044084123038199223101101004433538306
153071177216199169195096004436439506
156080160023199169195222482191401317
149042099141192029095208092173039617
075062217224198193188208000805271006
112180128063244038133045198582811706
134164179074237042073092025156445406
047124087221205055205182093394049017
016242056115231225123081000535363117
147246227113205250012197358963343517
073027151207237042073106004433912006
153216046202205251205198111115723717
016012080215237042073096000801232206
044009165045116246215081004436257606
223007030181237042073097004432693406
076177103211244212229102000803520706
137234108111205217247031427040190017
134164179074237042073105025151350606
101158102025139180042145536353088417
062205196134237042073094004430447006
022196071005194207242012081022798606
073155112254207020255021004430201906
016041100034205249180048004435710506
044085251243219092051174004433973306
210030029139194043116026000805801106
210018047249202024006090000806022206
212235205105202030200135004433322906
137075255038073165089130630860044506
044004189082237042073104004432083606
016198086052116246215183424980905006
148083148055205251205178000532212817
152200233193205186046038000802699706
227003192033240183007175082606002306
073026221177205239087212004435093506
206048207188215013072176271104995417
044221172237199224155225004435494106
044049055170205138232190004435942406
143238250212240183051070004435378206
075091213028237042073099004434883406
075009214034202118117033000804264206
148073085144064005155189000804705806
134134130249237042073096004430774406
113181202008215006005165500171058917
136053123146202024007000000801292006
218225159046064005155201004433340606
044222122051116246215083004435888206
044063049160194102255126081044548506
044002162165237042073099004431771206
245154243182202028003235068814247617
047176160069251073161190004435296906
131176096189194086013109004432622506
055233075063237042073102186160044306
062249122238199208052103004434610906
076084179115252248203201080645098206
097133087114231225123076000531075517
197016123183073165107149141120044506
113175002229207180015129373740517006
047011174045237042073103004431602006
099141148220244020056039341990148517
206187129119240223014043254614745806
244200013172139072053034000802804506
130225071185193065050082125090338906
125016175025116246215045118914195606
137182232007050123065233278404606817
196154009237192029095216080000925306
202217215109199221114219572752666006
223003074118050123066189004431010006
044004247143237042073100004431528806
239213054093205139035178004435400206
213173043234205185134064004434704006
016227153240116246215075004435517106
237042118033237042073107004432153006
197042131075138030248186461840014306
125206040209064005155134000803646506
236146136233194043118192004433630306
063149030134205126132098004435586706
021120125186215018244002004434969606
203144162207220245071108643515120917
244200013172139072053034000802853606
044011053048212227179006004432625106
047124058166202167003065093395375106
047169175164237042073093004430876806
097136236254199221124178524180102717
099141032170116246215069004435393706
113177229111199137227109408483190717
062194058225237042073101004431874406
197155091172205218157098000804610006
128175090017215255162211004434965606
249032082210192030007090004435100706
119132123082215177086251004436396706
090250141117138147089186009935364806
044000133249237042073103004435411606
087062241185202024017083004430777306
199245167098199152014036602413037517
202217215109194042194174572755666006
148137142167064005155158000805490906
063173136059116246215092000806041506
030214173024251224088133004432729006
047100122012237042073096004433176206
214134214135205217180050119845023617
124244081067231225123075000532670117
202217215109205126139005572750588006
044213219157199177251097000803304706
049101230026244205153157486914917906
209114231040138091029162533674217117
130146030028207180053046270320102417
050237022207244089083195594046337506
053196115141131026013230574790044506
073165085094251100166047004455244406
103221004190199224149005435152639806
083027114008199169198149080805408606
197016034001199224110133004430158306
079011210023194017229141000805461506
135084107064237042073096000804455006
044025250041237042073107004434486206
148083148055199153054241000530430717
245098018073205071025160092100808217
062202193049194043183243004432729406
104171027170199177243253004456059206
223007030181237042073098004432194006
041146223064205127096106059996484117
049089171061198240073020592840046506
016012080230237042073100000804004206
075227179139205098239109509090148417
047091000043215167112210093394435117
042204053233205187246226070082012617
044060237079116246215070004434574406
213173027107205139035178004430320706
044060114153240223181066004435213706
226154176178194042041051004430741606
112081189113212064082250001234339517
202217215109205218244176572751666606
147000004231193232168141023974469017
073164076242205055128226000803436406
127168149027202030113106070795010106
042094123243205230082162174090104717
213179051207205112188069052223565306
146119207230199171206084068815268306
202216199026205218042225394240002506
119132120169205212231155000805929706
131151065185231225123081000533065717
109193063130215006005249643850008106
033038140170116246215081004433968006
100197006105219092051205000805431806
123188126253205071033006004434998806
044208094024207001131073004435187706
044060211007244248213085004433348906
119132120180199177180218000804964206
131134146233192030028106001235966217
062196047072237042073095000801639406
231148132061205125075065004434730906
105150041022192022167203564854916006
197136151091050062046170004436252306
093009086152199169198037000531014017
047119020233215007246013055025304617
044001205021240063017174004434974406
044025168013237042073099004434749406
123188126153199205174210004432707306
075219045216251215113218004431113606
100197036128202028065161004436135106
044085125207205251202111004435665606
073024225211237042073103004432678006
097133087174231225123077000536118317
127068200054202024007180004436310106
121149058199219092207095331821296517
050075028226193065086210081016083606
047034190173237042073107004435587606
087151122222199169194038499890008006
041147035171199177248057004434819106
044048048150205219221186004433976806
197222188038240063103142396900338906
062196033115237042073095004431036606
158050245078192030021046244941992517
127107225022231225123072000532921317
197243251072192182215014478886149206
044203245181116246215079004435601606
070068198045139227166142000801021106
053157155178194042201154150970307417
013216124139199152011094242002676517
213173033207215177242138052222660206
131026052175135079171063332990044306
055224177161138152126082004456271806
044050074074199137231133000805386606
058192023102073165228025102030044306
149015140137202030080087553845128906
044029150101199152012182004433319606
113175002229207180015129420020502806
047084229098237042073092000805122406
122095160081198253188229000804745606
081045175109212064070177018630186317
237042094135237042073101000803580806
070243078228199177245245000802805106
195077044181199168152210059385017006
072011141002207022024153000531821017
044074061098202024006118000804774006
047034184031237042073102004431846206
021120096193205071036076004435479406
112149128083194114112137537020002306
080203092046202031132068543122487417
044001056037207183018036000804939606
047026034015251224006149004435065506
135231061242207008086202000536204717
047033211166215163112217004430472306
044002217229237042073096004433170806
193253141242116246215026499390008006
073027047107237042073101004434977006
197043152169237042073248020010200117
089027080156240063114060646530008006
063167033212205236095042004433415006
044213138202205032023158004435091606
249070079098215027090147001230012317
230123000233205239111179433425341317
044068054122237042073102004430516406
074231017150193065063109523362017917
099141148210205211122024407800148517
208067069009205203254032587233344217
033228141158205239062137004435535106
025206023002073165109138585430044506
093168198184194042195154415620005317
131058204210199135037222086665111006
078022166174207009240022272020002306
213176048071194043181139004432714006
111022178108244205077097397364125417
047124062146215161113214093391411206
072011211052205219154029000531789317
047115105168194017231094004433723106
062196144124050123200212004435181206
047100038064237042073092004436119406
044222224108198223189059004435352306
044007243054116246215085004435056506
124050093144193241060137004435217406
047030237249198253198010004435894706
080074139101205250088182000801647506
111077177248205126032071635462896617
133212009147240183035172470081263817
049238134107016238144189000000000001
237042118039237042073103004433680806
015123165069192029211131562115636217
208181150170198243179139000802683206
044002125109237042073104004433007806
237042070084237042073105000804391206
070028007092205249054236634420002206
223007030181237042073105004431594606
214024197047073165110054518880044506
127043094140205217070080352730002506
030214173073205055130078000802971206
156128132138199137227109068893190717
105150095190205032024094339431444317
036218200065199153056018625530002206
021084067145116246215058004435581906
137187001178073165054188630860044506
117097151185251000115140185654085417
251103139125064005155195000804428106
047045155105199177094094000804961206
197124121040199169214136068812557117
044085129099205112188074004433095506
047108167236116246215080004433814206
195191067087073165059171525740044506
213173043231050254094253052225440106
062209001096198231053138004434623806
209198085022199224099045000864894906
044026206013237042073099004434435206
223239026122193241061223004435076006
047169075075237042073093004436314006
044039184210050123212054004433065306
213173033219199169207085004435331406
140075251123231225123072000536174617
124247185134050253170036052285557806
113182070225215163101212125320220106
050051168024212195084193004445678306
090106161082251000112221024090005317
104220032211215004019210033895400106
237042071037237042073100004431826006
239213224177198229020213004436151406
062205030183207008085229525840055506
044068041155237042073103004435977206
105210163042073165089016618210044506
081175111192231225123080000532884517
016012080230237042073104000804942206
195004029224215006005174541272056017
087150059012199169194038506930008006
200113022212192029092226000945393506
105035246093215176008157004435262706
044068041184237042073103004436040206
213173027103205218014144004434503106
065048034103207020027073135372083317
196154091186199169214026080002212406
197086177184244212229171000224531206
109249086226207183023220441960002306
077184084231199153109075004436411406
016195143015231225123080000531202617
016012080209237042073099004430936006
237241141013198255186198000000000001
108095092199207008082059510775204317
044007004233237042073101004435018006
047001179251251100097146004436089906
085054154058073165064152606930044506
047038090091138152126082093394174706
075091223094237042073248020010200117
127242060234199153097070004435317506
044201192247064005155229004435412006
158148187013205126137122292486338306
244057123250244031008188001192725306
088090182187194102252064100183969817
016226083096064005155183000804273606
044025079037237042073102004430691006
253102008178202031154216001235297817
033245039238116246215092004435233906
146041210096205071138250357903360306
057148103019194031044231086364298217
053154213215050121119148112190827017
050051020021199208048165004455603106
016195143025231225123094000533559017
134194243076202118035013000804279106
047122098119212230060014093395160606
047081024140237042073092004433469406
047008240229237042073103000000000001
119132120180205125093149004433328306
079001012082205230082162552985626417
007070119026202028140102068810688117
153071177194050062046165004435380806
073155112248251100097146004436090106
223007030181237042073105004435534406
044095096205205138232145004433304606
138141063133202028178175476525973217
196115250017064005155247004434077706
070101100211199168233000060844740406
044010056200215177242038090012719006
062253106196199171096094004435609806
041144006215237042073099000804024006
218225236252116246215087000806147306
047190083086205071040152004435835406
044084086059199208055101004434521306
073161006157207180048013000000000001
131188048101205180109125000000000001
033228141152050120061125004433638706
097133082094231225123091000535338517
137175037222073165089252363000044506
047179250011205148026133004430111306
218225037006116246215087004434456306
092018132088202030125124274255094817
002002132177202024017105004432880806
044002161222237042073107004433869606
208070209164212227179066052223528406
097169128148199169195158466624729217
008069239058205127099193000803543706
109018137007207008086205233935318717
007136190255050120061200496706115817
213176048063215177242054052222804106
047169175164237042073096004434464406
070195058084073165109226518880044506
091031250117251215148224429940044306
230123000233205211063173571045341317
205062252117205250089082063222082417
223007030179212194146031004432844506
140169199221064005155233004434098406
047030158153116246215076004436161206
223080127133231225123094000534209017
136053047100244205008122302324796717
062244205200237042073105004434221806
075063140018138056079079000804938806
007069073177192029060150548972666617
131134146233244248074097001234456217
141236062042231225123094000533866917
044021133140205249063110004435226506
103200115090073165110154549710044506
047036180216205138232167004433352406
223007030181237042073100004434106206
033171121128064005155181000804503206
047111131239237042073094004430961606
136227068188192166168052399070002206
044000024175237042073107004432225806
200163011056205236089190063751941317
033228141155205125086069004435180206
044222002035116246215082004434271506
109210154012199135035062444880822506
087125043013207020019036000804759206
103226125160050065188156545710044506
231148133078202167077049004435123606
200163173058073165073206167440044506
135072013122205164119185386366160717
008253153055251100099095004432653506
064004255194215006072083000530977117
131148087034251190010041000530600417
126122131011192133086165584854917817
058228190247073165172083592780044506
239197014191207012130253240003285106
075236038168244020056041000000000001
013192054118251224032197004435054506
088055050070192029094254329420312806
092004113057073165073042255810044506
214169151249207012138117355185297406
205052080041050252039173068815223206
125084123176205148086063000251552706
032099007043207020029039000000000001
049088038171050065138203613110044506
016012080230237042073092004430916606
062210141094205166055169004435370006
239213054014244248024143052220334806
067024252213215163006224068826498906
079121155114198253208205391100002306
062194058225237042073106004430910306
237042093036237042073107004435351206
208178019247231225123093000535022217
047038196156116246215069004435561306
075063248032202029183229099980362206
062213092139050252039173004432709206
022196123051244248165093081080857017
139169064229116246215092004435528406
086015198080207012134080375136380417
044051011249205183034067000801547706
041133116238138030255162000800005317
072011211076231225123078000535415717
048213242085194041041082040005046606
140247073218205098029173004435633806
041014116064016198225103000000000001
135084107064237042073093000806519806
087125043013240063113219000801475006
058091080232205126034222000801615306
044038038054198222247223004432695606
075063141057205249049196000803872506
196055017218199177248017004436143806
153118082103205249011198037444667917
148083149186139212119173005141170306
140075193213138152126074004435511306
016003076170205200146090652994064317
119132120180199224156157004436151306
049155055233244158136030336190000106
073138247198205180060201000805829506
044221144065244248205078000803889606
131134146233202028144156001234022017
096043043137198247238054237510102417
135223052021138152125101000805130506
213179055089205166059239004435417106
141236059116231225123072000530122817
097039042146215163182120000804591306
219103116173016233092142558210044306
062246100010207001000089004434130606
148100091187240235017058000806283706
137234065157237042073100031780008006
047081231144237042073102004431329606
224115233227205035005061004430648106
109027125099205212176232526604315206
099035121236050056157236069075299706
044068040039237042073098004431953006
047034184031237042073107004434299806
101142167015205066245181376032637006
197030218109202030143077004434419306
152041050142202030243093000804932606
022196173151116246215094004434338106
243054188161215163005092000805725206
047123196149212227153064093394173417
148137206169251215115082004432213006
137046071202205250010121000805506406
107035090131205113193046047115289306
047059142049202024007164004432651606
076177099151205251205173052225209906
080049254054199168157089112920002306
030015068059205218074002004435208106
070243078224199169201017000806221906
016012080227237042073104004431325606
070236099011202028026208598285844706
044001110112237042073093004434661606
033239237031192135137038004430328606
075062217254215013072176004431114806
047111041154237042073094004433475406
195016195189073165091218615300044506
042092017112138152125018010285039017
062213037219116246215079004433339506
067024252213194017229137068820344017
062205196134237042073099004436443006
036222079073205167130003000255650106
075067180034205071033122080655954306
070243078224215161079110000800189106
213175253246205185134068052224108506
126052064232240063017146320050409706
195222041194202029138044000805967106
213173027120192029187136004432671506
209198085025199224099045000844245206
097132228080231225123073000535388917
075063248032202029191092099980174806
125020145094064005155139000806234606
206032056104122195111160400720044306
140255108191064005155234004435635606
142118151037205166010126000000000001
044222188227064005155230004433412706
237241141021198255186198000000000001
044094033101116246215070004435321506
070243078228252248147243000805063506
070046171145198253195178550020058706
152147173213116247217133000000000001
109019178025202030077129443623998817
155038086108205236225165000805547006
073027146097237042073095004436033406
030015080227202030143077004433929106
047125140222199153110233093395571017
197016034018192030058021004433907606
016206165108215004162153004432643206
107200018049205071020216327132254817
044072030007251100165146004434295206
113103246207215013072176297290832217
075067169213205212179110004430777706
050066197053207020028220004435000506
077191221175205187184009221235028217
070032085113205200174171588150002206
245060210083199138218124409590680717
213173027187207022044104004434445906
062206049244198231053138004434630206
021068184067207020027239021955513506
130004046202205180108097000255723306
044039208120212171083007004432761506
096189177194202118035010429690808006
129161061229205249014187193104643017
040216199148198247232094393340012317
025160191036231225123094000533130417
124210154255194017230094004432708506
130048077059205239062103530550008006
044027105057237042073105004433491806
218225090026116246215086000804753106
127168149027202029098048070795975406
127242060189199137238179004435246906
047084223154205216102001004436549506
210011220155202118092066628734990306
007234172239116246215075004435625506
007163201102205212181001389210102717
073131016228199170073103080004938106
231128055195205249006060579860547006
127254177245135079171106000530946517
047048006000244001198242000804877806
130188043174194207242002004435010806
140075251153205200226152000535560517
044024248059237042073095004430852406
221197096168193065055022004435530106
044004213176237042073097004435443006
106052038200073165111182587230044506
096065117143202029169012122070109117
041147229111202167044253004433275706
109254255125244205128118541240103317
109170191050205180097111335300002306
008072209240202030133072004435861506
196043026097231225123073000530915217
206165068062199223125034004435608606
016242056115199223125111000533402217
073027217212237042073102004436291006
119132120165251100096212004434928706
237042071026237042073106004432638606
126004232126050057215115004435157706
047168103175237042073098004430395406
200127104211199224099045000803286806
062198118118131115160074010034906706
016215208159237042073103000804945006
111234250192199168155085004433725706
081115030084202029212245168836526506
044222021147251100165221004435979706
140065118211064005155245004435061906
016195143024231225123090000533723717
062208142246244029212089004432629906
245098112108202024126179573930008006
211247133215212197086204001233532217
044020204168205138232162004430117006
213179055023205113202236004434289806
237042118043237042073106000805550606
100153109005198243139090000805045206
134068198191192182001032004435007006
126052080250193065091205004433478806
221050231194248240123169000000000001
016012080204237042073102004430713406
204096127014194017237181004433689706
050075028226193065086210081013689406
149042099213193065104146092120930917
213175253199050062034042004430796306
239213224184205183039084004434156606
030054086185207180015129593080471606
030015071072251224032197004433328606
196054141181199152010028004433065706
113131175147202030125195577165024217
109209075027205249010141225615181017
081116208187205033006081501430044506
055230032228205071021003010475693506
233058163125199169015020036580365817
138147081043139136059143000531942317
070100028023205032028230524405836617
235232198036199169207118608696226706
213173033195207001131073052223616706
237042071020237042073103004433071606
131208004233207020030152000802650906
093041021210131026013240617090044506
086039191010202029238084282781630217
223007030181237042073092004433575406
119132120173205164097081004436242306
149042109042205250036141092122671317
053005146118205217244050514560002306
136227068188192166172236458560002206
149240091110050123066186004433332106
119132120168205203250119004435143106
079117177253202024006151052223552406
016012080214237042073095000804471606
089230008051205250082070572106447717
047011160052237042073100004436518606
239213192230116246215073004434697106
044095096205205138232081004433851306
124210139177192182054247004435815806
099141102222064005155211000804151006
137227104119231225123090000534283617
077074041224207180012223400055872506
041145049018199224150205004434993506
016012080227237042073096000801643006
035010121203194115213031452570002306
044068050068237042073100004430787406
070032085113205066043155588150002206
016012080214237042073094000804330606
047100061067116246215073004435778306
109204097010202028133024586435083417
218225090017116246215087004436107806
196093065108231225123073000531937617
119132120164194086008031004435977006
044004251030194038091189000803167206
042053238001073165065233494640044506
136053123146205250089105000801244306
155098173150122195111160368400044306
155174197031205218008132601470002306
154033067063073165034150050090044506
047100133163192132030058000803622306
072011011134231225123077000535292817
196093065108231225123076000535827817
044024131227199177082113000802915206
044202024127135079171145000802757706
062195087162244067234160004435505806
212205018152193065086141000000000001
231120120239135079171207004434002706
075091212235237042073092004433982406
203203182002231225123076000534700217
030214173103199224155225000806049906
223080043131135079171141000534565017
213175202098050254095245052224640406
063166051225116246215083004433668006
079108134196202030192119034981421817
129254218165215163115082100250189706
092019103091198209141062000253841306
063174215194064005155229004435069706
197016034252205180029108004436438506
047100122012237042073098004434851206
096240252041205071020216581332254817
119132120168192166236105004436296206
044002105251237042073101004432633606
109216014051192030096009514134920606
044024098189116246215073004436033406
072011141014231225123079000536552617
124101048141205249005161004430404706
249158180126116246215076004435158306
124045222169205236228027004435443106
106177062207215106055010148803086706
134164179104237042073101025154957006
062200013246199165045160000803949706
249070079098198193185247001230012317
102095002012205126037150556280590417
047081091076237042073093000802528806
088133069164202024166227000804657106
047008147015198247243056000804420506
062226017066198231051050052234811106
149158096184199152001200077802633006
016237093032116246215095000806362006
196092076142116246215069004436364806
140173240255198255181085004435202406
005198016039240223214015535300002306
016215051108199171104067004434464806
030214173127199137227017000802585906
072113118192202030144234091502981317
099141080151116246215163454740148517
218225161098116246215013004433340206
137163190118205251205198640702223806
066136121073215161106029000255227906
070243078224215161079110000800190606
044020035179199224156213004433442206
044023243060205166056009004431258506
139049126004205250089229004435730006
203025051230215255163163124550149517
213176048071198231053138004434981106
070243079033202024006105000806508606
067027119026202031186235591005176017
103211029157205230153033004436080206
204124082123205071020216452722254817
237241130097199224153178004434739606
103222080014064005155102000805230806
096036045250205200173119004431187806
136053113124205239058057000800542806
119142183134205164099218052283478906
099205123104212194042228229105587706
047081000167237042073106004430537806
030214172133199224155225004434444406
044003177067205239058003000804837106
073027006102237042073102004431950006
119132120180199152015182004432256906
218225090010116246215077004434463806
126055172172215163175036320050424306
114242109010212230173211004434915806
080207241113205071047208590045210417
062236026087138152126109004435091306
223007030181237042073099004431905606
044068123008237042073100004431908406
044054208166199224145003320052647906
032191132039212195089174004435028306
057184217041202027228115001612818406
030007012023202167002151315942679006
149042099213205167104037092120107417
047082039207205071044177000803760306
041135147083205250090042545865065206
091232096199212194147232547076021806
140194074050231225123091000532816817
075091222060237042073100040060008006
104234137052073165089206572610044506
047111131234237042073093004434166606
047186253131215167114145004432845006
213176048152240223037058052220999906
013192054104251224032197004435061906
218225237063116246215092000803713806
204133016201205218157149610500658517
213184192008215176002027004432633306
044003062111237042073102004434690406
116246011050205180089148000804948406
030214173006205216060217004434775706
047037239075252248201172093393546017
081127108016199169199202425420143306
058024020031205066042094004435532106
047101030085135079171207004432436906
110121119153139180046029456824587217
135243027104205187186093004432639006
097132228080231225123073000532218317
223007030181237042073104004430419806
044002014134237042073096004431313806
030015071107215027220082004432626906
134194243086202024004147019352966706
044205250099251215115082004435452006
226154176178205184077111004436032406
134134130181237042073100004434186406
056019114144207183131166004655123406
140065118193064005155245004433637206
197054066174202024005125547772422706
030031198019231225123080000536326717
047160167073199208055040004435151006
016232234056116246215069000803539206
218225090099116246215086004434976406
044068008060199224156157000806013606
047119081048116246215082004433465606
044046046214231225123094000533567617
112038254112073165089144542420044506
078028207094198032060032454630002306
231148131010138075191030004436240306
070243078230192182133072040084950406
201072135153231225123081000533850117
244014070053240223215109004433557506
044073148030212230173063004430333106
097162040068139180038212520190782317
112081188215194078246185080683918606
047049038241198229031202093395388406
044025045054237042073099004433360606
248199212144202024016120000805384006
106222093053073165054170528160044506
140114212235231225123093000536386917
242029031007237042073105000804283406
237042071050237042073100004431237406
008072209240212195130217004434724006
063167242100212034079159004431925806
141236062083135079171064000532587517
016212193138194114090178004435569806
141236062147231225123091000535521517
063167062004251073162219052235152106
197038148067251224005012051450506017
237042066202237042073098223440008006
053007169182073165090029507310044506
141183211149050253170234004435400006
107018159092073165089051602990044506
221082247052199224099214004435085006
208070209165205218008173052225664406
198140107123116246215223611210008006
047173091017116246215070004434089606
223011093129202031017091004435833306
016012252178192022173005083445222706
047109173158237042073100004435743806
032105212025122195111160245370044306
016012080220237042073094000801683206
213175201173205139034077004434223906
197089126111139061080170004455638706
047044186191116246215082004436302006
041150227115192132094028004435979106
047001020003231225123095000532824817
206111136074135079171140030012228506
109015091040205148086063000251549606
070243079058207180053218000802688506
116116069151199170075218093385094406
030015072246198255186198000000000001
239213060009205139035089052222740906
044026181255237042073092004434583406
030015083165202030072221004435242606
213175202210212227179066052223964906
036039127059194041046019000873461106
047175200063237042073092004432805006
032035055250244205242088304555747017
047122169043207012134057093393657817
044042060086199152013242004432168106
224026058018073165109154551190044506
030214173082194086002029000802830906
195068238054205180073171368443036306
062217198025205112188074090012726306
197222188038198252045044522060338906
047018158162202024017132000804228006
085130121216073165064206558110044506
213182131010215177154200100015881117
112081189113139219141023001234592117
049152116044205139035089004435124006
131174243013237042073104004431323006
044055171132198247255031000805188106
206157043163205236144067004435140406
090055235002198032045159306260002206
195151055083251190163116089992695117
070243078228205218157142000802675906
101086216098215013073148004434637106
008075075200244003248183004436109406
062224062012207001008217004434210906
116246196020116246215081608240905006
085187250115205180043159000254819306
238204142132207020253153021534006517
231148133040202024016194000800254906
034108090061199169198149221510808006
133220009069251073189165648992704417
197018144140202031076194635270044506
149210180175199153057090004434967106
214134246149192182243066210320102617
047170140165237042073107004435497206
200124200090252248025120468920012317
129174199001202030157001059385025906
050238213113050065138016091560044506
202217215109199204083216572754555506
238063212202205164126071470170812906
243054009052231225123079000533759917
036213192194205071040120161620143306
044056188058194086000048052235755506
022196123051205186046038081142533317
100197034181202024007124004433256406
062241047139205126032234000805433506
105035205167050123083053000253326506
198253191020192030023046004435846406
070243078216202030249095000805654706
044084086223199177082106004430258206
148067220032251100166226000532083117
088099167111199204075038603804295917
081171216223251196145111434850899906
007234225064231225123077000534894917
136128079050251000167111377443345317
213179055091244248041227004434996906
112115224206205126108204089991335917
041144224101205251207112004435164706
119132120165251215115082000805452706
103211142168192029092010335132669017
131031158015202024016052004431974106
254182014178016048144184000000000001
131000235231135079171142004434732706
124101052201135079171198004430660506
131188254013192030058154000533536117
237042071021237042073098000804935206
141236062106231225123075000531507617
107091189232205199051210534115903306
147008047002050253171190547092002206
016215208159237042073099000804449406
050084201221205239062133235383509806
218252155094199169205019080086433406
152009175082231225123073000534046117
131208002217192182071019030740307417
002002132232202024016164004433142706
075091213015237042073103145840008006
133235124221073165110074172540044506
109030086179199137227017623480424506
041150227119205127099237052222623706
134134130179237042073098004434910806
124045100138244089236238386553344117
063150146075064005155229004435725906
199197033115251100210165610470008006
063150146075064005155209004434572306
047081231144237042073098004431034806
103119031162194017228064000225054606
202217215109131115049150000000000001
075091213020237042073100367420008006
194235108249198193187025376530154417
047034184031237042073099004434140806
217242145051199152014227000802851906
196094171103194038095073000000000001
070109086231050254094253258405817817
044022123100240235109089004436017406
047081091076237042073096000800933006
112155112163192182222155536952360317
210011220161199223100132000000000001
057184217041194038080175001613756506
105084197046073165064125520360044506
105131142028194031038216235652655817
044076014095231225123092000536294317
073155112250192182217188004433958506
002205153021205251200179570294114317
021068196216207001013094004435964206
223007030181237042073104004430421406
063170239037202167044253004432554306
062241131219215163115082004432643306
058001014043205212176221059384916306
225244142255205071022086174810146917
210011249038215022006163538630899917
139130177162116246215223511880008006
073155112248205137109084004435553206
120200178051205113195104414850102417
050095188052205217250012008080248806
044000083182237042073098004431540206
197143138162138091023085004432722006
245098103029193065082212410870002206
149042099213215019203029092120930917
195222041194212195127090000804067506
213179055074205183040144004433617906
127168149027193224216089070795608406
070243079058202030123088000804256906
002091050078205138232089393605140517
044025089096199168152106004435468206
066138065096199224156157000805498006
050075205103212227183204330540002106
124117015124135079171175000803612906
253102008178202024167098001233231417
119132120174199137239254004436160506
213175253249205216103191004432925406
047123186188244248024143004434133606
140065118211064005155209004435537206
140065118211064005155245000804953106
021120096242251215113218004433220806
099141148220199170078234341990148517
013157157251251224118154052235276406
033239237020212195133124004435505406
044005076192237042073104004433682006
149042099213199220220040092120930917
106162017096251190160131388615370606
135084107093237042073099000805733806
062240090165199171104085004434989106
202217215109205149041079572750166606
034009022104251224228013454446529606
223007030181237042073106004434458006
047100179217237042073103004432219006
044050020177207183081108004434573306
047101074196116246215079004434331906
127000224186199136103050051562632417
218252146084205202140254320055070506
062194119127207022045057004432580306
016012080229237042073095004433635006
073027006102237042073107004432879206
044003062111237042073103004435137406
044062254160215162115213000804590706
197155091167215161113214000801418606
047100038064237042073099004431388406
231128055195205211122253579860548206
136053101160202024016068000802599206
047168186061237042073096004430657406
072011211078231225123075000530238217
248199055200202024016075000802678006
021120126070205212180030004430269106
034125162018244127141129080893857606
125209088015192029095216000803026106
021120124163244003241162004435035606
140065118193064005155245004434304706
213187199250205251205173004434156306
193130130241198254094086092170176517
062195117105215177179086004434232606
062197166154215162049134004433918706
016012080210237042073095004435761806
044026181255237042073096004432813606
047026191117205066249189308404959706
134194243110193065006242000000000001
047033146254237042073093004432574806
213179058178212202217147004433935206
047001131239050062035203004436335306
123194117056205126033101468693985117
098072215228251190011114163575616717
103240064219135079171158004431822106
032210039024192022167077497962643906
070243078216251215148151000000000001
237042071049237042073103004431625806
047008154209251224119171004436295106
062200062195192031126072004430183106
015063032047244031200112116174234917
209102090131202029236203359223342606
148137206208207012138017004434971806
206234002086205251205218583911448417
106097052071205032025253005875849106
237042091034237042073105004434596406
217242215042199153107179347360800806
147221131002205218157121500870339206
150223183022205236124169267933708917
103091098154138030255162581750005317
047170140165237042073098004431589806
044020221114212202218156004435507406
044221172015199224098074004435033106
218225131056116246215092094824809206
123190098122199223125061018536543717
238204251149193241062181004435694006
047038227200207023229022093393518806
073146112012244212049238000801399106
243075130062138147089186000805371006
016195143020231225123080000532096817
131208002244207012129086614563039517
070243079058205187184009000803953006
050084201082205126132098250984922806
113114115021202030098181269624932506
021112097091205212179110004432522706
113175002229205216067105609690531306
119136142088205184033158004434136706
036218200065199136078240552890002206
196092076194116246215069004434492706
127168149027139212098002070794934806
097132228080231225123073000530496617
244199223155199192032241080000278506
047169209171237042073099004431780406
062206164043064005155149004434480606
041155124043202028227110004435105406
197155091173198209182094000805718306
239213060005138091022122004434402406
044058156145240183051067004435591906
016034250209205251206254004435062206
062246212213138091022066004431121806
073155112254205212231213004434652906
044003214238237042073105004433005606
239213234139244001199058052222744606
229019250048205218158048497971784706
063146157063135079171145004430966606
035097058004251073188066000000000017
062205196134237042073097004434981406
030015071078205126033100034783668617
113175002229205216067105399090531406
196092076143116246215074000803424606
124247185134205251200208052284927506
204092138107199137224001395530312706
044021176170205236086098004430401106
047119180105116246215094004434367006
197109216211237042073104000803170406
058196000142215162049181139453608917
044048027113205236228101004433195606
149021023072116246215213094825579406
131208002213212195128205030740346317
032079134125198247250163004436293706
133093012081073165104138566460044506
131174243014205164096189004435665206
047169139178131115183078004434822006
062200062195205187184009004434122006
076177103217205183127220004435359906
137118059109198220149151270505498317
044003068118199171104084000803399106
140075194019205066252164000805085106
070028005193205126168034598780002206
049221212214202029230197000000000001
253102008178205199052110001236050417
131184001166231225123091000533179117
237042083119237042073102446920044306
141236059066231225123075000532261717
131184042150240183051070001230005617
063163244139219092051202004432726206
076177099149205216099121004430166606
128041245043215161106251244940002206
213173043243215177242187004432682106
027136158090202028000210037245443306
098086064225231225123076000533440617
044069006114237042073092004432788206
047187139074215167114172004433510006
218225090096116246215086004435738106
100208217209231225123073000536474617
102199008196199169202100640424422517
062205196134237042073107004435973206
213187199225215177242173004433844506
044002161222237042073103004433992206
044025010021237042073102004431638806
213175201184131115181139052222695806
140169207157116246215085004433831206
058001002202212194186229004434970906
054174221189193065117210520495542117
044011104128205195124088004434224306
047124068160205239062157093390588906
231148130193215160157187004434340406
135208165212205098236029000805908806
148067179077231225123095000530515117
081237234051205126035020470160143306
100208217209231225123077000535563917
016012080223237042073093004436065606
076191124062207180012223000804968906
016012252178192166238235080462761606
112081188215199177255242080681936706
042094114039193065118165082574953817
002249117079231225035078418000354306
202217215109251000166088572750588806
199096214000198247251165331130105317
047080015180244020059191004433658106
239213224164205185134068004434956906
231148130156205126032162004435375406
157010006055199153102059121286470506
148094169014202025066225004436239806
197215188010212195069145461085942506
124050093147194041044165004433204106
044201196116064005155228004436341506
140065118193064005155245004436066506
140078232171244022199004004432884306
042204053160050121229061060086178217
074033074146199137228206000000000001
047048006000244001198242000804877706
125020145082064005155139000805816406
239213054089199168157250004436144606
213175253255205251205181004436035306
044068100254237042073105004431622606
105109186077240063113242491965032117
057184217037050065143006001614760406
223007030181237042073102004433709606
044056189209205139034077004430219806
119132120170192182177204004435151406
044002020193199168225246000802633306
047049152190199171104049093396528217
125024113200064005155209094824790006
048158004054192029094254607620312806
213175201180240063017189052222811006
044027253156237042073105004435283206
070105152181207180012223182476491706
067009252180202031050037068894209317
063150067143244003026067004433641206
070243079058212230042089000803544106
149042099213205186003250092120930917
131134143130215167248099001232624217
149211097044215255060170170654454717
030214173091205218033042080806132606
127168149027202029001131070794939706
143232121191205032024254150504971906
073027040006237042073106004435662806
055233073172237042073101592700008006
047081219017237042073101004433960806
204003124137194038154131580530102806
033182052192215027200088004435020206
223007030179205098232175004435040806
114080035196050121119077004433942506
058235074247073165091001627760044506
047185187116116246215070000805113006
016012080194237042073099000801587606
140242176189064005155132004436201906
097186130090199169206186161560110417
044220061188237042073107000803428806
102219142022199208152216134985926617
077075206184202024005133576984349806
007172003247205250244013529640373417
152151005099205250090154012140005317
237241130074131115160077004430171206
044219142135205055128253000800201906
072011141008231225123091000532943417
238162090147138075186073527630002306
062193226142116246215070004435686206
049240242002244031072102150243945717
047034165105244038133045004434836906
213173038227207183083245052225348806
047001166212199208060097004435010906
131058204210138152127052086664545406
044011048040192029189249004433838406
096100183229215167114013004435864106
097132228080231225123095000531471317
047186253131199137231134004435254106
015043163109244089080245000802830506
076084179115198209185235080024965606
211210163195215022057105080615462606
047169128071207180188197000806363406
044068041184237042073102004432497206
047033013100205184032177004435650306
096036045095198241226023004433882506
048181084192199170228194000804232806
131128133046205250089013000536138917
147093129119199136067118636553988006
116246198171064005155107563420148417
103245145251205212180021440730134317
135079178208215162057079414070044306
131024048041207180012223000000000001
213175201160212227179051004435463206
130212167040205203252120167714139417
210011220154205180067030509076410106
070048059038205249048218004431667706
134134130180237042073100004432700406
124147071073198243161200004432722106
139130164254116246215017653090044306
050084201114199169195232140065014706
200175194142202029174229010245089817
062228084084192022173170004435781006
047100144058237042073101004432649606
208178046010199136075205004435096806
063165027159205127096049004432738406
122144003077215162059203081950819506
048166035223202024017240000800369206
002002130255202024016193004434637906
131174243019237042073094004432484406
085131065020050065212162539550044506
119132120169215027044092004430592106
253102008178205194112131001233994017
148092183118199204068226027031407106
047006149250205184032103004434530106
131051240215139128098015088014099317
092181182015205071021003089994489617
044009107186199152014237004432276506
134049043160205125107040005872643306
044200026040199208051113004435488706
103245145081205184078118157295787417
030015091099205035005164004433480606
126131175199205125075111422850198517
044016063108205239062149320995325217
153173169042193065012186000806443006
097132228080231225123081000533080417
218225236073064005155210000806537306
016237093173116246215121000805285506
044196090249202024006026004435264006
063161251057198247253147004435057406
213173027182215177242182004433716706
047168253102237042073105004435914006
036218200065199137231152407500002206
067016065211202030242063010355651517
016215215055237042073096004430507406
044001205021240063017174004435677606
195222041194202024006035000803020906
100124196217207001173101004435130706
047099226029240235108141004435898306
202217215109248200033102572750577006
075255020081064005155230000805606706
192044222006199177248209035356393817
044209152013199177245230004432671206
047011184196237042073097004434584806
116118134065215027045126004430301106
047169141197205217247221004432633606
049059112187016229024157000000000001
109165016250219092051184535480714717
047188082045251224005137004434874506
080132137222205184042197644030002306
085247217041050121229050070054062706
027136159168202030252000037245366806
210030017245199204074076004435270906
044025090193237042073107004432603006
239213054029244248205099052221029806
062241003118215013072176004436067706
002136157180205113206118244414571917
220253073085116246215223269260008006
016043068171064005155139375680148517
078173175252131026048036577010044506
231148131103205166009058000805535506
227005249178205137108193475953344017
070243079058202024005072000803326306
218225196096116246215086000803439006
016012090102237042073106474680008006
044043049042205167104005004435018106
047091109113198241226029004432283106
070243079033202024007122000801283506
016012080233237042073093000804025006
047123137096198254091182093393532317
238041090103215161031047080813191006
049209034064073165065039110890044506
237241130097202118039217004431123906
223002129077231225123076000534026917
231148133004193065005162000806122106
113175002229205216067105579020519906
044060176018240223181253004434241006
075000118028215160157115004435383206
237042071042237042073102004435288806
127168149027202030124123070764402606
015128090113205138232143110505500906
044025129013231225123081000535920117
116152239232202118031141000805301406
044007060143237042073092004431203606
027024105081116247217133000000000001
237042070093237042073104123720044306
218225090026116246215093004434921506
202217215109205180095060000000000001
197170113136194042039122262843700217
005179005200122195111160251180044306
126064150162064005155132118913440806
239213054072202167002170004430240306
062244004101237042073097004433615206
141204003182207001173101004436055806
127107225023231225123095000533484117
122022037188202031164131000800257506
047105011143138071020237004435681806
016195253131139105112046004435827206
243054081014231225123095000530218417
047011131201199177255041000806084606
228079163214138145213022000800278906
158053050204050062034042000806322606
075091210221237042073103609440044306
148068184013192030035214004433713006
062241025066205126037150000804926106
202217215109192166213136572750133306
245098022013192030056041000804617606
195247171176138152125013357272488317
016237093016116246215074004434409406
148083148054199177251097000531017817
103119184217194017228064000226052506
016007112157207001003192004431086506
102222160039192029094050068815073106
218225094005139180042039004435064906
253102008178207000068173001230012317
131000254132192167171222375190812906
135210001005205166254017036785342106
124101052203135079171146004431115506
218225159027116246215051526400008006
140169207158116246215092004436318106
213173043233215177242038052224712006
002074010002198231073190575880521706
122027112158205239062061000805696806
033182062192064005155228004435106006
022194217216199169004236004436288606
141236062012231225123080000531421817
218225236192116246215074004433547806
081229008112138030245096043234174117
062202173206064005155174004436323806
109129144153192029080140523161782317
055233073153237042073100004435152206
108060220108205216066184547900103117
089085078233064005155175000804311406
218225090099064005155134000803674606
075091222086237042073107110560044306
047123057205212202219030093392490617
114229082056215161064004364634962406
044068040242237042073097004434473606
071120019134212230228014514130120417
047100179217237042073104004430860006
016012080213237042073097000806274206
070077040070205066245181586293510406
042095212145202118019045000000000001
140242176142064005155231004434120206
030015078020198255186198000000000001
047028072150198231053138004434077006
135243069107202024005149004433373406
117112239160205112115008093060102517
200164177120073165105195592410044506
103219186158050065214178526030044506
106208056243202029096123001105073306
122065193016050062046170186183343517
042204053184248200034121070080639017
044035000030199153046202004436513506
141183211149202030193187004434650606
210061102219240063017189004433723906
224002181076139061080223591920114017
044050072099215176001067004430243806
063161235131135079171185004434845106
213175201167205137111190052225996206
213176048134215163115082004430330206
140065118193064005155209004436331406
047160019129237042073102004430441806
070243078228131115083018000805017406
196094249122199153061038000000000001
085132033182244248041049038001997217
008075075143138071026013000805774906
032210018071199169206186550601443306
196093065046199137226124000531539717
134164179074237042073102025152386606
062243226210240235109089004434541206
097141181199050065250175612610044506
047101246214237042073094004434821206
062215203061116246215076004433539706
157130161052202031025076123720002306
149016107059192135130187080804941706
097132228080231225123074000530899317
073146005182205180214223004435056006
073155112254207022024173004434109306
047187169107205167107181000803899206
140169207157116246215085004433701806
047160184017237042073092004435372806
062199179039205055128081000802641106
196093065108231225123078000533380717
089103250246122195111160457790044306
127107231250064005155219004435079606
108254011054202030146096101130338906
016003058183202118062080004455096806
016012248154244003007143069761940017
072174189059122195111160593840044306
113180028110202167044253496285274406
113111153138251190074029000235273506
231148130012199222140250004435153006
136053123146240235109073000805025806
044221037146064005155156004433865506
112149139102050065250156623990044506
073155112250207020253204004435095006
197151168173202031152198655054478017
044001009033237042073106004433572006
131134146233212030170141001234099417
130017098238231225123093000534636717
062255178105135079171057004455954506
219247248108202024122119482200008106
047101169052207180189167004433989006
146044203190205071033078068814050417
197099124195073165110018566920044506
062241077089215167112197004432630506
135084107064237042073096000801135206
047024006233215007246013084435166906
113175002229207180015129298660513406
002183065135199208060097090016347106
112081189113194031084091001232776517
016012080214237042073094004435122606
140169207146116246215068004434334906
124101052194135079171187004432259306
016035125046199170238018000534954817
213175202231205200149230052225562506
047049213071205194243043093395586517
079001067127202030131127548356341517
103207017052073165111218320160044506
133047049027131026048100578560044306
044087041163205098232224004435305706
224134233062215018093054004433772206
044001009033237042073101004431684206
140078028059116246215244444860905006
002143173020202028047152010414886617
137113214041073165091093283050044506
225197118110199135039141004435994506
021120111007205212176066004434973806
091195149046193232166218343831359006
044027081128237042073099004431966006
047110201205135079171175004432759206
218225091092116246215118428900044306
092044126068202029026182000015353506
247003229223212194052034004435547206
062197122150194017230011004434555706
140075193213244157120054004435100906
140200069095116246215120118915154406
062239082052237042073098004433191606
193245130213016238144169575060044306
077239166154199153101201524760103406
130004046114192030066053005873471206
122135118225205212227013005875581506
057184217040192254115085001610771206
063167206024199208049098004433074206
016041201182116246215116364740008006
033188198202193241060091653360038917
030132204187199221115099011941877317
137113101045073165081241056270044506
079121155114198193131149336600002306
007234225066231225123077000534454817
197051112146205148090133548886083317
213175253251212202218052052223854406
146242044027202118035010594960808006
140169199221064005155235004433630306
223007030181237042073102004433655806
016012080211237042073092004435574406
200124200090252248025120392130012317
044210018066199208053075004435397206
087118114025205250088182143000808006
192009236223205164097206000804922206
053111040066199169206186160910110217
044000190172237042073097004435588806
070220012076073165080098599500044506
198140042047116246215053543810008006
053034027045219092009093278113562217
143170204072202029143126563640812906
196043026097231225123075000534622617
206157043069205149044044004435513006
047108167236116246215082004434470006
047081124095237042073102004434564806
140169207253116246215082004433603206
016242056115231225123076000533269517
239173005118202024016212004433090106
131151065185231225123079000530335917
089252147124217008247030000510005317
213173043247212227179066052224679106
044218070036202024016238000801813806
044001201002212230042080095990264806
047050148206212171081016093390311506
044002237020237042073107004430486006
104073120039199224149004436114204317
159089146105192029092226329110808006
243054188161212230228037000802641706
140075251110231225123094000530942917
206113084009050123066166010364242517
091231199059202024167255000804599506
109250026047192029080213383530002306
213187194127205216060231004433993406
047001170170212197179178004435789406
047169209171237042073105004430581006
076177103240205251205192004433625906
136227068188192166168049545270002206
113212142134193241063237491790365817
044061050104205219220097004432640906
021068197205207009053016004435511406
112010094099205250095105092122646117
218225091066231225123073000531232917
237241141012198255186198000000000001
049018119023139093092186322060005317
062197025252205236227163000802746906
088041009088198220146248320144798017
049142161230205071047208357815210417
062254191070205149045041004435987306
112175016061244248205083513194397306
044020035179198247236179004434890406
088133069164198253203037000804294406
016179021099244020056032000000000001
075010149113202029166011534304442817
105035246009212227133230004435785206
223239026122198192201031004435137606
073146112012244212049238004431399506
123188126104215167248083000804553706
141236058087231225123078000534222217
133151155247205032022074364510102817
127107225008116246215197019355271806
195069022047205166125049000804436106
239213051223207001130247004436034606
249158180126116246215094004435747406
077170233192251196219235000802283306
050075023176205218010163000804965806
231148130143198254091182004435389406
098143045163240063113091000805611306
075091213014237042073106004432488606
146094052144231225123090000532771117
088113182172205166047005040655328106
034080172094205230091175448890002206
044057020223212064070176004434865206
027223039237205125088110580760237617
062195093008244020059072004435200106
112106211071205125079015514174623917
062224052060240235108141004434514506
075091213056237042073093113300008006
096009252073050065216175615680044506
223007030181237042073097004435705806
008109233062205125126228004435064906
237042093049237042073096628120044306
076177103215205164190018004433928206
213175195122207022045110004432714406
110157015120205211043037265120688117
131080010154207183153225004434595506
239213054000131115011170004434618606
221197096168202024007056004431167106
146020130184231225123075000533701817
044003094174064005155219004434246506
203203204161212030198220000000000001
097132228080231225123093000531432217
091126004239215255062024628320008106
013217220233244248167053004432212406
089112087131205218042153623624726717
044007060143237042073094004433978406
100208217209231225123092000530718117
016012080222237042073107000803852206
058158215171199221119051250725830417
141236062215231225123076000532993517
044002014134237042073103004430534206
047124068215251224117078004432669706
148067222062205167107181000533596617
058101132233240063103182004436008406
036218200065199153059237464420002206
044205168177199171097002004434938806
044001085241215162050050004435321606
247003207049202024007240000802694606
047008181033237042073103000000000001
054051098172199169194038501080008006
207231083190205251200174221031216117
047171060008135079171167004431525506
197155091167205184033158000803475206
231148132022199169020051004434987006
102160015170199204072072295695155406
224134102066251215115082004435448006
244200013172205194247207000805915506
131184001166135079171185000533888317
105045046197073165105058569590044506
062198073025139096108238004434238906
131192122245237042073097004435043206
134215191240237042073098000804982806
049024078003073165109188573070044506
116247129064064005155202004434131206
053196083254131026048042579400044506
030015072222198255186198000000000001
096036045253194100124129000806241906
131190120055139143018199004436334406
034108090032205098239253068830808006
127107225023231225123091000535120217
002127093090205166122186114580002306
114087061103199208148058000806346406
013217220233205218072008000805463706
197092188163244089100209141480688117
140169207146116246215068004434310506
148067222062205113207083000534294817
044039165043199137229232004435863106
016012080220237042073102004430971206
070061207214050062046170020414087306
099035126206244038133045069010672106
238063074219192166169166499860002206
249070079098207012132142001230012317
076177102192244001196166004430825006
245098103038199204066054570750008106
047038249113194017237222093390470106
148067222062244158083125000535211917
153173107174139010250152592000005317
044054242023199153107001000803625606
134164179107237042073106025150787606
075219045216251215113218004432326506
152148062254205250088240004435164006
044027253156237042073104004431972006
244200013172139072053034000802853306
130004046202198209141181000254179706
098143045163240063113091000805611406
073027099015237042073095004431828406
016002065098194102244083004432260506
070028007092205249054166635590002206
108225070008050065188214046580044506
050074105080202030125057004435576506
124101052204135079171142004434050906
204053081189244031072029004435214106
058107171196202030062012623080365817
197016034018205217165074004433606406
047124071190205218074002004435298306
044029125017215018163150004430311606
044000181094205236254229004435680706
044028107245199224098173004432695106
073155112254192182023091004433413506
063165076061205187184085090014036606
098127237089194114091045000000000050
135243027122244248205098052223544506
103132130185116247217234000000000001
044000153054215176003231000805275106
223007030181237042073092004431384206
153097056097205249003125497416294517
243054196193215007246013000804291106
044032224249202167131129004435174506
074147020077215019148157329090200817
036223184098205251200219130885328106
223007030181237042073099004435353006
062209202049205166253012093392630717
103212130087212194172158004434044506
041144006215237042073098000803556406
129149131167231225123093000536229817
062199002029207180188197004431182006
122028053058135079171142004430424506
047100068026237042073092004432592406
070243079033202024017016000801642206
213176048150240202184170052220655206
044205049205212227209247004432448906
213179055073192029211107004432645306
104055049085199224151090000000000001
208070209182244248041135004432876306
213187199228207022044084004435417206
044009198070251196218162004435302906
016195143025231225123076000530830617
044018013254050056130221004430194706
015064001115215255019061451074974617
044094129037116246215255000806458206
016049112217116246215079004436079306
218225090223064005155189000803530906
135084107139251073188136000804200006
245065070036199169194038389180008006
047011121228064005155158000806049506
044193126237212195004146004435179406
196115083194116246215122004435495006
112081189113205113216212001234173917
047034096136237042073094004430532606
092019218245192166213034311356332506
131192122228237042073092004436357806
070243078240050121229050000805032006
062250043188199153040229453023064317
047081024140237042073098004432320206
075255020091064005155230004435098006
044000201196237042073094004434580606
213179055122205139034177004433054806
044003062111237042073092004436437406
072011211057231225123090000534572417
044027152010215007143015004434878606
231128055195212230042212579860546406
016212157091244003026103004434951506
022197098205244248213085081066029617
102032207073050123066195511592784517
044206076001116246215094004435775406
044028201225212195089178004435347806
007038102023194043181019419752274106
057184217039198032016165001613754106
213175202254205187184005052224323906
135084107064237042073103000801102406
206157038031212197210161068810119617
223007030181237042073094004435308006
044049128038205139035069004434660906
223007030181237042073107004431208006
213179055031240235109050052222894806
223239006012244038133045004432402206
044006226094237042073098004434726806
213179055030244001198242052220236506
114177003140240063113242089995032117
044009208074116246215082004434972506
103119187181194017228064000225130106
064004255129231225123093000533758517
109092160018205249010057247012771917
202217215109244248164089572750533306
049113075249212195130200307695921006
048167222100202028024211092100910117
141236058246231225123073000530902717
148067222062138152214007000536237317
226057142063116246215082004433420306
141236063142135079171162000531672017
083144166080073165108097129330044506
101092191058251190074029511905151406
075010113057193065038164493940044306
076177103195212227179009052224281406
070032087159244001168002575610002206
044026234095237042073098004430816006
131188254013251224032194000535001017
005085005021073165080217039170044506
213182131057205251200212100034621017
016195143024231225123094000531562117
213175253212240235108141004433764706
047084196154215013072176004431430306
101089233063231225123072000535804217
093190225092215176008130000805647506
238063102118050251002015000803459506
016173086205116246215092004433767006
044058080161192132094028081145404906
025091039197215167248201047460808006
030214173024251224088133004432728306
076177103219244158083033052223458006
112131130181192030218206362370102417
141236059199207022024153000531784817
062193079063205216060222004434698206
044027167065064005155229004435051406
047160019129237042073099004435513806
079077127242205071044141030816151717
080074195094199169194038532900008006
141204003100138152125013000805847706
099141102245064005155211004433961106
044048008240199171104064004433737506
062241098025135079171167004434080506
213176048219244001198242004432655206
140173240244212171105247004435707306
126052098190205249005220071724999606
131174243019237042073100004430937406
195160087220205066158143597885003806
114242107248202024005097000803747806
195117219228205126138091514155276306
141236059234244248229133000533060117
223239026122199177248214004435824606
093041047086205125073252000254495906
070243079058205180013052000803871506
007234225066231225123078000536199617
047032110241237042073106004431126606
073027146097237042073101004432696006
042094112150202030067059286096431106
013005193246202024017032000801167006
048166080112205239048141004456097606
129085214193202118095237000804158406
088100028144205218244149004434460006
008069239058205212176132000805166906
214133238247251224004254531011863306
047032110241237042073095004435731006
033241125155116246215086004433389406
044203153065205230082242328872622706
140065118211064005155245004434162606
007165009088205251205173490015289117
218225091067231225123075000532232617
127068221050202024007180004430833006
062242048064205212238165004433725706
007234225066231225123094000535051617
073025013213205184032103004434529606
200035249006202026106185182030002306
206157040179205203039119004433643606
122024159010064005155244118914990706
140065118193064005155209004434973606
097133087114231225123078000536441117
112081188215199137239073080684636706
082028192021122195111160371210044306
249070079099205211062029001230012317
204166140161138056076139639395102806
044025045054237042073105004435651206
075091210211237042073101115440008006
197243251072205180042131428146051906
143234090077244031075061000805315406
044085208115205185134074004434916606
223007030181237042073106004432901206
047090012158244001171123004435798606
042191082226205098235176403020143306
197109216211237042073094000806298406
127168149027202024007005070791623806
116078050118199153050205000000000050
047100253181116246215095004435599606
149042109042199224099045092120930917
134164178103237042073102425920008006
050020226070194115213095000000000001
096100124202194078242164167255064606
203165032226205249003119203842818017
044025045054237042073105004434388006
047160006137237042073104004431434406
245212074040202029005014516950002306
141183211149202024006208004435960106
047081091076237042073100000805776806
030211141018050065250195601830044506
139130167064016229044160590290008006
042204057159205249058157070085803017
076177102218131115182082004433778806
203203182041193241063241000533728317
062203153039207001012221004434924106
076084236255240235109034080792616406
237042065008237042073095000806259806
047184027215198192215127000800604406
105158221128205249051081312850645717
016195143015231225123076000531416717
062239118132050254094249004434937206
047028065165050251191236004435261406
129023133199207180012205000803130906
218225090099116246215086000806141906
070048059033205126037150000802629906
147014045182050062046165068865072017
237045176110122195111160379040044306
116247101164205211122156000000000001
030214172133199224155225004435373406
044063115227198247250047000805716106
127242060182194017237114004435886806
047081024140237042073101004433504006
044049124206205167107229004435014106
153158094246205185135041000000000001
047123147031212195089174093392770806
204150195115205200226114440182652406
243054081023231225123095000534631117
129090144220207001052096596603725106
223007030181237042073099004430555206
044063149241116246215084004434134206
231128055195194086004000579860548506
135238165201207180015003019355005806
062198036118064005155229004435983406
218225090026116246215086004434999606
073155112250252248203076004433631306
135084107064237042073094000800976006
086037090034073165059115585040044506
151198129011194043104159299360190017
237241138097198255186198000000000001
093208075149135079171130402630044506
092019103091192182045142005875332806
062240243228116246215084004434674506
092145053219194042197207469050002306
197209039117198192207082174830909006
042004248088073165107209641100044506
041187113012205166054175532815173517
140169199136116246215121004433306506
149158114208207008080174080005904306
152041050143205070215173000805938006
063164157161237042073106004433349406
147129093071050065196051472090044506
016215208159237042073092000804672406
097074131145194031039066544070338906
047027075235205219217206093390164506
112081000230202030214169000806440606
062202173206064005155156004433604306
124101052193135079171198004435377606
200095139228202030123205010000100017
228079231049207001130247080885013806
077066084055050065189162597120044506
129023133208207180012200000803070406
049121106231205112117059590312724917
047091149089215163102030004431953806
203014232089073165073040271710044506
140169207156116246215082004435209706
062213230033199224149005004436084606
063165027159205211056221004435816106
096036015073237042073103300251673806
218225236113116246215087004435101406
048213118196202024006243080013186206
105035244037202024007076000805404306
074230066174205194245135318323106806
075164198082244031072235004435653906
099192096187205032024180000800461906
085253102034244003007245589740899906
131184001166135079171057000534467017
016012080224237042073103004433605806
214151154206192182244113547342629417
141183211149202028183185004433362706
044087067000240235109042004435912906
213175201172205187184169004435990306
085120088187205098232228000804894306
096071051164193065103166570941153817
210056093042215007246013630766103917
109171118113192030105084261534541506
055243182008138146063209174995755517
044024132044050062034042004435302706
044001001217064005155158004436485606
141198255050064005155175000804557606
193253252150116246215223076200008006
113129216070202030157146470505006617
044005105069064005155209004434533806
064005149059064005155148000804113606
002136165169202024004050004430489806
131252030126205126033096300034980806
044004204212205066255054004436380406
035114038175207020021028398475032117
062226031247244038133045052236535106
194034142087205126033101320505618506
218225159107064005155201004434259206
139169064229116246215069004434008606
044071012131205148029021004432641206
070243078216205183114106000000000001
016188150148064005155149000804125806
097132228080231225123079000531430817
221147116036202030115131004435216406
075247165183116246215186460000148417
201200116189073165173102548630044506
213175202246240183035172004434547806
097161096059207001001127197895566617
016012080214237042073105004432668006
089071097250199169206186393440434306
197155091173202031146112004435605006
149042109042205250036141092122251717
131112111218116246215223652750008006
112081188215138146061224080685020506
104099184172207008083119524515508206
044004098210237042073107004433879406
213175201164199169014074052224499006
231148133128050120061111004432680206
085247036161135079171128000531345117
070243078107199137224223000803868106
044222002035116246215082004434273906
103207200019192030069093004656001806
101246139197202028171100225745948006
048166059156244157121127004434742906
047085193119198253196013041005830617
047169094069237042073103004436116006
044197193159244157132045004433087106
033228029059244157051047004433310006
241249055178231225123080000530984017
253102008178202028054162001235108717
125145081232205113207140000805984106
016012080221237042073094000802069806
139130188084016198230169570660044306
149158111124199169223195086074264806
044022050207205249063079004433967106
016012080227237042073105004432913606
218225091054064005155158004433489206
041150227118205183127220052223772306
047063067097192031161127004435045406
047050250254139010250152219680005317
047169083037194043186143000804968706
041144006215237042073104000803951006
047109173158237042073107004434980006
044022093045116246215084004436126206
044004213176237042073096004432328606
116246011049192182133196000805016906
244200139081202024006172004433398306
131208002254199137129214614565734417
021068197202199152014239004432268706
082095145021199137226177004456530006
119132120169192167239198004435980106
016012080215237042073095000801460006
237042093026237042073095000804677406
140169207164064005155210004435068906
044070218081207008188066004435600906
245098018073192182095140092100910017
231128055195050056118123579860547106
101045054042205212176228514133127617
248176087033199204078097000803179806
121158037095202030214075000805622606
218225236133116246215087004435814406
016012080208237042073103004434185406
131143133229231225123078000532145517
218225091111231225123081000536081717
137115247128073165172230575140044506
124013017000205250012187002575766506
016062075098199169218165000000000001
044025046023251100165037004435170906
047160056016205166055157004433573706
070243079058207000084153000804225506
208178091070205071137155170005123806
030054086185207180015129593800467206
008069239058205218245002000804304606
047081091076237042073098000804024806
159090019123198253223066025960002206
127011203097202029111184611100899906
239213051223244248024143052223586206
149042099141192167233144092171879817
036218200065199153063118638740002206
210001151253215019012178031013576606
050084201090215177242138310106101806
107036131236205180094121315485883817
044071014048212197208080004435017506
016195143024231225123080000531603817
044003127078237042073102004432989006
214132231229199171104072604751696706
105052191118199168152210068815606606
122199012173192182090031537371250017
016242056115231225123076000530314217
136227068188192166170139520790002206
047030081231231225123090000531930317
016043106077205127113010004430276306
047048139123199152003052004432711306
243054237144192029095209000802836906
044068054122237042073104004431056806
016012080204237042073093004431311406
062192133148205066252101000805571206
200222118166138152125077000804539806
064004253061205184043229000532306817
044059225079212230061061004434465106
044011084029205212236045004434062206
044222229251192022161089004435095506
073167152219193065059029004435037806
087062132235202024016049004435924806
218225090003116246215071004436171306
106113023089212230042123089990267006
047100097008237042073100004435324206
047188030114199168153189000805062306
136161204229199177255044000000000001
112126014084244031127021402743168117
075110136223202024016099000805125706
008072209240193065057150004435453806
146107156171199136085117004435767406
136078076150050123082085005874307506
196115057079064005155189004433778306
047122151167199208059180093394896106
135243074253198241176161000536081617
047124049093198253201122093391888817
034120099239231225123073000531510617
075091210221237042073099000801426806
148019247237215177242010000804376006
047123206230205216103188004430214006
213179055102205139035230004435100406
008107007128199177087063000800187706
127254177245135079171064000535268317
044202153201116246215084004435359206
050069129157139093083089160001188506
128087134165207001051113005873718506
237042124169237042073103102800008006
030223057076215004018234468955303906
243054081014231225123092000530502417
044002237020237042073096004435004406
237042071039237042073104000805964006
114197120074205180014195498196084317
078026223186073165069157546300044506
124142109083192182039010000255733406
058106069118240183048239428315799217
062209187217064005155235004434688406
075249164094064005155150000805881806
062199040202116246215073000803687506
047187080168205166041203004435888506
141183211149050253170234004434719506
134164179074237042073102025152385206
055248037127202118049018072396381717
113134010198193065013138000222810206
239213060012215005009103052224365406
044008134097199224149108004434991106
141236059174207180012223000532343217
197143138162215027203182004435104306
098161094186138056035229004435383406
146023035176192029061133000535701506
080210158217131115180169000000000001
244014070053205166043078000804935506
210063201185244029212064097680211106
047006147026215018247008004433323706
195211208244139180038212116444120617
047011074112237042073106004433509606
131192122228237042073099004434282006
208181140212135079171145000800998206
044001001217064005155180004435815706
195120095083139180034162315193327617
194112240001244038133045109995440906
202017083254205239079024050600522817
021084065136116246215058004433745406
140065118211064005155245000804759906
130149123147193065055170000805843306
044090247254199168152210004433091506
041147021228251190083166004433686206
228209028055244020056236320050793206
231120120239135079171142004436467606
022209154171194102245111004435100006
044068123008237042073106004432002206
245255100108199169020022324746517606
047024005201231225123095000532302717
238204232120215106210138000805100706
092109122148199153102059582166290506
231148132001202030053248000803902606
228079246032193224216200000805046306
062239037003240235108136081025596317
096029186242205239062103514550008006
134134130232237042073100044430875006
130150037145231225123072000534402017
194171164131202031058247113812208317
202217215109199204075102000000000001
075205198026064005155229004435020106
119132120169215019149194000805677906
148019225205135079171145000805979506
131192122228237042073107004433371606
135238185058199153098096084280945706
152041050142202028122124004435113606
202217215110016228012214524580874306
224115019253212030157184004434926406
047091152180205236085008004435159506
195186026219199152010030194812670717
055248064115073165065153610630044506
131174243014205218156117004435468406
044005128105212030093185004430216506
047190204168192167239213094435601906
244200030051244001199058000803082206
047081091076237042073094000806414206
016012080215237042073100004430321606
231128055195199192047126579860549506
129209039034205239062061386350688117
016012080209237042073101004431397606
116247053099116246215074000804074206
047186036067139005145045000802645606
137115247128073165172230574620044506
044000133249237042073107004434671206
097132228080231225123081000534855617
138054185205199152014239263745211406
213176048148244038192216052224840606
223010192226192022160221000800200006
239213060020050121196221052223538306
148097151140205139035162004435916006
016036124160116246215122000805186006
231148130149244248167053004432209706
030013000029215027088065203860102517
112149139102050065250156650010044506
072203041155202029230119493613181217
148019074125205200149026050562873417
092240024132139218240252000835089306
223208143086212195084205000804605906
016173094072207001010061000800744706
213184192003244205138223052224719406
123213212000205219152018581594241706
153053194191199220222064034780506017
201162253160202118117009564314381006
115137028200205032022208004435886906
237241146012202024006198004433863206
044031085088231225123074000536136117
044026181255237042073104004432393606
131151065185231225123091000534965617
062193079063194038094054004434080106
062247001038244022242180004432669706
062200062195205239062137004435028306
047043088042199221127024004432657806
125209088008244003249185000804206806
073137195000193065070237000255056506
248199019127139218241018000803305906
044209253041194207240029004432800606
127249137006139010250131388150008006
197005172201205213165084000805125406
008074003156207180012223000802819006
044003159019237042073099004432649206
085128109071050065212196612900044506
047024011189231225123078000532145617
044066082252231225123092000535580017
147145124223244158005053117796394917
063165076061194017229141090010195406
223007030179212194146034004435327306
047063002019116246215076004436534906
204131091134192182190021600385875117
013025156105202024006095052233243306
159083185135198247233209455810143306
070114204038194017239253641980038917
123188126243215176001128004433975206
213179055076215177243203004432641606
075175032149139010250151489040005317
213175202237205218008153004434245806
218225090131116246215009480690008006
126123079237215018247066103360105817
133149011022215167248173000000000001
044039016193207001175253004435461106
050050071136215019203029004435864206
074227102167205126137105246390102417
204098111087212196220006000805402406
016012080207237042073093000804054606
021120126059205098234026004435984706
102157052106199223127128619985343306
213179055012138091018165004432642306
070076154193050065172192630890044506
141236062243231225123075000534374117
021091198024116246215070004434797806
213179055026205187184169052223295306
073131087147205212176012070203132406
136053123146215162120168000802411606
141236059120231225123080000531937117
223007030181237042073106004431138406
042159217067016229039023000000000001
044005045070205138232078004430217306
044092157071198247249099004435863306
105039220188116246215077004435540606
058030114184050065138174128910044506
201105071131207183019127532021026317
123188123208139061080090004434980006
044085208043205211055142000802729906
062239083139231225123073000533270717
100247146074199208159124622402685117
128041247063205250244096329851772006
253102008178199208155058001230012317
047170185117237042073098000805780806
226025208254198193176034004010238106
073024239137135079171175004430798906
235199117218215019233006543600141006
047081116200237042073099004430902606
070031196021205137109201000000000001
008075075159212194146194004435270506
097133087114231225123078000534760317
223239026122251215234030004436478006
223007030181237042073102004433544406
202217215109215167023254572756550006
243054081014231225123078000530894417
130004046201205180042242000255308906
219247235082202029092231587190044506
146119207091205251200174058921216117
139044150245231225123090000531102317
062241111231199224155225004433944506
146175085089231225123092000531480017
047124229112138152125013081144983606
062197166154205066253105004434415806
070032085113207180014131588150002206
123188126157251073188098000806342006
203007064192122195111160494120044306
044076240147202024017068000804514206
044004081143237042073096030003538606
062204109093205126033114055042645117
067016109185205203003077125030230717
150135044220231225123091000533373617
118122079027207001170180000801101806
030193143156205098028006399255839806
047110160103237042073100004433862206
153071177227205184041237004430434906
016003076165199137226238650345174017
048181080144205184036060004435807006
044084080228138091022105004435229706
131134146233199171109016001234980417
113168085078138152126050625334464117
213187202240207183081160004436056406
103240064219135079171175004434619906
237042094173237042073093119680008006
076084179115192132095119080645884206
146205042165073165090103507820044506
213176048070205166055177004433655506
096164133140205249005184404912653506
066139251019205212182178004436392406
047084229098237042073094000802872606
063165192199205239062060004433989006
156178224208244157135082396440044306
203118228174139180034162012913327617
044004247143237042073097004434555806
124145217000116246215122004433923006
239213051201205187186221052223929706
002002132177202028153005004434940506
106178002000073165173146178080044506
073155098048205200147122004435357006
135231061242138030200045000534646717
047050148084198254091153093395028706
100132063078202029111092248961237117
044084123071205166014156004434989206
110124032045193065093237000233660006
096255211002205098237031573760002306
244200066045205113245002040013079306
253102008178202029238232001233807817
238063074219192166172015496360002206
030015093018198255186198000000000001
070243079058205098029246004434432706
148067222062198255177005000000000001
035014188071116247217067424130148417
044086236048244029212098004435357606
097133082094231225123074000533072117
130150039223139136059148000531980217
047124210247212202218061093392745317
111025115063073165228201548720044506
213173027164251190083176004434929006
088046033246205126137116411824070217
208191209134215163115082004433555506
116069050207205185134095004435110506
015074139018215255161089576300044506
044086180032244248213082004434595506
088046044129138152125013086093937906
140169207157116246215085004433714406
073155112248207022025144004433363706
206240090103205213189137653420005317
196092076116116246215069000803927706
152148099157198255165130000804928706
239213224185205139035178004435198906
072011004178194041038014000533328217
041144094252199171096226004435123706
213173038228215255217103052225622606
044048002021116246215120004436446806
067027119026202031155250591005702117
213175195099244248167037004433957206
202217215109192182171016000000000001
044048102158205187184009004434035006
200113022216199224099045000943300906
218225236115116246215092004435808606
047100122012237042073092004431103006
116255059115205180095124000804630506
016215208159237042073093000801853806
135150210006139143180006496862458306
062241058019116246215082004435447306
047100122012237042073105004432177606
206163133099139005148195581160312806
047185187116116246215076000805225206
204159155098202030153143517415003417
218225090010116246215071004435764906
226154177240192029092193004435467806
152045085091215007237074000802700806
225244240222202030014153538020688117
238063074219192166174023556740002206
044003153154135079171185004435363806
210185181215205167059219627163150606
033218037005016048144184000000000001
201211242019205203254095001232655517
140075193213215161047173000804829806
084193216035205180043178000254702106
245251025053192182090041521295123417
139044150245231225123073000530823017
021120126061207022028249004434996606
099141102193064005155229004433410106
042204053160215007141088070062988306
047011160052237042073101004434493406
135079087194192182128053513724662217
197155091173202029070006000805043706
062196185181199153039042004434042106
021068196218205212231155004435923606
044034154101135079171194000803205806
047169175164237042073107004433430006
238041087217202118049018000805755606
058091080232205251200212000805018306
149016100024251190163190099995134806
058038025068215106210142180404565906
098009043062205211045105630841237017
105179240216212195127017415192353317
050075028226202030000177081014733106
155003119032073165228083642580044506
141236059198231225123073000532720617
213175202203244205227176004434007506
111092046218251100096119508241046817
075067180034205184032153080650394006
218225090024064005155132000804877006
016146204198240183049078405830005317
213173027169215161113229052224873306
197209039117192029094254120423425406
042006246203202031009165494600044506
194129081202205216063244552215942017
201204164013073165080121606960044506
044218054017202024007111052233973106
141236063033231225123075000535228517
044026121187237042073105004435215206
062196119218064005155209004435008406
047021126133202024016124004431260606
202217215109199169020178000000000001
146107156190251215148189004430217006
136179236147131026013049588800044506
213175201180138091022070052222723906
125109124165231225123076000533573617
047160006137237042073094004432544806
044201196116064005155228004436443306
224134233062199170233054004430217006
062196202122199137229237004435484606
021120126064244003240037004430281606
141236063131231225123072000534934117
016012080195237042073100000802935606
140065118193064005155245004436070906
253102008178212195005150001233627317
063160173157138152126109090014979606
106114206046207009053128257530102517
047027134071205139035089320992189917
204139039202192182190021497995118106
021068196220205218074045004435097506
044011025147205098227244088915502906
223007030181237042073098004431243406
110143032145131115011249068810107217
030214173011244003024022000805053306
127198228142205251207058155000589206
030193143156199169195156399255621406
112175015026205180139069298884447917
103239114219073165054216651820044506
070032087159244001168235576310002206
197036037114205184035163531384584606
131091107064215004019210033895284206
098161121119198247244070004435414506
050067189144199221119165004435992506
062204039108251100167078004916515306
237042071026237042073105000803310606
204098175224198254091149000806051506
101160237152192182003185456130190017
245026247014202028159081225495077317
213175253241199169023166052224113706
092089241049050065143040494350044506
135240062190244003025248000805372906
245098099152202118168048367580044306
130004046201205183043105000255945906
149042099213050122165250092120930917
047011147105135079171198004432767106
080074139101205250088182000801947806
152001058190199204089153004433945006
044218255108207008085066000804126806
223014026205192182225226000804988106
109253139158199168233018637026372217
044084085165199171104084000805795406
047160161102116246215084004435810506
091185071162050123203243535770005317
097132228080231225123075000534230117
192044165083050253169183564071277217
101089233063231225123075000530839617
148068184009205212176179000805044206
044026181255237042073103004435444006
016012080215237042073103000804371006
131134146233205166254135001235878617
069095020254244003006174129282222617
041150227113244212229149004433450106
135214115124192182225155004435510206
113175002229205216067105188890515106
135214201054202031011033000805088406
022246087050205239062133364720167117
016012080221237042073099004434175206
137181043113050123171147000800185306
030015080208198255186198000000000001
231148132180202024017104000802829106
072011141162231225123077000535542217
197155091172205216066128004434973606
082028253242122195111160581220044306
159224147250199224099045135261342017
076177099131215177242187004432711206
044037017006116246215084004435810706
105085055039202029097007089995139206
113105108002202030125124321785094817
073026236212205213185043399114425617
214227019155212030093185010682385617
015068141022205218157155000000000017
062226033196205195115254004434501906
119128008123207020253129004434962606
034022095026199224148155000000000001
016012080215237042073096000803087806
237042067029237042073107004430459806
133039215180199137227018579451470117
070056144158073165108016540930044506
050084201018205200027043183585733106
016012080204237042073103000801373406
070226113045050065214113623620044506
119132120173199136085074004435117106
119132120173192135137038004433222406
206240162235202024005049059384070306
062244014101198193189013004433873606
239170051080207020027127270325830217
110047228114205098029246359832673617
016010006050207180013123000804992206
085120088187192132094029000802949606
062206113067116246215074004434179306
034126072091231225123092000536490717
098180223082244067209210559282727406
200198108252192029095216000805734306
101133235129194043112137543575032117
114243080029116247217215000000000001
044197000222205239062133000803306806
070243078228194031045116000805018506
131003246171202024004016004436074106
044198042223199208059180000803936206
141218041217215027046007004435615506
140169199206064005155134004434054906
076177103213205251202106052225060606
044027167065064005155229004433280606
062197044212251100143082004435113906
016242056115231225123095000532423417
134194243110139212117182000805955206
237241138099198255186198000000000001
044001001217064005155183004434293406
213129084104198209155185093335241406
042204059170138145209075060080120417
155038086121199208157163000800229906
127168149027139212113121070765278506
058106064160212195128205459111945717
073024239137135079171198004435203206
245098108001205211114203527170808006
218225159021064005155101004435515906
044002173140116246215079004433309006
075227179136064005155066633380148517
050074105080205166058221004435417106
196093065108231225123073000531065717
044022119044139219139131004435486206
084078124245194043181019405762274117
231120103013135079171167004434874606
122172252228205249006070394700002306
062252153120135079171145004433104606
133213213025199169006052293441971706
140066161130116246215120004435061906
196092076183116246215069004435206106
237042067025237042073094000802119606
025001235210050065234208142550044506
044222197038205236227163004431046606
100208217209231225123079000531715617
044026234095237042073106004433401806
062236022167215013082001081120102617
016192217204205211056196004436060906
044048051090240235109089004433669106
116247129036064005155202004433324306
041147008066205055130065004435321906
063146242183237042073093004435364606
218225090096116246215086004433843606
047108023234237042073097004431216206
041166069096198255189126080802839806
213173038253212227179051004435264806
203203183253231225123090000530599317
063174217017135079171185004432069406
249200183052202029108008511131050617
050021131056073165091085505510044506
104103207151215162057070333680809206
044072217189199208058023004434945306
223003018222199192040165080251459106
063162073039205167107229004435482906
008075075157194114063138004435229306
044222084102205203002023004435318206
047105090009202024016156000805365406
135223052021138152125101000805131006
238063122043194017014053320050423906
206112172158073165173244491700044506
064004255129231225123092000531675517
131134146233199223116091001232642417
097081247145194207240002012770936117
237042071037237042073093089420044306
073155112248205151253184004434356806
197043153093237042073099004434279406
079121155114198231054184371390002306
229019245217050065214159150890044506
016241030206116246215071520420905006
044060228076248200252010000805719806
210032087170207020023124298425749006
062253045105212196233107093394451806
047048122229199137227175081120266606
073024218079205164190029004432632206
044050252093205194245019004433279206
085155223018131026048053535280044506
135243069231194115204179004435833706
151165171178205180067172104435118106
044000024175237042073095004435405206
076177103199138091022070004433786006
106047073215251190082009012740008106
237042071034237042073097004435042006
113106077174198229188113000000000001
016002248216205071033135004434098817
130150037145231225123091000534752817
127198184157199177248203068812981917
238063117015050123054018000225232006
223039022069199168153189000805062206
127242060191205251205198004430609006
131190122252139143018199004430476606
131003246189207000068162004432672006
036096038148244212050141528144434706
254063207072064005155202004435867406
213176048036207183082085004435885606
070243078245202024006224000804575706
223007030181237042073102004435297206
218225246219116246215084004434682506
113125180134205167059219357583150606
231151038254138071020237000532958517
122199012137192182090031004431235506
007157222011202031167039103766213817
196085110087202030118165485775806817
239213054073215255217054052224471206
143170204072232199022016573840812906
249158180126116246215084004433853706
122028053057135079171142000803457006
104099114157205200149026578272668017
033038140170116246215076000803409706
042204053233194031040163070061204106
102059160034194041038066219332788606
021114183009050062034042004435075106
073027151207237042073106004431713406
016012080230237042073097000804599806
027242027206199169197049569492834417
223007030181237042073098004434211806
047100103091205195126032004435635906
073165031207193065050114004456405906
204072000087073165090103095960044506
218225090096116246215086004435140506
148092180062198241160234027033955006
196063103229205211030012617580002306
141236058228231225123077000534615917
218225237063116246215092004436427806
096013168127139130006120301753594117
047011124007237042073105000805024806
131235023025207180012201004433088406
044201195042064005155209004434346806
127168149027193065057253070762243206
050022028202138145226009413360008106
130150037145231225123090000535414617
213175202236139143183086004435176606
243054196137050121229061000802647506
072011141011231225123091000533090117
106046019090205187188205361735160506
063175189236064005155229004434817406
113175002229205216067105089750534406
250025126186231225123095000535401617
076083247096205239062137000804605906
036212210195205184075026403230143306
104099184172207008083119416715508217
048167194088050062046170000805065506
130231216086231225123073000535162017
070220207039073165110142631110044506
016012080205237042073093000802231606
057184217042198033102206001616409806
130150037145231225123072000530526717
016036124160116246215122004434718106
076084179115215006143189080025249406
136227068188192166174066371680002206
208191037246205187184146004432674606
231148132048202024017101000801551306
213187194117205139035217004433448806
210032087170207020023124298425749106
141236062080231225123091000532699917
057184217041198032099094001610481206
112192134025244038134106093062671017
206157040181244248213085004435016206
198140002120116246215053020550008006
254216107121205250008064150055636617
016249028068116246215029000803903406
030147110250212195125025465654213017
211210184133251196145117193424945506
134052166188116246215069004435322806
116069050213207023228249004435143706
096253233186205113207089587670108006
131000232124198247235245080383724906
140169207146116246215085004435480506
249158180126116246215076004435161906
044025010021237042073098004432371206
044006226094237042073103004430986206
021098062008064005155218004435716806
135059203176205250241053004434311206
007205140181073165107148155020044506
125020145082064005155139000806386506
116210145056251224117111642012727706
062240131222240235109085004435634406
087009063064073165069035558910044506
044038105216251100143073004435285206
196092076108116246215082004433769406
214009136204073165034135572390044506
127107225023231225123095000531943317
101251047200050062034042364791489217
078060110103194078248007500004293917
133212244082207001001127195975566517
202217215109192182087233572750622006
044001121174205219216058004432914506
047032016048237042073103004435014606
027124036151244031072231239150245617
048227156128016230172219000000000001
050086190228193065079005009936255106
097133087114231225123094000534838317
104159023117194031046221605710002306
044003062111237042073098004435435806
152244038122215177154217000534071617
197147135219050065214058039750044506
140169207035064005155100000803488106
016012080208237042073098004430810806
108045255071073165073048146610044506
196115250174116246215085004433948906
044201137132205032022099000805374806
223007030181237042073094004435556406
223044129146205167207100151530363117
208191005023244248213082320990308017
218225091066231225123078000535533017
153071177226205098232213004435054506
021120125180205071047193004433450906
076177099152205055205002004435335406
206163132008199208158213463361338906
195001104177138091022105124414844917
124045100187251224253098385993344217
146100211220199224102173032073672506
149042099213205098029149092120930917
146017019058231225123094000531599517
197143138162205184070138004434931806
050075028226202030065129081015095906
214011013152212230182115000000000001
131184001166207180188197000535480317
030200018248199153054042408630103317
224027069248192182089054000000000001
204167201240192182190021639755129306
135214201041251224032197004436509406
127168149027193065102214070795577406
097072198083050065216046546520044506
044009043062199177255043004430449806
044025188102212195071082350403317006
124016192062205126032106004430357306
141236062066231225123094000534894617
012130128091116246215122000803517606
047101246214237042073093004430223606
129223248179073165104057590140044506
047081231144237042073095004431341006
047048064110244158083125093392659917
097133087114231225123073000530629317
149158096184199177247124061035360606
073167155200202024005004004430497206
044007060143237042073095004435583806
243054009047231225123081000531227117
100202253159205180041056005874540906
197042128219205113207089000254653306
058001025045240063113243059385089206
124101052208135079171175004433912606
044002114207237042073103004431427606
253102008178199223101181001234755717
213179055105131115009082052223714406
155006161090198033153006553060002306
197155091173192182069221004435188606
044007208032237042073105004434758806
047050214090198254094250093396086806
066208229043199168152210068815607406
151198129011194039043140559100190017
192249250207205066063145080005273306
208070209181205217181119052224227606
109153002177199169195224000805533006
075091212233237042073097000801219606
016242056115231225123078000530479917
127058185187215007246013004434957706
062194005081199152008217000806250006
038060038083231225123072000534682717
070243079058215161115154000805848106
034120101218231225123072000530974617
047028172081244248140102004433442806
047081219017237042073093004433238006
047011207221205126037147093395509206
044007208032237042073101004430303406
134134130249237042073094004436017406
034072060203139010250152305180005317
239073144078199169214136459025223617
030054086185207180015129593270467806
044084080082244003240018004430317406
058122177137050123066195253482784517
124210138237050123066175000801440706
044202153201116246215093004435201706
197055112119199223125034004435608506
137162033106199224156064647060044506
047090055130138152152245004432723506
140065118211064005155209000805442206
243054081006231225123077000535814117
048167030099199153110243080002644417
062200006067199171206037004435267906
197155091173199208048165004435037806
044222003250207001132217000806317106
059170004189244029085041000000000001
044025052213237042073103004436099406
047123062044215006174101004436090606
140180095017237042073103004433498606
016213199235205236224069004431519706
058221091165073165073094639730044506
073165225141135079171145009996022406
113108065034205032024094147081444317
047044186191116246215068004435360906
057184217039199177253008001615109206
096009220211073165080151572040044506
129023133224240063113226000803101106
016003076058199169207056650814296817
062244014101205200149026004435605706
204002017218240183005225463501932206
047034042226198192214053000802160006
044026181255237042073097004431590206
208018041176244031075061017502918006
062195100056215162049027004435963506
237042083118237042073097276560008006
062241072171207001009042004435535506
047119010121138152125152077574012317
113137189105251224088150000805282406
062210003021205236083237004435873106
042204052222131115160236070083559617
044003062111237042073099004434260806
134164179107237042073106025150769606
062196033115237042073095004435584806
133093012081073165104138565990044506
197086015014199152001111431301121117
044027170124237042073100004431196806
210030017043050120061052000805175306
077052056046073165107036568960044506
044055140125244038192200000802659206
048162041082240063114060419300008006
197109216211237042073104000803827606
070231208180237042073092004434267006
152230248083199204116180368233969206
044039016193138091022109004435874406
233134163196205211002045004456182506
021120125252215167114013004432764406
214030178107202031028194422784947517
073027006102237042073093004435632406
033239237031205200226118004435191806
223010192237205211057180000804963106
213176048195205055204206052224388306
075091211157237042073099458180008006
213175201160205216060033052224527506
213173038228050123203053000800164906
047229075188198240074216020956049906
070122052217240063103185493675239417
131190122249139143018199004432019406
062204103006244001198242000802642806
013217130149116246215084004434086106
034080172094205219155050355310002206
016147137151212194146194000805291306
149140053084194017228041118915681606
201199137134131026048006505560044506
111024135041205098232173434453500717
237241138205198255186198000000000001
047081007197050248122032004434959206
124101052201135079171175004431814406
198140021186116246215223531330008006
116069050236199169223188004430203106
064005214194202030142030034785796717
047049128106050121196096093393998217
133088211250215167248091221113425317
243054190091050123066169004433213906
131205136068244212048047400932392317
044025010021237042073105004436196006
253102008178205033028191001234215617
075091223112237042073094147020008006
197061129192207001010036092120930917
055233073161237042073094004430984206
047031062155016233091077000000000001
047111034169244089081097004434835406
076177102205192132094124004433609406
016012080235237042073099004431924006
130150037145231225123077000531949517
141236062224231225123081000532795117
036084188012050122231189093056306217
036218200065199153059058644460002206
007234225066231225123079000534517517
062249162095199224108029000802709006
112072097204215163006231588055140006
136128124208231225123091000531927017
044048048150205219221186004433976906
202217215109244205137062000000000001
044010220045205055128253004435180706
050075028226202029150245081013723306
218225091067231225123073000534210617
196177112166205200247117004435162206
044073153203199208058157004432848106
073024200079205126032164004434027006
197210006237205217247190603220775117
223007030181237042073105004434322606
197030217108205213166047004432972606
096036045253199177255182004433004806
230123000233122195111112336665341317
076177099152199169012057004436016406
044027170124237042073101004433746006
133212233193205216101234389083730917
073024239137135079171128004432073706
044027170124237042073097004432606006
245098111007194038015108430040011006
044024248059237042073093004435300806
044027169085199171103066430002055006
124101052204135079171205004431652506
016012080194237042073094000801584006
111025021171215013074026000000000001
070233106183212195004146000805119106
076177103241244205139083052224993906
131190120054139143018199004431246806
208191042093139143182114004432691406
147204099018199152001250281840044317
206043103120050065214165585530044506
159032020144199169194038366290008006
250015233035212030198157641854904217
197090112162135079171071004434362006
096189040013205203024040000000000001
109011019038139093087072000806332606
197016034093205249050072004432709206
096189075094192167123050000805154806
047081124095237042073099004433356206
202217215109251108086176000000000001
034108120122192029092226132210808006
044008055076050123212054004436542606
059166090096193065033125585132727817
086046009029231225123080000533911717
244014071021205211055039004430125406
057184217039198241203019001610964006
131134146233202031048004001233844517
072011211057231225123076000530144617
047124190046212232088229093394231906
199114153229192182145001477833861817
081232184175199152004166615390002306
047168103175237042073099004432712206
129085214244202024017171000800427506
218225091067231225123073000532475717
253102008178215019012018001230012317
238041160001194038093069000234082717
206089105192240235109082620420718517
047113011130199153110232000000000001
047109173158237042073095004433018806
075222131172207001165075000805026306
044000024175237042073098004435058406
076071154006193241061248514133373417
044060234054116246215070000805524906
237042065010237042073099000803207606
247003065126215018244002004433680906
213176048167192132000213004435773006
027025155097194078255077030740108917
058249250175244089103186505884869106
237042090148237042073101375980008006
240083011053192182010251005873534006
062211036216199224102123004432736006
131003249210198231050078019355130806
159089146105192029092226528450808006
030214172136251100166226000806205806
103119020079194017228064000224004406
067005177240202029101215415131924406
153173169042193065012186059386265506
092016236025207183151219189880102817
030015072101198255186198000000000001
231148132148199169020018004434075006
117021037058199137226180515066533317
007166214248073165080063633600044506
134164179107237042073093025151838606
196085001142202030099010482584147717
210008183066251215113218000803745406
114193154080199153100146089995639117
070243079033202024017128000804701606
114116225204199224155077080005317106
002187040142193065050214266050012317
134009127030244205131221000531351117
114072111023212195130004591090102517
147149163253202030148148485044111617
133241130145207001052096005875175606
112155112163192182222155514742360306
044085125112205219222015004432684606
062208148094212230037228004435029506
210061166235215177154198004432690117
047038218199205126037146093395220506
069207012169240063113219404670008006
196054151048116246215095004433419506
008074003010244157132105004435625406
034080172090194207242189193010002206
005041143245194078242164293575064617
070046240237131026013007551940044506
044005076192237042073107004435793006
042188210108199169194038488320008006
223007030182192135130186004431230706
153039112164199153100107199926493306
245209093137199224155125010600338906
013217229131198222247223004432694406
073155112254215022058137004434011106
044018130122205216204009004435839506
200016013142202031125087000000000001
134194243086202024005206019350596206
213187251106116246215087004433738806
041145188037205218012216004434613706
047108205142199208048165004433945306
140065118211064005155209004435530806
203024230185205113240244265083913217
213176048080202167001099052223791706
013192054024205126137101004432739506
003157072042194078242090000805213606
241010201254215162057047572560044206
131000224000205032022207004432673506
141236059150199153055033000536551817
072011211062231225123079000532147417
041147041232205098232174004430875806
122013122213205032022196004434141006
097132228080231225123077000535799917
022194084231207001129233004430116606
218225236172064005155132004434102706
233039253210202025004145122530002306
070241200187073165173164593890044506
062208108038212195071102004434934906
238063074219192166172044460980002206
129182250114205251204062001233962217
083183167009050065143130588180044506
245209093137199224155125400150338906
242022111026215106210142618234399906
047034197008205138232167004431061006
047081091076237042073100000805787406
135084107064237042073107000801278006
152123066242198209159144004436103006
034126072091207022024153000532049717
206240165030194115211034059384941806
062205196134237042073099004435679206
213176048120251190082084052224416506
113168103073251224005137610855739017
104060232192194078209043485253592817
231148133117202029179246000803996306
134164179106237042073102025154248206
062255147126215177177082004435880406
134014053126231225123094000533522117
016012080234237042073106004436490406
062200101139237042073097000802110406
044002014134237042073100004434454006
044001178208237042073095004436217206
218225090096116246215086004434024706
149158111218198193183080093755861806
147138176092244038133045312295703206
119132120164207001003110004434907806
125145081235251224032197000805907606
016012080216237042073102004432900606
047160184017237042073093004431740006
075091213020237042073107637900008006
127235039146192030039021004435065906
195068237199215176008130140322601917
097133082094231225123081000530841917
130117032109202167076184473830103817
223007030181237042073095004431805006
134134130182237042073100004435431206
223007030181237042073097004436266006
047049248166138152126074093393800506
073025113049205236253109000803541106
218225197239116246215095000804136406
241205009070207001000033099872868717
197143138162212195130156004435756106
047081091076237042073096000800953206
149042099141205098234035092173689817
044008023169205126032236004434489806
044004063177064005155229004433586306
237042071048237042073101000803665606
044005151003064005155219004433735206
210030029151199135038173004430485306
153158094244205185135041004455088606
057104127189251196144199385440038917
141236059229237042073107000530980517
044071110093202024017112004434445506
251000212192244031072112310975943317
062243245159199171111039004432671706
062251242246237042073124001795216806
136053113034202030131027080004915217
016012094096237042073094081801041606
016012080232237042073099004435847206
207056112047199153103206103253612817
129090163053240063113242550915032117
237042071031237042073102004431081206
112081189113205032251041001234058117
073027099015237042073092004430601606
062207193048215163115082531845658506
103119018204194017228064000225499906
053124210025212171149168000224299806
096019190018139061080218362813492217
047049233002205138232074093393602606
200162251249205180066111438722968017
016012080219237042073101000805578206
047062092060205199055081004434930706
016215051108199171102217004434146806
007234225066231225123076000535939117
070243078161199152015185004432175506
016012080210237042073095004433404806
135238162118244158004033093325222306
122013121166205126172227004432627306
196055183065198254094122039994365317
075062146152138030253018024260242617
053197085041073165064111548580044506
047033050175198231053138004434982206
140066161130064005155235004435229806
159098228134205200027178165675969917
113175002229205216067105640860533406
062192133148199171101250000800181106
105084197046073165064125520600044506
105043255104237042073107000805505606
141236063131231225123091000530402517
075091223096237042073102221520044306
085247226186199170237173004434017206
203014232089073165073041270620044506
074224003220202029212020130884539817
119046101194202031017153099986059806
036114198175205200173191485514105617
022194213104116246215076004435750106
105217238162199137234143101530337017
223003074104202024006245004435787206
016242056115231225123074000532332717
124050093148198255177226000805638706
044222229251192022161089004435095706
016195143025231225123090000536463317
223007030181237042073100004432459206
146075041056252248203194068803506017
062255178105135079171002004455637206
201167234122122195111160503290044306
087150060126139218240252533830808006
208191007231212197032126004433914506
138140241181205151251253139035012317
047110243013198231048022004435215106
141236059084231225123091000536300317
062255088134192022173170000805941606
013025113236202024016250000803868006
062194119127212230042124004430552006
196043026097231225123095000532563017
047169094069237042073104004431849206
212235206238199204099112000803791006
016195143026231225123094000535298117
086038140086202024016004068816426706
136139152017205183043139005873676506
238063074219192166174039475780002206
048167237066202024006061000805052906
131134146233207001008080001233867217
044085129200205112188198004434898406
202217215109192182038088572750455506
124045222037215007207021177715987717
196014049172231225123072000534108217
119132120168205071022075004435127906
153037090204205211047074004435618006
223007030181237042073094004433593006
226102049193135079171063324400044306
213179055074131115011170052225409306
044220090129215163112221004432760306
152227208237198033143247606450008006
070243078240212171014178000803773306
140066161130116246215120004434371106
070108235104205164116190562311257417
131210219147192029095208000805290606
034005229195194017228117603460593917
135211169114205113246157000804098206
223042065162139093087064005873893106
044001110112237042073095004434412406
063150146075064005155209004434422106
119034060159215162059127566400044306
218225236112064005155134000805919206
153137241255205184032205004430329706
030135024087207012138117177316460617
127030195130199204064106024420062617
049152098252131115224148258256050117
236146136233194078195129004435159006
044049244088116246215095004436317206
103119028229194017230118600812099506
092145250182202029204240586110002306
147020069187073165081226600840044506
047091075213199171099206093395781717
047081033034199169002109004436412906
131112111218116246215223652670008006
016212159216199224099094004433672006
136227068188192166170001416860002206
003144072198139093084117004431186506
130150037145231225123080000533762717
130150037145231225123077000536122617
035097058004251073188066396884611417
132221134173073165109130064160044506
105137084201251224004199000804044106
070105211136073165064014642150044506
129201017066073165059156623580044506
140065118193064005155209000803544606
140158138203116246215087004434408006
070220086164244001171032100343732117
057184217043205164191042001610633806
235253029046135079171107629810044506
200124200090192182193067502770012317
228079231241205199050005001824916906
133244228129193065033125320052727817
097132228080231225123079000535138017
097136093150073165172121529560044506
047034001137205216060231000000000001
237241143102198255186198000000000001
098143045216205212179110000802533106
033171121036116246215058118915893906
194013211235244038134107050600506017
111234250192131115160069004433480806
237042084192237042073105340240044306
152148105234205211029097086425115706
248199055200202024007126000804443606
103252225164073165228025649010044306
044068041155237042073107004434878806
062198036118064005155209004435650706
076177103213212227179141052225702806
114091155095202031047150004435257106
149147074146131115160074001230288117
062245204133237042073093004434055406
153036116167050065212073110120044506
197209039117205199060198129900900006
044206000003199208048165004435012606
016010006050192029087017000803287606
044026234095237042073096004430389006
066227116232050122062058484815749617
044068063152237042073097004436179206
103245145014205184078118583745787417
127035083139116246215093004435579006
207083067018016230164044277080044306
016149088219207183082085000805137406
125020145082064005155228000803975106
206157040178192022160173004432715906
044022111157050121087038004434700906
076122139087207009053128395400102617
200222118162205151251253000805247706
035163208235240183147064022225375206
016012080222237042073097004433650406
047039014191205184032163093393429606
044038105216251073161118004436264006
062245131227244212229087004432625606
148067222062215007246013000535113317
053153114033199169214054442052470617
197193212019050065172060495740044506
146017173237202024005070492506520417
072115128190202029214164267263781817
101188009126202030158085019504971506
044203029060205217245206004433093706
213176048201240223037058052224467006
100197036128202024007154004432854006
044037206168116246215085004434662206
134194243123202024005097000806489906
047110181203237042073094004431304206
148047042197116246215093004435654406
114049170117205098225230265255188806
197143138162215019149194004435678706
063150110126215177242138378000682906
044005076192237042073099004434396006
113141216102050065196144523790044506
223047225084205250088240004435163806
151183113066194086014123412330104617
135243069202205219172237000802696206
153137125238244158005050004434158806
122027138088194042036108100861983706
044058147196205066136005004435120706
044039086047205236253195000802626006
016012080224237042073092000802472406
059017048121199224151090004455802306
002091153019205249001136547620688117
075091222085237042073106341220008006
119132120180240063130168004434998406
016215208159237042073101000806246606
231128055195194086004161579860547106
097101221160202118049109041915141317
223007030181237042073106004431137006
042094085002244205046065013152894706
103231071157073165109168631900044506
047124152003240235108141093394940917
221082247052192022173005004435328506
047049008161205211058074093394936506
237042071037237042073103004436304406
047110181203237042073093004435990206
155038086109212195125024000800225006
062229139169215007237074004430226006
044059160114138152125013004434996806
103220237087202118049109514135141317
047119032047205184032178004430312406
081004005157198247244084209924944917
101090215052073165228231584720044506
058003213131073165090106653510044506
237042091027237042073092533440044306
062197230053135079171198004436132206
192044165083050253169183562381276117
141236059116231225123092000531799017
197016034160192182249076004435411406
228079071147193065095010004434570106
209154205077205126170096000805835306
047101200018244031008234004432701406
099212163010073165108247104500044506
027136153090199169193248037245992006
044219076026202024006126004433870106
192044165083050253169183611871276017
062197096014212197032195004435588506
077182186255139180039156370285907606
253102008178192030025087001233683517
213187199251205218015005052223834906
218225090026116246215093004435113606
119046101194202030170112099983794206
047025095252192132028121004431450606
064004255032231225123094000530462517
244200013172139072053034000800985206
077023208110251190157126199912134906
047036119200244157168176004435136906
195204216068194042039088068832937117
099069155023215027184232502540688117
127107225022231225123072000531576417
108042151050219092207084627801560017
113097233109199152013237180852577017
213175202248215255202029004435890406
213175201178205066245181052222911206
075223168059212230061010004434146206
044063206052237042073094000801344606
228079105182193065047026004435070506
047082217022199153046198004435594906
016242056115231225123081000534665017
080210199015205201093236506640044506
140242186204205148026133004435400906
063164170031244205139110004434501206
124101052197135079171198004435991706
152252146070202024005199004450886806
193253252146116246215223502310008006
194207234110205098237088000533531217
198140108134116246215053632820008006
114041059058116247217215000000000001
044007016245237042073099004432134606
210024117114244089149057000000000001
197074243063152098209009004654437406
044002162165237042073107004431585406
044003159019237042073100004430835606
134194243110193065085123000800286706
070243079058212232224021004433334006
141236062097231225123094000533795517
127165136218064005155102118913897206
231148132116205113198076000802762006
237241135069198255186198000000000001
008074003030199204081083004433666106
131190120055139143018199004433205006
111234250012207009051121004433915006
147196063045199153055036429670005317
235195047178199153050191452625058806
206157040179205239062103004434949406
103119185154194017228064000224576606
016039191183116246215095004434516106
058107078114205032022145641390002306
016012080208237042073096000801254006
030015090245198255186198000000000001
214135150169199223126076644564950806
091114139216073165228026618820044506
122048066211135079171128004436222206
224019165077138071017060116490005317
049097072145205249004020566960008206
044006155040237042073104004434467606
044006252250064005155209004434223106
002221026156122195111160405540044306
021068198046199169214066004433434906
047124049093240235108140093395221717
016242056209231225123079000534852117
209101063078202029231130431265544617
047050211237205139035178004435232106
016012080223237042073096000806142806
127043091249202024017151000802156706
231148132095212230173215004435772406
016036188174050062046165000802726906
147003221167205183043178004653794906
122027138114199169214219100861509306
231148130085205071138046004434922306
135079118091199223125094001431968106
124117015052135079171198000800377406
008075075159194086009055004435377906
137186061019073165228130540610044506
217227181223244157132105344460312806
107220003040217010236253142344031117
226025000026205126037146400004946506
044077066118202024016040052226496606
037001075218073165091205544200044506
195074064143050065235055593770044506
059184022162202028165128456294360017
075062217254198254094226000803986706
218225090096116246215093000804630706
047081219017237042073102004436128006
203203183253231225123095000535752917
108043053024199204069194004436442506
218225159161064005155202004433831606
044198159141231225123090000531126917
130150037050231225123094000533029817
091157142062192135130167045005896417
016215208159237042073100000806373206
047168186061237042073092004436464406
016195252197064005155100000805968506
140173240065205180090180004435386806
097133082094231225123095000532200217
201023009152073165065125561860044506
099196002194131026048171640720044506
148068185187215019012001000803716706
213173027111240235109045052223316606
047124135219207012141062093392638706
099024236137207180012223108666232017
131170083102231225123073000535818717
122016143082202024006194000802844206
123188123209251108150013004430152906
244200013172139072053034000802847506
073027146097237042073101004433625606
124101052197135079171142004434128406
075062217232199224101238000802855506
062199050044205239058027000804265306
244014071050205098232215004435370006
047184016237215163006224004435073106
016242056115199177254245000535481817
048166062163202031060070004435608106
136227068188192166172035553870002206
044203026215244158083125004434299406
053046187135251196147123068810103617
059187088206202029111184000000000001
047124068160212230042080093390176206
204009125168073165107053540760044506
202217215109212227210022572750822206
008074003156207180012223000802822406
041241054108215007140194004432630506
044200143144237042073095000802943806
063174000058207001131073004435162506
047100179217237042073097004435644406
086038019075139061080218213203880217
008074003071205098226248000804070206
041155105116251215115082000805451206
080038249160199169194038282930008006
044027167065064005155209004433630906
128229133239192030080173000255751206
196092076142116246215069000804829806
002002132227240223115182004435490006
212235199059205055128253000800637806
108120195062205071032190623480113817
208070209177215163115082052223800806
016012080206237042073107000801460006
148083149186139212119173005141170406
075062217254205113196016000805174006
062238097245207001050026000804237006
131148087034192166212029000531020317
016212252056244248026173004433959906
213184192023205216101210004431099006
047109144143237042073098004433856006
047191098079202024006233004432010506
002137143215199204069067597622041206
213175201166199168152226004431448706
050084215093199169002109268406448106
047011147048237042073093004434684606
044027167065064005155209004435768206
075009186254202030113255081015298106
213176048120215162120186052225777106
125206040209064005155244004434216906
223007030181237042073106004434457206
044010006170205164096223004435903806
082249201023240063113219534310008006
042052165206050065189231528760044506
044039016193192031167134004435755006
206091028114073165228035544610044506
224115233227205125073156000804948606
134164179107237042073100025155588806
136053101161202024007241000806065306
044060233212215177155253004436069006
114242108225199208048169000805056306
030220020116205239049229242236307717
033182062126064005155230004433993906
021016189073251215113218004433736506
070068186254212194041172221264038217
239213051223207023231116004434378206
049092178078138056035086191210102417
131024048041205139034182000000000001
139049121200205250090022000801360606
032191132049207022045057004430479706
197016034093205251200174004434969606
197030218109205098029167004430355106
044026206013237042073104004434031206
208181140212135079171142000805336106
135243069107205127113010004430271706
044036104204194114091140000804270206
053038177139207001048202000253883406
047081085032237042073099004430853406
085128109071050065212192614280044506
248138140087244003240047001230282617
075011047119207001000192004433817406
213173038228198231235147004434901806
124247190128205251207197052283539906
013217220233215163007035004434953906
138044206190205251202072587262637317
131087015215198033144106000802069206
119197075063205212176147000250259106
047109115020050254095245004435104306
073027110110237042073097004432465406
213175201170205211030189052222653706
053192115083073165107001568730044506
044002014134237042073096004433757406
203079160165139061090196173626300017
122030155099205216101084361743343517
213176048140205251205243052223469206
044068063152237042073096004430648206
016011124170199177248017654685946117
016098134156205071047198255654946606
231148130006194031113170004435081006
125020145094064005155139000804910406
149164124023205251200174004434959806
218225091066231225123075000533615017
197122167036244089149057096123491417
197150168044199204102255173444327317
075091213061237042073096000803403606
082247233222050056081196089840555506
122024119017192167233103004432240306
044001136159064005155229004434683306
116246018192116246215069004436041506
134009127030231225123079000530629217
002115191149073165104163596060044506
106177221197073165089229498580044506
138117068121212194146194441083705517
055238126071202031056235207314154406
141183211149202029106028004434686306
044008074062135079171158004434517806
158049162034215027089013414474451917
090031228034205148018016424080243306
044054176125205216103190004432728606
047176104072198254094106004434471106
114078186108202118026061412960620006
096189169010199222140028595156051906
091185071161202118029178535770005317
072011250203199224110098000803304306
071011177137212230063213030740307417
079121155114198228179098554780002306
204171114132199169015020036580365817
062211252060205167107229004433679006
195123217173050123065232498520280606
214151154206192182238149557944515417
047030149158198231050150004432992406
112081189113205187184126001233654117
223014026255215027045126000800302906
072115189092198209170012097340112217
047045231157050254094253093390523017
096028138221199169214080068811963317
076191124074207180015108004430258306
075091212242237042073097206100008006
076177099137244001198242000804380406
204195180123198247232227143213713517
208070209173215005009217052223578106
158029041125205032024003004654849006
213187203115251190083166052224505506
092030162205202030122013275174997306
044001159232237042073093004436191806
133207134184219092051205325875363406
030214173103251190074029080805405106
200175194142202031094000000000000001
153071177196199152015187004432991206
223007030181237042073097004433269206
223007030181237042073102004433493606
213175202244240235109053052224383906
044201196116064005155209004435928606
197155091167205184070138004434932706
053050253012199169195222118551401317
109153241005231225123095000534932617
213173038225215177242038004432767006
044068040039237042073106004430800606
044026181255237042073092004435025606
047160161102116246215093004433420506
096016143220205166126205610672645417
105247166226202030165059604574361106
073027217212237042073098004433347006
226102049056135079171198004432944006
062213037219116246215084004433976506
090218213151194114085071608080338906
101063221073131115010103430013058817
072011250203215177155225000805201506
122193199014116246215121004433934406
002136106142199169011177000802795006
062228082153205139035237052234499006
202074059071016230167039400730044306
133095148073050065214223517910044506
228079104202202028152057000805035606
203030108011202118023237000000000001
048163150241192029060222004435459706
044019036080244038133045000800202906
044063054203212195089174004434197506
131134146233050056157093001235590817
142093044231244029242217000805109006
049196070034016229020061000220008006
140075251091231225123091000531047417
048166059147205071020086004435118306
044068041184237042073097004430321406
002192040175202029119024494265307917
148083149213193065006185005140472906
101160237152205180022222627640190017
244057197238202024006188004431737506
016237093032116246215095004434256006
044068063152237042073098004431240806
134194243115193065087213000805332006
202217215109217008039151572750988006
112080022086199169214219000800896306
204096127014205139035042004433466706
044068054122237042073104004433556206
128012246224231225123095000530217517
047187061107212197032074004432739706
217242045043205126034223033893966506
085040164002073165069249653970044506
131031158179198229022082004434569906
008075075157199177255008004430450106
016012080228237042073105000800587206
136053123146212064144066000804095506
196177100051251190081014000806204506
047100068026237042073104004435173806
021016161188205184040093004435035306
140015213117116246215010398871164017
016036124150116246215073004435872406
044004017070205138232083004435618606
047169175164237042073103004431258206
044050055023199171099206004431855506
044086031140212227179058122010326606
136227068188192166172036398460002206
058024020007205184077093000805599206
149053203018207183147109004435172606
135084107093237042073103000805962806
239213054006212195084217004434620206
002244226097205249010141342192003517
213184192016205217180050004434779806
044219185118202024006042000806153406
016040071252064005155210004435719206
105170167097050065143194651000044506
200175111244050065196046547530044506
016215186227240183051070004430828306
062241114215244038133045004431048706
135079183033215162057124548060044306
244199004095205113197094000805225006
237042118016237042073101025900044306
218225091066231225123093000534222317
085135151184073165034004614750044506
073024239137135079171185004434201106
131175084198231225123079000532793917
206241043143199177248062326551021517
131174243019237042073106004433812006
128121247061244022029178004434071506
213176048018205195127188052225216706
041147019180237042073101004433870206
140075193213244003026067004433414406
101037136067192182190021628615111406
044095168059199153108015000805002906
096047115231215177139175393710116717
073027146097237042073096004430986606
243054196204205212176051000805146006
097229202012073165104023518160044506
074110156190205180008101010243812817
049209210205138075190004000254269506
134073042182207020018027004432628206
062240208119050121196015004435034806
041144006215237042073107000800512606
016030208065194038091109004455203706
030214173109192030045193000805247606
213175202098207001186130004433807006
016012080210237042073102004431926606
218225162185116246215156400650904317
030203080151202167047079054002649806
099194145154073165109002567060044506
044039153100205250090089004432757506
062204003168248200242069000802734006
213179051255192029210238052225977506
047185187116116246215094000805999406
213173043238244029214185004435429506
047187080168205035005040004430629206
044025168013237042073106004435538806
103173175076198193188208000804321806
200124200090192182193067374180012317
244199055125202024017189022783254906
109172056150215167248141544621784917
114091076152231225123132421070959206
092028042171205194223168640181346617
210039004248199137233223068845460317
122016143106202024006228000800222406
135084107064237042073100000804508406
131021132178064005155181000803321206
075091209224237042073100004433117406
088133069164202024006074000806372506
196092076108116246215092004436520706
044009125213251190074029004435421206
076177103195215255118123052224081106
134164179105237042073106025151015806
220017251145215004162100099875379817
016012080211237042073096000800857206
075063140022199177248062000805768206
044204082126116246215084004433412606
104021255207215019070068371200002306
153039112251194017229143199936410306
044002014134237042073101004433536006
030193143156215006173242131016237206
213187199234207001130247004434698506
075091212218237042073100000804383806
123188126250251108156219004433626306
206205132151205113192143308544360917
044020211213205138232189004434083506
146095164233199208061253064620005317
040219157003202028017181012533934917
238063074219192166170010587640002206
085056174065192182096114330232291817
154049101056244001020026004435113106
223007030181237042073101004435855606
073137232140139212111178000806010306
044002217229237042073099004431733406
091064116148212171015217162270002306
128103114248050065172067586060044506
016215208159237042073096000802354806
250025126186231225123081000534153317
047091158111244248042018004436217206
116069050192205217247221004432623606
047059172239237042073092080540901806
194142033075131115011249444740107317
243054081006231225123093000534055617
200163198037192182243045317995581817
129174199009244067135010059384993606
044004223178116246215093004433546106
091122071131202028168184176004693017
070243078230202024004066040083287906
044038190010244038194244004432645306
104232091080199224148155000000000001
243054081023231225123080000531838517
047165239046192132179242052235587706
218225236073064005155210004434825706
131143133229205127001102000532865417
108125019066205070223092598773391117
213176048130194043177011004436423206
223007030182199153099086004435377106
135246243180050065216217554870044506
075091213013237042073106000801963406
070026035233215177155093480275620606
062196200008192167126211004436061306
044207065140135079171198004432149606
077150089004194100115016381174464417
152001058225198209148157004434060306
204240237198215013072176523181498806
237241143096198255186198000000000001
032140146247202031021120501993189617
109199173021192030048230540651005306
130150039093135079171169000532724417
206240150168207012143020513881281517
048181106054016230168186494040008006
245098113218202026090221543670330606
201143164181205180214003000000000001
141236059158135079171173000530507017
044138194207205251202126004432780306
213184192006215177242138052223643706
034232158137064005155158000806164006
110127050137205138232164089990113517
149041196138192029093153503110044306
223007030181237042073094004432624206
213175253212131115009019004432678006
206157043065205166255168004435673706
062200098065199153098102004430398806
047090125155240235109034004431916606
044084132165199177082106004430349806
076084179115205071032134080026388406
237042084201237042073105586080008006
097213237085194102255209161641796617
123188126104251073188170000802665206
070085246157138091022105545625003606
146175080238073165111086655030044506
002156120173205249010089276293387717
146255134111192022167077511162639106
193253233023116246215010511480008006
044027170124237042073092004431629806
044204082126116246215068004434661506
075067180034205098239114080665748506
231148130086138152125045004435421206
128058083168231225123076000533090017
232188067125207001010061000800749806
213175202211244248042018004432650506
146251004118205236124093059386040406
054118055024194017228039137230044306
205128049144194017229138566062907417
231148085214207180189167004431820606
073155112250244067209212004433701506
106002162038202024006224004431474606
198239110048205126032069646400213017
016036141056064005155149000804184006
090248128204192167239170087652649117
155192209122050062034037338320002206
047024015059237042073092004431737806
131134146233194114089052001233675817
062214123005205164099195004435078406
223239038177212030198220004433302806
213175202241198231053138004435409506
047111131231237042073093004430413806
077184189183205066040160004432629606
135084107064237042073092000805557606
231148131098215106210142004435227706
137067185202073165104154566500044506
073171192114199169214025000801110906
070243078214202028229089000805870606
136227068188192166170010567690002206
237119208235199208057086460512197617
047034214121237042073105004436489206
243054081012231225123078000532575117
210049153246202030060226004434929806
062196033115237042073097004432020406
197241237050205032026068497815338206
213175195115240235109082052224734006
156159244062193065070237000255045906
047090218108116246215094004434706906
062245204133237042073102004430619606
135090232060215255051045004434046506
122028053239135079171175004430905206
135015169063116246215071004436052206
099035121241202024004125069055956706
122016151151205126033101004432681706
213176048207205187185082004435520806
041144225102215161113229004434548806
080210174034138091022109089990318617
198140095123116246215062592480008006
239213054089199168155030004435623806
253102008178199171206115001230012317
103237040187192182060091005873408306
047100056104237042073106004433706406
016195253098116246215122000806209906
047081124095237042073092004436297806
047110160103237042073095004434730406
196093065108198192217013000536351817
116116069151194031030099094181066806
053034244164199137135090418094920706
072011004189215177154217000535667417
073027006102237042073096004431974806
141198253060064005155200094824992306
062244235072138091018114004431449706
100124214001202118035010478120808006
048165037068199177255225059990280217
097133087114231225123074000534966217
070243078216202028139143000804961206
154030068102202031235132062370002306
135084107064237042073095000803659206
218042024043252248203203354435873217
135214201041202024017233000805528006
062255191071131115180005000805775906
053173086002202030240105377675312117
002002132220192132181096004435310906
202217215109212064080134572750188806
204096127022199169011039004433344306
016012080212237042073103004432812806
124101052202135079171142004433208006
213179055094205099159253004430192106
070106141224192167126023144044175517
100124044068212171171010000000000001
223008009040192166168006004433924006
044000024175237042073098004433884206
226154176178199153111147004436188606
147088234210050065214121568360044506
249158180126116246215084004435658406
044204239189138091016163000801541706
090031231171192029094254026030312806
223007030181237042073104004435599606
047030158193116246215068004433621806
210008027101198241225039081262313706
237042083122237042073095231600008006
030015071080202024004167004432985106
002164224226205126033101004435167306
202217215109198243191152572751222006
152001058225205251202108004433499006
016242056045199137132068000532131117
197016034127116246215080000806455406
223007030181237042073092004434902206
252171219033193065011122020134923506
213175202246212227179002052221841306
122063140110192030106218474400002206
243054196196205167130002004430293506
140066159231116246215242509690904317
016203055149016045106041000000000001
083178182079050065189210553750044506
105193227059199224099045319922835417
047034045019205199051093004435133706
218225237063116246215087004435680306
016012080226237042073104000802337206
047081091076237042073092000800855606
149210181180205236237054004433364806
096009063140199136091006068810125317
134134130182237042073099004432809206
110246138127212034247043089990102717
076084179115244067133125080646340006
141236062078231225123077000534955217
140065118193064005155245004434956406
233037093075205251202072184422637317
096189177194202118035010457680808006
016012080219237042073100000801744206
047090004186199168235132004434306606
140242176140064005155228004434898606
076086009019244003004211004436200706
044084085116205218029126000801387206
238063254254202026239222537340002206
244200013172139072053034000800982806
218225091066231225123093000531534317
213173027190138091020046052224964406
127043091249202024007164000806353806
195251213210212196052139332873069617
002168150203073165065217522630044506
141236180164207001182026004434974306
238063074219192166172008517180002206
211210165186205218026115001435220306
196093217091116246215185613020905006
016242056115207023144230000535832617
048213171007202024007252080011979006
112086120115199169001133000802674706
083183047147073165109003347950044506
103245145105205184078118104425787417
062245058127116246215093004433341206
243192241109251224228010260856471006
223010192238240235108140000806230906
231148133008205251202002004435186506
044202103216244158005053004435081506
044085191238207022024194000802669006
213173027166207001129237004435904906
203144162207220245071108643516084317
034232158137064005155180000804002806
231148133116244212051200004432750306
016212015240215006253045004432661006
044221037146064005155156004433864306
195069026230139219137053000804425906
237241146012198241225066004435573006
101039159082205071047204342583729217
062193226142116246215079004436290706
197229208100073165172238033520044506
131210218147205125077054004435034406
098118099157050251141178068812190417
131134146233198063097229001235770417
114244047035219092009137239602168417
016012080217237042073097000806425606
100208217209231225123075000533649117
195143243140193065013138000223254306
073027211131198231233246004433417106
062197230053135079171198004436131806
203104138202205239056121276970143306
062241113232138091022086004434989506
237038004217139010250151559310005317
016012080210237042073102004433108206
076177099148212195084193052224255006
213187199235205185134107004433302806
100124154066194017237006000803457406
248199104002205187185093000804242606
044090098141231225123080000534261417
044071110093202024006229004435845606
047124122168205216101050000801493806
213173038240240063017153004432684506
127165143154116246215215118913613706
136053123146212227179154000803598806
048181080126251190074029004435693106
126047086005199223125061082006543817
102254154132199221119051443465830417
213173139056207180188197000805249306
237241138247198255186198000000000001
135243027105240235109042052223374906
139248100132240223012081307432507017
200124200090252248025120278250012317
016012080195237042073094000805326606
044213138202199153047024004434084806
206157043163194031030179004433023906
047101064034237042073106004436116406
044220069155205066255050004433341006
091099144189050065138109606270044506
239213054068205200149026004433910706
103136045189198243072041000000000001
135208165212205098236029000805900606
072011211078231225123078000535177417
044035116229198253205132004430294406
245098089199192166171185539560172306
197032087170139219143163004434821906
100222083106205250094226004432158006
119049193093064005155244004433665806
047045155105212195071082040175592606
237042118041237042073100000802602606
075055189077202028050242175553421806
044036104204205032026097004435228506
044037237062215163201065004432681506
075091209196237042073103000800981606
097132228080231225123072000536454417
100197034183202024006206004430966506
041145054103215013072176004431705206
062242098049050062034042120004064206
047081091076237042073107000803596606
016012080218237042073098004433242606
140169207157116246215068004435186906
062198055092198231050050004434885106
223007030181237042073107004432338606
151165099143122195111160510560044306
232188067125205127001123004435873606
131190120055139143018199004433395006
239213060017050121198106004432890006
237241138214198255186198000000000001
133126072200138145199250124246160906
131208002252199137132015614560102417
044011122042212171083145004435413306
034080172094205230091166366780002206
223007030181237042073101004430763606
137169187029215004018002000803496106
222081124003139180043007652760164806
196043026097231225123077000535697317
200174116014202024221230524670044506
049216045153198243031240014543186217
213184192017131115011170004435986006
103245144238212202151081295591594317
047084229098237042073103000803059006
213175253246205216060225052222712606
008107007128202029081209082454239706
070032085113205126038029588150002206
196085001142202030162027482584078517
005079117015205239062170145420686917
016012080221237042073105004432658006
070226254149073165069154612870044506
059177116218207000067156523686301317
059182037232202118024061013202440017
080211118060205236255194010432447717
002188183243215106044202068893023417
044001009033237042073106004432303606
153152216008205113203155000000000050
114086158148116247217215000000000001
247003121223205187184009000804619606
013005214048192022164146130213359306
151079193128016233083061348640002306
123188126212050120061118004435657406
078021131224217010239228276640102417
070118218237251224117111334144103917
075066055227207180189166004430737706
015063032111202028152042092765762517
213179055020205251205181004432843306
073027040006237042073107004433229606
213173027164131115011249052224427306
149016106047207180013072000805102806
016049112217116246215079004434217306
231148131176251100143073004435256706
249158180126116246215076004435119306
135072013123215167248157468552609606
248106226166199171110073333201201106
076084048129202118023235175555236406
123188126105199192040165004432785006
096236197190244003024084369470119817
131000254132205127144056593680812906
062245204133237042073096004433803406
122028053032135079171207004433106606
047100068026237042073098004435726206
097253207111192029211131259210808006
033038140231116246215082004434286506
044048088155207183082085004435927206
047032110241237042073101004434537006
221197096196215161064006004435702706
073155112250215019068211004433744306
077082057244199137227109514133190717
097133082094231225123077000536431417
015043158080205213189148000534299017
098143045216205212179110000801946006
200124200090252248025120469500012317
013192167013192167127138004435921806
047101246214237042073100004430739606
055233073172237042073097458280008006
044027167065064005155229004435295106
041166031197205216062207004436257706
103110175051202031147139130152297317
092019103091205125075238000253920606
016232234056116246215095000805387206
097184149220073165104057612310044506
218225009060064005155235004435963706
149042099213212202150014092170252617
136053123146138030203231000803705606
119132120180198240073180004436122006
047028155041205203005204004433631106
047036053113231225123093000530347217
044077043050202024017230000841557606
093041047086192182059018000256053706
044007016245237042073096004431171606
233061084017192030028106068811895617
196088217143207020029042000805610406
044071186241202024006206000806093106
073027217212237042073107004434376206
225018049008050065138079652130044506
063166040176116246215094000804448606
075219045216251215115082004431597206
213176048183240223029005000805370706
044025188102212195071082350405525006
237241135071198255186198000000000001
130150039070231225123095000536371317
200124200090192182193067051080012317
213173038246194114090178004434377406
111234250192244031072122004434143306
124045100198198255172132377483343517
204130155217202024167201551832976117
149158111124251190160007082262769506
210022110204198241226021009932604606
197222188038212194054220444960338906
250124144133231225123092000533959617
130004046201192182215162000255970006
015043163098205212179183000803432106
231148132124240235108140004434993006
249070079099198193188116001230012317
058024019186215176008162004435356206
119046101194202031140026099985003706
047110181203237042073102004432038406
044204082126116246215084004433842706
044009195215205167104037004433947206
047174121002244248165093093393765806
049017059045205211002109325925348306
013024134012202024017154004432698706
047004092020198247246098004434214306
231148131022215019014000004435178006
137112001081205211048021000532039917
082137097106192182234214000254164306
076177102192050123202080004432642506
062254163028205032018174004435471206
218225246103205236095024000805388206
122039017218215167248138510115213806
129048012205205066245181092222646117
044025168013237042073100004435071606
196093065108231225123075000534411417
154042203244139212124083000533807117
251103139024064005155235004434384806
210008097026199152012216000802519406
152148105234199222139061092425342906
044204066086237042073102004436481006
044068189088194038094222004433196306
021120111084207020027128004435030606
197043152159237042073101004436321206
201143189126199153100052000000000001
231148132001202030053248000803899006
124117015124135079171142000802214706
081236016170244029048171004432703106
087118114011205251202136156095328106
099141080150116246215232503460148517
070067091091202029053031127740899906
197113104040192132026031004430187606
066137093054199177248170004432657506
047160014096050254103162011193032806
235135113105194031038216068892655817
106123167120215106055127030743836717
016012080207237042073097004435759806
226154176178205236095117004434867606
223239026122212195031073004435062606
079045178097073165105147209140044506
047048015047205218033001093395139506
212235203010251073189007000800477706
197091195201205250094243004432365706
099141032170116246215069004435392106
044024159098240063017189004433561306
223239026122212230042123004435144106
241249236100194041032254004655162206
100124201018194078252205330210590006
148067222062244029048153000532354617
213179055091199169021076000803346806
231148130073205180041245004435222806
196043026097231225123090000530431817
239213060018215163115082052224997506
078079115006202030115162000803796806
047045155105139128098172040173534506
224018086037199169206186641630110117
202217215109205180062103572752666006
070081055122073165064059257910044506
064004255129231225123094000531344617
037011067052207020019036000805573806
070243079058215019110075000806279606
213187203098131115180166052224140206
044084086132251224032205004436119506
091231199056205230155012080802658706
218225159171064005155101004433621606
213173043228199168236077052224427906
140200069228064005155149004434174006
130027119077231225123073000533721017
247003246130202031027064633376045917
002002132232202028243083004435720706
072059166226244067209212004434126206
218225090026116246215093004435486306
002207115130135079171207004433356706
034108090032205251200219452105328106
142053164015231225123091000532828317
044050074074199137230234004436028206
223003039002202030076065011940102417
213187193247244031011224000804929606
214009236051073165034088246790044506
237241141149198255186198000000000001
200162252134073165172123205330044506
114028127180202030189109645465323806
086039217193199153035181189075380306
113057088127073165079115515290044506
090051040137251215148178004433730306
139046128226205126032236652482065317
149042099213194100126165092170930917
226102051058135079171063544770044306
100208217209231225123094000532808417
097219019048205239062103633080008006
140242176157064005155231004436426306
152148062241199137227107009932056506
124101052213135079171167004433264506
090250055137016230168186451710008006
148083149241194115213194005142280406
044068050068237042073095004431339006
213173033219131115180078004434830706
048164034239207180012223080000592017
218225236202064005155132004433454106
048166035223202024017115000804105706
030214173025215177176029080805981706
148074155149215013073121270216038906
124242070147192029095044000535682917
041155068095231225123094000536407017
058122003048199136087219089992607617
104223227236138145234087000800961806
105035211042231225123073000531758317
245209093137199221119083498010338906
030054086185207180015129593870466306
062201012229192166215067004432781006
231148133116240235109089000805183806
213173027103212227179002004433929806
223007030181237042073095004430825406
021120124164050251143236004436095606
008109205050231225123080000534319017
151008222114131115011249469045029806
135214201045193065061109000801744906
047109136094205055128122004430720306
131026056225135079171063263410044306
016192214022205211062180004435512206
027024143146192182150174005875343706
090048178057193065030029491790044506
062208134165212197208154004434516506
223239026122205230080054004435022706
135243069253194100126165004433694606
057184217041215163100237001613998306
218225236201116246215243344600904317
131143133229231225123078000535910317
044002171124237042073093004433785806
103229102084231225123080000533226517
016012080224237042073248020010200117
213175202229205127099030004435153706
113175002229205216067105426360531006
016012080223237042073106000805249406
213175253208205127099193052225142906
147202253096192182213048000254768606
139130182253016230108026495910044306
200124200090192182193067312020012317
047081091076237042073101000800997206
109244190210192167232114643713097017
032224153133198240055130268390105117
158053050204050062034042000806322406
134134130181237042073101004433596606
223007030181237042073098004431986606
049042125100244067210236558980243017
073027199013237042073107004433112806
047009039150237042073105080543762206
103245145117198247238054064360102417
035204014138205183043136005874067506
140065118211064005155209004433376206
197202025096202028087189004434994206
090062220122205164191130510770102906
214132085045215019235078543764961517
208070209180194043185230052226018306
141236059222231225123091000534932917
109216158089215013074081501312723017
153071177240205249003219004433813506
062193226142116246215070004433890106
109115200176073165172028529580044506
076177103235205251204062052223348906
213176048252207001131114004431646806
002142190171199168236166068812809206
070243078107244248229162000804292306
044007049164237042073107004433243206
030015095160198255186198000000000001
200113099244244022140144310620002206
195077011028199153108227059385788406
206041230216073165089075589130044506
121210168158199137227028030741532917
047082070171194038091253000223904506
213187250182116246215092004434572406
197016034018205218041081004435053406
049008051043207183082085000805133906
146119207091244031127041058920000117
080215014031073165109249083590044506
210028117061202118035098000536487317
036222005230194041046019505830808006
030015083154193065089213004436112806
036173199145207180012223038033628817
231120120239135079171167004431434906
213173038230205055203066004431961606
113105034060202118039133214324983506
035083029110205211001222540670143306
002169037228194086007224000805147506
141236059156231225123075000535984617
200163183039131026048016122340044506
103115121052194017228064000225538906
218225090034116246215087004435453606
154174174139244020059092561872229617
103241039110139093088176004435491506
104019229013240223181066621195864406
073027006102237042073094004430577406
203027190239205219058255013873674917
140169207157116246215085004434851406
131134146233192022173170001235706417
103204039202073165108111610440044506
013216019102205199061093004431730106
047031061173196041005116000000000001
062213066205192022173005090010170606
021120124193205212182061004435019206
149042109042212195031049092120930917
135131209056237042073094004432478806
153099030248205249014118288412826217
097132228080231225123095000530979317
075091212214237042073097000801768806
050067189144207020152015004434915806
113175002229205216067105389080532706
213187251107116246215092000803833106
047160238065237042073102004433248206
114242108220240063103173000801877206
062196047072237042073097000801931006
047039014191199171105155093395830006
114030164108131026013090508960044506
008075075159194086009055004435377806
016253195063205249046028004432659506
213173038230205251202119000804951906
005085194067193065042213586416306306
146107156070212194042185004435003106
146119207206194207240005071440935617
213175202197199169027080004432635006
201196224114050065196152521310044506
152175076105139105124170330805545017
119132120170198240073146004435544706
094031105004199171099206539183708617
140075193213205098232233004434081706
148080076043199137227059004432812506
237241146012202030009199004434570606
032152018166205071021003329334489617
213175253241251190082073004434226706
016237093207116246215074004436350906
044204116024251196218143004435072906
104099071208199177188018467482811717
098119116169205200149026400572668017
047100068026237042073093004436195206
227092245209231225123091000535733917
210030029115192029092205004432677906
047090224218116246215076004433459206
044009242033138152125118000806261106
044002161222237042073093004430715406
016012080212237042073094004435240006
063164157161237042073097004434168006
047049082194199177245230093392892906
049229183011212194042041509786153217
007159008061193241060127176950038917
044037206034205164190034004430374106
155192209060198229148162179900002206
223007030181237042073099004435352806
123188126157205216101250004431431106
047028082216231225123094000532679217
237042093050237042073096000806421806
047101064034237042073099004432093006
005060125127207180048013000225993606
035083169132194017239247053690002206
073027110110237042073092004430713206
213176048018202167002161052223064606
231148133202244029240020004431105506
044068041184237042073096004435268406
049097072145244020057255566960008206
236194097245193241061248025465177706
030015069085198255186198000000000001
021068198047205251205243004435582506
050074105087231225123094000532321917
239213054084215255218117052224837806
200016042225202024016107004432565606
113123110226251224119081199532696606
047100158133237042073107004430826606
077086192059240063103161166083120117
140169207157116246215068004435177906
193253220039116246215053518970008006
121149058110205194217215480340821217
036223184150244127141129119280808006
226154176178202167077047004434661206
070093008197193065075131263882020717
150167180106205200027037004435528106
037047091028050065235136512480044506
131252205132205126037089150000491406
103240064219135079171167004434731406
021091198038064005155183000805591606
097132101087205166127066000805927706
111234250012205184066005004435892006
070046242012073165108081543550044506
091177248076252248025120002700012317
131190120055139143018199004430943606
044004098210237042073105004432565206
198229087109016229033080172280044306
047160161102116246215093004435686606
062196033115237042073099004431283206
213173027172244212229072004434972406
047185137203212230042069004433395006
016212208205207000086021000804917606
130228006047139212124060000804923006
218225196178205070214031000802762606
002002129245202024017197004431651406
062244165096240235109053004434477306
097133087114231225123094000536208317
128116066098192167122040005875285006
133038052067205218158090264451670717
124117015124135079171128004433137806
073155112250199137232044004435397206
057184217043194038092140001611389206
070243079058212030202062004431039606
044055197052205236237202004435171306
101018139213073165110039640330044506
153039112251212064083126199934915406
044000067086212230037228004436158806
057184217042207001168142001615472806
034080172084205184067009423770002206
086038190224199170229205160402608506
116247129036064005155245004433817006
036218200065199153059199258530002206
016012080230237042073096004431881806
130150167217207001132217354620148517
070061183140199204112066512022815917
044003214238237042073093004434789806
030015095010198255186198000000000001
096096224203073165173016019850044506
044202018213199208051013004435705006
142215082130199169214219004433795106
034080172090194114055002419400002206
081152012224073165059016121200044506
073138247041207180053046000802664406
128253027212215004019210033895909106
108212237108215177165018151583050117
041167162195215006004166000804930806
044008004016205071039039004435676006
153071180153244067209146004430170706
032239097054202118049109648755141306
044004223178116246215084004435654406
021116017229199224149249004435232406
076177099130244031009064052224601906
099141032170116246215069004435979406
044000201196237042073101004436551006
097133082094231225123093000531208417
231148133211251224229112000803675006
050074105080202030162147004435429306
101132134016244158083125223692796217
152001058178139072048234000805071406
216038054113202024017146000803408406
210030017245205211062032004431099506
044001009033237042073106004432435006
032171105033202030093015099984332306
044023048236199208062059090014610706
044059208175199177241169004435193206
069142239182212230042118494214557917
062255164188198253205132004430190806
146205110102205236094066555470002306
091053204170207183132053543626237017
085187028199202028036033445030002206
044007004233237042073105004432856806
213179055023207183081070004433878906
237042070087237042073092004430209206
041144198058215177165018004432763106
210005107230199169194038375700008006
239213224161198231051242004432113406
111024143194202030214199537841510706
131058204210244029241023086665072606
062247255032199224155089004435924906
096212034061199152015237225680038917
227003241012215004161161004434915706
231148132140138145209124004430227706
104192173251244022240194068821666817
134172201176135079171142000535861817
070243078228139093086026000801190906
016012090102237042073105052780044306
140173240226240202060196004431648006
193183220053016198225104536480008006
130150037145231225123095000530923917
036218193188240063102107422460002206
223010195121199137227109004431996006
193140198201016233080118137860044306
108127105068240063017146592060155817
053216128219138145199253202842734817
044074048135193065078205000531128117
050075028226202024005185081013292606
075091222060237042073106031900008006
040005211020205032025040000806208906
070243078224215161079110000800187706
195032119108202030240171607592480506
092019184027192030091034000256007406
044007013142198247226165004435038506
196092076204116246215069000803908606
113106122012193065091205000233833106
213187193227205070234219004434618406
110124075144193065093237000235666106
141236063126135079171152000533700017
112149078163199177255121576830002306
076191124062215106210138004433923706
002136165169202024004050004432501106
231148132104193225174019004435657006
152163082098251196218153000803655906
096160211226212171015135554900044506
104060232192194078209043485253559906
122133241225050250221135000805035906
249149130217116246215094004433994806
141236059158135079171196000531301317
135084107093237042073096000803213206
070200190218202024005121000000000001
050048079121198247255089005875166306
094223238192205251070019435540905906
016227153240116246215084004435718506
135243069076215106208193004434773606
082060204059240063113219568520008006
213179055095244212230246052224833606
047101025201237042073101004434210806
140169207157116246215068004435293906
213175201161207000086021052222642406
213129100092205185134074466493013517
116255061152116246215076094823997106
077046212023192182190021491865106506
016012080194237042073107000804343006
141236059187135079171156000534161517
119132120174251224007055004434507406
113104171012251190074029000233506206
030015095039198255186198000000000001
131190122249139143018199004434886606
083065156109199169201246004450188606
133239153184240063017174640082508106
047024033228231225123072000535405817
114242108253202024005221000805214806
092004040064050065172183551160044506
097134081196139180034162602503327617
117204029198244158005052345051890806
231148131083198192229077004435071706
034232158137064005155183000805175806
124085080227192135131125000530105217
030015091118199152011063537303595017
213173014168205187184009052224954206
021120110122138145243109004435434506
223007030181237042073101004432239606
116246198149064005155066563560148517
135214201051193065093058000805166606
086236232152244022240063004433572706
101132132126205219152045648495106606
134164179104237042073092025151296406
047169079216237042073105004432194606
213175253251212202218015004434369806
206125090087215007140194117922701917
073155112250205195118204004435808506
233156081005205239086169534920002306
146175085089231225123094000535675617
148067222062244029048153000534037717
197135179116212232142166019353845406
016012080225237042073093004434325206
070036028100050065138227574160044506
063145171064205138232190004434475106
127242060210205218156117004435630106
105199124175192030091128000000000001
050239108070202028212120000000000001
064031253168064005155175004434789406
251103139042064005155066004434448806
213176048235205164190109004435785606
218225236115116246215087004435892006
089252147124217008247026000510005317
047119101222131115180032004436338706
047021013219237042073096080513349006
124046177146194038152029004433238706
109253137137240235017030469950002306
223007030181237042073107004434547606
073027055161199168155097004435088706
110145048230205187185217068890891017
057184217043212030130006001610852906
063163178208240183050076004433604506
100086199205050065249247424800044506
123188123209215177241060004433602606
200222118227215167248141000804970006
044023007155244003027049004434865706
146124016158207180012205000803078906
077140239098202028159209426864807617
131058204210205184035196090205895206
101002037013138145213189130003138517
008075075143215162112123004434697306
076177103195205195123149004433509506
008074003156212064082250004433541906
237042070093237042073107170680044306
016212011098244158083125004432977506
137181043112205200226118000802654206
021120126066192022160204004430231306
119132120171205126137123004435448706
239213060022205139035230004435513806
021020014005199152015190001232259017
119136137219212196220223000802663706
148094169017244067211034004434967106
123188126224244031010166000802521906
047037140067199171103020093392943517
136131006217073165065243256930044506
086174030226199153059228044320143306
098100041023215019232002545543139206
204073015243207020027192455604985706
140169207204064005155231004435938806
131000254132205211006241524790812906
044086032176212197255012004433839106
131190122252139143018199004430559606
057184217039202118119059001614292506
044084080103050123066188000805236806
132208229174205184032208183690683617
016012080205237042073101004434705406
122022037188202031164131000800137106
111229057041116247217234000000000001
076084236255202167077051080705035406
016012080215237042073092000803050606
044025188102212195071082350400331106
044018238147199177255184004434999706
047160006137237042073107004434587606
109024127042199169214080271314176917
199244060087199177248203292020246317
074099205208207180051185537764942406
117027110204252248203051247064596917
044068078155116246215084004435051406
097133082094231225123073000530610517
021068196216207001013094004435964006
223007030179050123137115004435343906
151198129011138056072214320380190017
122027095133205218074002000800198906
203224186078215027222010000804752406
055233073177237042073095004431408406
135072013018244067209230416983365817
125024113233116246215094094825056906
197155091172194038094222004433243606
097162174160198247241124030740102417
237241130097251224032205004435639206
075065051038116246215061638690008006
063161048112199137233225004435565606
213176048139205187246158004435052506
016011104228199177248201654224860217
016215096138205149044127004432681506
044002217229237042073107004435793006
131134146233202029138203001235045717
044008175059205139035125004436181106
146094051016231225123073000536123917
243054081004231225123074000535588717
013217220048205251205173000803337406
016215033071202167002161004434420406
211038129106215177155143004434048506
218225072142064005155134004433452706
047030158193116246215082004434124406
193235172022016198224000152630044306
148152007175202031017091004435813406
070243078216202024007077000803954206
151085001102231225123076000532055417
062196185181205032031227004433896206
210052088234205219154165009930823806
009014137118207180050157000535602817
030211066069205239062013649565741717
044028127135205239062174004434269006
057184217040202028191013001611999506
237241143068138152253012004435118306
047101025201237042073099004430554806
243054081006231225123072000532995517
197209039097199136088168306900014306
211210167021198247251223082804986306
090069078063138030248010239280143306
223003064142138146063139000805652206
113111079121193065072202150123458117
105249178091116246215010339710008006
047048045201202167003242093393742017
042204053175050062046170070082628017
134220150184192030127243000805762706
096189177194202118035010602730808006
146205242133073165107179564390044506
047045024110199152008184093393541317
044068041155237042073099004433823606
135084107093237042073101000801536606
072011141010231225123081000534859217
213128059134199153047033599004219917
247003134104199153102134004434936106
047122056123198193176190004432665606
036218200065198255177120315560002206
016012080233237042073100000801731206
218225091066231225123072000533335917
137245161156215161076101000530737417
016012080221237042073097582680008006
238041185152205066247197000805226606
237042066202237042073093313700044306
113046183062199224102173533683672517
007172003247199224155125529642166917
077125079160205200149026396422657106
235233034008205167204002086116113717
237241138210205098029167004430351706
113021127039205251206038352510103517
016215208159237042073094000803049806
044085251137199224208083000805844306
036218200065199137224008356790002206
213173043246215177242054052223624706
212143005198205139168159587500005306
057184217042215163004215001614355106
223007030181237042073092004435663006
130245028202231225123074000531354917
209101210064116246215095000806068906
016035120153050250222117004435587106
134194243086202118031125019355316506
239213054069194043182237004432702106
044007060143237042073104004434284206
193253252158116246215053165850008006
064004255129231225123090000531359717
107042219077244248204037506405814417
069101093150199224155227004454923506
131210218147207008188066004435602506
239213051201205180139218000800207006
044055213078205218008116383501005006
075164096205244029243229004435905306
044003255107199137227060004430620306
044201007052192022166075004432796306
054062046189192029060153004432695706
213187199234205166055169004432690906
044068187143064005155209004433933706
116247053006116246215087004434710806
089223115170202028227067099495800517
110153070138138145213185647814431906
021120111083198193176013004434950206
022196126022215163006049081060121117
044060234054116246215076000806528706
098169079178199153056246004455227806
041150227113205112188193052225749106
044000133249237042073094004433595406
041164170235016229023203000000000001
088254102075199170078231000000000001
073155112254139218240189004435532706
047168173059064005155247004435304806
112081188215199168238079080685218306
096067144244202028132095603670102517
044021133140192031161143004433558706
194244033096212195004146339576104917
127058076152205211122203000000000001
044000146080215007141100004433184506
213176048248205127098191004432661106
213173038240215177154201004432717806
044007049164237042073101004431113206
223007030181237042073098004433402606
238041139183194115198105335060002206
119197075090205212181123004435161006
073165025014205125076061004456274706
047091229173205250090093000801677206
197143138162194038088109004435762406
233055011111207008190193610265253417
213173033205215161115235004435716406
124101052195135079171146004436141906
047032246057237042073105004430925606
097133087114231225123092000530854517
047034110040215013074125004436076806
047004087021192167127138004434749306
072011211052231225123080000534031217
047112148107205199055082000803923506
079011048004199223116001186450002306
073024163146139096108157004432638206
044000133249237042073101004432638006
213179055070212230172228000804248806
231120120239135079171175000804614306
130004046202205125121033000255999206
044005076192237042073107004430295206
072011141176231225123091000536018117
149078063148212232238108085884919006
197243251075198209187249099993339606
022247202151251108156219521025160406
044007049164237042073106004432211406
073155112250205212178158004435770806
073024250052116246215070004434443506
064031150145251215113218004433532006
044084157029215177179109004434983606
247003170016205251200120000805052206
152084163230199177176046322920338906
092000237201116246215156645970904317
047107188058192022160173004432622706
047036198133205216101226004435382806
138147081041139136059148000535456117
114083207253116247217215000000000001
108254011054202028050058101760338906
101158029252192182023081314546049106
002002132235193065057061004435179606
044220067226237042073097000800653006
047033146254237042073094004432437806
076102091254244029048153089995318006
141236058005231225123092000534036217
044222131031212064140187004434993406
218225090010116246215071004435917906
047109144143237042073099004435382406
247003207028202024017075000804966306
119128008123205066042128000802793506
086253251065202031000249325570002306
007070034240251224032205268653997617
136053100094231225123075000532124117
032102066141202029144113251771748417
135243027105199168158135004434981006
131210252196244089100220004430349306
085017103095073165069011423250044506
251000214233244157133118173753145606
044026075184116246215084004434325806
047038242010205180139218093390185817
131000232124194100113185080945119906
016012080208237042073102004434508206
213175202126205066251166052223508306
080207081145073165105083509280044506
130150037145231225123092000533359617
130000219176198192232103017180044506
044025052204212230175056004433991706
091029124200244022196149000800444006
201166088004139212110053004435881606
044201196116064005155229004433858106
072011211059231225123092000534434617
223007030181237042073096004434178406
070032085113205250090070588150002206
047006031156205194245138052234379206
213173038231205187185213052222643906
016012080210237042073097000805461006
076177103235240235109053052224136906
062228198151205250089082004430477106
156183142154205167130003000253681606
044007017222205126032234004434103106
044011213078212195084217004435715306
143234087238194100120038004436464906
098091040238194100115016412150108417
197043153086237042073107000801548406
007234225066231225123090000536515317
209101038134205211045105418001237017
062209128118205200149026000803788006
152148101101207180012010085165026706
090055221181073165109140623630044506
213176048148207183082085004434159106
044019125177050255049118004431871306
044003255107199137227060004430620506
140169207157116246215085004434851006
250193187003231225123081000532316017
200183213247192166238235000255296806
021120109080199224154086004430364206
062197064083116246215080004433829406
127235037025199204070090000802626906
195215046042212195130182347880808017
093047127203050065234009563250044506
222081249090199169208093004434261106
143234087238193065010221004436299006
075062217254205239054053004434736706
104241140079205216066141120135725217
237042071035237042073094004433172006
016012080226237042073101000804745206
140169199133064005155203004434758506
070061183069205112188193558853823317
130085240164215004019210033925283406
134134152081138030193001000804370206
040244221208205249054165374560002206
044000236003212227179009000805862306
223139227152135079171185000803721806
226102049056135079171198004431633406
251000214132244029240023244553976717
140075250025193065008154000534579517
044208212237205211059001004433421306
219103116034016233092142523040044306
126055167112202024016179000233153417
141236063059237042073106000533531717
206163133099194042037243581160312806
131031158012205230154092004432863906
076194246039205236087006068891385717
044002161222237042073107004433397406
131210218147199169214219004435480206
034120099237231225123093000532141517
125228244092240183051073000804425206
062253133244212034078229000804672806
030054086185207180015129593590467306
044025061213205066249253004435041106
016043068168116246215232469960148517
245031229225205167130002004432747106
251103139015064005155192004433957806
124101052194135079171146004432871606
044002237020237042073100004430662206
044026241102237042073098004435752206
109241220074199136103089456323035417
149016102181231225123081000532366217
135079178190215162057076223060044306
047028019080202167131195004432671606
134194241053198033143043000803416306
047109074090237042073100004432523206
021022124068231225123078000535571917
213179055004207023230090052226345906
223007030181237042073094004434897606
224134211245251215113218004434286706
070073212125131115163176526892806106
140169207173116246215079004433940506
092155130002198033110082491410002306
223002244040192135131210000805869506
148080009168205239062133050600506217
044214135091138152126165004434154606
204073124067202030192211004434855206
044000024175237042073098004433878806
073155112254207183152226004434044206
219247248105194038012121553830191106
148003126153116246215069004434228506
087150162134199169194038497280008006
227003145126193065095010004435040506
134187044138199153050217478140005317
044027191070212195070105000804871606
044009208074116246215068004434934006
097133082094199223099141000532498917
117082127093205184043104456400008006
062199080201135079171207004431640906
128106072168207180051185153744961706
158051149109205217180050010265023617
070243079058050123065219004435094006
206240164243207020017195059383861906
196042219073116246215029000805287606
063166173173116246215092004435746006
047081231144237042073096004434738406
237241130097202031040021004435074606
197043153096237042073101000805344206
044002171124237042073106004430334006
044004081143237042073097030002121606
074110106117205032028230236175836606
122028053239135079171128004431924806
076177103211205195127170004432948806
076177103227212227179066004434306406
021068197202199152008035004435682306
141236058164231225123077000535081417
042204053160205071021217060081168217
135214201034212064144218000805670206
100153043242207020019001077006074206
192041176080199153101201495640103517
193095167157192030025101613760338906
141236063004231225123072000533394017
059183152198202024004032010274101317
130004046202192182215181000255178306
073027199013237042073092004435295006
044003061204116246215080004434822306
122065244229231225123090000533249117
032039165221194043122052000253809706
149042099213199221126005092170930917
153233112122135079171128000804068806
044068054122237042073107004434652006
056021221119205239062137004430825206
047081254101237042073100004435913806
070243078224138146060026000802679606
016043068171244020056039375680148517
149140036132064005155209004435536606
044218057175199177243253000804543806
041243110182205126033103000805080006
131174243015199204078097004433224006
149042116181205185134086255650213706
199089017083205180073171339163036317
237042067054237042073094240600008006
016012080213237042073094004431565206
102121203130207020018220607875248206
213179055109205166055177004435461706
057184217037194114124132001610774306
148082029101231225123094000535124517
134164179108237042073126592390016117
106002166137202024016248004434340506
148137139137116246215093118915169006
063174070247116246215071004435693706
099158164219212230042069648541714817
053034026214138030204023184114565817
130004046202194043122030000254941506
237042071048237042073092330680044306
148003126058116246215069004435941106
228079014116205183038124110023866006
034116134107205211041039225820002306
075067180034199192043056080424025906
093047248192139061160154004436462806
047032110241237042073104004434683606
007234225066231225123092000534396517
223014026221199204121178000803961406
228168225216215004018237631491248917
044020136061231225123092000530226117
016003076173192182221166653212628417
116118134065207180012223004435661606
111234250192212030198220004432645806
249158180126116246215084004433696706
057184217040205098235110001613091106
047122237229199153105028093392651217
047174010057244248213093004431545906
140078233117202030115163000803456506
140065118211064005155245004435864806
075225035172116246215122004435424906
070254210234231225123076000534555817
224115018021205251206093000805674106
047161043039138071026037430460005317
105035206142231225123076000532883117
108238247138202118036182059386284006
047038020032205251072219093395011417
087089061089215163006039167620121417
013025113236202024006188000800176406
036223184178194041046019222750808006
073155112250251215148159004432654806
044028187135205183041146004434218706
034230243184050056082029241092725406
042204060035205213162073070080718617
050084215093205199060242268405850606
084107173101122195111160556350044306
119132120173192182045042004433949306
063160196212199224105069004430202706
032191132039244038194172004432803206
225197112107139061188035004433916306
213175202205244001196017004435142806
153095160028138056078024206852732117
212143024172116246215157544110904317
203203204161138152152245000000000001
080082078169199177251239236480312806
047100067038237042073107004435037406
044058007238152098208200004435094806
195084012113050122228221531085695317
237042066202237042073096566580008006
044002161222237042073095004436537006
057184217041202028128222001612391906
238204225096215018244002004434854306
110100128124131115053042467005317506
044007243054116246215085004435208706
097039103027205199063157213440339006
223007030181237042073099004436329806
229015188188199153035181435250103717
063147165245135079171167494740167606
047109173158237042073102004434345206
203046053212202029214164000000000001
131003246171244205010238004435907006
206155108138192029210024555552502017
147233174012073165111178533680044506
231148130002251196218162004435305606
100161238073205249057107593506393106
075067180034205148091006080424925106
075063079092202030130212004431307106
113110129175215255201248000235424106
062242136113207001172249004434220106
002002132227215022050173004430497806
002136110002194031028169004434809206
073027099015237042073092004434638006
016242056209205166047190000531014017
239213054088215004235050052224787606
044004204212205236237202000801006006
044085125031205219222128004433679106
041146134119199208049122004433912706
016012080220237042073098004430722206
243054081014231225123078000535474917
062241114215244038133045004431311206
044058179113205127099027004436537606
248199055200202024007255000801001406
120101209129199153111028030750102717
044085251077194031092105004432942906
044007182046207001189066004434942406
196045152204073165080043628240044506
106202234093205148018249199640339006
016012080206237042073105000803098206
131208002253192182140199614565073417
016012080230237042073092004434954606
044039016193205239061008004432718106
099035066148205180008169004432754606
135084107064237042073099000801702806
062245204133237042073101004434117406
062251129004194017231193000803175306
136053123146202031154191000806015706
094103164237202030247145136450002306
143069090227205164114214000806532806
016012094106237042073105044442208406
119132120171050122184027004432565406
033166223008193241060127442340038917
197043153104237042073100004436211206
037001246168205236228042525752566006
086172226207215176008218527865114006
063175189236064005155209004435552906
008069239061050056083119000805466406
053216131124138145199253321452734817
044049198030244212229043004434373406
156183092131251215118253004432628606
044025010021237042073092004435703606
134164179107237042073098025150425806
044005065233050254095178004434015706
076177103233212230181177004435146906
016003076164194017237222650053733617
044026158093116246215120004433805706
223007030181237042073092004434902606
154005233010131115081132590440002306
044007016245237042073092004431506806
194166150253202028201134477904000417
239213054087205139034180052225030706
139169064229116246215092004435534806
200164096017202028170089298111883706
047119173015194038093242004435859306
036065081127073165069096548600044506
084050250250240063113086075396401417
218225037016116246215092004436472406
243054081006231225123090000535504717
016195143026231225123080000536042717
127242060213198247244191004434946006
197190098108244158139196556820338906
072011141009231225123078000531702917
159020133241215163007138074880688117
134164179075237042073102025154823006
034108101082205251202136252905328106
138002027245215161105111546122852917
206193111147215161031064639773490917
203203204161199136087056000000000001
044063206052237042073094000801385806
109240156130131026013103540630044506
112038195247073165090168019150044506
073027047107237042073093004436204406
106171093226205213185027534362758306
244199180007202031060230000806225606
053095032049199177255188591151361406
131134146233205032018064001230207817
122024154236064005155231004436523406
140255108222050255049114004432839106
055233075054016230162023000000000001
253102008178207020026212001230012317
140066163065194078194189004435181506
112078181148199169220096390972722717
239213054013050254095178004435676806
103173171093205125077046000805146806
223007030181237042073093004435499206
197222188038207009080244419290107006
047034096136237042073096004434804006
128041244143215106052167080802377806
069079086211192029060177591573343617
047122010220199224098173004436027706
047168171093237042073093004433575606
213173014179205216061234052222767006
141183211149202029123084000805988706
130004046202205032024046000254614406
197043152152237042073097267760008006
062227160207205212238199004435894306
070199012158192029211131212610106617
213179051238205216061243004436457906
016012252178205203242009080024506506
213179055094240063017189004435920306
133250109139138056034157167622785217
044060239248205183043068004430486106
044004247143237042073102004432751606
146041215249192182086059595195823806
047048009096205183043140093395997017
253234109156064005155245004436404106
047187194067215007140194004432741806
092016039163202024167137197953543617
197016034018205126032236004435018306
148003126058116246215074000803920806
070243078228207022045038000806515806
213175201184205127099253004433032206
050084201157131114050104128142849006
129174199002207020028220059381565006
204022033024202031147139616102297306
218225159151116246215051483200008006
047100067038237042073098004432165806
007234225066231225123093000535940717
224006059113199224155194514132457917
233051200116138152125013494072843117
058093174124199224098173562275123906
044058124182205194245172004430512506
013216125031199224101042004432694106
062194182206050254094252000804633706
141236059082231225123094000532438517
196014049129231225123079000535714117
134164178085237042073096000804789406
044084085163050251142002000804601206
131026062231135079171142004491005106
044022024150192167126190072755458906
249146105167064005155232004436358506
044095018118205112190245072752688606
021120111082199169205213004434934406
100231035103050065188211620020044506
199156135041205218041111391084152817
016195143025231225123076000533126217
075067196008199220218249000805033206
096196189072192182205008093066408017
044003127078237042073095004430445206
148092180062199204068226027031408006
124101048194207180015003019354955506
135084107064237042073093000802117006
140075251116240183049078000536446217
116247129036064005155245004433369706
016012080204237042073104000801625206
134194243110193065060253000805172706
197015102164205184077012000805224306
047038196097205211122011004436290006
153073162119205180107148000253318906
030214172218219092011204080802808206
047183229201198192205218004434696006
197043153080237042073105000801766406
062200101139237042073099000801988006
130150039166231225123079000534848917
197042128219205113207089000254650506
238225029024073165091091631470044506
237241130097202031168233004435964406
044040218090244029048153004433489306
196054217253231225123095000536173817
239213224187138091026068052221555006
096253193200202028233053000804929806
201097130147073165105076556120044506
239213054068215177242122052222908206
076177103249198209059209004435522306
044048134199116246215084004435433406
062206164043064005155181004434628206
151078200105205183043139005874979206
136053123146202029076125000805091406
253102008178205250094207001235605217
075203062173139136058037000000000001
099029186151073165080113631970044506
072010166245205167130003000255774806
044007212213219092051161004434301406
213184192027244158083125004434107606
107036246075139180038212294370782317
128121247014212230042126004436042406
206217174018198247235138306036175106
103091098154205032022193004830005317
112096067051198247225209348362713006
047169047038212197085139004434460706
050075150025202024007109320052304506
066138216024135079171071000805435006
022196123051199153033170081040134617
044027081128237042073098004434053406
149042099141212034105192092172646117
044007016245237042073094004430387606
072011141009138030251129000536141317
110127085132205112188198547604616317
119142189204139136058114004436394806
070112080202193065115162317720002306
062248084111199153099215004435901006
016198086057116246215087354560905006
033241125155116246215075004435403606
034020007243202031094107223865775506
037023081181199224159048004455439706
223007030181237042073107004434605606
210024117127192030221044415700910417
243054196204138056035109000800481206
213173038243212034247184052225989806
111024135031202029229106107426244717
194161026207193065059054225645965406
131143133229207022025037000533233317
123188126105192031165222004430466006
147138054221192182036181000254483706
047111158061240235109089004432693406
247003137108202167047011000806434206
200124200090252248025120459770012317
086038150220198247235138279162177217
062252203107205212237251004434342206
048166059155215255218177004433330406
208191034172207001130205004436060306
238020106161205055142244004433482406
211038050137116246215094004435225306
033239237020198255185114004432601306
048167249030199152105230000804648806
044068100254237042073093004432702806
248199068125192182053016005874069606
002002132227050062114068004435288406
140065118211064005155245004435202706
213175253228205216063177004432625806
044201196116064005155229004433321906
047028084145205164190058004432642206
049196096176205127144218004450608406
070243078230202030212084040086151406
075091213059237042073101004433448206
237241150054202029009129004434176006
047123216041251224005137004433778906
047034087117198193185026004435792806
047090206111202167044253004432663806
074146002205193241061248010263373417
223014026255194043146249000805185206
047119204069205216101084000806220806
033037049144215162057212004435201206
044087232235205071132225595685581006
156194059125244038134057000913590406
128249210154215004019210033895955406
213187199230244031011249004430649106
148068185187205239062137000803954206
200162039061073165089062254330044506
035139140091202028214099202433476317
231120120239135079171128004433440106
013159165247205194215054004431008006
218225236073064005155134000804314306
196092076190116246215074000806287406
044084085085198243182050000800174906
041149159087202030147050099983476206
135084107064237042073100000803343406
147108106053073165069060502370044306
072011211076231225123078000535753717
002192231134198247235138191846192806
063173123043205139035125004433619206
055233073158237042073107000804060406
050084201162251073189178000802829506
007232075044016045106041000000000001
047100122012237042073095004430753006
151004013058202030109138004434934206
140169207157116246215085004434842806
044025052213237042073107004435277806
140169207146116246215085004434921406
237042071024237042073098004432775606
136227068188192166169200354190002206
131019022105139212124060080801328406
033241125179116246215076004435466906
197043153078237042073101000805244006
134233127038202118053111004435087606
197222188038219092126216274940338906
044002217229237042073102004434144206
148044157145231225123079000533723217
238174092028219092011204100202806517
047081091076237042073092000800888606
112079010130215163006231364680899917
148067222062244029050018000535494417
223007030181237042073104004434155806
148092183116199169086043027033746106
131099069079064005155189000804489706
057184217043202026035037001613747906
206215161045073165228109029570044506
213176048252205127099017004433827906
087078204203212030198220346500102417
238204094125207183023127004435887406
213175202142212034247007052223696306
130004046202212230172242000253585606
016012080217237042073106004431162206
099113245225192022160239230261340217
073138248089205185136206000805395006
047169233179205194209050000805288706
070243079058202024007041000805468606
237241143082205098029167004430351306
047100056104237042073102004436369006
055233073152237042073101000802661006
047024153016231225123093000531903017
044200100116194114091138004434756006
049105203240205211056089325070038917
105171107243199220209131000233507706
016012080222237042073107000800455806
033228141158215161079250004434415906
130161042173073165034098618590044506
119132120165199135047188004435822006
032210046111199169214062254612190406
100125048003205113243133278811958617
204212185138205199057216409990002306
070243079058202024016052000801986806
123190109103207183158128082004739617
044008052214215161087110004435030806
224115233227205125109197004435395806
047026034015198231053138004435104706
047101025201237042073092004435211606
144190225118231225123073000536279617
047168173059064005155233004433611406
223007030181237042073098004433182906
041144225102205216103180004430191306
050063184169050123083029000256054606
016012080206237042073106000805769806
047036176173205250089072004434156106
044004081143237042073092030003110006
086039240034205055132144010742392717
229019246152050065189150559390044506
044003214238237042073106004431313006
047084229098237042073099000801317206
223007030181237042073096004431709606
140066161130064005155234004436503706
135079191087135079171063398520044306
044068041155237042073102004434711606
150103143168212197255043231785575117
047025127151207000064210004432751006
223239026122050056082031004435388706
122144003051192135136013082925770406
148094169017205099154012004435134106
047033211166199177093130000805067606
088090114109231225123074000534893517
047036153007138152126082004435368606
130150037145231225123091000534186717
044201195042064005155209004435465606
075000118028244158136216004435298006
084044250206251000112221368060005317
251103139035064005155066004435472406
223007030181237042073093004435954406
063174140146212195089174004434958706
131092242153194017238073050634995306
102223159115198254091122595005805306
202217215109212034165122572750933306
233006094163215006172182270235973117
013216085009244205139197240401104017
047169088063237042073102004431107806
040244221208205211058035379010002206
047119176053050056082031004434647206
021120125185215018247123004433390706
141236059106237042073107000533151617
047081126041135079171207021812659806
062205072192207023228133004434068406
076084179115244248205087080643395606
070213069045202030141146562191688106
121152188114131115160074000804917106
193140198201016233080118137880044306
227092248222231225123081000535475517
064009091206205166055177580652449806
044208181144205216062163004435046606
047119167081251073161118004436265806
228079118018202031026196004435917106
076084236255199223103119080794358006
201204151125073165109150535580044506
030214173014192182003204004432676206
249070079098215027089245001230012317
016012080228237042073103004435399206
008072209240198209135060004435541106
245098073035202029052161170233240006
223007030181237042073101004434235206
141236059113231225123075000536027217
206202185028199204085034068895758917
073027177001237042073099004430338406
044068123008237042073105004435419606
047183136179205216060228000803519506
213179055072240223181066052223632506
112122204126215004019210033895292906
073167154222199153059197004432441606
204140073160202028050022089991450817
238063111209205148092030000805408406
022196057093198193187150081122835017
197134100137205126137100453692577317
059183040055212195217073502730044506
082242143059199224099045000865106606
237042071036237042073100293860008006
237042080196237042073107000805401006
237042093021237042073104004431649006
149158111124192030075020088972623006
197095110132240063017146180190116817
044058164036244001171150004435821806
047160184017237042073092004432933806
213179055065205251205008052221827006
012228051229199137137243000000000001
148067222062207008087034000533535017
047119206115116246215068004433642406
044002105251237042073102004432778006
064004255032194038152203000532769517
223007030181237042073100004430998606
119132120165194102255065004435229106
053085089118192030048230544981005306
047100144058237042073100004430816606
062199082095116246215070004433808806
213176048002215176003242000802894406
196092076194116246215069000803689006
073171192114199136103053004435061706
119142160192240063017189004432669006
047187093007135079171198004432359706
062244202235198231048022004435132606
044000190172237042073099004431544206
073027099015237042073106004433102806
044027144165237042073102004431556606
070243079058202024016070000802327306
148067222062244158083115000535865217
100124185199205166009062004434950606
224115233227212030157184004435073406
245098018073202024005046090100133617
131003246171215177242075000800210706
091177248076192182193067426280012317
041241100147251190074029004434387106
034120099239231225123093000533120617
047123095182207012138134093395945406
152227208237202026203219558990008006
013158167205205239062157004434333206
073171192226215006172191000804957506
202217215109215004242075572750988006
044222132083199224151157000800281006
224115233227205125109197004435395606
096253233186205113207089607030108006
197016034018205218041081004435054606
062194119127205199052207004432713506
133093033031073165059188598840044506
044205200176199169023070000804509506
114242108254199171108002000804915906
124210139068192182213205004435500106
070214201202202029044062521356381617
044001110112237042073103004436353006
074112031067073165108142356710044506
062200101139237042073094000801886406
237042080224237042073095000803129006
141218041175198254091153004436473406
083179252224207009247138038002796017
231148130083240235108140004434992906
223003064142138146063139000805652306
073027047107237042073093004435271006
213187199230212227179002004433609106
016012080221237042073103004434432006
097160049203205200226101398402944117
158241092037215019073027113756468306
214158073035194038082237004435017506
044070087209199137232025052234729606
044001223116205239048153004433858906
016215040196199152013242004432787806
047119176053205236227163004430489606
047100245160205187188205004433716306
142152160113194100115016482034464417
044030142210205066252154004435752306
044004213176237042073101004434572206
226136038153202118066176217910002306
047100153006205126037147004432682206
131024048041215163189165000000000001
098090051075215176008226206390353517
253102008178205203244210001230012317
070243079033202024016159000805869906
078021143176193065092157016246445817
203203183253231225123074000531257717
134249009026116246215069004433663206
048163150241198254091141000803492306
047119059201192132094126004430157506
016146204198205126032237564670005317
213176048054240235109102052222820706
243054081010231225123078000536289217
103245145125205184078118287105787417
044000015180237042073100004434448806
245098110130202028144203060084361117
134194243115193065039054000805997706
047009045069116246215074004436209306
072011141160231225123072000533188817
113174230028131026013139574590044506
090051029223252248025120530190012317
137186061019073165080206600040044506
016012080229237042073096000804203606
204123133083244248204046000000000001
124044162040116246215073004434086406
057184217039199171103106001612889006
063163013066244248043249004433535906
216038076081207001013044033065494306
127168149027202029089114070764924506
129033027033215163004045004432824106
197155091172207001005151004435456006
097132228177205071034225000534641317
047012238170205126032234004430363606
119163139054240223013199099105158717
016012080217237042073104004432027006
237241146012202024006123004431337506
062228206013194043187076000805289406
066138065068212194042021004434548906
113166178156138145199245647945994206
062194182206202167131130000802697606
047123078021205098232254004433695706
047012213098240235109058004434307306
200175059079202028024230000000000001
044027144165237042073097004434975606
073155098053205113192255004433661406
208016109114199171104072652242800406
016215038220244089083201004433934006
140169207146116246215085004433761106
231148133057199224149004004435567206
213175202124244029212118004430441206
213184192011205218014178052224847106
073146245008064005155100004434810106
123207180214251108226013160786113717
123188126243215167248153000805747906
047105075102192254119102000804429906
135072013212199136091065417294192606
104098161066205187188205459382145617
128113033087116246215086004433541206
053053167050073165089179602730044506
141236062250231225123092000532586017
130004046202192182209146000253695406
141216184215050254095245004435877106
136053113076202024006032004432760206
013025156232202028161217000805154206
044222021100244003004038004433818006
196043026097231225123075000533751817
131134146233192166169190001234142317
062245058127116246215068004434161906
237241130097194017237076004433074506
055254196250198231049133499805202617
013216092177212030093150004431230506
047110201205135079171142004436412106
021137022206116246215095000805858406
042052170007050065138145614630044506
016012090101237042073100316920044306
212143024173116246215242436170904217
096036045095205218157198004431308506
047170001253237042073093004432983806
044072079174199136009036000253093106
076084087163192182061089557455804117
073171192114205180215009000801257806
007205028221198247235138137095930706
217242007040199153107181087662704506
213176048157207183080054000804834906
044026165004199169002059004434214606
197155091172194078209063004435495806
002053098177199137137243000000000001
086229045115193065103166212285561806
044006122120237042073104004435624606
044068121187207000086042004435796006
042204060035198228177145060082664817
127242060214192182101253004434931606
202217215109139096109078572750944006
044050048081205236089095000802222106
109115077178198253195178462030002506
016012080208237042073106004431532806
044222121162199208062048000804895506
044220067209205167104077004434633606
136053123146202029139126000805421006
062196184068202167131247004430165006
044023023224205218013123004434213006
238041038218202030187095000804989106
150052167099198032083245100450002206
044206042074135079171145004435850506
112173020212207020027062101980105117
079121155114198231053104501480002306
143089160213199204120130004432706206
123188126104212064071016000805067806
199079132195202024016087610052081106
136132107110199208061122000536038017
047082217022131115180168004435942806
044024116039237042073101004431757806
149164124168215177155242004434832206
073155098048244003007254004435373106
016175038146192030218203050565253217
135084107064237042073098000805559806
101003140104205251205243571790133706
016195252111064005155180000806300406
016012252178192166234024080465087506
047114192123192029092205000803890606
044004112121237042073098004432957606
218225091067231225123073000534120517
034080172094205230090166374860002206
148068184009205166121052004435089106
197122065207215004019129004432611806
213173043229205127099105004435178106
127168149027202118016158070794305706
079105201025240063113219323470008006
073025015107215022057013004433583906
008074003158192182067052000803757306
042029210039202031130249229781686917
104010090144199169014182534675592717
044074021013116246215077004433484406
100222202150244127157196519005900506
044222021035244001169249004434859406
036218200065199153057170369360002206
129023209110215167248095004435652206
201023131093244248205083536534524106
213187199250207001131073004435548606
130150037145231225123073000532776017
047160006137237042073104004434914406
156240066081199169027093068815493706
237042094130237042073101000803794606
124142122160050123082090004655254906
002199113242205239062025267884954717
224005114202219092011204509691969817
034044053180122195111160503470044306
231148130174199168155059004434956906
027136163085202028128061000805578006
016012080220237042073096004432582206
047169094069237042073100004436041206
098173073149215163004187030740102417
213165164238138146063209174995755517
062193226142116246215084004435150606
047050183238205213189137644120005317
062205137051215163164223004430642506
042204053175205126032234070082696617
047090212083116246215086004435501406
195096091060205127001250610792253606
080032069114202030183233343671800106
053030237065215106210091606880930617
050084201114207001131121140065018006
213175202250131115180167004435941906
206169107023202030155086115725431406
200162205074073165091015322080044506
218225090017116246215092004435810906
114028059234194043182153162983462817
104160174131116246215198019353754806
204104075121205167104077089995200717
044000024175237042073098004433902006
119046101194202030134065099985481606
223007030181237042073103004435747006
119132120158215027045126004430299206
030209178035244212136228526375983417
126002222192205218244149004434816306
158050247185202031022105452614626817
062202173206064005155148004433656406
113175002229205216067105199800504606
080118100189073165105089617930044506
214025181170073165064187293040044506
070018138168215106046044516301141106
119132120164198209159255004435361006
080209087135202030241077112776269406
153173183093199137228014000000000001
128150005072207001051085004655868306
141236062224207180012223000531728217
075063248032202030169188099980226706
149144017214139180035035573380005317
047109074090237042073092004435672006
047034184031237042073098004435415606
127168149027193065080185070760139106
210061042133215177154198052225022206
030015095027198255186198000000000001
073155112250251073192102004433428306
030214173012192030029134080804980106
044000190172237042073100004436298406
113175002229050251141221453070510006
062208108038198254091125004435118806
140169207204116246215084004435194906
237113105030231225123094000535982917
047187187099198254094250004432775506
141236063126135079171104000532620417
044024098189116246215079004433321406
134194243076193065002165000800720506
097219019048205239062103076350008006
062233203244244038194214081025869306
231148133119199177186214004435472706
044069144230205251205237004433101406
047001154140205251205243004434819106
244200094227251100210164004455834306
070039106173193065093089269751623606
195197158055205184046251293940104717
073146107158198231053189004435071006
237042084201237042073101357060008006
215018220157205249051081333035080117
070243079058202024016121000802741106
221050109200194039060060004436528617
062196119218064005155229004434272306
240083101148205125073097004654608306
237042071025237042073106378900008006
134194243123139212115173000804366506
107103098096244038133045597076457506
210039051046139180038212514135446406
016010002168205200243192050024928506
109141008006050248122215001234084117
044026184077240223029005004435324806
243054196213138152126210004435176106
100197034183202024006206004434031106
213107184216240183048189595105413117
016215208159237042073107000801761206
140169207146116246215085004435480306
044025002118205164191110004434959506
213184192008205186046115004433552506
075091212216237042073095000806359406
135084107093237042073101000801536806
227003145126193065000178004434958306
098151122129251000115139594022124517
062217216202205167105228004433410006
070243078230139212126114040071408106
044219076041202024007255052235502506
197228082006215013072176155254995417
016012080230237042073101004435146606
201072135153231225123091000531756617
076177102195205066253151052225774506
053081044141131026048100020360044306
062194134198194017229143004435799906
245212074040050251140052601430002306
204107119087244029048170548571990617
016212135166205216060013004435343706
089237108178205055096246180706366006
128012246224231225123095000534758317
131190122252139143018199004430570006
231128055195199220213085579860549206
016012080227237042073106004430278406
016012080221237042073093004434218806
084193221013073165054016560550044506
090054134065050065249138648160044506
109175254147199153101049406000102517
016246194083064005155200004433617806
131000192059193065060201080801871106
239213054001050254094253052222628706
055224240045199208057153004455947506
047034214121237042073097004435575206
047011032231207001014066004436294006
251103139226116246215052000805946306
204176026073202030006130068810688117
100239044038050065235210618130044506
064004255193207022024153000531372217
148091247183205216067058080826241806
197169160116131026013081500410044506
016012094105237042073102044433748806
002088013222251190074029150336257506
224134233034205070222170004432652406
237042071040237042073106004430312806
075062217254205249040218000804892406
196043026097231225123080000531716017
044030157084205230095077004433630706
237241130097202118039217004434380206
136053080180199153096032004435667406
089234062018202118095159549080002306
202217215109205218025128572750977706
223007030181237042073093004435500206
135187236120202030133077009935748706
107222099085205167107229158565072606
132143190030202029101215000000000001
114076237110116247217215000000000001
072011018228244067211034000804719506
058060142117199152013237496422571817
034108090061205098239253579580808006
153151152169231225123090000531419217
238063188227202024017059000800981906
062209234221205249051077004435049106
088131075058205239062186086004768506
200175237139073165172084399840044506
042204053233139180040143070066092706
114042205142244067209230601355195506
087104035144205066255028069145458706
130150037145231225123076000530892917
072011211076231225123091000531466917
197091195129215255116179088834384206
030211135000215018094124226222363706
146111212089244038133045362650740006
063170158018215007140194004432772206
125006135017205238230214030742732217
131134146233240063101230001235095617
129023133216205250036162059384921306
122027138107192030091102000801422006
211253200204139130007194592996275417
073155013102198255165210004456011106
149042099141202167044253092175895617
057136252193240063114060108880008006
022196071156205166050186081102701006
245255228018202029165171053743983717
077023208110199220222099199930409806
149158096184199152015185060603127506
044002161222237042073102004434655006
044009107186199152014237004432274406
044027105057237042073105004430946406
047081202150237042073104000804015806
044003214238237042073103004436149006
044026213167205032251043070652633106
223007030181237042073096004434791206
044222224099205217254185004436545506
134187091098207180012223000000000001
101134087097205216101100388431539017
049099198125016229025061000000000001
044068047245237042073104004432614006
079001067127202031130249548355432317
213173043248207000086042004433037606
047111122036237042073098004435333606
069226255054244031127217235250888206
079117177253202024017058052225123906
196054153200199168152205004433981406
137207138153198247238220534902583517
067027153161202028027112521515012617
131003246171193241061025004435491506
062253173053207183082178000805808306
044025190174244248042022000000000001
050084201149205217180050294685243506
133041068146192022168193583353343617
133038232194205113200070325500360706
223003073010192029186012000802770206
113174230028073165065067583140044506
076177103214205066245181004430235606
223007030181237042073104004432353406
140065118211064005155245004435207106
049196070034016198224160000220008006
197155091173202031146112004435605106
094136129054207183080198115133877717
077025040190212195070168261682294717
146073064006073165110130610550044506
062200015099215019149194000800181406
044084085116205218029126000801387006
238041127238050121119139000805027606
213173027126207022045110004434735806
070243079033202024016147000803816706
044003036118205066249171000805196606
111249253122251224004248000800825806
044050179074207001170186004435628606
016192223144205211056090000805517706
016048117053064005155247004435693606
044222227076116246215070004433835206
047012088140205194245048004431692406
231128055195205251204109579860548006
119049203130231225123090000535452117
114123033205212034105106068892526417
073146163026202118047253004456135606
239213054013199168152219052224615106
130130131075205250093172620782613906
033228029059199169223188004430200906
151045153003199153102059284370115117
101160237152194031027161589870190017
153071177213139061080218004435370106
148068184013192030035214004433712206
220021136255220021119250000233868206
204237135239202029027055517300688117
076177102192205251075006004430725206
016012080211237042073104004431787406
112081189113207001003132001235298717
202217215109198247251218572750255506
237241146012193065082149004434215606
007169040130202028168237223110102417
044008073250138152125118000800600006
223239026122251224228054004435137006
044002068021199137238179000805255806
237042071033237042073093618000008006
047009070022237042073092080024224206
097133087114231225123075000533359617
047038233202199224149004093393568117
099141102233116246215118645910044306
231148130057244067211086004435130606
091029124200244001019047000800737706
112079100101205249006064535642817106
047034184031237042073100004434230206
016242056115231225123079000536210017
200163189173073165080109600930044506
085040164002073165069248654780044506
135210009099205098236075093065297506
213176048238199169002109052224857706
115053057076199136009017306320012317
196055135156215163164234004433695106
016012080223237042073103004435598606
248056027113073165228156563270044506
148137206218205113201176004433762506
130063022021073165104230641340044506
134164179106237042073095025150233206
119132120180205125112121004434251706
062206064030207001130205004433431506
044000015180237042073104004432769806
148083148054193065093098000535547717
044049149253199224103233004432636806
113114211113244067209210654913362717
213187199235205194212216004435904106
122016143082202030053228004434118606
047110160103237042073099004430922006
075009186254202030145254081016320306
223007030181237042073101004430768406
100118152145202030107176492515877217
198061018140116246215059505300008006
093031237028050062035152122101377917
148003126153116246215074000805511306
131134146233251108224065001235656017
233101231047205200025043004653775206
073027110110237042073097004434654806
015043163112215018092050000800163906
113175002229205216067105571930534806
047112113240212230060002000000000001
007232225047116246215066359150044306
236204016096205180050239010260688117
123188126106205148091062004435334106
062207173226205199057051093394338506
225197097013064005155229004436516706
106162043116192167126179613733598406
016012080226237042073103004435092406
195135006201212194144247547415625717
130150037145231225123076000533752417
044085112006251215115082004435426906
016012080225237042073099000801075206
218225090018116246215095004434808206
044057093241205250088077004435417106
218252053227139218240061208906033717
044039184210207012132212004430214806
213176048057212227177082004432982106
062227160207205250089082004430477006
058001003099207020027254059385359006
097133087114231225123080000536348517
047091071048244248213085093392675306
109092134127202030015156620820002306
075010149112202028116104531364984717
213175201180240235109118052222044806
002164213021205201092118648200338906
072044206023199208157199591290044506
049196070034194017238227000220008006
237042093051237042073097004431683006
044031085088231225123072000531948817
136053123146251000115141000804717406
253102008178205113206033001233951317
197209039097205218042225019820099306
044002105251237042073105004434157006
047185187116116246215095000805156006
128183041189050065216041535770044506
101160237152240235016039452810190017
016215051108244158005244004434031006
112148147033244248165093343180854517
034080172094205230090148353550002206
079045088002073165110044307990044506
016242056208231225123077000533023917
049109078082199152109044494950002306
204160039111202030125195636315298517
041241123204199169020212004434855906
237042093042237042073107618940008006
055226116101192030098125613942958217
135211169116194041044071004435540806
239213060006207022045110052222746906
053181166228205070222205043271995406
085024235079073165065166546550044506
042204056168199152015183070082519617
213173033198205216060222004435778106
007237234147139113197164519870148517
047184206091199168232031004434154206
135079164032135079171185004434118906
208070209181244212229107004430109106
223045058192212196232090080304977306
076084179115202024006015080641471106
085217033087244089055174123120555506
114079024024205139168159540720005306
127045103210116246215077004436366806
127101028082215177139062638956199117
196093065108231225123079000531385417
124101052205135079171132004433688706
105035211042231225123093000530918117
092019103091192030101244005874643406
047050094177244248042022004435976706
223007030181237042073098004436390206
135243069076139218240189004433460806
211038129096240063017146004433394217
055249121079016233083247000000000001
044001141230116246215071004433747106
129076118182202030212113000805991306
030015090211215167027047004433847906
044002161222237042073105004433958606
148022087037064005155181004435410406
042204059170205213161154070084533817
249124101227116246215095000803874506
057184217040205195146139001611137306
149042099213199192038180092170930917
148239228173231225123073000534241317
118122079027138091020046000804988006
062253026148207180189166040014160306
047049167169244248204037093392960617
070243078214205166208241004433858606
047094133160199152013247093392974506
141183211149202029255022004434383606
222069115138215162059075579400044306
237062027022251196145111411870899917
075165032149237042073096000802841406
022195114164251190011114000804517706
237042071045237042073248020010200117
126064150185116246215076094824057506
253102008178215022210102001230012317
084231155005205055128077109140143306
062207024087205251205145004435371306
201207154161073165080150619120044506
047081091076237042073103000802721606
237042084195237042073094291600008006
119033047068192030057071005876054106
062211212115205239062025004434439406
248126214187192030101172084754469017
130142054113244038134057493980808006
139202028199016198228239624630044306
034080172094205239049221213080002206
044025210144199137227091000801783106
155216242121212171015084369080002206
044039227007198231054074004435854706
128087134179192182060151004655388306
099146210061205164116190010681257517
047188004183215176003159000805823006
223007030182205125083120004435854506
247003121221207180012013004436001706
213175201181205216060201052223858406
047033082018198229191002004432686006
213173038254240235109045052221058606
016215208159237042073106000800725006
111075138057244038133045342874532806
101088249058212230063158004436534106
195163095120199222142128508930688106
044006091002237042073097004430618606
202217215109198192229123572750255506
141236063182231225123073000530168217
089224140029215255201248000000000001
086038150220202031137135279166127317
104160174137116246215201019355290806
044058077140212195071106004436021006
048166087132202024016004001230502706
044000073176205185134091004434985406
135187224183202031135107009935783606
218225090019116246215094004434782706
064004255129231225123091000530675517
111095171190207008082059435780103317
213173027111205187185082052222646706
101089000248073165089132619430044506
125228248195212194088082100863822806
215180093109198247225039223925314206
007232224050116247217133000000000001
086073244186073165172080576580044506
016012080204237042073100004432298406
048180136105192182193067149390012317
202217215109212195216242572754555006
048165149189050255212237100882052817
243054081023231225123094000532319517
237042067060237042073101004436201606
076084179115212030147097080025202206
086106156036205216101040000806471206
148083148055202030118081000530660217
112086120224192029092205052223557106
235201107094205180073171136533036317
027052033056212195069012642990420417
044039016193199169012173004432794106
016173086204116246215087000803613106
135211169121194031089251000805266406
082229176141194017228119106290044306
085048209052199170235146567290789117
237042093036237042073103197560008006
116069050254050123065209000804111506
034040180011138152126226000805820806
076083244027205185134078000804779306
219247248104202030097232576140090206
136151110106202024006198000804254406
238020106122199137227029004430987806
044042096004231225123091000532222217
062205145019116246215084004434872706
016012080210237042073102004430288206
044000015180237042073100004435858606
213175202104215161115129052225245106
088046033130199136072105150000382306
073024254225199171109056000803305906
044040218090244029048153004433489206
202217215109205071041209572750833306
096189040099215007140237000000000001
044198013184202024017013004434973406
122064109002231225123081000530816417
044206000003215163164223004435150906
033038140217116246215092004435812306
070243078224251215148151000802683306
119132120173212197255138004435076406
047100179217237042073093004434488006
135243027110202167000144052222654206
015152176151194043146191004433819606
044006157000237042073096004432970806
075009203237202024005143000805932706
127107225023231225123092000535297317
133071156222205249007065366935422506
063172210172205218074002004436146806
097132228080231225123091000532090017
131003246189199223117005004434985006
099141148218198192035231429190148517
044031070029207001130247052236042706
008075075210205250088240004431070506
050065236196205218153015004456434206
047187194067215007140194004432741206
048180136105192182193067495020012317
085124084142205183124064387270143306
047183136179207001003110000806551906
062241042061205194216101004436049006
141236058046231225123093000532021217
044019036194198193176013004432753706
002212165113193241063168237553355617
135080010066231225123075000534660517
247003065126215018244002004433681006
253102008178202029252025001235343017
139185148133192182151211005873675906
079121155114198247230124351690002306
075091213024237042073107000802074406
127168149027193065015057070790626306
044008052214205211030071004435388006
149030079079240063103082004430950606
075091213015237042073096004432159606
194171164131202031058247113815478006
070028006124205249054074632910002206
030007090057240235108140607143271417
070243078216212034246185000000000001
062241042061205194216101004436047806
047185048241139219143054000805935206
210030029151215162059203004436049706
073026208156205203005090004435270806
244200097154215106211022000805099706
062196119218064005155209004435551406
015068141022205218157155513790113517
130004046202205125073042000255969406
136053096024193065123173080805910706
047123180151199208059010093393670217
140065118193064005155245000805572606
044025231187192029209047004433974306
103214029044202031103087634120002106
130080010038202029195057349296225117
016012080234237042073103004432530606
073027199013237042073102004430290806
044201196116064005155229004434397106
070243079058205112116047000802775906
134164179104237042073094025155017206
072011141002199224100173000536404517
021120124194199169217234004435867506
141183211081202024006237004436077706
124117015124135079171145004431007506
131134146233251000115138001234487817
040250066217016198231109000000000001
101160237152199137224039589870190017
053147152243192029083017497902653406
030024116181073165054133577220044506
062253047100135079171158004435829806
050075028226202028087221081014930406
044022069105205138232133000804143206
048160011239139218240252598440808006
231148132108215163183028000805434506
213176048027050254094249052224328906
047011147048237042073101004431772006
237241146056202029005231004435614106
140075251071231225123073000533301217
112081189113192132028025001230175817
218225246101116246215036000804220006
070243078224202118024057000805480006
016012080210237042073099000803018806
244199180007193065009162000800340506
127168149027202118054182070796143706
213176048152205185134072052224622906
090079189016240235019150484760143306
218225159168064005155102004434326006
044035245178231225123075000531171517
016012080230237042073100004433915606
201023127150050065216047330780044506
238020106122205236089077004435146206
243054196210205219175189000805471706
041150227104192022169246004432670706
007169180139202030006105068816047617
021120110120207022029227004436368006
114242108225207180012168000804917806
044006157000237042073095004432636806
075010177186215007236204564722980617
056001144212240223015191004434559606
062232067228194043188207081062698906
213175202251215163004190004434214706
223006017043199169193253640770008006
197143138162215004018234004434547706
044205176085237042073093004430411606
101246139075202030153042633624482206
042094228219202031152145104114542117
073131085061198243029023080805540406
131092227141215167248090004430499906
044051200247138152126233000802669806
243054181195202167044253004432681206
040110051155205071020216514132254817
070028006124205249054147624100002206
194176182146202031041184552313107217
148003126058116246215069000804164406
131082226199199153048250000805103206
131190120055139143018199004436293806
119132120180198254094250004436365806
075063248032202031054214099985269406
237042071044237042073097004433508006
213176048053244212229068052222633106
155038086105205239048154000803671706
129021168173073165173129417730044506
243075193173240063114060535310008006
075010094033194102241181004655125306
016012080229237042073094000806213006
050074105080244029032013000800361106
148104202252139219141093000802526506
041241028176240183051073004434213906
127165136137064005155136118913966206
047025075137199208059180004435983406
075099097153212230042069602451714817
209095102156073165109195628150044506
050094074196202118062121175553577806
238063074219192166174044396100002206
134194243123193065038133000800200806
044007049164237042073094004430712606
079001225037131026048212587730044506
197206130114224134174031019940044306
047100205045212197254063071714968606
131000237118202030113031000805089906
223007030181237042073101004431781006
052073025250205164098226004435576106
124101052200135079171142004433333206
100208217209231225123080000533782717
154026093201122195111160478220044306
130150037145231225123093000536095517
103250011023205184077093004435409006
044002234002202167044253004432784606
122030155113207022026073361353343517
053173166213205217247140117171138406
238063074219192166170099400640002206
034108090061205251202136464875328106
143234087238202118089157000804915506
154051044056202030009013422360002306
057154025200205211052062312160002306
196043026097231225123094000533994917
044074201225205167107229000803905906
131134146233139180037083001235031017
197053130000205249010089538913387717
196093065108231225123077000534154917
062205136207205138232077004435992006
048167178066244248205072000806003006
044037073134212196232125000801201706
049089171061198240073195619000046506
200124200090192182193067459770012317
201138153173138030201040633235907917
044037062206205066250198004435883606
237042080202237042073102004430876206
044004223178116246215084004434051506
027249245063205200145062199140900006
047185187116116246215076000805265406
208229082224212194052028108955390717
041144137250194207240033004434411806
213175201171207001182076052223126006
111010189108199177255202292382641906
137172118035251100165146283200177317
086106156118215027187240000804419806
013217245214199177251097240305433017
085247226186199170237173004434017406
088089240163205184036200000000000001
148019064012231225123095000531461117
044203029060199224155225004435059406
127168149027202024017196070794285006
016145222019194043149148493194994717
057014007115202167046207491600688106
030214172248207023144002000805772906
217227132207138147089186031285368606
244200013172139072053034000800982706
213184192000205187185093004434368806
016012080212237042073103004433866606
106215144138194017013196000255584706
213173038226138091022122052223098606
202217215109248200054191572750299006
098009060244139218240154337855449917
040035122116073165089217213270044506
101214198254215177154201247822687017
131134146233202024004043001236097717
117204029198244158005052343671890817
203188235254205071042139581030002306
197143138162192167239065004435569006
097201216215073165111216597950044506
047081231144237042073107004436492606
070199181217202028166251367195722017
119132120170205200247229000804924706
232188068255244089052140000805174906
124085179020199152110131000254048806
089188079127212195130054260853145017
062200101139237042073092000805717006
016012080229237042073094004433854806
044001146208237042073092004430778806
103099101199073165111041512990044506
223208143086199169214025000801991406
140215073151205166055076022570225717
238204247037244157134194001356118406
196054034119194043180211004434808806
131134146233215022057137001233745717
213187199253198231049141004436372006
140169207146116246215068004433870606
141236058236231225123075000531550217
109210154009244022254027557200013906
206157062246205218008153050583804417
073138248089215006004166000805020206
016212138200199177082124004432634206
044004201065237042073099000805659206
237042093050237042073105000802943606
075091222085237042073106369280008006
053219044207205211060185049350338906
021120110125198193185065004435754506
223014026255131115050174004432651106
135072012191212197255252327914444106
021120126074205032022197004430517306
143170201007016238144244487840812906
213176048018212034079078052225869306
002181183019205236085045150075720617
047033146254237042073092004435940806
044003061204116246215093004436549906
141183211149202029211052004434973506
134164179107237042073093025151844206
034082007166199137140173312930143306
044222189026237042073102000804435806
198140013149064005155186645660008006
214019088031205218158241622595271317
016012080225237042073094000800494206
066138065068251224090095004435428706
213175202250212227179141004432661106
008072209240215255116076004436516106
016012080206237042073101000805756406
042093107038205200149026590762668006
226025203251231225123079000531509617
218225234211064005155229004435790706
062226166136244157168169004434669206
226154176178050062034037004434360906
044003159019237042073098004432803206
044030181090205219223211004432667806
193253187203116246215026499800008006
073027099015237042073106004430819406
002157018011205249010089212243387717
135084107093237042073106000801075406
080113140063122195111160021940044306
062196185181199177248178004432859306
196040118217064005155102382140905006
062245204133237042073102004434589806
030128052047073165228073518850044506
196043026097231225123081000532603217
048181080127152098208130068680170606
195125067041192135131152632242009406
213175202243215177242184004433309006
070243079058212232088050000802718106
152074031021237042073094004433232406
050084201114199137234143209725517006
092019103091192182010050000255966906
228209162153198240075009004434307706
140200069215064005155102000804325206
140169207166116246215094004434448606
253235140181205126120223122505086717
238174121177194038149128100510165917
047001247092202167044253004432653006
016012080228237042073107000802030006
076191125006139219141245004435078806
047081085032237042073100004430837606
044046158177205250089013000536120717
130004046202192182056192000254103806
156182241209205164123026047730338906
231148130152205212176179004432623006
032171105033202030161048099984988506
103105140223202029144113010721748417
113103218147251224032205402774866017
073026208006207183080037004434872006
131210252196199169214025004431541506
074164206164199152013194207082698517
237042076025237042073103155560044306
033160041162199152015185000803239306
193242128215016198230169495500044306
116247053179116246215116354050044306
240202042141016229040197533430008006
211246251233215007140194004432733906
055233073162237042073104004434367006
218225236112064005155134004433467606
081010232051244022199168128845187006
041144153025207001010061000800749106
206240162231199221119117059385964106
134134130249237042073103004435252406
140173240065205066246012004435335006
070197207007207001170186329826066906
200016113215207008084059000803813006
135243027122198231053138004434553206
154181029098207180048013000225529106
239213054013198231053138004436026906
223007030181237042073104004432272806
196043026210252248025002000535410117
201193198120198032148210232710002206
253102008178202030135228001235545017
075255020091116246215122004433681006
200174001051202029098232068810688117
044009165100198193188208004435270006
044202160061231225123092000536311717
044003062111237042073098004432754606
230203221204202029162207045005044117
055233073154237042073095000801845606
131134146233050251142041001235332117
047119051245244029048153000805066406
021120124164207022024173004435745006
218225091066231225123072000534855617
047122085180205216204174093394503217
197034193069202030243094004455350606
047160238065237042073099004433913806
193182087252016198230148512740044306
253102008178205200027061001230012317
153073222156215004019210033895434106
097133087114231225123094000532960917
069078130066205203028025391000115617
219117230111198209152169613534050017
033228168012212232013118004435128006
072011141008231225123093000531458117
227092053163199169201246004454600206
007234225066231225123074000532122217
047011043180207001130247004435958806
044025145128205251205181004435223006
062227069243244248165126004432627706
131199088003050065196133227450044506
141236058076199169198037000533589517
131190122249139143018199004432039606
099141032176116246215069004433917106
210004148214215162057047642480044306
044004098210237042073098004436261206
016012080230237042073103004434751806
078235205125199208048027562730899917
047123206127205066156173081115824306
231013221205199152008193000000000001
007197251220050065250088595900044506
057184217039139212117014001610904706
030015071078205126032236034782666417
062199084153050254095210004435325206
130150037145231225123095000533524017
055224054234215027047100334606474817
097133082094231225123075000535458017
047061182251240235109089081023705306
016012080212237042073107000800389006
087107122240138152126210442034872606
203099144163231225123080000534526217
196040118092199224148156514820905006
085037249015198228176162495512949806
206177009023205249051081147304956306
048166059155215106210142004433576006
016012080228237042073096004436552606
239213051201139219136104004434309406
044027253156237042073101004433253006
223007030181237042073104004430253606
196043026097231225123092000533481817
236067222245205149041190000801808706
044056231255199208055166004434052706
117117028169205239062170500735866206
044068041184237042073106004435975206
195008211064073165228021390890044506
030054086185207180015129593860465606
077023208110205251202232199920410006
063162124183199153101230004435187906
047063253003205183037064004435413806
143011015043016032171081547280008006
069132165008205184043220020205246606
213179055106205139035186052225486406
104141142117050253202075585662048117
103229100137231225123072000533639317
146017019058231225123094000533926717
195222041194202028084037000803307106
016012080217237042073103000803321206
044058116248135079171142004431854606
062201252168212227179141004435113306
075247165186064005155174635040148517
131134146233205032028213001230214417
083070128219212202075077604234028117
131003246171212195071082004432446806
213175253247215013081096052223790906
213179055064205200149026004431121406
193225030197016238145171524810044306
249158180126116246215076004435128306
097132228080231225123077000536433017
118137062043199223117035503215472317
213175201167138091022066004433825206
112188160220244003005225165644658417
249158180126116246215076004435110306
238020106121064005155201004434374906
114103168129244212048047273892392317
231148133059199170237185004435872906
047030158153116246215073004435707206
104048200242212230042069193163467417
224134102066251215113218000801412006
155194139105231225123081000536066817
016012080225237042073104000800707206
073027099015237042073093004432180606
047034184031237042073107004430893206
013025038010202028124121052233306306
107104238245073165089091615970044506
237042093049237042073102000805169406
047125158100138152126109093396536306
091056058029205211058167586390002306
123188126253205071033006004434998606
072216190146207001170186068815554217
124101052197135079171175004432607806
044022237179116246215120004435471806
044026066129116246215093004436363106
147020010216215177154219483943197217
044025222082199177095242004435942406
123188126104199137236251004435044006
032181128083192182091017080012881806
047051245086205164190034004435502506
016227205190205200243081004433807506
122022107139202024016146004431685506
044004043178198231054074004435891806
134164178091237042073106004436330206
149247248136116246215255000804274406
100124154069202024017198000804598406
196092076108116246215092004433335406
072067201019202024005121468530688106
075010138193251108156219109830125706
113160042123192022167203272494916017
030220001079202118049109639475141317
218225159169064005155244004434257206
096000166140215004019210033895363906
244057235017202024167181004433007706
044085251243219092051174004433973106
032077219168073165228025186750044306
252171057022215163007011000804399206
030144003204202030135046606666374506
118101179049202030117186004434940106
103143170098050122231189529936284117
050019228150016229018216000000000001
130026246113202028057197172883473517
223208143086205164117037000804223306
105243019102202031149091313332426517
044001141230116246215085004435362506
072011211057231225123094000531019917
047109074090237042073105004432986206
062193079063202167130184004432761206
203123137044073165064130474000044506
044058028019139096098164004432695706
044039243071205236253173000805139406
239213054076244248167050004433735106
153039113251205249049031055005080006
218225091111231225123091000534858417
106202234093205148018249238280339006
085012053130050065138184505840044506
213176055205212202218024004436074806
047186253131199137224249004434655906
218225196132116246215023000804507206
155034093101192182086100100844845317
202217215109240223180254572750933306
062245204133237042073107004432467606
237241146012202024017132004436509106
221082247052050255049114004430159606
237042064231237042073105000804945406
070243078224205238171230000801423306
044022136106199222139016004434033706
083041010087205166121110276605032117
233055028023207008188236358851862417
047160019129237042073102004432813006
237241130097202024006169004435460806
044007016245237042073102004430787606
243054188161205249004133004435353706
075091210250237042073097004434759806
103113195163194017228064000225245606
251103139125116246215080004433721406
002130146040199165045075004456281706
047168103175237042073094004431119206
016242056115231225123072000533824617
231148132026050123066176004436345806
206157034038205066245181000806098606
102184074061073165090246583840044506
223208143086205180012111000801382806
013217245016199171106145240403704617
206187094025198228176162136402941517
122199016250205113250141021871049606
134164179075237042073106025156462406
208178046010199136075205004435097006
141204003055202024017098000802305306
102099079017192182224042571172845717
105059042169073165172212583350044506
212143025087116246215242435370904317
202217215229205184037173539510401106
016242056115231225123073000534251917
072011018228138152125118000804927906
047023167243199225032095438453343517
002181183014202029055132058315428017
047170248188237042073101004431044806
054109103221122195111160097120044306
098123123070240235017023498560002306
047001058096205055130081004434247106
143089160213215163005039004434136506
062211237174244020134143000800166006
030012082222193065017154370311060817
036222018152244127141129375060808006
128120215045205250089013000536238217
123188126104215161044153000805143306
136053113124205239058057000800542906
196085037170202030089117321401134217
141236058017231225123075000532150217
213176055205139143180107004435681706
044007004233237042073106004431427806
099032192003199204069194603966477406
141236059190231225123078000535326217
094106220179202030144018601820002306
134194243123193065085123000800844406
047123078021199171109253004435766506
153066212058231225123075000530352517
213184192006205066245181052220881606
044084086200198241224179004431693506
101155189170207020027130505003905506
127107225023231225123072000533436617
063174007249205239062186000801645206
092200189234205098238043554820143306
223007030181237042073095004430992806
047119074047116246215082004433565506
048167178066244038067213000802676806
044062175121212230042080004436039706
225021039003122195111160502180044306
238063074219192166174228353620002206
036218200065199152010134257970002206
210187145027212202151081083470879117
231148133132244001020026004435095706
244200097153192132067228000802674506
062195229091212196235204000805035006
140076018204192030102060004430320106
206053138148252248201171560270372806
047168171093237042073103004432981606
156134159069138071020237016760002506
080200087197212232224029188115106817
047011147105135079171145004435546706
041144006215237042073095000801592206
134014055113198192217013000531312917
127168149027193065050106070790706706
131134146233198032189177001234133817
044222021100244003004038004433818406
213176048080205066250164052223428406
055225149092122195111160617220044306
016253183059198255181168000805792606
213179055125251190082073052225531806
223007030181237042073099004431983006
155216242121205185135037236540002206
008074003030199138218125004435577306
016012080221237042073105004432653806
057184217037202030054188001613304406
073164076242215161077123004434960006
148091245182198033051197080815086806
066169075050202026015088057090002306
042204056103207012129086055746199706
195122209146244212138160077103530517
210255186130205113200070448410273606
036143104017122195111160537260044306
143234087238205218029022004432829706
032181035150138075179008059384921306
134194243086202025068091000805040806
064048175061192182086100379154845306
150213246249205184032120149195600317
030214172133199224155225004434444506
242254028096139128098013000801299206
200124200090252248025120435820012317
062226033196205195119058004433852206
080212158103240183049000503420005317
062200101139237042073104000806215206
213187199227205185134086052222542706
047049200127199224096145004432726506
050065204005064005155182000805343206
047034226120240223029005000805721606
213187199246244248166237052223870206
016012080218237042073107310700008006
025189232043202031026174302174916017
119046101194202031166085099984929706
047160184017237042073101004435903006
062206064030192132031024004432909206
112038249163073165054184523110044506
054112174096205184035163150844584617
073155010070193065050114000000000001
108104218170217010236162587606333917
233065122066193232174163415480002306
202217215109251224032219572752444006
022196071156244248213085081185467806
134134130177237042073098004431479606
140169199213064005155139004436270406
204124116033251190074029531486257406
062232240014244248165126081023675817
195186048053192029080140462341782317
213175253253131115009029052225381806
073027217212237042073107004431363006
135084107064237042073097000800525806
062243226210244158005055004435481306
122013118052138091018165004433932506
148067222062212196233201000530103017
077007174156205113243043115460590006
140169199221064005155233004434905806
079121155114198252036098447820002306
096189055102212194145157092120930917
239213224181244205227249004435033806
134236113096205239062149000805465106
042088016251202031017027011264844417
097085194122215167112202366973343517
073155013199198241227150004455026606
123188126162199136093009004435135106
130150039093198193188089000534896717
147237040035138147090202403644635406
073155112248199136103089004434582606
158120240035199169014172494345835517
122195147023207001007116004434788306
070231011164050065170225645100044506
044011208058205098234051004432384506
025189155134199137227110642473243117
116246011043251215115082004435449906
016012080218237042073100000800714406
062194058225237042073092004432992206
070032085113207001050097588150002206
016012080226237042073107594100044306
199109078062202028021244357955161806
044028189106198241227161000805973906
092018134177073165073146211910044506
021137021052116246215048004434070806
131116077066237042073101004434940806
197058132210073165172100146040044506
016195252187116246215048000803902806
124050093144194031029230004431221506
227003108042205236095042000805205306
097133087114231225123095000534223617
070034161137205218014134555274348817
044000190172237042073100004434689206
036223184098199169198149065930808006
008069239058205218246102000805028206
213173033196194043179213052224114906
213173043229205166058089004432670006
197043153089237042073104197740008006
108126101115198193187025617420154417
016195143015231225123076000533423217
002156127063215006255207053655403617
213176048053244248167053052224990306
213187199254248200252010004432791206
154040165080212202075077103694028117
008069239084064005155149000803609806
047122012197199152006200004430160906
105219148036050065235232542820044506
200174071228139143182108010273426517
047109177040237042073093004433415006
141236058252205219172197000535262617
147108106053073165069060503650044306
070028006124207180055036625160002206
152227208237193065012207337890008006
047160238065237042073095004432626406
148068184013205180108047200004989406
213176048137205180139218052224288406
080205036246205112172199646380106217
140169207146116246215085004435518706
200035249006199169216122182030002306
062211057167205185134074004435401306
047043212153064005155149000803424006
244199180007202028068161000805306306
050029012141205098232184000806513606
030015072241138154105125034785452717
057184217043205216101120001611748806
055233073151237042073107000806122606
134194243123193065051229019351644906
044204066086237042073104004430588006
062199080201135079171142004434145806
058249249027215027185033021760899917
213175202211192166213072004436079606
213173038252199168153072052220226406
196042229131050062046170000806132606
253102008178192030012040001233837517
016098134156194041037212255654955806
202217215109215027187144572750866006
047048018082205126037150004434791406
016215023226135079171175004433963906
041153246124231225123092000534969117
047011174045237042073103004430747606
092016091028202030185113560705141306
103227026008116246215083004435961606
013158167205244003097242004433860806
201084058053202028186171463595963017
107219039079215163006231416990102417
050051239165073165228244501260044506
198140042047116246215053544140008006
143210223157231225123073000531379917
016242056115231225123095000535856817
021098062006064005155218004436078106
030214173058205202229081004435233206
016012149208205166122175004455361806
127242036035064005155231004434394006
062200134138251224119171004436309006
211038061215064005155235004435814006
030214173006205239049229080803280806
112191112067192029211134100852650906
044005034003215163115082070652734706
218184177142244020056041000000000001
047003193161212195089174004435111906
248199197157202024017158000800637906
131134146233215004019003001234211717
047081091076237042073098000804024606
140065118211064005155209004433684006
104048122144205251200174168904436117
197043152159237042073098000800558206
123188126104199137236251004435043706
211253199031199137227090647390262717
149030079079207183128082004434445406
041150227114050254094248004435475506
044072093046237042073095004432689006
140169207146116246215068004433670806
213175253199212227179066052224429106
103216052103192254112204004436092006
073138248089205249063028000804957606
223239026122199153097005004434959706
223010195093244038060040270205675606
099035041018244038133045069021917606
210018047249202024007159000805236906
244014070053194038148120004435257606
047105187176215007140142000806080006
153078198221050065196229562570044506
055230146086231225123095000533689217
223239037084219092051163004433061006
213179055091240223181066004434168806
035001190231199169202100068812790517
213179058180205055204199004433693406
047082232166205167107141081005480717
194080096077192022167203223484916006
073171192226194042036113000800988006
016012252178192166238235080462671206
062215208155207183082162004435783706
223007030181237042073102004431966606
070061047026202029212020010244539817
223080195085231225123076000532343217
021068196216207001013094004435963906
237042067019237042073106004434999806
076177103244244212229069004435481106
128202212194215006072091649160450017
016012080228237042073095004431462406
044068198003237042073105004431051006
116069202220194038152203000535485517
122027118143205218025013000805928706
072011141002231225123079000533269717
050075028226202029162192081014998206
047028221075240235109073004435053606
063171212119116246215094004435934006
062242075111116246215085004435437406
213175202230139143182028052222845806
103240064219135079171198004432852506
075242240026199136067118000800429306
237042093036237042073101000804012606
101130114241205112190062164995381706
044003075189194038088018004430247606
127168149027202028087220070794085706
197043152168237042073105000800474206
096189079173202167044253004430339606
097072198083073165080122603220044506
135084107093237042073096000801619806
231128055195194102246171579860546906
021068195095205212176073004434997906
047169209171237042073095004434578606
106122022153198243139106491991345217
042204056091251190011026070065779306
213184192026212195084205004433862706
047100144058237042073107004434848406
116255061180064005155219094826545406
044009163225116246215079004433547306
196093217236064005155021533920905006
213173043229199168225040004434970706
062248032057116246215082004436141606
021120125186215018244002004434969306
047160238065237042073100004433171006
135084107093237042073094000805092606
091207161091199224102173356073672517
044222189135205213189189004434314406
079121155114198228177045593080002306
237042066203237042073103614100044306
044003062111237042073097004433319406
049248192030073165090205505410044506
042207243122202028195010393061968817
044010056200199153104207090015790306
076084179115205126039009080644529706
149158122027215019012001004434945506
116246196066064005155107479180905006
075010143078231225123075000535964317
044010209208116246215032000804281206
030015095000198255186198000000000001
062243240079237042073104000806174006
112168198052205138232090000804453906
153137097240194086004158321005110306
016012080230237042073100000802566006
044001124039135079171198004431196506
008069236032207012134248000805354806
193253233023116246215010511490008006
030015080252198255186198000000000001
041144243172205187184085004434551806
140173240249205187184146004435466606
201160038073207009052220004454918106
073155112250207020152015004434671117
231148132161202030064128004435318706
047084229098237042073098000800241406
203123039080202030078114010264697717
236146136233205180061048000804972106
218225091067231225123077000536289517
047024152090231225123078000536442617
034253199253192030101083005874114706
070120009133199153110232159300002306
062247005032198231048022004435629506
238020104230199177248048004433513906
197243251075192182150198099994953506
044207059090199168226146000805334506
218225205109064005155230004436129706
044005151003064005155133004433547506
131010193087192182010040005873291706
070243079058202028156239000804505106
196013225205193065070237000255054906
201096072201198220156187000530963017
044222190196064005155183000806522206
123188126253244067232090000805297306
073155112248205186002103004435381906
050084201042240183033096061085208906
136053123146215161047242000804087506
106029098002199136068166557052726217
044017055027237042073098004431084206
136060152020205148024029286224161306
049196105156202118029226455605518406
047170254249237042073095004431251606
016012080233237042073092004430634406
075067180034205184032166080652891706
123188126253199137227091004432298206
005007216044050253159066182940002306
096065192087215163006231484260899917
119244111117202025165071338640044506
044039212030207001182105004433659706
230123000233138071031215359405341317
082175089200212194054215453901018117
244014071050251000115135004433495206
047036132222205236224151000804889106
078079115006202030115162000803796706
030015071082199177251097004433723106
062245204133237042073104004430271606
044009187123240235109082004436094006
146092006098251224005137491414073617
218225037047064005155134004436053906
088133069164194039060060000804226906
030054086185207180015129593930466806
044055122059199224151098004433111306
099251170167202029231062036580365817
041144227129215176003203004431198006
154138173206202030006105140370688117
248199212144202024017151000804944206
105035211042231225123078000530429517
197143138162199171095094004435281806
048166140033192182224134205563485406
248199068125192182060129005875341706
231148133080205184032178004430232206
062201252168212227179141004435112906
073155112250199169197100004434642506
044039016193199169012173004432794006
101088249054240223180061004434431306
223007030181237042073106004432143006
134220148195192182234227000806244106
124247190128205251207129052283886206
127242060234192182044224004436271506
044003061204116246215082004433380706
044000146080215007141100004433184406
213179055109207022045110004435530306
212143024236116246215069004435707206
195222041230202024006247000800560606
199115081237199153053006537490163917
113175002229199137226253260650504906
062192093002194102244235605040554406
021068193037212195071109004435686506
074111153243205071022086327455478217
195069068164202024016250000806506806
202217215109131115104060572750822006
213175201184205112188193004432364806
007236109084116246215243457020904217
210061102006215177154198004434498606
197043153092237042073105004434542606
213175202205212227176016004436110506
103229102084231225123075000533746617
085072233096202118046062000000000001
034064248020205098239253447640808006
247003110196244031072233092115041306
101160237152205236157176627640190017
128098122193231225123072000533435217
134194241215193065115226000806088206
016237093015116246215082004434349606
202217215109194115202102572750944406
072011211078194017229034000531951517
128087134178192030090169004655794106
075091210216237042073106348440044306
110097001125073165104069240500044506
237042091035237042073092624020008006
211245203115199204078039471780119806
073155112248205250244146004431224506
059252155150138091022105001232660117
076177103203244001198242004432785106
044208235055135079171198004433098706
042204060035240235109162070082210017
080208041012050251002012513295245217
044001178208192022160221004430237706
101241132140199169201028233694609317
223010192234205055128226270196421117
055233073167237042073106521700044306
016012080205237042073103000801381606
131190120055139143018199004435906606
213173043231212195089170004435248106
134134130179237042073107004435859206
047012046163205139035254004434925606
140169199186064005155210004433558106
047038167066199208049253093392668906
072212038114202031151125612180899917
044202162016199177082236000805965106
081193074242199220214118603580143306
140169207157116246215085004433792206
044051253090198193176013000802764706
016012080223237042073102000802796006
015043163110205126137111000804316906
244212168069016229020034528300008006
044007049164237042073106004431502606
002178163178205066140058616860102517
147120133087199177255201562542703206
243052003094207020019036000804310806
137212125044073165107030580880044506
140169207211116246215087004436194906
047091158111205219221000004435455606
135084107064237042073092000805835406
238063123093212195125024000805084806
070032084000202118035010336164332606
130150037145231225123072000534677117
204096127004244248041147004433522006
047091148178192029208202093395425306
213179055100215177243079052224516306
083159220179193065072202509960899917
202217215109192030014130572753999906
253102008178199223100081001235150317
134009113047231225123078000534223017
047081000167237042073101004435193606
122024154228064005155231004435829906
228202120167205139168173004434916506
130255048195073165172141503520044506
044038064086205211054154004434566406
213179055115212195089174052222702406
231148130156215019014000004435177806
040020069240073165080180264970044506
047026108114199152012217093392653217
238063254254224134172100537340044506
047034214121237042073100004431148206
007234225066231225123093000532861317
097133087114231225123072000536384817
105150121007205167204207603342117017
062197057040237042073096004433401806
237241143081198255186198000000000001
030054086185207180015129593880466406
062239037003240183033105081185965506
231148133177205201029005004430562506
243054081013231225123080000534413317
112081189113205200226118001234844417
223003174028194038151181080725653906
044068050068237042073099004431282206
047032016048237042073100004432803806
058235046050073165034012497960044506
237241141053198255186198000000000001
044039226251205184032178004430251906
013025113236202024016120000800697106
021114180052199177241169004435227206
030015069111198255186198000000000001
135084107064237042073094000800974806
047108127139237042073104004434670206
008075075198212195128205004434809606
153039112164205126032068199935199806
062200101139237042073096000801246006
140169207146116246215085004435517906
100208217209231225123074000533820117
124101052205135079171187004432427406
016242056115231225123073000535319017
050084201162212194054221000805039306
086106177193205035005006510063316517
016012080223237042073101004433322606
098138179011192135209031270254915606
119132120180205180011229004435083006
213173038240205187185093004432658006
200124151238231225123074000530768817
116247053068064005155233004434027306
158159158192202030147076413010002306
226025128048240183048199220035612917
227003020082202024006054000802576406
198140101081016198230169447790044306
044011076112199137226229004433368806
044222017099237042073101004432368806
044001159232237042073096004435059406
050086186075064005155202004436192106
044068189088194038094222004433196406
007234225066231225123074000534745417
082101056227205219173110524646281806
197030218066198255186198000000000001
048160172250240063114060534980008006
053040221018199169214062397484295206
044021049223205167104037004434185206
072011141009231225123081000531333417
197174047210192029081013093391566406
073026215233194038094202004431141606
047122159215248200243225004431038106
231148131161205167206218004435079406
070048169250202030006105525330688117
123024216054202029068034068896217317
075205198064116246215122004436309806
135211169114219092011204000802746506
208190224007139212104042000000000001
151198129011139001140200107040190017
033189177255205211122024000803286406
016012080235237042073095000806163406
062211212115205126033103004436039006
016012080205237042073096004431609606
136053123146202030206148000803328606
034080172094205167207064408260002206
092018245159212171082252133090688117
195011060237073165073144595690044506
081126057149131026048251526940044506
113111191199205187246069447512630606
200136134101244127140071582420338906
134194241010202118034109000805760006
047111122036237042073105004435623006
062255210240237042073094004434904406
224199210190139010250102087360044317
239213054074240235109061004433460306
244057237143192166238235001194110717
081175111192231225123091000532127517
002002129245202024017197004433946106
213173027101205218072119052222622706
206214131118207180012223580155838217
044009173213212196232090066012694206
075091211159237042073106517380044306
124078018200215027045005000531981117
136053123146202030017069000805775006
016213094122135079171198004434192406
033239237020205184078184004436544306
119132120180192030050126004433914506
109249086226207183023220480400002306
016012080229237042073100000803970806
141183211166202028157216004434290306
113020146145205217247143609311991517
076177103216244248167186004432809106
243054196143240223215108000804027506
044020193144205251200208004436152206
016179000040116246215075004433537706
239213054002205139035178004435095706
243054081042231225123075000532210517
140169207034116246215056000804709206
047108179089116246215074004434383206
237042093030237042073104354020008006
044095249250212196235204004435067606
218225236226116246215070004435381006
042095072249251000167184349170112017
253102008178199208149152001230012317
082074103119251215234030052224976306
093168146180215006172182270155976817
113107138091212195084221512760436117
075091222086237042073103592980008006
129085214193202024017171000800743006
044027105057237042073103004434588606
104151011059205239062061010286098417
125020145082064005155228000805257306
148068184013205184044178200003314706
047101098125199153047007004435100306
098180203064192022160221565964292606
044068054122237042073104004431398006
016012080229237042073095004431616006
218225253135198243030091004433727106
047160105080207022024189000804022206
016242056210231225123095000533741717
064031091108251215113218004433132606
076084236255212030095174080794155906
134134130177237042073102004431052406
069125124184199169202100281481072106
203203182002231225123075000533942617
002002130239139212124060004436425106
218225090017116246215087004433346906
247003114212198247229193004435668306
044094033101116246215083004434936006
047101064034237042073103004430607406
047011147048237042073103004431949006
201105069041192030081042255390002306
196043026097231225123091000534584817
237042093048237042073105004432552606
044003036118244127156209004435184606
213176048187205183044180052224785706
210018047249202024017201000805428806
073131074023244158005050004435037806
047038071178244248042022000801288906
047109144143237042073101004432223606
100217061117251100165018000804671706
047170248188237042073107004430913806
033038140170116246215068000805345306
016253001004116246215051350340008006
096252065194231225123095000000000001
074098253221205166126205378840950717
016012080209237042073095004433591406
047176070196199177255003004432701506
195157122074207020253058614130688117
058096238072138056035086560550102406
016012080234237042073095000802691806
148083149232193065053118005411155806
123188126104215167114172000806118406
070059115114205166041205100895672206
030201064125202030067109609385349706
047100097008237042073106004430650206
218225009205116246215076004433445206
062242067066205236253173004435137206
230013208114199221126174184466318717
044069081137244248213085004432772706
197202027125199152014037000804239106
140255108217212034079145004443731206
016049112144116246215071004433279706
203169252136244089081011312090103717
119046068062202024166106093002166906
131190122249139143018199004435168206
210030029151198255181138000805071706
237241143117205166210170004435870206
196085143096248200069097068810105017
050084201157131114049130128144923106
202217215109194102251014572750133006
047036176173139005150157004434352106
131099069244193241063190004430136606
141183211149205194221234000804891506
044002114207237042073096004435358006
147142235021073165069036514210044506
016012080230237042073100004433902606
115137028200205071020134004434801506
016215208159237042073104000805862606
079117165170215006253059523320005317
195117157075244003025186000805626506
131192122245237042073103004435948806
044192120056205216066236004434976106
021084065137116246215058004433921506
253102008178205180094109001235535417
003144073055205249055210004432416906
030015095021198255186198000000000001
085155223018131026048053535410044506
193130130241205113192036092170371217
096189047230207001130247000805203506
002002130255192182223018004434412906
092123177021251196146070241712523117
213173043229244031008019004436174106
196092076104116246215069000803435006
212143024236116246215069004435705606
047091030165199224148114004435285706
213187202240205187184146004435299706
063191037250205183034064000804841606
210011223039202031157160511051414217
141236059007231225123090000532406517
102185127138244157134162590270338906
130150039093198193188089000536278717
231120120239135079171198004436226906
083231191208199220209006068891339117
119046101194202028186060099984899206
205202071067231225123074000532740617
025087214150139061090196285926300017
101081106071192182170117004435041706
211253197119194086007127556592716317
050074105087231225123075000535767417
016012080204237042073106004434950406
100208217209231225123081000534232417
109180251254050065196085558470044506
213176048118207001131073004435018206
041146021198205167105250004430393706
131141082230212195089157000531569617
202217215109205180121138572750566006
096198047120205239062002000803996906
223007030181237042073102004435386006
047011043180205194242159004431755006
157228050038205211034018201540808006
082139119063231225123074000530914617
016215208159237042073098000804964606
030039025226073165109238639220044506
097238171250205180048112635553200006
248176001000116246215120004434406706
199181168195205250089082155285065606
047018158162202024016125000802240406
047123136195199137231132093395796117
141236058085231225123091000530282417
249070079099198193182149001230012317
047063002131205217248038000802624906
238041182186205032018139560680002306
131170083102231225123075000535741317
047091064019198223189175093393668706
140242176144064005155136004436185906
248199042077205218074058000803848406
070028007092205249054078634990002206
114152228216205239062133036584982817
044051104168138091023085004434095006
100197036136202024007124004430212006
152084153095215177165039000533744417
237241130097202024006193004430268606
059252155150138091026222001235437717
239213060006205195121244052225788106
106002147197202024005193001430741006
044025052213237042073103004431196606
063160114249199224156157004435821006
223007030181237042073092004436295406
222081227191251196218162004435637706
047049125210205071038075093396535917
064031252075139113197213466260905006
213176048057205139035089052226021706
209215047135202118024210210453414617
050050115116199171090115519023988006
197122065205212034178202004430709606
047176063206139005144223000805164306
047050203175050062114183093394930617
101160237152205071029148627640190017
238063220249205166041142000805665006
062224172226215163203223052231354906
025202033056050065214150620430044506
016036124139116246215100608480044306
021120096193205071036076004435479206
116152239232205250012187000803675306
198140042047116246215223543970008006
044059095221205187184009004432647206
042207229146122195111160437620044306
197243251072205125121046451466051906
131143133229231225123079000532200317
253102008178202030178051001235552217
124045222045215007025223177715970717
073026251253205185134097004433602506
249158180126116246215094004435748206
070228220077199169214219000000000001
214132245176050065234243532110044506
119132120165194102255065004435229306
224006112131244003240040589850255917
070243078228240183051085000800214806
021020015195050123065233000804668906
253187082128192030007221000534397617
044203093204207001175153004434551406
062208108038138152125013004435000606
002136154056193065077009004430351406
047050253241212227179066093390257306
050095223163237042073105004434834406
021137022219116246215048004433370206
008107007135202029076122000805933306
041146204150244248167186000804104806
073027217212237042073098004434599006
117145029099198247228194310771169517
113103184091240063017189252570235617
050051143222139093089034177205321206
002073058185073165080029519700044506
030214173111192029062010000803875106
112081189113244038195045001233439817
016195143026231225123090000535585017
124149120038194038095050004433139206
047160113040237042073100004434170406
147155171076139128098015000804353806
209154150157073165064242432090044506
134164178088237042073107221640008006
205133175170205032022074577140102906
103239241255131026013209629620044506
036218193188240063103090416630002206
200000013066205139035178004435134806
076177099136205139035237004434933906
235185231066192022166008080802649506
223007030182205126137100004435438406
013026001055198247232179004433708206
040047108145050065235097644650044506
044068198003237042073096004431549206
047034184031237042073094004436372606
246219024216202029119133037245078906
097132228080231225123094000531887917
021084065144064005155132004433314306
134194243115202118039109000800650606
086108162142199169194038584850008006
044071012131205148029021004432646806
080119254137050065250240526640044506
047168103175237042073092004434416406
236146203224205183046073004435092006
130150037145231225123094000534598817
224115018240205236224237000804489706
013025236239202024016097000805843006
049221049158215007237074000802700906
218252197191212227179051000233808517
044005076192237042073095004431529006
047081024140237042073094004433814406
044004247143237042073095004435087606
213176048252212227179006000803638106
016012080211237042073103000805261806
070032085113205125184114588150002206
044026198139237042073104004430922206
044208199070240223181066004435437506
131210252196205055130231004435605606
047045158197192022173005093395521317
147250114103199177240157000805882106
047122170037205251200208004433872206
217242153234231225123095000535030217
044019125177192022164146004435356106
213176048174215163115077052222708406
041147013142205126032234004430154306
245098066203207001189230000804022106
076177099131205213189172004432645606
122199016248212171168046021875434806
044000190172237042073093004436015206
213173043246194043183243052222741106
044026241102237042073105004430883806
197143138162215019149194000805679006
073155112250244205008164004433601106
033234060255205113245098004435389506
158000219193215004234157011702610706
044008077238215007244098000804891706
122024154217064005155231000806330306
140169207210116246215092004434455106
114242109010215162050014004434986306
016253002133116246215146407880905006
062197110008212030157188300003503006
136227068188192166170131351660002206
063166040176116246215094000804904006
148022087018116246215124004436479406
096014154220212227183232004436059506
070243078224198241224183000805358406
195215177236240063017146158555863417
032082203079073165172153613330044506
213176048015205211029100052224983506
140169199212064005155201004433829206
007234225066231225123092000531884117
148092183116193065014054027035522106
035014188071198033143057424130148417
086236232219202024016129004435025806
044060234054116246215076000806417306
123188126212050120061118004435659606
047161043039198253194209430460005317
055224066017205211051239394160008006
086172226227251073162249417842445206
100208217209231225123090000531615117
062196124084212195084205000802938906
047100034065215167114022000802027206
075091213058237042073099004434666406
032210104114205250089072004432622706
053034031081244029048170302642757406
030214173101198247253051004436444106
075091213025237042073105004433494606
156183092131215167248141004430302306
062245204133237042073099004433983206
218225091066231225123092000535419617
099032199134207020027210514130212917
214169120217122195111160470680044306
116055115195207022027044392304517117
016249228148205236095024650980148517
210223099169131115008219639470044306
136053101161194207240002000805352606
127089132237215167114013071722628806
237042075073237042073105179740008006
044054166164237042073099000805501606
243192025006199153048236432980106617
231148132113207001182105004433286806
111057099170215161111225642494932617
127035083189202030210247004435115306
218225236073064005155210000804220906
108020083062220245006005624553995106
062201089121194115204183004435227506
213175253208215177242038052223980506
062228082153192029208157052234178306
021021211186240063113071004435965706
206187039043215176008226554410353517
002136178136199137227106029930156017
131009228129073165089011516310044506
131003246171199137234003004435044006
047038231038205194245178093395691717
002244252157199224151090004456045606
044027144165237042073098004434829606
127254177241135079171178000533276017
053055092130199169214167567185823917
063170042025205187247101004434556506
050023037209073165079142348030044506
021120126066199224155125004435700706
003144073030192182085077004435951006
213175253245215177242173052222633606
237042094139237042073106000805355806
044003127078237042073107004431082806
114102132202131115160058456821782317
237042083120237042073094411220008006
047045187159215161115173093393153817
197030218114198255186198000000000001
044007103049237042073093004434194406
108074091096073165228025045080044306
047115097199198033048246004434961506
223239024084212195029238004435249706
237042090149237042073097137380044306
016012252178215106210142081984934006
098088186235212195130221298285228117
047171209182207012130233004431210106
196092076108116246215092004436540906
058245242020199169214054092126330117
105249168140116246215017503880044306
080116131125231225123076000536114917
100124201018139143037252423720590006
047110181203237042073103004431078006
044015154087215163165243004433122806
245212074040194086002195601430002306
091127167221050065249110591230044506
044009041189116246215084004434797106
223239026122212196220174004435306306
047006247003205194208120004435076706
044001110112237042073100004434508006
213176048230205166055169004432661406
218225236133116246215087004433858806
044023054135207183082178004431595406
231148132039244089100220004430349206
007106208232205194221009348010002306
124050093146192182226153004435360606
044063012225212171083145004434256906
140065118211064005155209000803801506
192045037024194017229138463632905506
223010192230198254094066000801090506
053223215218194043118237516791986906
044000190172237042073101004432213406
140075251144199224156038000532610617
070028007092205249054139635330002206
202217215109215006174192572750411106
070243078107202024007084000803651906
048167030099198229107236080005188017
213176048239212230172049004434600006
113130167204215163164237253915571217
147226178212138147090093000804957406
122144003055215162059136081950819506
128064113191231225123077000532983917
128087134243207183128233004654661806
206153197235215106052134233454245617
099244027145205071025208550720307417
058145098213131026048070531260044506
021120101161205212228039004435824206
047004226114212171016123004434956106
064004255129231225123081000530219417
140078232254193065055253004436013206
103211028144215019068173004435418806
131210252004116246215068088884596606
062210141094202167044253004433472806
007088218038205032024094525851452017
137118037169073165107217546150044506
076084179115199152014233080642442606
037118136198205219174170580700143306
193253159041116246215026580980008006
073155112248205217251067004433327206
016012080218237042073104000803349606
127242060191192182159017004435135306
237042080225237042073103000802721406
201136189153073165064038546120044506
044210156179215163100140052233471606
075225035163116246215122004434813006
044002237020237042073103004431987406
016012080223237042073094004434320806
231148132026244001196146004435153006
016012080216237042073096004433376006
112081235169251224032205001234579317
034080172094205211123051369260002206
062227219236199177092130004434333706
070071044246244001169249000534632117
047169209171237042073105004432385406
047005247102215019203029000805272506
073165221159192029083088004455072506
132207143047244248213085295115158017
080200007133202029236203289263342617
058245242020194017229136092120176517
197043153081237042073095004432294606
212143078145207020027167004436137706
224115233227244127074109004435241506
196094099225064005155202004434069706
079121155114193232167222410330002306
146119197210194038152114000805923506
016036190092116247217133506660905006
044222019223205139035254004434924806
062202160041244248213085004432890006
200175215175050065216049503780044506
113175002229205216067105065040511706
073164088216215163201007000532655817
057184217042198032186090001613053806
243054196142215167153125004430279006
063167011166244029087018000805682906
231148130153244248141210004435784606
136227068188192166174066380470002206
044039070211219092207093004432320406
196115057112064005155180004435268306
044004199049237042073105004430515006
112081189113248200071074001234784217
047161033048199208055097004435829106
057012031183199137235245275265968006
135084107064237042073094000801811406
008074003149205250095076004435343606
021098062000064005155218004434050406
244199065033199136086040001093678717
008074003158194043124232004435132006
044087168180205239052098081921283706
131003246171199138218124000804083406
016012080226237042073092004435383206
074227181192050065172087266370044506
150042249186073165173199633460044506
030015071079202030211059004435500206
057149071081194031044231045914298217
135243069076192029095211004433791406
140081030201231225123072000535114817
243054196204212030146087004433650706
101081106058205180073108000806137606
080210045171205148089152123405324206
047113230177064005155192004435066206
223003073238202024017167000803725706
218225236073064005155210000804266106
047090250250194207241223004435189006
040219194093122195111160015440044306
231148131033215162165117000805514106
242072010097212171014178583901251117
062211226235199137231216081061068617
205076109200205126037192569155773806
032199139202199169214219455761505606
016012080234237042073106004434765206
096212034061194017239044027360038917
103222080014064005155103000804613806
055233075017237042073100296560044306
206148222003212195128205424005893217
213175202220205216060218004432989906
079117177253202024017096052225598806
146175093162139218240154267250899917
204124083032192182090041308015123417
223007030181237042073106004432132006
130150039093198193188089000532314017
196043026209231225123079000535438217
102040251146215163175049093060181917
016228094234244157135057004436124606
119052242007205249011254000804968306
016242056115251190010041000531367017
074230250149205166055177488602449817
073026235202202167044253004435576006
073027177001237042073102004433158806
146251004114205250013146059385011906
134009124177231225123075000534718417
062194038254199208051104004434433806
073026164179205216060229004432119006
075091212237237042073105000800791206
047012119226199152013169004432701206
141236059007231225123077000533907217
119132120174205125077068004435631806
048166070169202029219172286225647006
056021221136205211062042004436275306
033236230095064005155065118913485306
030214173109212196221147000805761506
150135053247139212124082000533225417
148067222062198254094226000533264417
047100144058237042073100004435481606
096097223083207008085229433993913617
223003174028205071033109080784934906
062238208142205066245074081160102417
149016111014244157134082000530102517
085034105163131026013061566740044506
041147032170240223015236004434981006
062205196134237042073107004434014006
044222187132244029215087004435043806
213179055021205183034225052224629306
047028019080205236227163004432750306
215176139226016230170056561780008006
062194058225237042073092004430538206
213173043248139143180254052225217806
070254182045212030198220000805793106
109245199168251190082084237030419517
044085251009215007237074004432625406
063174184033116246215086004435925406
148086154091192030007221000531390817
133212155125205113193045563885128917
048166070169202029078192286223456206
106096110037198241226236058700038917
008074003150240235016250004434993806
206198239212205218159165122355915506
047100158133237042073107004432169806
044076207123202031029233052224749506
139129044217116246215063090120008006
104088017222198240075071273821100017
062210246184050252039173052236287706
237241135079198255186198000000000001
008074003156199152068072004434995406
122024254211064005155189000806335906
208124222216202118049109514135141317
140065118193064005155209004436524206
044026234095237042073101004432668606
044212106247240235109053004434021106
044002014134237042073098004431016206
213175202107050123201124004432208306
047011184196237042073101004436547206
073155112250192182038246004435580517
062199077217131115181120004435271206
131208002242139180038212614560776917
049112246007215163006231442750899917
131031158013215013072176034782897717
032171105033202029191159099984519806
007239235096116246215082004433841006
075063248032202029236237099980398106
110202206210199138218122623484754717
047123049198199137231135093393520106
016012080226237042073107000804868006
016242056209231225123077000535708417
105008067166205113255034143460231517
202217215110016198224251524380277106
227003017242207012136247363452741817
007232071056116246215242530680904317
237241130097202024007105004432105206
217242028149138071027233011004979206
097074121225073165111134602300044506
081247224209240063114060625020008006
047100019196199137227028030741533217
218225246219116246215079004436384906
237042076028237042073101131340008006
008068107158212030146065004435109206
114071229185199153036037005870415506
044026153097199171104086004435885006
218225091066231225123078000534175917
070085083200205199058102594530106406
108254011054202031065137101580338906
044001110112237042073107004430259606
130245028202231225123090000530493317
085055109230073165073007562390044506
141236063015231225123094000534663817
133250048071116246215043495460008006
099241047194199171105038630640380006
047081091076237042073103000802716206
141236059143231225123078000533053517
138018195118199224099094080800005317
085012250031073165090142630480044506
096248153133073165107136602700044506
109172224070215167149193548392734217
034108090061205251200219458995328106
033239237020251215113218004431307306
204101177073215027187202274642645417
218225236104116246215114569340044306
103173175076198193188208000803850806
047123049198215167112210093393473106
044042096006231225123073000535351317
218225236226116246215070004433760206
030221164254193065050114004451205206
047122026064215162048224004434721006
129117087084192182053038000255457406
077075057110073165091032562390044506
196094254139116246215036460980905006
062207064155205164188133000533751317
050084201162251073189178000802829206
115122179048199224155234370200008106
021120125181199168153015004434947506
047033066165237042073095004435534006
134194243123202118049045019351455306
064004227199064005155148000806452406
044000007196237042073101004431099006
094128027173202028016248509173817917
044002014134237042073093004433209006
047049042011215018162171093394114017
047090106005202167002161004433156506
104220091116139113197087000000000001
100197034181244038133045004432281106
149042099213244205136067092176389217
062247036156199137229232004435656706
075227179139116246215246509090148417
070255067158199168152210282206386806
013192183243207000086021000804917006
064031252006207001132217487740905006
047063067097192031161127004435045706
035014188070116246215163549260148517
105165194245202167044253356846383206
214134194007192182212064420295398506
213187199250205139035254052225580006
109252185216131115059064562304619617
137113228021073165080191365680044506
231120103013135079171071004430835106
231148132098205203243053004432671606
151165171178205180120246104435518206
048167178054194100126165000804281706
016212224199194043187223004433528206
141183211153202029041207004434675706
119132120173198255176121004435978606
202217215109240223184069000000000001
123188126168192182231230004436047706
062244233018237042073103004436253206
097132071229116246215082004433976906
016043038008205070213190000805852706
152123066242198209159144004435967906
055233073161237042073095000802577406
008069232033215161085223000803536606
013158073119215018095037004435530606
137160069083205125073106004653376406
027244072195199168152106036580883917
213173027119215177242122004435035206
044005076192237042073100004430885406
135238185009199224155051004435255606
213173033206138091022066052225958906
202074059070016198230169487450044306
044003127078237042073097004431611606
237042094138237042073105512040044306
070049177250073165034219565760044506
101145127153244003024163004435107506
062214245202244001198242000802694406
055233073164237042073106000801386606
087062241164240235108141000804286006
016212157248194038089236004436274506
047110181203237042073093004435249806
063174062024237042073094004432741006
048162037129215006068099320993375817
105035206142231225123095000530435917
125019054100205239084010000000000001
130150037145231225123075000535570717
135072013120199137227172406192496506
097132228080231225123079000536502017
050075205103212194089037562830002106
083128082173135079171056116010044506
047062212090205239062149000804016606
097224207248073165081215613920044506
153048172105231225123093000533366717
213175202107205251202012004433790506
002246012011135079171072506520044506
073027099015237042073106004432747606
048166064151251073188066071004927906
016012080219237042073095000805321606
114242109020050250222207004435096306
044007197086244212229076000805911506
119046101194202030153214099985373706
085247217049205216062178070095515806
205016141152199223117202081960279617
083183019005073165073179621440044506
033038140231116246215071004434140906
108238247140244067133125059384918306
100227229096192166213131477456021006
113140092147050065189169627270044506
193253131030116246215223513900008006
062254166095215163115082000803798206
131208002247205184032003614565137617
044027105057237042073099004434790806
125020145082064005155139000803674406
253102008178194031029016001236380117
123188126253205071033006004434998706
114078186207202118026061565430540006
136227068188192166171144542500002206
197035045112193065075082068812780606
112109042092138075185024068824689106
079248002029215019148157010855124117
112000086011194207242207078426260906
107033183185205249053024231005117506
070047189204205219218041201271917617
228079104202202028152057000805035906
135243069107202030184167004435823206
136053123146207001174149000805786306
231128051157217010070195538280202106
016188225005064005155190000805376106
119132120173199136085074004435117006
124101052195135079171142004433945506
097132071171116246215076000804723606
075091212226237042073105000802821406
149015200219207009255112569440044506
073128181041205113246218004454986306
047034214121237042073105004433591606
213187199237212227183035052223750006
202217215109192182047072000000000001
053125087005205180045030000255901206
044007060143237042073104004432186206
047032110241237042073102004432039606
204096127014194038092253004434713806
112147245144194043097046506812641117
210055059096199169195133001436180206
037171040087192182042172000254609106
218225246070116246215023000806541906
153071177213215007246013004434918306
101020230107138152215103000254788506
223007030181237042073099004435935206
116116078007050062035219203335518506
141236062113231225123080000530966517
094254055172202028186008500526172317
204073001091194039040082004431516406
131142018054205055128125004433784606
213175253248205166050119004432690706
197143138162207008191178004435455206
200124200090192182193067002210012317
110127065151202031027064399581174417
112123136133215004019210033895186006
050048112153212230062131023983414606
113169066142198229110120623425138417
016012080232237042073107000804216406
254216200114135079171128004433415806
047005247102215019203029000805272406
135243027104202167003029004432702806
127168149027202024166244070760892406
047091180196212197085075093393396606
058037197179050255048254158444663017
058226202254199177245245051562777117
042204063195205187184126060082597617
136227068188192166170116603710002206
096197134014244067211018087824963717
030203080200205212227013167160338906
131052030178192135130119000000000001
044057019193237042073102129212078406
125016175002116246215080094824814406
119132120187192135137038004435354406
030192117181193065012186004455670806
103211028144202024016087260026234806
221082247052215007238147004433058806
042204055065205218157165122800344517
213175202243205183040131004435141706
123188123208212195071082004432399906
096066068142202024005121535140188217
223007030181237042073096004434748406
204096127014205055134250004432352906
086106156127050123171147000800197706
047186253131199137234143004433310806
016036124184064005155230004436155206
073027177001237042073107004432213206
016173221212231225123075000535551317
097117109241244029213005101132672306
016242056208207001165075000536480417
192249095049198231073010570320111106
088237146194199171110162529630143306
044006155040237042073093004435984206
107101123017192182151130005873563006
049066141010073165059022536460044506
231128055195138145202246579860550006
044000133106198192203069000805042106
159090011074244157132141513610002206
119132120169215019232011004430154506
150216240227073165080179650210044506
236205218019244022110238533814103206
015043158074231225123077000532350817
131003246171199169193232000802355706
248199197157212227211060000803361206
032210129058231225123081000530940117
245212074040050254103226601430002306
135079189112135079171063382630044306
044055042110199137238179004435283506
224115233227212030157184004435074206
211253200219251224229119625274319317
044004012033205195123036004434974206
215009042007131026048100531640044306
044040181246050254095178081045078606
040124118035205126132098498512709517
148067222062215007246013000534180317
002141102051251108156178303443491417
196092076100116246215092004435507706
062201012229244158083125004431614306
158048235124205098029169388110560617
098114085247194041046040045000450017
135084107093237042073094000803143006
047037247073231225123095000530614817
130063010109073165108181193880044506
062197239142199153035076000804952806
202217215109050056146224572750399006
047038190057205236085051068812082417
044006099056198231053138004432633606
196040118174064005155218328980905006
103245145194215007140142131710280617
064004255193207180012223000532537217
062228082153205032251042000804357906
131023038191205180071223000805191106
119132120158192182175127004435703206
063171212119116246215094004435928806
062245204133237042073093004433163206
044009199185212230042071004435727706
122016151097215163004200004432645106
073171090160207183157244000806185906
021098062051064005155132004433281306
044025249071205236231188004433404906
114218002061205167204207483032117017
245098069084194115207063418210010206
077190034243202167044253360356410006
244200125113139212108254455904919906
239213054028205251202012004435502606
047091208004198254091123093394757617
044212096095205098232236052234008006
044197066187202031004018004435848706
070032085154139212124065602980002506
154231176199122195111160602840044306
217006055045251215113218002576188706
062201092044199153047019004436111206
062211113127205213185052093394233817
076177103219215255119022004434428306
147159022247198033157091043250002306
197241237050205239111024497815338506
063167162074205239062002004434101206
135084107064237042073096000803360806
062192142166207183018099004434400906
134194243086202118094178000800472106
101045054042139180032249514132732217
101137105098215163006193601732713217
097247143088050065214151644290044506
041166031197199177186239004435020406
105042131171073165079133532710044506
047122026064194114083061004431121006
100124214001199224155227513520808006
041155053203251073162249000801018806
047081091076237042073098000804057006
002164213021194017229253640000338906
134164179075237042073103025156116806
231148130022244001021226004435126206
079121155114192167123068438060002306
044021176170205236086098004430401706
047038029046215163115082093390328317
062243254108207012132217004432734106
224134102112251215113218004435876006
044039016193205239061008004432718006
030214174191199204103022004434304506
021120125179139093084074004431201506
044204082126116246215093004435349906
091194145239192030029244000000000001
102023016225212195133137631180192717
050084215093199171096213268404972306
062241119183212227209011004435898906
016248185218207001003103004435042106
044222186139205249050061004435432006
075091222060237042073095380380044306
044004098210237042073098004434016406
148003126058116246215074004436523906
117082127093205184043104459720008006
210030029151205249051081004436250406
112096067220139093087064535593725106
130004046202192030100020000255714906
134194243076193065069007000805516606
147146249018231225123075000530700217
021137021107116246215081004434291606
073024217069237042073092004433244406
198140020194116246215223609030008006
092016062137251190074029350153227517
218225159114116246215102636320008006
013159117021202024016149004434099606
063166051225116246215070004433849106
075019096139192022160221055004971006
211240163155207020027130068893717406
116086068189199169214219004431483306
047111131233237042073097004431894406
047160019129237042073098004434063606
087254103034205251205173000000000001
032013207208244089100202302416205217
034064248020205251200219464365328106
149042099213138152125118092124126717
237192209045122195111160606200044306
076084236255207001005034080793283606
044061031136050056130221004432679206
044003159019237042073107004436236006
152020032114205070220036004432718506
148003126153116246215069000804916006
101185085024215004019210033895951006
002160079125202029123218547140688117
213179051254205218010128052225120006
047124183023131115160077004430342806
098138180080215106052203077001544006
218252150114207001120178000803962806
041155124043202028227110004435587106
223007030179192182158197004436230206
066139251152050253159045000805983906
108254011054202028191024101770338906
075067180034205098232131080664051006
089146235042198247230125521730143306
062249028214205216101084000806221206
253102008178138056032176001234491517
149042099213202024005234092175819717
008072209240192254115244004432311706
044005105069064005155229004433446406
213173038246212230172207052225595706
213175201161244001199058052224490406
140200069194064005155064004435080606
223010192237219092051184000800717206
131012031017199169205019468660615106
062241180172212034247187000804441606
223239026122244158139150004436142806
109158241210050065234002643230044506
084244222221244157201125491210143306
016012080223237042073248020010200117
253102008178207012130245001230012317
213179055088131115011249052224375306
114225010068016198225120607020008006
248126162255205186002250000803592606
047081000167237042073092004430229206
047108178119244001199077004434427406
112013063078205251205181565881690617
134194243076139212115173000804825506
243054081023231225123093000530213417
134013235209199169198250000534374717
149210180175194114087042004433117806
053200022136205180050239599800688117
140065118193064005155209004436354206
044201192247064005155209004433688806
044002217229237042073101004430770006
099159182026207180012223405015648717
223007030181237042073102004431939606
140242176194064005155200004434776206
044205022101199208049193004435023706
047123057205212171017133093394130517
044000083182237042073099004433501406
127242060237205151248053004434950106
076177103235192132030166004435876906
131058204210212171014037085705611606
007234225066231225123074000533770017
075205198026064005155229000803968406
034088202211199136066152459160143306
016192211188205211057202000806363806
062206178243199177092068004434285806
096126172202212202218055499785971517
063174000058207001131073004435167706
136227068188192166172044460320002206
030015069118198255186198000000000001
193253159041116246215010579560008006
002136110043215161047243000805496806
103111236028192135208170080824917806
053130155096205180067030415536410117
077087041061194102241173229760102617
253102008178217010237189001230205417
016215208159237042073102000803800006
047001041078212195084201068614538606
079027115175199153102059341880114717
131190122252139143018199004434622606
075094148133205249041120004455472706
141236062182231225123072000533234517
080201057229202031036067530704902106
044025010021237042073098004433292606
113175002229205216067105021640513806
238063254254193224220054537340044506
237042090150237042073107049260044306
129211018149116246215083004435736806
140173240070244127074109004434197706
054106154160016229031139000000000001
075150125155192166212241004435272006
102172102095205071138250276883761006
073155112250199169197100004433692206
002126161217194102251244341175294917
100197034181202024167142004433757106
202217215109244003006034572750422006
223002235107212202149093000800238606
106194085171073165091101492410044506
213179055068138091022105004432756606
047172087071205194242027004434743106
075062217254192029095217000802805306
211184024063244029240020533292034717
044000083182237042073104004432622406
131208002246205125184128614566393217
149158098051138075191030004434947906
044001110112237042073106004436351006
076083243068194017237181004430459306
048166122013205035005103100016449917
213176048137205066249052052223621506
119046101194202118039217099980364206
197091195202205251202232004433806506
076177103219215177241003004433500606
202217215109215006006032572751999906
237241135103198255186198000000000001
213175253246205139035106052222663606
197043153098237042073095314900044306
044021013055116246215070000804124406
140200069168116246215032118915078806
223239026122215006004001004430201406
036071095034193065035206000000000001
231148131185205166056009004434990606
119135206222205167107229004433331306
073155112250212196048209004435877906
083014091077202030170188526355629317
016012080227237042073096000801397806
152059019234202030071011068810688117
016003076167192182191114651695861917
016253001004116246215051353260008006
025207129224192182087118038003355417
197041035125251100099184004432806706
135159110072199153055033000535153017
254116215086192166171219131004345706
109170031128205184032120279755633606
119132120165205180011229004435081206
008075075198205216066132004435213706
199122009003202118117158224526316717
044072143045199171206037004435278906
063166069191194114125249004433628106
098161121119205211045193004435387906
044084086223199177082106004430257606
091221127066202026085111336550002306
073024061201205112188242557080005317
122013116139212227179089004435189706
218225047160194078209078000800914606
070243079032202028153127000805040306
196014049171231225123092000533220717
120122224153205216065165522126180706
082166211133122195111160398670044306
030015071074205126032236583824807217
016179000040116246215075004436424106
079121155114198253199079363590002306
030182042066252248201183004432940906
138086099212215177155215261295188317
141236106187198255211045103110107617
025191241012050062046170423294087317
103119020174194017228064000224464006
047124080003199137230180050075672706
223007030181237042073107004434062806
032181035146199223120124059384967106
119132120180207001003132004432163306
044006226094237042073094004435164806
050067232210205249003219000000000001
016215208159237042073093000801855006
057184217037202029002183001615361906
044024243020237042073105000803269806
075011030163139212123098486421500106
208181140212135079171142000805336306
201193114039199170237185629004955406
102111215174050062045155572050044506
063161009208205239062133090014601906
021091198147116246215077004436077206
044050171103205213165092000800113106
002180240132073165059057581660044506
195222041230202024016058000803440706
196094171103192030004242000000000001
109210154012205070209155444880824906
237042071044237042073248020010200117
030015068059205218074002004432859506
112008238136050065234069108880044506
119142160167240063017189004435366606
008075075221205184033158000805282506
030015088157198255186198000000000001
016012080208237042073101004432182406
227003017060199169023247004434587206
253102008178198193187187001230012317
100197034182202118031210004435244706
042089172111198229111195535803788306
050075028226202024004209081015785806
062245057114199224149108004434991506
243054081013231225123094000536295617
044220044032244003006236004434422006
047100056104237042073093004434023806
044018107149212227152005016264986006
092004061069050065138011091080044506
062215040221207022026127081105186506
047160077070131115163180040602656117
137121094146050120062088527060002306
025202163152199204112066366692815917
231148132030199208051013004435677106
047169209171237042073098004431052406
244199217204212195089174004435619006
134233147245215163007214565796367817
030037228180199170237173397486011217
076177099152251100143073004435781506
044095058105202167044253004434113106
075255020082064005155230004433330706
108126247183205201186128574500102517
002198014175202030155086089995585106
075091213030237042073104004435191606
072192144003202118021221000000000001
149228008246198255189026000531010117
013159211012202024017062004433453006
202217215109205149041079000000000001
239213054069139143180104052225660206
108040110163212195128205429495927317
131003246171244205046045004430268806
016249230245116247217234490850148517
197122065206215019149245004436075606
088046033130205199049002150005014506
025246038001205033029030000804201906
131210253013199169223188004430179306
021120125182199152013207004432426706
197174047210194086007160093395170706
135186244070016045106041000000000001
149144117095231225123093000530137017
150223187064073165110164050450044506
053197216088050065143067505040044506
108236166130073165089061056850044506
237241138244198255186198000000000001
073158140130205127141172292943002706
041144134014215177154200004432782506
044008134097199224149108004434990806
087118114040205250088182468420808006
131134146233202029112192001235785217
127168149027202029167023070144446706
036218200065199153062198270990002206
107091050120073165079053427290044506
148067222062215162057234000532262717
044021013055116246215076000805657606
016195252197116246215215000806193906
013216125031199224101042004435295806
002192001224205251202072210115471117
047050187087194207242051093396004606
090051227253192029094254507290312806
100247146074207180051185234630808017
091177248076192182193067439960012317
044068198003237042073101004434018006
044001001217064005155150004433757206
044222125210205195120140004435060806
047169075075237042073096004435095606
077013104056199221121052158025881117
013147253052205211040133135252674717
044022069105050254094252000803785406
057184217040244003004199001614401406
047111131229237042073102004434486206
016012080205237042073098004432896606
070217213165192182090041528605123406
124101052209135079171205004432711706
044073109190116246215079004433848706
057158039032194031145121154250002306
213175202246198231053138004435066006
130004046202192030069030000256052706
044048169034198231052169004432742406
213187202240131115182082004435015906
148003126058116246215069000804162806
244199105081215162057070548050008106
237042071027237042073096004435295006
075091212231237042073100000803914206
075091222086237042073095217860044306
016012080213237042073099000804189406
044025188102212195071082350405525206
213179055018205187184126052222662306
063161028040205249052109004432741006
096071174161202118002229613456319206
210030025218205180052233000804955806
223002235107212202149093000800238006
044222069179198247251182004435016906
197030218075198255186198000000000001
044025052213237042073105004435214206
047191037040205239062133004434158806
213176048048205139035178004432667906
213176048255240235108140004433629206
237042064210237042073099004435682406
066138119157231225123079000532171617
139107190037207012138096004435724506
218225205108064005155200004434691506
158048067139205071035198552320143306
225208079197205066139178068810102717
079121155114198193189031472230002306
044203079002116246215077004433445306
091234114022050065235165483530044506
110121189020202030082080489874154417
057184217039192029184187001613069106
016012080228237042073104000801087606
218225236115116246215092004435909006
073141085170050123138105004455460206
070243078224215161079110000800190806
013217220233215163007035004434951006
119132120169192182254213004434950806
196040118094205113252249598560905006
146119207230139072053034514135514806
097132228080231225123072000534729117
053153158145212030198157111700508117
133124192181244158005053418535407206
030015088161198255186198000000000001
073024141071215177242173004430422206
127168132018202031017091004435830206
202217215109205183112123572750177706
129217196180205032017210000804294806
134005197027198243139002004436409506
147202253096207183128182000253283506
141236058098135079171205000531962917
047081091076237042073105000802597606
050084201109205180015178328282692506
062199080201135079171158004431112606
218225091066231225123077000533407617
055255067021205211055178446140002306
212143025069116246215094004433850606
213176048100244127158122052224313606
041145049105205035073247004432731806
044084128254205055128226004432652406
119174200163231225123077000530583117
044200026040205035072202004435612306
153113069001192029095201581472773617
197043153094237042073102078520008006
048213113101202024007063080010725306
033038140189116246215084000533417417
131192122228237042073103004433760206
223208143086199153054254000800264906
044025062064237042073095004431780406
096067117040202030242024472324993806
101160237152205236148042314240190017
131235023095244157132145000805012006
206157043135205236231233004432860806
070032085113205239065052588150002206
016003076146199204078068650823483217
225197118110205239087220004433310606
050084201210199171109182303825494206
016246233145215018160251000000000001
073026251190240183051086004435920006
223239025152205112117146004435171006
223007030181237042073107004436083606
213187199241244001169249052223952606
062215207100199224155227004434961506
134134130177237042073099004433975806
027223199150205071138250386464746217
062201092044199153047019004436113006
135084107064237042073103000804451406
091177248076192182193067278910012317
063164037059205239062002004436372506
197043152166237042073099074040008006
134009120193198033105217000536095817
047028082216231225123094000536175717
037010172237205211034018335970808006
213184192019212195084201052224101406
047109177040237042073102004435195406
099141080151116246215232454740148517
223007030183199136103020004432706306
073171192226205148029021004430762306
213187199254138091022105004436226206
196093065046199137226124000533518917
062238058054205219222150052232656606
210008027101199192033094082704959406
047105175246202024016131000803328806
195160152212050254094253500875817817
124101052207135079171132004435948606
047110064126205166059016000804976006
146017019058231225123076000536120217
047188004183205099159008000805081806
107101123017205180045078000255905106
129199248160231225123095000534217817
202217215109205203001070572754444006
243054196149212232022145000804291906
042204130207207180012223600224309517
047169043227244031010015004431689706
064048147114207183132053026236237017
047160006137237042073098004433325606
213184192023244248026173052224681806
209198085028205250088182080914690106
074146227197205139035237171570699017
200162116036073165173063629560044506
147237040035198192225214403644852006
108053159253205180041143005874160106
048181080144205139033047004433864706
197202027124205184077093080805385806
197016034000192182238173004432706906
101107246097116247217234000000000001
101137243121215163006193514132713506
062194038254199208051104004434433606
044068198003237042073101004433523806
218225236225116246215070004434693606
106096110037194017239252533430038917
235128145056073165172161140680044506
152200233128244003248183004436105706
044205226197116246215074004434379906
016012080222237042073099000802393006
076084236255192182081199080332081806
077103132130215019232002610955466706
091177248076252248025120278910012317
030054086185207180015129593390466706
228209116130244038133045071726137606
201077093162194078251114589146473806
218225236073064005155134004435204606
076177102216205183035027052224672406
137216082081205180052082641422014306
084122132143073165107065610850044506
080056047130202025232027486150232306
016195143031231225123080000532344617
100124163034212232021005004433081106
131184042151212195084193001230007817
088046030109205184076173092535046417
016012080212237042073107004435986606
218225162157116246215240635650904217
197143138162138091023085004432721606
076177103250244001169077052224523706
044011208058205098234051004432384206
016234099091251215115082004431595806
093041038053205139034142219344780817
119132120168199223116082004432783506
034080172094205167059067255010002206
141236063231231225123075000535834317
213176048007131115183105052222738506
248199243221207022027135000803292406
197171207038199177245245004433674906
044007060143237042073098004435885006
123188126153199137238179004435295206
250008068031016032169087638220008006
134009120193198033105217000530637117
048157163128205250088182000802460606
053157187142205166126205501455121106
237042093025237042073095221060008006
042157163164016238146130000000000001
044084080171050121084141000804934206
021120101157205151248123004435016606
044212170164139143182255004433125206
218252090214050056145002000802685706
237042118016237042073105000800958006
064005151085116246215022000804485806
044002171124237042073097004431487406
202217215109192182224148572750511006
110123029211244212229038410200155217
127168149027202024166047070795892306
034108101082205251200219275755328106
130004046202192030102007000255229506
073024254225205251202099000803850006
016000173246199153034218074480012317
027101053220205184035163068810125217
202020199173205218244149010246375317
122016143106138152152245000806009206
203123006164205070220062544956020117
197043153086237042073092211480008006
237042093048237042073106072880008006
021068196222205212182125004436237406
044057209045116246215084004433280406
114066046099205213166229004435763906
135070159122194041032114000253851206
044062095160207001164181004434022006
034080172094205167104021335840002206
062193228071199224149108004434987106
074033185063139143018000000000000001
152157244218194102243042000803382706
076177103203240223181253052223657306
073155112250139218240189004433793306
197155091173205200149026004432058006
137064072207202029244251132530002306
146094051016231225123073000530109717
062205145019116246215070004435993906
119132120165207020027177000800828906
080070156195198222247074221620002306
042204053175202167044253070083506317
008075075221205184033158000805282406
202217215109139061191071572750444006
047160006137237042073101004436059006
047111122036237042073104004432796806
044095096205205138232068004433369406
075165033125237042073103000806519606
059182037146202030131170567925797006
213175253247205251202012052224770406
072011141001231225123076000536292917
123188126170205125076017004435545206
244199245227205216167068000804242906
047188004183194043191034000805943706
044054132120215177241003004433781006
147202253096244029213099000255521806
073027006102237042073103004430246006
047119174078205219217090004435084106
070232117143220021118166025940143306
210030017245212030199041004435278606
223239026122138071027205004430153706
213175201173212227179066052226024106
013217107094205216101114004435980006
213176048029212227179009052222783406
041155124043202024017216000076400306
249158180126116246215084004433802106
100208217209231225123073000531609517
016215091034202167000035004432669006
135210232160205126037089444405755806
044068047245237042073102004431562606
044206000003205138232083004435618206
047048167097198193186238093393903817
155038086100199223097127000804023806
114242108247202024005097004433763806
124202024101064005155136004434760706
044025062064237042073104004435836606
049089171061198240073222511520046506
044020036004116246215092004435786806
200163018201073165059089183790044506
084127231206198222245025038005141317
027114093000205071020216299152254817
062193103056199152008019004432790106
231148131054199152008217000806249906
062202143243135079171128004434032706
213175202251205066253174004435387206
047062092180205184032224000802902706
131170083102205139032214000531276617
047032016048237042073104004430832206
073167155219202029076119004436277306
044024098189116246215079004434685106
016242056115231225123078000532979617
044008001145116246215068004436120406
076177103215215177242010052223318606
213176048071205187184126004432913806
008107007128194031045244000805995206
136053123146202024006048000805017506
213187199236212227179141004436083906
213179055088240235109162052224748906
218225237166116246215058000805464206
134009120193231225123081000530227917
134194243115202028050120019356463806
131134143130215167248101001233311217
016035125209192030220125000536515317
218225237166116246215013000804701806
044072164157205218074053186715159006
070018188165131026048221201210002306
062196047072237042073096000803142606
139203000229192182089006109516409906
213175202230192132003013052224813506
107223078091205217248053412724286506
134073215014231225123075000530189017
113175002229205216067105244840531206
124101052205135079171132004433322306
135084107093237042073095000801385806
047044023125215162120166087653346217
134164179178237042073094019100948406
047170001253237042073092004435192606
253102008178207012132223001230012317
083182113148073165111016605840044506
156134232073212230042113268812775906
135240062190244089149057004434948606
103214230044231225123074000531517817
216038054113202024006162000804433306
135084107064237042073104000803692006
062198118118131115160074010032641206
089229213247205217086024033896320206
134134130182237042073096004436016806
041147149243199224149108004434989306
200164179231050065216204535270044506
048166070169202029126113286223545106
044026066129116246215093004435733706
058145100183193065013138000223251406
110145101185194039050154248740128017
033216181086116247217103000000000001
210206026081205211056089085900038917
203224186119139218240252000805146606
217160255130016229023088530210044306
136053101161202029043212000805594606
200124200090192182193067375040012317
131210218147244158006214004435625706
036218200065199169086067206200002206
016012080219237042073094000805941206
016036124186064005155232004434587206
199248212033194017229141367945472517
134187042011199153050217366960005306
021109008013116246215024000805989506
058157135254194114059002501635608617
237042070087237042073094504740008006
213179055108198231053138004435550706
044222121022205236255034004434799806
103245144218244205242253189890280217
047081124095237042073093004435472006
210056010031205098239114004432781706
033228168007205184069235004434918706
035196106131199153102059122476392706
153071177196240063017153004436454206
047100067038237042073099004436445406
131012031017199169205019468630615106
218225236225116246215071004433324606
119131066060050056146082004432745906
085024237030073165107148530470044506
016215205018199171107124004436089006
044007016245237042073100004436292006
213175202215198231053138004435505106
044215027128199177245230004433092906
202217215109205125086192572751999006
025188004171202029182205536230002306
047160006137237042073104004435187206
097133082094231225123072000533161917
239213054020199169012057004435238406
044222188227064005155230004433365906
196092076108116246215092004433282606
213187202242244248165117004434969006
117082127093205184043104467440008006
076084214083199168152226549734272417
098124056239244020130075027225365817
124101052212135079171132004430256406
131148087034231225123091000530982017
193182095025016229047140601890044306
072011141002199223125108000534358917
221197114020192182220122004436214206
047170248188237042073101004431033806
113123153141202028132162010245951417
075228020183116246215084004435204906
248240218021064005155202118913576106
224115019221251215115082004433785906
044005046136116246215084004436279406
027136153207194039043007037246381206
047011160052237042073100004434388206
047082082224135079171128004430371806
239213060022050254095245052222749706
110199101134198255183161127330008106
048181116078198231053138004433507006
113175002229207180015129157420532006
206051011062215013073202269052393017
232188051087050120061111000805954806
208181150170198243179139000802682306
197143138162215019149194004435678506
149158096184198240074107071025024106
213176048154205216060224052222386906
044051123119131115163052004430178206
102191227103199204093125396450310006
044086202095192022173005004435522706
134172005196205164099189004435307106
237042118036237042073093000802782006
049041213099192132030139326382819617
140075193255139093083117000801110706
197043152150237042073102004432040406
208181048034135079171145000804074706
047160184017237042073094004432019806
099126049065198209152099534424530517
044025052213237042073100004430247006
073155112250199152110192004433450206
111199133010251100096119108531046817
030015072226198255186198000000000001
002141190241194043181019380510109506
197143138162207020022055004436070806
239213060021205066245179004430238206
048181106054016230168186408000008006
081170019183205239062103610890008006
104013109114207020255000000000000001
121149180226202024005004000801654206
021084065186064005155235004436117506
136227068188192166169226490290002206
074144069169194017012242494841645417
197143138162244003024163004435104506
062253222179244248167237000805323006
044004247143237042073098004434738406
044000015180237042073104004431208206
030015090213198255186198000000000001
253102008178202029191131001234465617
036218193188240063101086123780002206
044095096205205138232143004434674706
124101052200135079171152004433499406
135214201038202028070211004434175506
148067219088231225123041000000000050
044074087114198033105217000532267017
075091223087237042073099562300008006
048213014228199208057153000000000001
147250115028205180027069004435326406
101160237152205180122220627640190017
148073085144064005155150000805444406
147250115180199137128003000802738906
042204053160207022024194060086464417
223007030181237042073103004430724206
099141148219116246215244387030148517
223042064010205180045101004655713106
135079191199135079171185004431799006
093047253047202030082013004433879006
123016126240205212179110000801377206
002002132232138145213112004430238906
049102078237016229029098000000000001
103173169166198193188208000803818006
204122027152240063114060409720008006
147150211050016048144184000000000001
195077045020240063101051059384125106
237042064228237042073098000805515406
044051048050131115183098004434312206
044084128207207183081022004434007006
218225162156116246215240458730904317
063174237039215177241060004432914606
073155112248199137140048004434524106
044025079037237042073105004436298606
141186045157064005155228004434698606
047084229098237042073104000801843206
134164178093237042073100000800309606
140169207144116246215079004435410006
148067222062205236089190000530167617
008075075174207008081028004435120306
032181035154251190158157000805610806
102191091185192030125051148110102417
249070079098199152015190001232196417
131170083102231225123080000535774217
047056014001215177111198004434833206
242072234048205250090022066720209317
130004046202207183129195000254190806
062196033115237042073106004433409606
076188203121205236085004000806204106
044049198030207001190242004435161206
244052002030212194043103305651937617
223007030181237042073107004430395806
047101000113116246215070004435703106
062192142166199153048190004433795506
044007004233237042073093004432110606
076177099136240223181066004435109006
194243244207205166210107583983058217
076177102195198231053138004432676806
097072097051138152125118008005274206
072011095101205212182178004434686306
008075075198205250092032000801999806
201199144023194031035228000000000001
063172111071199137226180000803996706
210062141127192132094147019352791006
140242209138016048144170118915047906
141236063252231225123094000532791117
044003214238237042073096004431649406
197243251072192030100050313725228806
083027245205240063114060403440008006
228079155143202029158057004435353706
146086144185205126032106004430379406
013144230231215161087213612335328106
044000015180237042073093004434265806
007234183045205166063096004435017206
016240255208116246215008000000000001
044001009033237042073103004431366406
047119177027116246215082004434720406
070243078214202030248124000804638206
127089142151205164099243004435174406
093116166130202024166154407772567217
119128008123198032158238000805515206
200124200090192182193067073480012317
044004098210237042073099004433478006
231148130167050062046170004435102006
237042118043237042073093544040008006
044055185218192022161171004433290006
041144006215237042073107000800518606
096096228229073165173022555250044506
198140039235116246215223516340008006
044006134207237042073100004436157206
110242196097192029094050313720462706
213187199255202167002161052225780106
016012080204237042073106004434292806
114071234213199168152226519005869106
233134116057131115106200000805256706
141236058001135079171175000534858417
047081024140237042073100004434991006
213176048156207001129237004434745706
044072199058237042073105004430981606
110123053020198229186135373450338906
223239038041212195030166004435054906
013146093021251190156074133494659217
104210017147212230228014514130120417
016012080209237042073100004435634406
103211242211207180054207000220498106
016215208159237042073105000806521406
124001137161192029085105519300002306
044203195033215167114172000805461306
013024109104205212234157000802626806
034108125085139218240252515220808006
013217250067116246215068004434191406
131174243018237042073099004433572806
237241146012215013075200004432680206
062216104181050121196161004432685506
195222041194202029138044000805967406
049152226135205066138134004434994006
062194255094215007142148004435247406
016012080234237042073094004434041006
206222140233199169202100646145971306
047080018130212195084193004436437006
030015093035202030143077004434227606
016012080206237042073102000806446406
030015068010205218074061004434676906
044070002056207008086202000805089406
231148133114205250010244000801938206
224243223229198033105216000535055017
016012080221237042073102004433421406
083016037178205071034225000531394517
214001193114199153100146038015639117
021120109063207012133227004436526406
062245204133237042073106004434376606
080208205212251100096071010502335517
047090234249199168233188004435701806
030177113189073165089241590270044506
129094086045073165107241574680044506
013217250067116246215068004434182406
063164084005215005010094004434716706
113078225041244003007227388466154006
209114107215050057213170068811708817
102123070011207180048013000222606406
062203092116199137227058522995254706
021120109089207022024194004434927906
231128055195138145234052579860547906
047091137228205238169234004435165406
016215208159237042073107000801723006
124101052213135079171146004434377706
044007103049237042073092004432878206
016036124186064005155193000803792706
042054127204073165173022295350044506
213187199229215006255253052225907506
044026009006237042073102004432917606
199244017199205126037089116991990717
013158167205139072053034004435389206
223007030181237042073106004436112006
073027208116205187184085000804944906
129115119046131026048207655180044506
129012009231050062034051578520005317
044028211166215163203176052231296706
044068054122237042073098004435302206
086106052001193065086210250005148906
231148133008193107085129000803656906
127006070156198253220165000535168517
158011025054122195111160077340044306
047001149062244158083125004433492606
016012090103237042073107211080044306
057154025200202028032016246590002306
131190120054139143018199004431450206
098161121119050254095245004432886806
063164241115205149045052004434788106
131134146233212197176077001234928317
030214173002207001175102004432625406
141198057159192029095209004432638206
195199043084073165064099140840044506
050018030236205071020216591122254817
124045100138240183235243386553344017
213173038251194043182001052220368106
044003062111237042073105004430250406
112188160237202030093060536642823117
213187199240050057213162052224808806
078141145152202024005125000000000001
213173033195212195084193052224638606
213179055013215177242173004432768506
016212246100207001170205004435146706
070048059038244067211059000802672206
016012080230237042073102000803851406
062199080201135079171142004431395906
203090028048212230042123194090265506
128087134243198209142046004654065906
097097107105139180033112216960002306
218225091067231225123075000532254217
203034169137205217250152000000000001
007237022018244003173181004434948106
193253252139116246215053238140008006
223239026122205249180161004435787306
048166059154205211052009004433446406
016098134156205213161207255654982606
042090146239073165079083637200044506
149147074148050252039173001233980517
016174028045198209173080000000000001
237042093022237042073097325480008006
213187199251240223180061052223860606
102067190059194043182175629145873817
062244027004237042073103004431282406
193140198201016233080118137830044306
044057247235199171096012004435858106
112081188215212197254030080685212706
044025076169237042073099004435276606
047028050030212195069065004430963406
213173038248138091022086004436078106
083122013106202118202182063650002306
134134130177237042073099004432984206
130004046201205125123081000253799706
202217215109215007231197000000000001
047001242219212227179051004434935806
135214201048215005010069000804963506
148077148148192182039108000373331106
197222188038199192032241096780338906
047168186061237042073093004436119606
253243238148202024007148001235251517
139235035239116246215220190640008006
134164179106237042073101025155157606
213187199235199168236177052224311306
101091233006215013072176107614995417
044037206168116246215085004434649806
008101216133131114014082000535933317
134134130178237042073103004434107206
087150162134199169194038559520008006
239213060005205251205173052225037506
138210052099064005155180000805673406
062255052164198247252206004435154106
049097072145215027220219566960008206
213176048209205066250061052224973906
108021073231205180123122433405062017
147111165194073165034161514420044506
135084107064237042073092000806481806
238063254254192029087135537340058706
202217215109205202229219572750322006
132192174239202029113174000000000001
239213224181198231050150004433462806
210061102008205251200179004432623506
044094033101116246215070004434589306
213173027119207000086021052222872606
016249230244116246215244509790148517
057184217042202029105238001614568406
041155068095231225123072000530779217
243054081023231225123090000535427617
016215032058215007140205000806124806
239000225090205249055152314454778317
002061124058205180085175541510016117
047169175164237042073101004435910806
131000225039205166145025050600506017
131190122249139143018199004431812006
208070209173198231053138004434602306
158007024216073165069171152020044506
135150208159231225123095000532423317
213175201172244248165093004433466106
152151005099138071017060400630005317
047100122012237042073103004431527406
141236063152231225123095000532076817
050065223023116246215087004434468506
146146154001205167059073255040038917
195082042166207020027127270320374417
075091223115237042073093112480044306
086106052001193065086210250005149206
047044023125192022160239087652637217
047090245098212230037173004435775006
213173134115016238145171000000000001
213175253229205194209117004432639306
137105069084231225123075000531640217
044086153071064005155158000804194406
152045085024205113207089004435445106
044023141017194102243069004435325706
047100068026237042073092004431838006
044001245000237042073101004434957006
044026234095237042073101004431623606
058096037092231225123073000532553317
231148132192205127141072004436080506
098088023198207020027127307222703206
016012080209237042073107004430860006
002076062254205239062103004433624106
007090069120202024166205514482755417
213187199231244248167237052222657206
073027006102237042073095004433696206
047168253102237042073100004434835406
096014154220205236228204004434373906
063174062024237042073092004432925406
136053123146244157049241000803855006
062242075111116246215077004434065006
096118119225202031101065060250002306
034080172094205219154043456980002206
034232158137064005155189000803309206
070039233143205218029096355775447106
070243078006050121229050000803453006
206157040178199171104082004433717506
047032016048237042073103004433597006
075009203237202031070078000803638806
047039029079199152013205093392706617
044085125181205211122071004436002206
238063233094202024006213000802430406
008066026183064005155181000803291206
022196123051205186046038081145306406
208070209165205113206030052225334906
105040080075050065234230653280044506
147003221188202031006076009956493506
044057160068116246215120004433482306
075091210205237042073104110040008006
200174222094202028023226000000000001
044211120133231225123092000534682417
110125109138215007140050010323386217
034120101217231225123076000533805417
097133082094231225123075000532847917
044084123225198247231178000805377406
075011047119202024006184004435792506
140173240225205126032067004433090206
210030029151138147088084004435808506
049121023074215106055002201102577717
002002132227244038066253004435325106
097221140001199169194038506140008006
238204145118205185134077001103711606
047049076187152098209110093390275306
237042064232237042073101541540008006
073158140130244248213082316962730606
016012080230237042073106004435749806
047011074112237042073106004433273206
073155112248207012131009004435312606
243054006136205217245235004431153806
016012080212237042073107004430378206
140065118211064005155209000805890606
200116026006205148021048427940143306
070243079058212171082166004434666506
044213159070198231051131004430551606
156089026233205055134018387590190017
002136235001192029187040000802680606
047119196251116246215071004435953806
100231023164192030218206375090102417
044022074063205139035089004432672206
123188126162205249042037004435678906
016036124160064005155193000804470606
047169175164237042073098004434442206
044002161222237042073105004432986606
103227026163116246215083004435081606
076084179115251190083217080645659006
197122065207240063100120004434981306
047090143152205230082162004434978906
059170083209202030076051190014614217
123188126107215161065063004434251006
238041090103192031065246080812365106
075062217254198209173198000802693606
135084107093237042073095000806299206
231148132127202024007114000805819506
153039112233215106052203066001114706
132059159040244212048047327522392317
140173240246205098029085004431113406
044026206013237042073101004435446006
037118226106050123083215110530899906
070032085113205239074201588150002206
047081007197240235108141004436161806
111234250104194038155157004435703706
196054197054202167044253004430372506
041144224145205216063177004432630706
197036117240231225123073000532230717
044025079037237042073106004431521006
253102008178207012133165001230012317
097205051242205184032205605010281617
146124016160240063103164059385417706
153039112164205167104077199925465706
047100208097237042073099000805538206
193253193245116246215223538870008006
016012080207237042073102004433951406
044011121205198229188216004432716806
075091223087237042073107215320008006
096100187159050123082183000253367106
075218053123192135131125004436230506
116152239232202030084250000805075406
097136093150073165172121529970044506
032181035175138075188071059382009606
044024248059237042073093004430925006
047061231156251108009008004432687606
050075028226202030248053081015022906
002136240170139212098041004435019306
075034000156202028156149089994311617
109056184092215163006193351172713217
128101243093231225123092000535941717
253234090090193065103137004436298306
195121129077199208060097090016273506
213173033193199168153253052225497806
013005197030202024007026000804906906
139130182253016230108026163700044306
047085028089198241202211575570044306
097009156236199137227017068891043617
047082232166205167107141081005900606
237241138229198255186198000000000001
155038086106192030099252000803395306
222081081172205249052006550500002206
135243107120202024016004010212090706
206208043125073165081082607750044506
249158180126116246215076004434668906
136060171134215167152245000805936806
050084201005215177242182257135281306
126123177144207020027130257134765406
053040157207251196147123000000000001
206240092254198228051000000804179506
044211030108205251205181004435222806
206014117076202167129004413183491417
047045155105205066246176040175055706
044076138233193065116138000805737506
047124071190198254094106004433435206
134009120193198033105217000531035717
048181080127205070215244068683318106
075212175023205113252249600820905006
122136050237205212176012098634932106
048166059183205239062013000804220406
218225205094064005155193004435862106
111234250008205126170029004432694106
044001217206205218008173004434988506
113175002229205216067105502920516706
206163133099192031163021581160312806
047021050187202024007140004436548506
149158111009240183051091000805834406
097247246069131026013081559040044506
141217145148192135136013081940820206
030183118059073165080158644310044506
062206113067116246215094004434971306
131210253052199137227090000802946006
047111131225237042073101004430534206
063163171210251215113218004431029506
062239094013205219217164004430409106
034072060203139010250152451390005317
119132123055199137132068000534194117
041155124043202028227110004435513806
090217121218202029116051143114918717
127028038084050062034037004455604306
211210178109198193185230118985612006
243054009044231225123081000533725317
118105026111205184033083218944537417
074141129041138071027189000000000050
136053113078202030161183004435551406
044039243071205236253173000805139306
222216109252205200224063649920580006
114042255046131248239006122410008006
113190241009192029191158461700109017
200162003008050065143069654090044506
089095203017205098230091000000000001
085077169020199171107111429950002306
044055213078205218008116383121005006
132201102243073165109054497760044506
204144163164198220148014514132727417
148003126058116246215069000806480906
239213054066212230172145004435609206
097201077227215027184232541560688117
200124200090192182193067588240012317
223007030181237042073107004430487406
248051082147199168152210068816294017
231148133067199152107134004434757306
070243079033202024006198000806350706
073155112250205184066229004433396406
233042035163193065126013619060002306
044004103241198192211046004435525906
075011030163139212123098486701500106
149210135112202031105178000805811806
101218003204199153111028030740102717
152005082231205071020216245392254817
213175201163192132002083004433890206
197043152174237042073102000805870206
140200069215064005155064000805578206
214012181149217010236253625113686317
196154009237215167248071080003874306
143090042105135079171158004433390706
044010057168138152213026000805406306
148068185187138056073247000805514606
253102008178244038064166001230012317
223007030181237042073097004434891606
148092183115199204068226027031407606
218225090026116246215093004434957806
081246106091194086003074088440002306
231148085214207180188197004435990306
047100144058237042073096004432531206
213175202219199168152226004435375606
202217215109199153100174572750544006
140242176157064005155231004434779706
062200038236192132094173004435692006
237042071050237042073103004430962806
101038053015192030021131089995040506
238204253229192029080236004433846106
210011220179194078241183000000000001
044030113092138152126173004434169906
119039226251207001007072004435099806
002017058032205035005005578565589517
070231208183237042073098000803676606
125228248194199204070053100864087006
139129044217116246215063249390008006
110063137154244158005051030740307417
122024154018244127156248004435840406
090249121162205167105201651440008006
053173106002202029044062514136381617
200164059061215006068143451746405406
016049112144116246215079004436498506
016012080214237042073107004436001406
076084238010138056077165110005358217
153071177221244067209210004435013206
196040118083064005155031550860905006
248199202081199171098181000805401506
062196033115237042073095004436267006
016249228149194017228042535300148517
139130182253016230108026501860044306
070243078224240183051085000800215406
047081228173135079171175004435411806
206163133099194038154249581160312806
047054114103212202218040077815386217
068081232065199138218122313903334817
076083248170212197255038000804905506
243054009047199224100174000533665117
116154050097202031151017270186470517
138039034028244020058009140315936506
223007030181237042073103004432408806
063172197143215007140221004432763006
047081231144237042073096004430241206
247003110196244001169249092120102917
025206170108073165111158406990044506
062214208148116246215069004433357606
135084107064237042073092000804062406
042157177124198229021098297560008006
213179055119205217180225004433033706
080215173242050065170078277610044506
231148130152193225174019004435659406
223007030181237042073101004431919606
080201169243212197210013143421201817
044071110093202024017220004435059206
124243178072207001009029000806406606
047034214121237042073099004436259006
133212140201215177242002250660994317
016012080218237042073102000802639206
097162082132050056158046408043313817
079121155114198241203163602990002306
114242109010205201184001000805333006
112073251015205071019011595430830017
105052172160205212182122408732409417
135084107064237042073106000806084206
197155091172207001174217000804584906
101235243185215027047104000804407306
072209180031205166055177398274579917
248199234041135079171158000803716606
135168078071064005155230004434713006
148092180063199169209077027031388306
096253233186205113207089610470108006
194015170207199153100146588475767917
158159249055205098029085000000000001
044004213176237042073101004430390606
197222188038199169221068419290805006
062211141200198193176021004432940406
135059216189202031146111004434918606
202217215109215255163034000000000001
196115231136064005155203004435064106
220111174207244248166237184640711917
237042093039237042073096004430646006
073027146097237042073099004434965806
016253001055198241202211479270044306
196043026097231225123072000533610917
127107225022231225123073000533460517
064031187151199136065245000000000001
057184217039202024082015001616481706
085059069104138146063174161401667617
114242108024205164118167000802906006
062247003052237042073106004433199206
016012080210237042073095000805921806
204206088168050065249238568690044506
082085085201199169205060080545032117
083230238163205218158237320613403317
047008181033237042073095000000000001
062207064155231225123093000530171117
116246018193116246215069004436076706
033160041162199152015185000803239206
227010076019116246215092004433371206
134134130182237042073093004433674406
090128117206205126033101000804458706
244199096122194042036113000231171417
218225205111064005155200000803643006
204166101116244158006093541543777006
131003246171215013072176004436170206
075091211152237042073101000803774206
196043026097231225123091000530781017
034108125178244127141129650500808006
044003127078237042073098004432341806
091221131143215022057123194110232306
249237196039237042073092000000000001
127153215239244089055229628402839306
104167196120205113199240001234986917
047188122192205239050148000805965906
058101134255205112116096004435071806
063145050157244248167034004435366006
223239024084212195029238004435249506
049092054140205071138250554664649417
243054196131244003249149004435939406
070208097114139219138069550120002206
070243078228199169201017000806221706
073027040006237042073095004433185806
213176048183240223181066052224567206
044084123143212197084062004435165806
064004255129231225123078000532003717
075091222060237042073103300700008006
127235037021198243029005004430925106
140065118193064005155209000805399306
147221131063205199060042507800339006
016195143024231225123094000531878417
063165008005207001004081004435045506
030214172170207009251001004435192106
150067066072192030007219000535686317
044078224036135079171158000800331206
044026075184116246215084004434974506
235194023129212195071122539131321706
016012080233237042073099004434927406
136227068188192166170086474260002206
008074003131199138217219004435385906
079043054194199153100146064765639106
197041166063192182023088111130409906
041144141162199169021123004435087606
047045155105215167114145040175096406
062202207161251190082073004435656906
131208002213199136086068030740307417
044087168180205195127232081924304306
247003207032205071038215000805225406
062215095008116246215069004435642906
044199180076244157168176004435086706
047011147048237042073102004433429206
053181060164207180012223560234043706
116246011043251215115082004435449806
062196117112205184032159004430331606
087091121236202030130156117363456417
214134232070205180215113421302683217
044220090161192132094125004432903306
198140003035116246215053529350008006
044068198003237042073106004435075006
153039055006073165228210159030044506
016215208159237042073102000805787606
147221131054205236083089045670339006
249158180126116246215084004435658606
157225236034244029243026045000450017
076177103200244248042018004434289506
149247248175116246215048000803729006
218225091066231225123079000535175117
092193019077215162114066508670002206
077023208110212202160199199920422606
237042118042237042073100004436270806
196054211210199171102063004434269206
213187199236205218011126052225906406
200016024008199153043233004434958306
047027066055205126033114093395695506
135084107064237042073095000800330206
087220078042202025213227585440002306
081013178022073165172050497170044506
062216209172240235109061004430627606
062194058225237042073093004431988806
021112097091194017239180004435093806
213175253199207001131073004434991406
197043153076237042073101000803376206
044027144165237042073097004434339006
044000201196237042073103004433449606
030015090244198255186198000000000001
218225090099064005155210004433961906
122163211204205251200174004430112906
243054009032231225123076000535286617
223003018222205250038237080440153506
099032198088205098232229240683471817
062194134198205250088240004435137906
197143138162205184076173004434859406
044002014134237042073101004436417606
044062077214205127097039000802825206
237241137115207012139034034780235217
072011211078194017229034000535069617
047084229098237042073101000805405806
201143185130194043109015269645618717
002002132232202024006164004435788206
075091209201237042073100004433158806
073137199156193065013138000223258606
047005216192205127099016004432727906
044209154151207022045016081005051906
210011218140202029206182068905141317
249070079099199152015189001233057317
210030025218199224156165000804867506
223007030181237042073103004435752006
140173240244205032251057004434862706
109023170083205203039119484385549006
084065099024202024126061212630232306
083109012097073165079167457310044506
203013040113073165079082602580044506
008074003151192182061089004435964906
049169244060205212182061590194498217
214133240072215167248153638354904817
075214014205205113252251000804996906
044006064056205250091249000800981406
049127204107073165110107641200044506
211038129079240063017174004435365606
197215188010138152126165373924997606
141236058093231225123094000530413817
044024100210064005155229004435800106
197135179116205219173037000804196106
131210219147205167107229004433316006
083017026226240063112125522750002206
124102074142205166208202200422708717
153184002141244089055095547332485306
075091212217237042073092000800211406
107091021201202030110180358723265417
218225091066231225123073000530971317
137083173198207183081194113960002306
108012093221202118034226538064045917
032085030130199169214059646213286917
148067222062205113196054000536300017
116108010013202030104253000805111006
204104052134212194251014257235389317
211247146074205238169180000803021006
073165167051199138219190071715287206
134134130180237042073093004435547806
194187210001202031150232332895353517
062193227239199171206055004435242206
016012080207237042073101004435558006
218225091045116246215013000805928606
153137241255205184032205004430329806
016020219082251224004188360014644217
090249157139199224098189114200312806
044006157000237042073100004433672206
213187193220244248042018004433465106
015053070107212195130071631105798717
124045227234205249055042092001740206
103222080014064005155103000804613006
231120103013135079171079004430380006
218225162157116246215240000000000017
030132160200073165105109014180044506
103244142089207001001221490010899917
022196059006215162115046081066062906
047169009129205251205243004433636206
213173027187205070234153052224665706
073146126033199137226190004434969806
135079160224215162057119446840044306
202217215109205180078071572750399906
236146136233198254091149000806062706
131134146233212194040117001233945017
062194197061205249058175000804960906
245212074040215162095108516950002306
206240150127212194185011573583922806
044054132120251100098214004435544006
213176048210205216103219052225082606
217161118000016233080118493300044306
213176048209139143183143004432658906
078023057004202024005174098215715406
213176048114205216062089004436446306
044001159232237042073101004434112806
131208004246205125111116614560667217
021114183012205126032236004432808906
213176048119198231050179004432433506
141203094192139061160077000000000050
223007030181237042073098004435241406
213173027172215177242054052222671906
082176247254205126120223537205086706
008107007128194031045249000805186706
097022014131205113194110653992050206
221091243151215018133166041722826117
233133103171240183147064000224890106
135084107093237042073104000802185006
213176048223205194208011004434827506
203099045235199136067078252343988006
218225091066231225123075000531087817
193130135067207001051085572373725106
147015119152202028141036246963732117
030015077047050121086045034783735717
213173038233050254094253052224686306
206157043069202167002161004432764906
072011141011231225123091000533700417
134194243110193065015046000801872806
213173027103240202184164004434893506
044004223178116246215093004433541106
113125038085050065235141614620044506
013005035004202024016046000802462406
075063248032202028039051099980342206
072044022128073165054207087990044506
079121155114198253193194430940002306
080072198185202029235070278490002306
146126152154199153100130522822703206
202217215109205071032036572750355506
249127205079116246215084004435563106
044057070128205230095205004436082106
238063217233202026210215449740012317
073155112250198209159138004433671606
149042109042205126046216092120930917
047122059144205216103220093396021606
062192164118215167112202000802674206
223007030181237042073106004430604006
136131006217073165065246141360044506
253102008178202031156012001233358617
146111212089212195069189335535084806
119132120173215027045126004430303006
213175201173205139035178052225464406
197048058041207001048144492810102417
049252103076194114087034004435413406
141236059196231225123079000532521117
070032087159244001168218575160002206
140169207211116246215087004434435906
136053123146199136103031000804320106
087104247249050065235092652470044506
070243079004194017238169000803708506
153077180214135079171198004431810006
101135122197251215148144151806003917
135214201040205238171186000800502406
044072096045116246215084004435629306
125145081161199169198037000535197517
150243036212202030093060089992823117
007234225066231225123079000530247017
075063248032202029018159099980419206
097132070093064005155149000803435406
196093201197199224148155000000000001
044001245000237042073105004435839206
047081085032237042073101004430632606
044006252250064005155229004433350106
016173175031240223215109000805491606
135069149250202024016197000802149106
109053025111202028141036514133732117
049089171061198240072232579150046506
096040170048194207240213068812600217
202217215109215177111034572751333006
223007030181237042073093004434718006
041200137149202024005026525084546806
198140109072116246215053622080008006
070048059033212030198179000801367806
047086153142198241200204455790044306
067014205101202024166216547724236617
044210060034135079171207004435236906
073027047107237042073101004432731606
204124094090205250089082138852079717
135072013016251215117043395955185506
156183233129198193177143000803438706
041144237072237042073104000805654806
131148087034251190010037000532714917
016242056210205126137133000534160417
044093148172205149042012000806203106
153037090197215167194254004433912806
049244129001016230108139000000000001
124003020050199136065245000000000001
135240062190205164120175000805216406
058246074213207012138117334015245406
223007030181237042073107004430399806
063162018058050056082031180885503006
134164178094237042073104257460008006
049153148233138145199245000800204506
044205250099251215115082004435452106
131134146233202028070054001234841817
057184217037205071035105001611842606
127000205076192182228081000805168506
105150137209212194146194354503705517
044025010021237042073097004433049606
103240064219135079171145004431614006
052232225042139105122034044336204417
202074059071016230167039165990044306
064004255194199177254246000531976117
021120109091207180012223004435197706
201096072170198033144203004436189606
075091212232237042073105000801429606
231148130198199152116052004434950206
033183167035202030104000004434927606
062213037219116246215084004434168406
129100171022073165111091493220044506
048213124152202024007152000804374206
030214175185205167130002004436529406
047100158133237042073106004434358206
012058023045116246215086004434409506
058022053042219092207084251701193906
047169094069237042073104004434968806
076084179115205071032078080645394806
044202002242215163115082004434981906
070237144039240183048228068815567606
213175201164215163112202004432635606
135079178159135079171063160940044306
206157043065205184032144004430731006
154042200011231225123092000533685117
047170001253237042073102004433295006
243054196227050056159057000805377806
119132120170205211040107004435482306
047124252044116246215070004435735706
114075018246215177154201107532687017
047124159242207183082224004434921206
044006252250064005155228004433417906
096050078051251000115140514133958706
213173033194212202218007052221863106
044063198161050122167218004434943306
131151065185251190010037000533642017
223007030181237042073094004431775006
205143247013016229045128335730044306
219103116173016233092142560080044306
002002130255192182223018004434413206
044006064056244127158038004435593506
197042193191207009054074293110002306
035134199029205218029069115580111617
047091148178138091017091093393418706
070235152136073165089078645700044506
016012090103237042073106520480044306
111215075202244089100202570993832106
027196140130194042198121137655085017
007237234147205098239108519870148517
229127134016205250094200611375032117
047038138172205251200174093395187417
231148131033198229108008004435214906
050067189144205180049038004434915706
223208143086205167204007000803425506
209155120050073165080088564590044506
047110160103237042073093004431240206
109197011219215106210142593984399906
064089111202244248043249045005632517
231148130029202167077049004434971306
033245008098116246215030118913441206
044011062134215161105127004430434006
201207076214073165104208556650044506
100124154071194031040179000000000001
103119020189194017228064000225939606
116152239232202025072243000805368006
002002132177202118045189004435520306
204214085146199169001210312753928717
141236063126237042073107000536194717
002168099196207183146198005873385606
232034231056212194173250004435665006
047111131229237042073103004433488806
237042064230237042073095004435870606
223239026122205249001089004435185606
049090151153205055129249068816367017
133212216241194038094202380351928617
080210174034205239062137089994246217
072011211076199224100174000536253617
075019106181194043122192005875556306
206237034121199152014229004432449506
044027253156237042073092004434328206
197016034252212230228041004435262506
103091098154205032016189638500005317
131134146233199177248027001233573317
049097072145205239086159566960008206
073138248067215018163219513550341217
208070209176205236103226004434458906
002002130255202024016193004436284706
044003127078237042073095004432908406
050075141101050251141190004434061906
092018139072202029053031360590899906
072011141008231225123081000530109417
248199075244215163112217000806080706
087118114032199169198149305580808006
223007030181237042073103004431357806
119132120173199224155162004433531906
113035178073205184038253456820107117
076177103220198231052169004434431506
159230215030220021119250000230459206
075067180034205098234044080661033206
047100067038237042073107004431142406
239213054066205113211056004434399806
109099055180205167107197620570209717
231148133194205200030111004435328706
013025134220202024006043004436213806
021120124194199169217096004435676306
197157106086231225123074000532133417
223007030181237042073098004431427606
041150227114198231053138004434175706
200124200090252248025120268410012317
152041050143212195128205000802148006
124117015124135079171128004433130806
213176048157212227176016004435780506
032130211173244067209210204772727406
093124246157122195111160239540044306
044001245000237042073094004435449806
218225090096116246215086004435737306
201106047197192182140014492730002306
213173043230212227179002004433582806
047160184017237042073094004433613406
146124016158050248122195059382671406
044206042074135079171158004433710606
044024240201207001172178004434057606
047169175164237042073104004431428206
223007030181237042073103004431305006
032049091013205251205243562690133706
052135059209116246215077004435135006
213187199246244158083125004432292606
209103192222199169001133068815058106
092016226035205098029246204342655917
054116135070240063113219270690008006
158159158192202030147076412730002306
044003159019237042073106004431926806
213176048077205187184009004434700106
076188230178138056035109634615135917
136227068188192166170075592980002206
143238254029199223117040004435031606
070243079058199170236070000804481206
058001028212193065046054000805165806
016025123122198255189195040000890517
121155232230202028215081074326281906
099106236017240235109045030743450717
140169207146116246215085004433718206
044053070163244205137183004434150906
062242241029116246215124004434688806
062206040060198192209146004432684906
159090011074244157134150535670002206
008253194054199153110078000805762706
016012080227237042073100004430709806
041144210188131115011248004435059806
016012080221237042073104004434631206
221050236046192166238235132693845117
025066186143240235109089388145892217
063170042025205066230052004433205206
044007197086205218008050004435859706
013216127090207183082178004435118206
003144072166244038133045000801598206
233032089235194043118250270325032117
111226059062212030170103623094598917
047049152190050121196170093393989817
044072096045116246215084004435626306
002136201017215106210138004432714606
111205213060205249010141566462003517
044221172237199224155225004435493506
231148131162194031112209000802301806
244200013172139072053034000800983106
223007030181237042073097004433922806
021084065149064005155201004433767806
047090146195212034079224004432727806
021120101158205211054197004432931206
135244008101215167248185191325558917
140065118211064005155209000804200106
044000133249237042073102004436121406
040244221208138145206005601020002206
212235192094199224156213004431287406
235128069067205126033241513825048717
196040118217205148025180463620905006
231148130141212230228202004432650806
034080172094205219155252182780002206
149053203018050056080229004435311606
036218200065199169086076635720002206
097126237122050062032209068892420017
152155087179116246215124000804844006
002002132227192031071241004432640106
044061091159207001175153004436078506
116247099244116246215162513530148517
245212153097205239062170000000000001
210011245216192182088113262905464217
151012139171199137231133514132524317
016012080211237042073105004431809006
044026075184116246215084004433689406
210061102132240063017146004435851806
102032196242205032024094355241444317
124101052213135079171152004433178906
213173043235202167003245052225319006
016057112226215162167253004435227206
016215208159237042073095000804543406
086106052001193065086210250005150506
035146141133199153102059587186315617
044000133249237042073107004430281806
103233173165073165109237645170044506
197202027125205125074254004435911406
067000144085244158005051030740307417
062199080201135079171142004430845506
146119207091194017229143059683278517
196054217190215004234197004433549606
131143133229231225123094000533986917
141236058118135079171203000536238217
202164162202116246215043081790008006
135243027105215176003251052226229506
092075004197050065249031069390044506
042204053233205218158048070084271117
044094033101116246215083004434897106
084116015025073165109078566410044506
103214230044231225123093000532569817
245098077021202024112125530540338906
016174034086202118062121519901755506
197202025100193065009058004435218306
156183092131212195125025004434357006
016012080220237042073105004433785606
146112164220073165228025465000044306
213176048252244031009033004432713306
103245145098194042195211391803038617
149240091095212195069049004434704806
148067222062244029048153000535238317
044006157000237042073107004432058206
196014049171231225123094000534136617
062248100142237042073107004434093006
198140082123016229023074529140044306
116246019231116246215066456770044306
047108167236116246215080004434139206
044039243071205187185093004435226206
148067222062244029048153000532762517
099209041124073165091074634330044506
132212192153202028052176580006384617
210030029151244038134057004434456506
196092076100116246215092004435496906
044000007196237042073107004433675006
044214050067205211051152004435770006
227180072061205216065243503215334117
047044131087237042073098387400044306
204096045198138152126178529395652017
062197212061205217245171004434449306
085247217042215019233033070075856606
044068041155237042073092004435108406
062196168250251190083003000804991006
047167137093215167192199094434960906
072203061255050065172210522610044506
044019133043244158005053004435251106
100197188185205249003217004455245806
135072013018244067209230432334094906
206157040181205203000072004432697606
048180136105252248025120439790012317
044001223018251108156145004436149406
016215208159237042073102000803806606
223007030181237042073106004431791606
245255078137199153108104269916332006
044004199049237042073093004434262206
119132120173192182027174004435344706
076177103199138091017127004434277006
213176048077205187184009004434033706
109204059225212195004146318665423906
096189047230207001130247000805203306
075255020090064005155230004435087406
135079177080135079171063233560044306
208070209173244001196166052225771306
062209244081215160157195000805759106
112079048135205230082162396280104717
079250050217199137224001141990312706
062248169015212171083145000802745106
077023208110050120061046199920415806
044211191208205195119058004434031206
198140107123116246215053611220008006
111010136001240223181066004456530606
200216038120231225123081000532333517
149042099141192030122180092170930917
049154042176202030006105068816047617
210061167003240063017174004434217406
197016034252215022059233004435391006
075199004002207183128109004436183506
128155208122205249010141400602003517
245251229106240235109034039956446617
044011109156207183018036004436004506
210030029115139218240251004435228706
022196057093205126109059081045720217
044207103184205099158178004435563506
119132120165244038133045004434375706
007234225066231225123077000535843717
044027179127237042073101004433960406
237042083117237042073093553120008006
200162188050073165079219322070044506
062253237018237042073098004432616806
133094172249205180066111602402965606
101208195196202031168054508570102517
047170001253237042073102004435189206
202217215109199169217105572750111006
148067222062215007246013000534066417
092193019077139180042223508670002206
210030017245205212182178004434937306
139130182253016230108026206020044306
196043026097231225123095000536386217
015063039098202031147139065672297317
049204137147207012139248068814564717
137181117246073165079140572740044506
231148133006244127065046004435063606
072011018146205126137110000802634106
062197230053135079171158004431279306
148092180062193224217108027036011406
044084128129199177082106004430257606
062196144124199208059030004436452906
116209219142139180033116068815644917
135079169046215162057076070980044306
096060038012215255200013068810248717
016195143024231225123076000532685417
090046192060215162049211619695141317
021120101161205212178158004435031606
032191132039205187186221004434986006
049143241146205249010141443442003517
213179055026244029213005052224104506
141183211149202028199199004435310706
091177248076192182193067053860012317
197015102164205184077009000805807606
033245039250116246215092004434756406
033182062126064005155136004435863906
075091213052237042073092004435208606
030211135239215022057041640900102506
218225090094116246215071004436230006
128250001209231225123078000535490217
047100179217237042073097004433966006
247003137108212034246109000806278106
103240064219135079171145004431818906
041155068095231225123093000533976517
044009208074116246215068004434863706
016147139045050122167218004434960706
047111037100064005155132004433647406
034080172094205230090160248950002206
148067220032215007246013000535805217
146141123138205185134080422710688117
208191036003205213166146000805112206
109193230154205126033241510125048706
073155112248199136103094004435152806
062192133148251190082058000804765006
196093065108231225123080000530872617
048165186056192182193067024380012317
044007138236215177242138000804111406
205046012118240183051067631681886406
253102008178205098029085001235475517
098130127109073165069056498410044506
223007030178193065095010004435425906
027136163097205126033097004430417506
141199230203198209180195000804965606
203185018059198209154037629562763506
044027081128237042073099004432837606
048166025004240235109045070234553006
131092242153199177176098060144953606
136215191230205139035186552992333017
059182004061205113246205011686548717
128253027212215004019210033895718606
133236049211205199060234514136154217
021084065144064005155132004434187506
044023141017198247238140004435325306
231148133091205167056178004430244406
002136165169202024004050004434882006
002193042066199192037078030740307417
134249009024116246215082004434897106
042055160010073165107186642650044506
231148131092199137238179000805255306
030015071078205126037089034782639317
044011067189139096108005004434226806
218042016036138154105125537653703017
016012080207237042073107004435811606
047124252044116246215083004435788606
149210181180205219056173004434968006
122173116219252248203194068813506017
200223024044198255176121331345064017
007234225066231225123078000530502517
237241135157198255186198000000000001
074109063084244038061149293575374917
062211115227198193182084004432726006
075091213016237042073107000804247406
153158083067205139169045000532608517
062202173206064005155156004433723506
034159221223205139007231021380044506
131134146233205167107229001234349217
016160248194240223012177643276098517
016012080235237042073097004433517206
070243078228199177085142000805063306
077171193144050057213170270421708817
016213094122135079171198004431558506
238063254254202027036087537340058706
253102008178194031029195001232702617
114097012178116247217215000000000001
044020085240198247247019000802722306
044006096245135079171185004432004506
200222118227205250088220000801616806
013192004061116246215008000803519306
213175195122207022044105004430190506
196093065108231225123094000535948217
213179055072207000086042004432762906
105153198112199177251213070020002306
049107221038050065189166545740044506
196088217114064005155192004434893606
062249252056240202184169004430651606
062200101139237042073099000802007006
204089248224131115160069346604976906
114116227109215007246013080003696206
047005218064251224088146004431932706
013216161037199168152106004435605506
135072013121192029087176448612986106
244014070053194086009055004435376406
213175253225244205139248004434022306
050084201082207001014066156925475306
204124086089205236085028070634180517
211038129069215177154201004435279306
114242104032192028055016000805934006
007234225064231225123081000531365917
109050012034205200025161080814968906
213187202236199169004236004434986906
044002114207237042073092004430835206
091195074114073165108162606150044506
135238180092207180053221004436258706
073155076059205071033082004456006806
231148133207202024017163000800917006
134134130177237042073104004434541006
058091045177199153055216000000000001
062199080201135079171145004431339106
193253236110116246215053554870008006
016012080234237042073106004436437406
050050003118205249001253000000000001
203216250255244031125098265583379917
097229012093073165069072522030044506
218225247185116246215107536040044306
053166003100073165065132621360044506
062200101139237042073092000805731206
021120110038205212225023004435449506
102072085192198240073077250760688217
253102008178199208061189001235998317
089188159243215006068172493601372906
044025231187205200149026004432662106
047169209171237042073100004432716206
070053182066073165034159500700044506
007234225066215177084170000534869217
135211169116205249001183004432622506
047000162073231225123076000530213917
197043152162237042073099004433892006
131192122227237042073103004436033606
196043026097231225123092000533654817
072011211058231225123080000535221317
210030029151207180048001004431599506
137234065155237042073104512240008006
075091213026237042073103000802284806
047164236095205127099205000805979206
127168149027202029115039070764925606
062193227239212171082252004434377806
096253233186205113207089607870108006
053038177139205125075023000255272806
200020061150205236243239574940143306
100208217209231225123093000536164617
075091212241237042073094004432339006
223007030181237042073097004431220206
016212178132205055204051004434639406
218225090010116246215071000805764806
093167194040194100115194178492775917
113067043022202030065098263424925917
075091209201237042073097528980008006
044222229155199224104241004430371706
055233075053237042073104406640008006
032210155219231225123076000533125917
124101052203135079171205004433274506
044068047245237042073103004431148006
007234225066231225123090000534238217
218225236210116246215157605840904317
075091213012237042073096000803389606
218225236112064005155210000803327906
044063136230199208053119004433845906
047001057168219092051190004434477406
062199092116244003027000000805296706
085106039048202030021255501690143306
116069050201202030150182004434995706
044021030170240235109045004434789006
109204182209202029169012477910109317
108254011054202030024120100880338906
113175002229207180015129297350502906
197222188038139093087227419290702006
073165167050212197254063071714968506
032212035046198033154117625090005317
047101008185131115162194004433119506
047021124048237042073101080525806406
213187203098199168152226004434274206
050075205103202030090168429780002106
231120103013135079171079004430380406
032085084253073165081011602070044506
098135181070050065234141641690044506
141236062215231225123076000533984717
196014049129231225123080000534734117
237241135102198255186198000000000001
231148130149205203003040004435849306
107131084130251224119142309102424717
097133082094231225123074000536163217
070243078224215161079110000800188506
130150167217205211122024360590148417
237042071037237042073100004431328406
047111131225237042073099004431101206
044004054209050122164149000805648306
044026206013237042073096004434285406
196043026097231225123095000531668317
097132228080231225123095000533504117
044001009033237042073095004433889606
030178011079205249040055000803614806
096205120082202030068154260852382217
047081000167237042073092004430869006
208191209134199137224249004434424206
226025159022199177241169004435154506
063171161067215007238147004433061006
210013229086205239062174004434868506
033228149153202028019056000806265806
047124086122199177093193004433400706
135084107064237042073103000805181806
007137170022205219152045473841740006
114242104032244022140217000800159406
003144073055192030042148000805463406
210005099206237042073092004430554606
016098134039251196218162255655715806
044020110017205239062146004430120806
149042099141215161031191092174581017
047160182058205032026246004434941106
106084032059207009053128430320102717
231148131033244089238065004435464706
205131007067199152013244182215032117
090051029223252248025120088830012317
047081231144237042073104004432821806
210024100056244212048221411872914106
152001058190205250088208004435197206
041216094218192030034244005874444606
119046101194202029073119099984606606
201081010094050065234212538220044506
213175253212205185134097052224541106
124037222084116246215060118914551206
226169173083205164122122004435946506
016012080224237042073097004432604006
062246018047192029170002041003565717
016012080223237042073096000805793006
213187199254244212230114004435454806
131134146233244067135010001234048917
086039210001205098232222354251531117
047020049214202118088053000805224206
114042075002205216066184089994111217
151052136144122195111160343970044306
228209167173207001003108004435005306
016012080222237042073102000802229206
050084201018152098209045111320166006
153173169042205184072189059385985506
070213071084251108156178148753491417
208067059094192182018216000803524606
147253192077202031052225230885702317
149158116091205126032234080805083006
075091210252237042073105033360008006
124045135104231225123093000535444917
139208084045016229026147537570044306
112078122095205071032190125480114417
134164178108237042073104004433414206
213179055108131115180172052223396106
126170129216231225123072000531677817
013216161037198193179217004435776606
016215208159237042073094000803048206
091029124200205212180086000803572506
140169207144116246215083004433646406
102066024191207012138117588786460617
197143138162194038088109004435754606
245098082143202118094020510150800006
062201012229205251205198004435588206
016236072226116246215105364080044306
113182067044207009053128645341034806
080204014129193232166218396871359006
016000173246199137238005592450012317
044001201002215007140213095990153506
092018143005202030145004257821252506
030220119021215162049181100591409817
073155112250215027185044004430456806
238020106254205164125135004435762706
237042064232237042073094000803073006
096004241251138075186004409020002306
002164213021194031045249605690338906
237042066202237042073096004436397006
127168149027193224218125070795028506
062196047072237042073106000805481006
016228204187064005155189000803554706
016215175153212030157188004435385606
223007030181237042073098004431425006
086106156032212195069119000803950906
129179251203194102245234004435757617
213179051254240223181253004434476906
124247185134205251200174052284872306
092040130038199170070061146185141317
070226154208198228176197494720702006
149140044186064005155219004436506606
113175002229205216067105508010532106
047001223252207001003014081244974606
041155124043202024007195000071267906
134052166188116246215080004436175806
155192209043198255177240250440002206
223007030182251215148147000802834606
223010192228205194221231000805348306
197043153098237042073107000804908806
141236058236199153055033000531537917
044049094188244205137133004434423006
047006149250205184032103004434530006
124117015038135079171167000805684306
044210083122207000069018004433423206
193253252141016229024118137700044306
097132228080231225123080000532398017
104160174088231225123090000535864817
223080168194198243180198000806483806
253102008178244038066049001230012317
049003038033207023230146513944320417
138117068121212194146194441083737417
218225159158064005155233004435785706
136132107110139061080005000535094506
021091198024116246215070004435227206
048157163128199169198149000803332106
047018188064202024017037000803265906
131184001166207022025037000531314117
030200099209073165080001529660044506
112081189113205249003219001234207817
106188182036199153105131584632112106
218225009060064005155235004435935106
213175202220199168159016052221665706
044202153201116246215093004435174706
044021135067139096109012004435968506
108014105017139061080170000000000001
253130121204244158229243000806531006
059209200066205166121132055034885217
073171192226205148028106004431444606
213176048034205217181026004435346206
199180071170205251202126544031304906
047170246030205185136209004432864406
214226017001199137229225387143909917
197143138162244029212098004436009406
231148132150215019068212004435239806
042004248088073165059201586910044506
237042066200237042073101111660044306
234121244239205180023054270155883317
116252241249205126037147000800374606
134164179106237042073096025152697806
238063017153202031130085004435150106
223007030179193065095010004435045106
134134130180237042073097004436094806
125228248197205125126042100862994406
098145146057073165107076016550044506
076084179115198255178000080644123206
079042180028073165111087633540044506
044068063152237042073101004432627406
213179055125251108156145004430450106
056021221135050123212054004435386206
223010195121192029095216270186042917
075019108050207008080215092170930917
114242107248215013072176004430968706
210033205173240063113242545025032117
141236063212231225123094000531446017
025206138052050065196199553600044506
135084107093237042073104000802183206
044000007196237042073092004436119606
208191011103199177082162004434093006
047100068026237042073100004435222206
213179055124215177242173004431488706
210061166251205251200208004433920717
083178067034192022167203633594916006
197243251075205180041099099994253606
131190122249139143018199004434874406
047108011048199153104149004435740506
047168176203205239049238004435829706
007234225066231225123095000531161317
152157244219194043109005082455274706
097133087114231225123092000532680717
062202167239135079171002486680044306
112008174243073165172064605040044506
213175253243205251072209004433547006
021084065139116246215058004435608206
016012080211237042073107004434658206
218225090099116246215093004434247806
044003127078237042073106004433238406
047100034065205183043024000803910006
253102008178199208156029001230012317
016195255007194038152203000000000001
044010087008138091022122004434954806
021068184067207020027207021955512706
116246011049192182133196000805017106
109041151172199169206186203800110817
200163007150073165110174278000044506
152200233220198247252230004433489206
013156051075193241061248000806090906
073027151207237042073093004433473006
243054196148050056082029004434691406
044208207206205032022186081180102617
044011109156205071047204004434277006
058238159105192182168062118253218317
016249228148116246215071650980148517
129174199008202118092066059384916006
204003075069207180013084297683119917
131024048041244022255168000000000001
008109205050231225123090000534837817
016215208159237042073101000806249606
047049125210205185134087093394207917
082242143174194041046019000913455806
042095217196198243068036514136173317
062199067158198192202026004434641406
002169057008198247247092514502713006
055233075018237042073103605820044306
080212158103138071017060112350005317
200222118166139180047197000804280106
075091213024237042073104148060044306
148083149210202118035093005141976706
070042006146205251205173000000000001
044071055011199153057181052233740406
044026121187237042073097004430783206
113175002229207180015129211640517206
148044157145231225123074000531495017
044026181255237042073101004436312606
106104124227198240075010046620464506
013217042121244127156120076304040617
075067202009199169206128000215928306
044068041155237042073107004433981406
201171031118199177241170098600002306
050239104015202024005222536272213006
131210253013202167077086004436368406
127168149027202024167125070794076806
236196087139138145208000327060512806
050084215093199169193242268404957706
089230062048205217086024033896318706
096189071183198229110091000805088606
249158180126116246215084004435558006
129115119046050065138204586590044506
036071030233131026013189629180044506
047170145038215177165018004430153306
211038050137116246215094004435601806
025205066228194031042027497550008106
044068063152237042073101004430909806
223007030181237042073097004433923806
016213039140231225123072000531664417
142073049132205166055032229290038917
090061245097073165034115121110044506
115142149179202031037138068815032117
114116189131199152013194630922689017
016213094122135079171198004431558906
047029239091205187188045093392786806
213184192005138091022005004435147206
113175002229199137226250414330513906
112081188215198192214051080684948506
143234087238199224208081004436181506
100208217209231225123074000530573617
119132120169207012131204004435131706
044009107186205126037150004432898606
062218049217199208052028000805255806
154160224091207009051162638190143306
218225246057064005155229004435156306
153173191106192182145124059384988506
121149028115116246215120004434117506
196055203082135079171104000802278906
049101230026205166062090486914915906
148003126153116246215074000805513506
196043026097231225123081000532623717
016202245111138091084040000805170806
244014070053199152087081004432661006
151091189155205167104037000804695306
044023148088205216103131004432633706
016036124186064005155193000803770506
197113184206050065143059242220044506
223007030181237042073098004434214006
070017236178205239062099292685450306
013216208024212197176078004433472106
044018005166198253205132004430652106
155192209052198193184088085260002206
016215032019212197179178004433780506
193253252139116246215053561530008006
135084107093237042073107000803956406
033228141057215019148157004430231406
103229103081231225123078000535585917
230203220048205238171228045001900417
223036223060212195128205059384664106
131134146233202028148109001234373817
136151110106202030169168000805354706
221082247052205212235122004430625306
196176185111193065070237000255056006
033239237031205239048153004432787906
206154213040073165089060536150044506
127107225023231225123091000531146317
044222189175207001131073004432774306
044000024175237042073106004434182206
063166040176116246215076000805759406
200045194030202029208241297521269117
062196047072237042073107000802448006
081202131155194031044189127060104517
002002132232205194220024004432678806
044205075065215176001128004433973306
047124189232244248213082093393616906
119136137170205071032076004435223706
152098016185244038204221060800910317
237042091037237042073107248220008006
101081106105199152082250004432660906
100236158076219092204046334380649217
016003076164194017237222650036082817
237042071030237042073103296520008006
197222188038219092126186041260338906
044004247143237042073100004431543006
041146007179199137234068004435525406
131031158013251215115082034782873217
044222121128251100166060004435095506
073188059236205113193045150825128917
030015088182198255186198000000000001
206157043133199137226226004434780206
135084107064237042073101000802829206
211253223037205125102216541275601517
087151121208199169194038548660008006
047122084253205139034077300002626206
072011141009231225123073000535263317
044050246202205126032236000802529506
042204053233240202062082060083723017
140065118211064005155245000804893906
044039128183215255116076004436522006
047177116171237042073104000806529406
059182017004205249010141010372003517
047033182177205149040015004433367406
008075075198205071019170000802329606
113174230028131026048185637560044506
070243078107205218072116000804223206
044025079037237042073097004433788606
111231187197207020027215173110113617
058091190151240063017189004432803706
044222068204205139035130004435212706
105184001203205166054175498245023317
044005212238135079171207004436261906
123188126253139096108005004430787506
140065118211064005155209004433380806
148137206134192135136165000805364206
237042067018237042073093378620008006
237042091045237042073105004433061806
153173169042193065012186004436213906
130004046202192030074008000254902206
044090247114212030093185004435245406
104160174088231225123094000535016417
035052211007199169194038329670008006
146017019058231225123076000533142017
044222018083212064141232004434717006
062193227239198247239098004432810406
044002078115050254095210004430986406
048166059184202030064157004435407606
224115233227207183146147004435868206
032248155050205200174016016096469617
104098198223205218157165568711586017
223007030181237042073107004432565206
112018245126205212182122068813401917
075091223096237042073093507420008006
047169088063237042073106004433448806
247003245124244248143229004433913906
113096158000198193185253000805635006
112157002175207183082162324675034517
042204057159199222137066060084032217
231148133030199177255176004432694906
239213060008205071139022004434703306
016012080235237042073098004435998006
047059228047202024006070004436330606
047061067141139219136056052235641406
113173085213205201186128580712861906
140066180134205148025182118913347806
140169207146116246215068004433754806
077138113050050065216141506470044506
076177103215205200149026052224187106
109206152111215163006231105375030006
047082060127198193191064052234884406
034040179238064005155150004434688806
131003120059199137236115004435455806
053190090141073165069036387730044506
213179055076199168152226052220363406
021120111001199224153069004435071606
249070079099139180032083001230012317
206183160167073165104056554240044506
146119207072199220211076514135529906
113174230028073165069087599710044506
057014054012205127141078561832344406
073155112250205195112038004435886406
047091064019244001196133093390263506
002136165169202024004050004433022906
041144006215237042073099000804026206
044068047245237042073092004435129806
119132120174199177255049004430450506
131184042151215018244002001230034517
197043152172237042073103004434233006
119132120170251215119001004434966106
047045155105050254095245000806444506
135084107093237042073097000802656406
036222138089205239059059590420143306
077201228175205180014195499035805606
097133082094231225123073000530544717
253102008178205211041216001230012317
044004098210237042073102004435350406
149054245184205125122228000804674006
047123226034244029048153093393729717
152148101101194017012044080124928206
193253172247116246215223590900008006
062200101139237042073094000801875406
122013122213207012132167004430183706
047123033166139005144168093395139117
195109148020244157133118407555640217
047004140250215160157107000802975106
044086208040050062034037004436151006
021120101159205151251253004430399806
152066001045231225123073000530677417
213179055030212227179058004433432406
134134152081199177241169004435583306
073027110110237042073102004434685606
047011147105135079171198004436049506
044032255238207001175153004435648506
099195112173073165054023603880044506
049097072145050251140072566960008206
243054009035231225123073000536494417
132199060171199169214089550492780406
048165186056192182193067504910012317
076177103213205185136211004436084806
119039229008207008086202004435701506
141236063111231225123093000533449717
077191102054215161040098441451565506
062197206141194086000001004436004306
047160019129237042073099004433212606
070243079033202024016061000800491006
197222188038244158006097419290605006
044004247143237042073104004430572606
155192209122212194090106514640002206
148083148055205218024002000530192917
050075185231205166210078000806466606
062206040060198192209146004432684306
131058204210215162050050085705109706
123188126215215167248138000801186106
072011178223199138219038004434986706
128116066098192167122040004653525606
119046101194202030160253099984178506
151235182146192022165074356620002306
050067254114205180122202099875019317
127125153134231225123081000535995417
087151121000199224098189496830312806
076177103240205218011131004434512006
016195143015231225123080000535247217
016215185071199171100223004435736306
102103180029192029083172545620103317
070228147046138056035086400373020717
016049112217116246215071004436161706
021068194223215163004047004434930206
149158111124138145213185080062718606
141236063080205219172197000532882817
070032085113205125182206588150002206
070243078216199136087157000803511606
044038076250192167123078004434805106
202217215229205239114185539510400906
058226202247212195128205050563523417
136053101161202024006241000804107806
048166059155215255218177004434037206
245098109212199135039189433780002506
140076018207192182156253004435253906
213176048002199169012057004435112906
016012080225237042073093004430268406
143170229133244212230125514725037006
047168189124205098232193004432891106
212143025083116246215241644340904317
226154176178205236095117004434867506
122016151149205126033098004431522306
111001215087251215148150315942569206
013157050193215006074255068923468517
030049135198073165105094575630044506
070248153098073165073064637370044506
238063254254212030145018537340044306
135084107093237042073102000800772406
141218041207215007246013000804777606
075029136019116246215070094823856606
213179055072199168152106004434278906
015062153076122195111160453270044306
237054179104016229045181623460044506
057184217037212171070066001611255106
076177103214205127099205052225660906
222065211218139180040143000805033106
136053123146050122228221000806079506
082122108118073165054194590700044506
100242231041192182121110270320102617
049206130255016229038052000000000001
076177099137248200252010000802688806
047123040177205066136005093393546617
070118042210050065214100635030044506
205143242058016233092142493250044306
016195143025231225123076000530114517
197143138162199208061182004435381206
044008055076050123212054004434049706
075091212238237042073106000804694006
117218140094199169217247132165032117
224115233227205125109197004435395706
079088040014198033118050534590002306
196014049172231225123080000533317017
075247165185116246215201371930148517
239213054076244158083125000803541306
113175002229205216067105176320515306
047123063170244001021237093396078406
140242130212205148025190000000000001
016215185071215255217207004435310406
047028141250237042073102004431783406
022194030048199224155242081165849906
213173033213199168236169052223944706
253102008178202028036212001234917917
124243178072240063103090000804423906
070243078216192029095214000000000001
195113086123194043181019279972274117
047124220046199177248017093395904906
044003062111237042073105004430844806
231128055195215007143246579860548406
044039184210240183051086004436465206
131003246171194042037021004432751006
155248234235205239062099540824922217
237042091038237042073102517060044306
122028053040135079171145004432596206
044027144165237042073103004436507006
206157040178205250095241004435600206
249070079098207012130036001230012317
044085129200205112188193004434299606
131003246171138056072252004435284906
119132120164240063103132004433299406
062196033115237042073103004431258406
062199098040240183051070000805940506
134164178107237042073097004434961206
217167049004016233092142614480044306
210028117156139212117005000805051706
197222188038244001199022561450338906
016179014117064005155148000804903406
062240026247207001170186004433438006
140065118211064005155209004433379406
195206073095215019232002622034778306
136053123190205180215246100625295717
146242044027202118035010597090808006
140066195199199224110070004434156506
099035124255244038133045069073524106
044062241231215177242038004432783206
213175201161205099159165052223730006
249158180126116246215076004435161706
134164178112237042073104000800787006
213175202211212197085164004434102706
153173169044202029193230059385053206
091177248076252248025120147020012317
140169207157116246215085000804470006
231128055195199224146144579860549006
016171189013192182050182005873789806
077175210010215019232029529344438406
047081124095237042073098004431916806
044043191167205195112231200253386406
131134146233131115059069001232232517
139107190037207012138096004435723806
077152245067050065170222566080044506
237042067018237042073104625940008006
254116211058212194089077092120102417
122028053023135079171185004433175306
072011250174205167130002000802680806
049038174062205194221234280402952617
050075028226193065083233081015881406
062199177086205126037196004435837106
100197036137202024017199004435793006
098139057057194039040229004434872106
047090212083116246215086004435295706
047160238065237042073105004432270806
063165127222199224105215081142762717
213173043251244067234184052224490106
007234225066231225123081000531973717
197222188038205184035246419290401006
096036045095212171168107004433843406
036050137081205164118209334460667217
073027146097237042073093004433429006
013159235157199204067245004435765006
091029116105217010070163531280002206
016215208159237042073098000800327206
101213186181205200226102131330648017
136053101250202024007070140005914406
088046033130207180012010150003557706
063167242100244020134108004432270306
044011036132116246215092004434226706
032191132033244205122200004435127506
195188229161192030018088593433903206
016215058072199208060162004434737306
135214201040202030154049000805026906
077049040074138146063209174995755517
073165057239198255165210004456448906
049076058083205113250126268061937117
131184001166139136059143000531571617
030015080204198255186198000000000001
033038140231116246215082004434184306
062240242099064005155190000804032706
037067135141122195111160359670044306
044006155040237042073102004432390406
044000201196237042073093004434655806
044002105251237042073107004434524606
140066195199202030015180004434935806
114226221195205236085005407055371906
047080074139244248141210004435784506
044051126113212034244097004433524306
211247245014192182096057068103167617
091029124200215027187029000803401806
041144207247205066244060004432698006
198140082123016229023074529120044306
208216065106205199050057029833436917
228079171249202024016163004432776006
127233182157192135131125000530105217
213175202147244158083125004434597906
047048221223212227179002004435102906
044068128199237042073098004434790406
140076018205199169223188004430178206
135207186068192182102029000531969217
140173240231205164125135004435769006
063173032125205216101084004436223006
047030169070116246215068004433467006
202217215109194114081063572750977706
202217215109138030249080572750966606
206111139213198033144049302980044306
047011184196237042073105004433113006
044001217206205218008173004434988406
044084128117205055135144004434959806
100197034183202024006106004431076106
016003074205198243031003004432764606
220021139226073165081103493220044506
239213224160205211031224004435699106
097132178179116246215069004433368206
062201161090205236232253004913483306
131209141146064005155201004434946706
135243069107207022045119004435912106
044054242171205251075006004433833206
021084065146064005155132004435992706
063146034124207008085229004435024206
070032085113205230089101588150002206
047100144058237042073107004430528406
131143133229231225123079000530940417
116086068189205212180114004435188006
044026206013237042073103004431093806
237241141150198255186198000000000001
135084107064237042073104000803453806
099035121242202028140102069035854706
211000005175205113254214004435646606
119132120164205167107229004432088506
080056238240193065121227311030002306
047111131236237042073093004432450806
021114183009050062034042004435074706
197016034223199152003019000802625006
204249168156199169195222139541401317
237042071022237042073101000802297806
141236058233231225123094000531280817
231128055195205139086159579860546106
140066161014064005155234004433660206
147209211201202031162204059385038406
193253147204016229024118291160044306
073161165181050123200251622185120417
237042093051237042073093030780044306
129094086045073165079175621770044506
048181084173205212176232000804214306
030214173103199224155225000806022806
021091198188116246215077004435938606
047011174045237042073095004432766206
047160019129237042073105004434272606
034080172094205217249111509080002206
124210139177192182172025000802671406
044073077199212171083145004434118406
253147244120212232186052583940002306
016195143026231225123090000531696917
197190098123205201092045335100338906
253102008178192031071203001230012317
047090200137244248167178004434185206
047119081048116246215068004433318806
130004046202205183043109000253938506
016240102248194017228038000000000001
247003207017244038133045000802404106
119132120165050056080248004435028706
030015090225198255186198000000000001
119132120166215004019129004435938206
134233149210215162120188188974729517
044050166146205183036162004434524906
139130176205116246215010250640008006
135084107064237042073095000800283206
135243069107205249015219004434934506
158049010113205194245046194382292917
243054081012231225123092000531500417
147199013026202031134141000803751006
097181132134199170225239051510002306
021120126064138154105125004436481906
223007030181237042073102004431939806
099224109085194114081102637300481317
041144237072237042073107000806094206
247003168202207008087026004434972006
096036045095205098229079004434928306
226154176178244031072050000803789606
044006252250064005155228004433611906
041059079221205113192240326630152717
047012032143205239062170004435296806
058001027018199152004049000000000001
131134146233193065063044001234231417
101081106107199152082250004432655806
107223078091240183144148221324918017
053162095142131026048054618240044506
087125043013240063113219000801571106
047169209171237042073100004436052206
008075075210193241061193004430265306
213187194106192029211100004433223406
129178121007073165089225500970044506
044020082086207022045016004435439606
056021221110205239062137004435937106
243054081005231225123093000533188017
016012080204237042073094000803737406
016012080217237042073095000805739606
200162152008073165104191100180044506
239213224179131115011249004436172506
096194151209050254095210375961711517
016215173248205032030112004432793006
125210243183064005155134004434591706
044057246144215162115184000803464106
146128112007205251205198262324745417
047124062146244001198242093392630006
237042124143237042073101052560008006
075010138193205166253057109835955306
103243000076215163005009616330008006
136053123146202029074106000805990606
253102008178194031028233001230724717
070243078244215161031004004430402206
253102008178240063017189001230220817
044027109021215163005188004435061706
231128055195194115200024579860547406
251103139190064005155209004435265106
114071234246205218157173519006186717
070118058094138091022005416883041917
097209020231205033024079015324960917
197190098108207008081206556820338906
032191132055199153098227004435837906
042207245135194078242242068810109317
044002014134237042073095004432756206
044056110011198240075029004435539806
243054081003231225123080000533813217
089228050170116246215157567150904317
110107095237202030241077281806268606
044008001177116246215076004436294206
079121155114199137236045357950002306
044021030170050062032230004434278806
195222041194202024007046000801933006
134051200192073165064020531530044506
254028173147122195111160521190044306
198140094049116246215053500310008006
218225236252116246215092000805549306
135084107064237042073098000805543206
218225237063116246215092004435841406
070028007092205249054066635220002206
131134146233244089100214001231964517
119039226250202029076083004434718806
087152146154139130004214000000000001
231128055195198193188176579860548806
070050240155202024166041545295062206
025189162138202029236203518123342606
096253233186205113207089580740108006
134134130178237042073095004432397606
016212000072199153102035004436016806
036223184098205251200219151515328106
124101052192135079171167004433646006
044031061158199224153093004435270706
047084223154205216101084000806225506
231148130155205127001123004433384306
021088064203116246215060000806010806
016012080206237042073104004432492006
044054210041212194052021004435454406
047080074139244248141210004435785406
062201252168251215115082004431599106
044026121187237042073107004430661806
244200013172198231051050000804022806
075164096205244029243229004435905106
213175253200207001130149004435020306
213176048019205195121255004436153806
108254054111199208057086487532197617
132222117141244089055227010383291917
152117132035192182061253000255477806
203087219239199137229238547133650617
218225091066231225123092000531738617
049215197113073165172067579770044506
195222041194193065095010000803847906
194147120143138145199250456825065606
197043153106237042073093000804745406
062255210240237042073102004431372206
134194243086202118016133000806252206
237241141030198255186198000000000001
135214201054205139035162004432637606
047101125233199137238179000805255906
047049249052199152010075093393725617
070213068135205184032208524830683617
224134211245251215113218000801227706
197038180116131026048050621170044506
075095166027202028198205550006399206
199250238084199152012217578472733206
135243072074202030212230004434581406
090050238010116246215092004434775506
223239038177252248027077004434005106
237042090150237042073104036320044306
104233131010116247217133000000000001
218225090096116246215086000803836106
016215208159237042073102000803806806
156127033094199153056246376336010717
239213224177205055205249004432949706
055233073148237042073248020010200117
073027110110237042073099004435452206
124101052197135079171198004436030306
206109053190138152126173004434389106
062196113084064005155230004434377406
136108216018207183093246000000000001
048213113101251100143082080014186906
070250047020205126039013070012629506
239213224164205185134068004434964306
140169199215064005155245004433641906
213173043235205066245181052221090306
036218220183139218240252213360808006
213187202230050062034037004434983506
047050159113138091022026093394479806
062197044212251100143082004435114106
231128055195205032027182579860546506
149158096184205250088078060934915806
097084106163205250089082195775354617
109023164247244029048153302745893317
075091213052237042073095004435276206
062196033115237042073107004430415806
041234113206192031126139562010102417
088089034046244038134057544410808006
070243078253215106210142000805256506
124101052207135079171152004433351306
063164179250205239062133004435061006
126003155157207001008220001104995606
130161065215215019109117004433856606
044001146208237042073096004433737206
099095085135205066158143631226036917
013192054012251224032197004435702706
016195143020231225123080000535345917
197027198072073165034012559610044506
202217215109192182214200572750388006
206220228046205211054118188980814717
243054196195198247246216004435791306
030214173011244003024022000805053206
047048027145199137226180093392854806
242020168058212194090031532171522906
195117234130231225123080000536302717
200124200090192182193067107840012317
213176048100205187184169004434941706
122140031204138145203039500920002206
064004227109116246215234518060905006
047100042173116246215074004435810306
135243074249194078192232000530664717
196040118217212230061010469200905006
124079144060207183159049000805370006
016249228150016045106040559090148417
077023218086205250244254092171996117
127107225022231225123072000532730817
213173027115205216060109052225419506
104042026106231225123091000535111317
062193226142116246215070004435438006
050230053018205218244149431893264017
128060206194252248147181004455447606
044038085166192167125072004435532906
049101148250016229028130000000000001
062240186020199224101042000802691106
044029023014198231053138004434268206
147142243177131026048088646530044506
153173169042240063113226004430317006
197122065207192167239213004435798406
155038086096244205242029000800549406
049109121215073165054017633760044506
124101052205135079171142004433281006
210001156021207001000061000803749606
016215010148215176002096004434228906
099236162157199177241169248746234817
200124151238231225123075000532199617
016012080233237042073097004435823406
062252199186199137238179000805257306
041150227104212034245197004435082506
248199192080205148029021000803833106
112146214211252248027066555294460017
101086215125139061080218619961799806
044011181059205166050161000804905006
137181043113212064070177000805545906
016253002247207001165065596040905006
223239026122131115052064004432686406
062237119013194017237222004431339506
113202209181198209155108515175585117
112081188215194207240173080685432206
206105047132202031159113261606321817
131188254013251224032194000535702317
237042093043237042073093004433269206
141236058141231225123072000533453017
226154176178251215234030004434579706
119132120168205055128226000804989506
213176048010199169012173004430190406
112081070174198253189023219640005317
016012080211237042073095004431811606
047184014055199224154086000804178906
090250143179050123083133000254938406
213184192003207001131070004434315506
062243198239116246215084004435246606
209101028186202031036079251284568206
047100056104237042073103004434456006
106115176043244001169249291854688117
218225243047116246215240441630904217
080209083151212230228014610874729506
044024098189116246215070004433572406
197222188038192135137057419290107006
122013116139205164121198004436029706
237042083119237042073096311120044306
135240062190194038082210004435000306
197043153098237042073103004432676606
134164178094237042073101000804872006
021020014128199152014238001233243817
080209075209212230228014274034757406
109060098002215177154219000000000001
096189195254202031137181004435280106
096009207093073165104222455040044506
197042087201215018090044394240104617
002136143006205066245181000806070306
209091183073202030151087080904958306
016012080222237042073098004430272606
249158180126116246215076004435159906
114218018086073165069240531570044506
213175202126207000086197052220173306
197122065205212197032247004435221706
101175135045073165110081365070044506
047081219017237042073100004431912606
224031200080205251205173144822821117
097036226005073165105146250170044506
062197007149207022045035004433315706
073027177001237042073099004434465406
030015069090198255186198000000000001
101160237152205236159180374100190017
032181035175199153097060059384920906
116115090060207008080019001233804617
153149104242192029060144000805689606
021120125191139180034063004436004206
107197174021205032028230345355836617
059182105221202028017174184493731617
013157131199205199053196000806062506
008074003110139180034033000805832606
135214201051205139007193004430351606
087121217056194102244093608235960317
223239026122240063113240004435155606
210005041010116246215082004436126606
194033048210231225123073000531776517
084113197156202030242024089995746617
131134146233207001175125001231930017
153156131134205180014169435940435706
062209207040215177108106004435075506
037118136198205211058164580700143306
197048058041207001048144582570102406
135079164129215162057113443310044306
239213054087212202218017004436165906
196092076113116246215069000803947306
070208210133205125092030474040235617
223007030181237042073092004433551006
033236176074199153048225000803908006
123188126142193241061137000804337106
197043153102237042073094000800489806
226154176178244157134157004433307706
135243027125215177154201052224334006
016012080206237042073102004431281206
044068174197244020058162004432669506
238174144020192182139090004434994506
047185094180198253198010004433326206
123188126253199137227091004432290306
044020049225215007246013004434593506
044068123008237042073096004433419406
140066162047205219153122004432782706
140076018207192182156253004435256106
041166031197212030146149004434285806
141186047135205184032168004430331606
044218130176139212099005004435539106
044003062111237042073106004433642806
064031252018064005155030586750905006
073027047107237042073095004434404406
212205018154139212099098000000000001
016012080219237042073097004436025406
208181063038192030029048004455318106
149210180175205149043070004434915506
002130159046194038095230569230338906
213173033206244205129253004434740806
194131115060202031057252558961266317
070123171207202024005178282382137717
116152239232202030102170000805030406
122027138110212171014189000803093306
141236059048231225123093000534264417
192249013016205217148167080806464606
044008183114205236231188000805475406
204124091048192182023114514265503117
099141080150116247217212651930148417
037144126044205127096115199500002306
112081188215199137227110080681929606
075067180034205250038210080650325906
062201252168212227179141004435114006
062192229023205211062032004433826806
119132120180205216066128004434979506
134164179104237042073099025151848806
197252062159194114059034004455871406
223007030181237042073105004432446406
119132120165205211040107004435481906
016012090100237042073095061440044306
083230194045251000115141259400179517
213173043248205216102043004435029906
143207168013192030102060004430319106
074132054129202031142255338046230306
148067222062244158083115000531906117
063166107152205113206033004435655806
016012080217237042073093004432167406
021120109082199152014230004432250206
107033183172198255181085080880862006
073155113212237042073102000803657806
197109049206215163005030200166003217
103207019105050065214171210620044506
055233075017237042073101531220044306
016253183059244029086210000804936606
109194128159240183051070642423032517
044059153197199152010117004432643206
073024239137135079171198004433698406
073024217069237042073097004435133206
238225106131073165081159500710044506
134134130180237042073093004435745406
239197096130199152014231023232079406
044002162165237042073096004432158406
224160247185205251200098264991861117
136053123146202030205124000803469406
013192054012251224032197004435036606
062245204133237042073100004431008006
044084080118240223037058004432865506
032212091068202030129156252833154917
036223184150205211034018390300808006
027121118121194038144205217144379717
073027006102237042073106004432662206
058176215069207183132053010386237017
047011147048237042073099004431901206
021120111085244127033022004435013406
073027099015237042073094004432649606
044002161222237042073092004436239806
062246203078207001174217000805689706
062193159134205239052218000805571706
030015068015205218074002004431010006
062211141200212194251014004435226206
196043026097231225123072000530385417
100208217209135079171175000534409417
224236236240212195004146511596486117
063166117236199171097082004434537706
135211169115138056072249004433812106
047100158133237042073096004432425006
047037118172205098234023093394383017
150220235003139061080170004455614106
062192107145198253197229004433932506
044026121187237042073099004433996806
044029023014198231053138004431186806
218225159015064005155102004434218206
025132031184198209173218515850102417
027161050061138091018165068826167717
088099128046193065017154187061060817
042091152204073165080246513430044506
223007030181237042073092004433004406
153038234013215004019210033895292006
123188127041212230037170000803941106
150017202201219092207093494910933117
041150218102205187186221074745312106
112032209115244205009158123400105117
213175202215205195209071004431986106
239213054010240063017174004432706206
204136164207192030024004405002891917
119132120169215027044092004430590406
244014071050212202160199004434253406
218225090099116246215086004435263506
044025231187050254095245004435300306
070028005193205071017178590210002206
070243078216202030160117000804399106
073027047107237042073105004431049206
159223228080205230091013090315583606
202217215109244029051079572754222206
130004046202192030090248000255323706
047101125233199137238179000805256006
058001025032139212124060000803948606
238204147135205218041086320054915506
073026251253205098234030004431184106
002154181158050120063005622850102917
044057160068116246215120004433441906
030214173122199171096213000805244406
016036124160064005155193004434982706
109245145020251224004251286452354706
091177248076252248025120426280012317
114055125231116247217215000000000001
047038074042251224228059093394503417
128041091145212230037157000000000001
242134067041212232021005000803086006
044026121187237042073093004433050606
123188126106050122228221004435129406
044222191232050251189121004434656106
047039036028212195071205093393870717
016253001055198241202211478710044306
034111130183194038156183000804091406
044212126021205066158143004435622406
063145012091205126032065081001412317
047025056093192167122035081085675306
044027105057237042073094004431889006
007232071035116246215156464310904317
062238152119205249052220052235486406
097132071193116246215084004435311706
253102008178244038067063001230012317
025240207072202030119207482960002306
034080172094205230091224186040002206
005248151120050062046165111324778817
047100179217237042073101004435776206
041154004228016229026199000000000001
130117042158131026013080531860044506
073024250052116246215079004435834306
207196038085199152010018133692778806
047108068093199152001190080805409106
124037053170116246215049118913866806
201162197224215106052176168822387506
047101064034237042073102004435269806
030214172152212194251014004435664906
044093049241199153103049000802643206
064025055024212194146194228722680617
044094026219194017229018004433769006
087102215208212230042123097090268706
130008135097116246215029425810005317
076177103236215162050050052224817606
021068194221199169214025004430646306
044000133249237042073101004433977606
213179055094205203039119004433501706
231148131067205218158237004435889706
062199254016198231054062004436346006
016147136236205251207007004434990006
032171105033202030011092099983326306
223007030181237042073107004436083006
075062215062131248146168004432328506
239197074058244038133045004433600306
210239034025207001005217455416160706
103240064219135079171145004431810506
075009156051244031075061049502689517
073027217212237042073105004434001806
044056122151215163115082000805174906
008074003008244020134072004434047006
053155244199050120061200599635146717
047124190046205126032199093395063006
200175211131050065235010630160044506
062254034078138091026059004435108006
070032085113205148086131588150002206
044056117120205239062133004432664206
223007030181237042073105004431949406
047090041065244248213085081125164406
062232007166138091030195081105263306
047186006250215007140142004430163706
156155181076215161106059338880002306
044222186152205250089045000803632806
016242056115231225123076000530273117
062199080201135079171145004434436106
248199042077205126109169000805366806
237007213228205126205109004455723306
072011211057231225123090000535010617
103204215206205249010089455393387717
202217215109192022164101000000000001
044008095092212232088061000805518806
131209141070116246215115646450044306
248126214170199204096202014693688817
021120126074205184044179004430426706
044024176172064005155209004435536806
101089000248073165089132619670044506
210030029151215161079250004435950906
072011211062207022024153000535104617
062204216151116246215071004433746706
105217110045244029087129274870002306
231148131171198243170019004432683406
223007030181237042073093004432074606
134164179074237042073097025153427406
097133082094240183054162000532689917
049089171061198240075081616320046506
197030218110198255186198000000000001
218225159161064005155202004434522606
044032214142050122062058004436510606
148094169014198192208238004431209506
213173033209205216061011052223898806
072011250203198229188194000805227806
213175253207199169022113052224967906
044002014134237042073107004430400606
114080005207116247217215000000000001
213173027118212227179009004432782006
073146193203205071029220000805242206
079228061069199169194038384300008006
030214173057205139034178004434922706
044029250168205126033101004435272206
099141148220116246215071620240148417
253102008178198061061223001234553317
044007060143237042073102004435245406
223007030181237042073093004431333406
136053123146202029183189000803710506
245060126085215255163163163540148917
124045100206205249052039377443343517
223010195120199221117020004435314006
047024144126135079171145004435657006
136053123146202024017143000802448906
047043214065199221113024004432693406
044007132085198192214144000803934706
244199176102215007246013004432742906
213175202228205251072209004433150806
238063074219192166169202426980002206
116155094148116246215079094825311306
093116203119192166172215565631444617
141236063149231225123081000535500517
143238250148202030119145000805116806
016012080219237042073095004432965806
135035224130050255049114195000277906
070101228198205194242042588010002206
197043153082237042073107000802984406
103155113147073165064176506320044506
218225159110064005155201000803386506
047090041065050122231189081066287017
195163014021073165090056507310044506
218225193063205211122024000534017617
016036124160064005155193004434979706
036218200065198247235117351050002206
226154176178198240073225004432818206
044004012033199153105050004435793506
072011141160231225123077000533848817
030015071079193065002246004435754706
044000218179240223181066004433448306
127107225023231225123095000533852917
127254177082231225123094000534815317
021016182033139180038003004435310206
109118211017205184066205010290965617
076084034178202028052098000223932206
027154218195205249001161030750307517
034232158137064005155175000805560006
073167155193251215115082004434352106
047090156106212230062196004430161806
047123237054240223029005004432841106
122134007050207001165182004433449406
213184192013212227179066052221130606
218225159168064005155202004435879506
047100067038237042073104004436543606
044037017006116246215093004434392606
197155091173202024017016000802196106
136053100094231225123079000530859217
104055099145192182190021651575130906
044008180063138056032176004432870606
249143060071231225123093000535671117
150221137069073165172152570900044506
047063073047205099158030004435154406
237241130076202029060102034785081217
047111041154237042073098004433115206
076084179115194042200041080024233106
044005066003131115009182122013290606
206157043064207009050223004434496206
105214080054205211049098514132807717
104094187098202118088053000000000050
088046086228050123066195086304155106
081127110132202024005069004453361906
047101074196116246215079004435367506
149042099141131114015058092170232417
044025010021237042073098004431410606
100208217209231225123093000533552117
223007030181237042073100004434104806
016215033071205200149026004435163106
196088148028205250089072000800783606
044093090000205195126110093394183806
213173027169212202218042052222959206
044201196116064005155229004433578006
032033195215198192215036106863693317
016012080216237042073102004430562406
096189180154194031029181000800816706
047032086081199153047019004436113606
073027047107237042073092004433796006
148094032186231225123076000000000001
125144005132116246215086004435179506
047108127139237042073107004434687606
044006252250064005155209004434329706
050075159109199137231134084421948206
230123000233215013073205363655341317
134164178100237042073101000800354006
047174252148050254095245000805081506
148074155146205211054110270195009617
085113224039194115216036417594195017
252171219033202029110220020130143706
134130250170194207240054000805370206
210030029151205113254162004430312406
243054196214212195125028000800336606
223007030181237042073094004434778006
108247089047215167112210610162333417
125020145082064005155228000806363606
044029150101205066230050004433132506
049199050155194043113081514131776117
044007016245237042073107004433800406
047049040211244020135109093393535517
075066153110205033006248000804940806
080211048139202031159113010326321817
197155091173199137236105004435226106
062196033115237042073092004434336606
127165136187064005155103118913731206
062196113084064005155228004435766206
106046054024192022167203010434916017
036165038184215167248173582385388117
122020134190205212176206536660002206
255107248252199169206186025350464506
033038140189116246215084000534933417
047168171093237042073105004430507206
044028201225205113202138004435888406
062239208004116246215076004435028506
158014069117202029021053011193925217
146048048017212195128205078701945717
050016200004050065250092603960044506
077190041085205218158082548310677117
249158180126116246215076004435127106
016036124186116246215122004435964806
213175253229205185134084004434121806
148092183115199136088164027033776506
223007030181237042073101004431779406
047028144085205236254229004434399706
101156255176207012143245453700193917
047084196154205127098137004434368506
237042083121237042073092095080044306
197106250176202029149205239521493617
075067180034240183052137080654403306
109216158089215013074081456324285017
030221133024192030073065005875770206
047050093180215005011114093395242717
047185187116116246215094000805919606
016012080224237042073099004432412206
033228149152205066230052004433097606
101160237152138152255063459740190017
237042080195237042073104000801167006
044025010021237042073100004430683606
047187107211205251200208004434975106
223007030181237042073102004431344606
044001110112237042073101004430615806
072011211077244248204034000535519517
063175189236064005155209004433622406
100144215144215162113120004433957306
075091222085237042073107062740008006
210061102029215177154201004434771817
034068189000138152127045532980143306
213175253212205183046189004433516506
047168171093237042073098004434655806
044221144191215163041075000803546606
141183211149202031189104000804352506
107209229230199137137243000000000001
112042063199212195128205336565126306
213175202230244212230125004432787406
044200000014231225123074000534173917
070071046255199169214219080110441606
044086038016205194216207000805305206
070032085113205125182066588150002206
200163016149073165110204301490044506
044209027230207009055230000803325706
016237092210116246215074004433831106
149042099213207180012223092124647617
231148131187050253202167000806426506
089026200246212030146086118131566206
213187199233207183095067004434838206
124101052204135079171198004434030606
072011250203199224153075000805499106
041150227115207183082238004435018706
056021221089205200244228004435034306
253242204159192182056041005874428206
223010192211212030093150004436031106
119132120165251224032205004432877906
044007049164237042073093004431474606
016147137151139128098174000800551406
200163047241207183151219051654368306
047081091076237042073096000800957606
101156177211212197255067492240111417
103229103016231225123079000535803317
075249190070064005155195000804322706
135084107064237042073099000800269606
237042094128237042073094613960008006
070032085113205239066013588150002206
223007030179192182158197004436230306
044072149159207001174149004434423806
139169064229116246215069004434013606
136053123146202024017045000800800306
044008073250138152126210000804546906
119132120158205164114237004434070506
062202143243135079171145004433526806
197143138162198247246148004432699106
097132228080231225123079000530520717
210030029151199177248057004434950106
093125195213207001175253279911598806
135238185008199136086126019354321906
213184192023050254095178052225833206
044039226251205184032178004430247706
075062217254207008087096000800227506
055224066017016233092134415360008006
062193109008116246215073004435907406
073027006102237042073101004436109606
030214172206207009244213004431898606
044019247101212195089174000802662006
047100153006199208049150004435968706
099035124251050056157236069005324906
075091212220237042073092004430353006
195070018146205251207060001236250917
044026062052207001129237000802336306
131051240070207001170180088015009117
097039103021205236083095139390339006
109050249140202028052098000223962806
134194243123193065127218000801181806
111255023003198247228194197301169517
047101041171116246215084004434954106
198140082123016229023074529130044306
042207112248205180024108520635483906
044220069154237042073105000800621406
110125098022212230042123493890254906
047011196102205055128226004435817706
080215054037199204067111522493394817
103110064020194114081232550480002506
129253198005192167126179290793598406
112180033245205167107098541122171106
237042071022237042073101004433722806
197043153087237042073096000800757406
007239235096116246215082004435042806
213173014181198231053138004435512806
075000118029198231050150004431778006
135079173175135079171063538650044306
207117057118244029048153004434463206
139236203028116246215203157750193506
124233126151116246215218000000000001
197070150212199169192044000534010917
139044150245231225123076000531450017
114209031068116247217215000000000001
076177103211240223181066004433679706
123017205183212171148100004435664406
239213060006212227179137004434231406
227110019225205180013085133935078206
073138248089240063103161000802608106
127107225023231225123095000534761317
104108099024202030189132408723608306
013025133024202029001124052234860606
124050187041199153035251365693344517
135090231179205180032184005874083006
062245204133237042073097004436515206
048181106054016230168186454460008006
202217215109215018133017572750933006
114218008149073165080247541860044506
016215208159237042073104000805697406
072011211077231225123076000530604217
237042071040237042073092004432876406
096043061102244031075061577952817806
044025062064237042073106004433723806
196055019163205236228101004432916806
072011141000231225123079000535675217
047050092048205055132144081102392717
021120111092205071047138004433137306
197172050026240063114123526716485406
210061167158240063017174004433404906
119132120165199224155225004435154706
218225196096064005155134000804979506
016215208159237042073093000802109606
199246082082240183051070010892690117
021098062001064005155218004434655406
047160019129237042073099004431046406
148067222062215007246013000535581217
047049210191205236232253004435018206
047111019044205236255194004432697506
231148132191202031040152000804440106
208070209175198231053138004434779506
062243240079237042073100000802748806
122064103205207020027231000225548206
115156026224131115049056326380102717
076084179115205216065109080644536206
213175202219240235109045004434695106
210061112218240063017146004434986006
047033096037135079171198004434966006
072011141009231225123075000534524617
076177099149244205227188052222637806
236146136233205187184146000802705206
103201143004205249004179125432710506
129023209110192029092205004434993506
131031158015199204126221004435196206
196042219088116246215022000803549206
030015068015205218074002004432631506
007234225066231225123091000534062117
042204059034205184032017070083099917
062193125233199153107001000803478506
213179055078240223029005052223815106
223007030181237042073099004430415006
044050246202138091016005004435131406
070211255155199169214219000802123106
070243079058212171082252000802648806
047123078021138152152245004436203606
103110068181205183117060548940002506
025205139113251224088150000000000001
077137199172199177243253004456122906
132040074068073165228025605290044306
213184192016205185134075004432627906
201205115165073165173224636270044506
111234250242207180049019004434649206
044068047245237042073101004430231606
193253131030116246215053513520008006
121152171219064005155229118914771406
016012080222237042073097004430503606
016237092210116246215082004435844606
136053110211199136077154000804894806
100203057205202030176089089992938417
096237081140207008086205000802645206
062243112112135079171175004430922806
049139073177192182085125361063721806
002208083200199169206186089990110617
228047146183205200149026513472668006
110124241127202030130025011742039217
135072014070050062046170431524871517
213187199243192029214138004432763306
041150227119205216099097004430177506
151142022093199208060097004456182906
116069050214202029210022000804762306
021068194223215163004047004434930106
135243027104202167002161004434099906
030015072203198255186198000000000001
134052166188116246215080004434210306
237042093022237042073105523400008006
015206248065122195111160537360044306
075205198064116246215122004433332906
072011141160231225123092000533977917
231148133040202024016194000806180006
062193214001198247246117004435202606
137113253074202118024061170542440017
058249119201205112115227322423948817
103133039088198193176013133862717206
239213054021240235109050052224315106
016012080216237042073100004430721606
044039241225207000084153004432660406
248138140087205199052019001233982417
062240151054194017239057004433670006
148094035236192022160173000805832006
141245096029202030167023255655148906
093041021197073165107140622130044506
036218193188240063101043555850002206
044006044041237042073098004435604406
158138136247198255175040556360044306
237241143074198255186198000000000001
070243078228199153107122000805240106
073027146097237042073096004433538606
124050093149199168155127004431636006
100208228237138145213189000804923906
237135165124050121119148004433590406
149042099213192182205240092120930917
213179055101207183082178052225805006
106179006039205212176228652585626517
204073124067202030192211004434854906
102077122060205164123023552020104417
002002132229202030148172004435373006
237042118034237042073106619480008006
200124200090252248025120502770012317
131134146233198063097214001233518317
044193150094202024006038000802400606
084193221013073165054227522730044506
103110067053205183117060592380002506
142215084189215167248185341470200517
047110181203237042073095004436102006
044201207225212171082252004430291906
114078186108202118026061403970620006
224115233227212030157184004435073506
210061102042205251200120004430574206
223007030182205217254181004430131306
148083148055202030146118000531570817
096189177194202118035010467510808006
097163172123205035005005321795712017
213179055066212227179002004433398906
044001146208237042073100004434843206
044024098189116246215070004436123706
134164179071237042073093015142606806
075062217254192029095201004432697806
033236230127116246215120094823710206
104141158021202029015072241950115917
209224147139215167114145501065362117
116069050217139180044112004435042206
007033253212202024166184218466083006
109118203132192135131152532465048417
125020145082064005155139000803576106
147209211200193065021253059380107006
044091094023237042073104000800384806
135069146241202029247249004435590406
044222224142064005155150000804900406
141236059156231225123073000533477217
044037093044199208052141004433821306
135084107093237042073105000805180806
042207240013073165091103479720044506
047100144058237042073100004432466606
030214173103251190074029080805405006
101152186126192182239148642696018717
199053127042215004019226336623765117
044215081197212195125024000800181906
030182042066199153047019004436110906
148067222062244248042030000535159217
137040255168193065070237000255037606
109208018195192182011124005874176406
208070209176215177242138052222653506
044002171124237042073101004430950806
202217215229199170097056539510402806
141204003138215177154201004432912106
141236058076199169198037000534202217
062218077006205139035089004432110706
213176048053205139032235004434979706
087078204203212030198220518130102406
070071044246212195243008000536144317
100222063119198033154117109050005317
044004098210237042073094004434316606
016242056045199137132068000534215417
013141020199139105122087004434945906
245098056077202024006244004433564206
214012056175073165107028593600044506
148074155149205212182178004435239606
112149139102050065214049514440044506
136227068188192166174098434930002206
134164179075237042073100025153076606
062194073195064005155209004435563506
218252155064205113192160004432640906
098161121119207001052026004436446906
047008147015244031008006004430973906
135214115124192182225155004435519906
015043163105050122231189000806361906
047169075075237042073093004430641606
218252129011205066252109004434986306
034199148253212195130071298034922106
233133167069192182019174000254582206
203140082218192030020080487521914906
047011174045237042073095004432424606
044068128199237042073095004430288206
135079160057135079171175004432034106
062249241155205184039180000805628306
213173043246240235109085004434897006
085051039051202030110156260854639217
044020160248215162050050004434686206
073027217212237042073094004431989806
016012080209237042073097000805998006
228079196097194086007059000806098406
247003114212215019148157000805763006
140065118211064005155209004435529406
047034096136237042073104004435985006
238063074219192166174012536540002206
135084107093237042073096000801620606
208070209173198231235024004435763206
042090003186199136086054530231936217
131134146233192022160221001234560017
237241130097202024007089004430695406
204015094155050252209077521554765317
070061250164205066249079358570102417
047082212172194031095083004432186506
197251070120050065138249603460044506
148003126058116246215074004436524706
097133082094231225123081000533399117
147104221215202028038135164746317217
083129151034073165080098594340044506
231148133116202024017080000806146206
097132228080231225123094000535311517
107107019107073165064078532310044506
156146242005205180094229596170002306
036218200065199177176203167480002206
247003134104202024166198004434434006
050094051071202024006017000805706406
196093065108231225123095000533554117
044001110112237042073102004435214806
013192054012251224032197004435036406
201102020184202031130249550591686917
016012080235237042073106004435230406
092018188098202031160026010934732417
055238124102199224099094612541688017
047160077070131115052071040701595017
127168149027193065005162070795390806
213173033204205218010079052224702206
047123188096205166056009004433786806
194235154215199169015043245155010506
047100144058237042073104004433305606
197043152178237042073102000803813006
076177099141202167000101052221054106
203203064143215167149193000805465906
110099037145050062034037004455306006
140169207035064005155106000803706606
154042203166192030007219000533813917
062254167097194114091057004434992006
016237093238116246215082004436453006
231148130043215007245130004435866206
047028141250237042073097004433118206
197030218072198255186198000000000001
050075028226193065115157081012495606
223007030181237042073100004435390606
016012080220237042073107000804038006
195077051076205216101129000804916806
140065118211064005155209004435514006
195222041194202024007213000803001706
085197021225240063114060568330008006
214143222102215006068177093531818317
098015219057244038134106620130102417
016012080233237042073103004433535206
073146089078199208048165004456082906
103211176109073165091125593580044506
062205038099198231050050004430740906
131192122245237042073098004434428606
079121155114198193189027425660002306
044062082043205071042098004434957306
219122112115199152001237328780002206
113013105063050062046165647262127517
197122065205212197032247004435212806
136227068188192166170031536740002206
062246018047205126033114040104539717
235199249138207180012223542285386617
091234197022199169206186011045311817
135084107064237042073101000803781806
075048189110207012139067525242782617
047124067060199224107115093392663806
062208195127251215113173004436003406
073024225178205032017210100804189206
044003062111237042073101004432210206
016160232140231225123075000532393517
044068040242237042073096004431196606
136227068188192166172043514790002206
238020104254205239062137004433725706
146217204240244038133045361473249417
044003062111237042073092004434229406
124202024101194031028183004433718306
030015083141198228177052034785889217
210061102067240063017174004434030406
152148105234205164190005088420206306
088098176076050123066170010602067406
110096174006131115224156526701696406
016253001055198241202211478790044306
119132120168212195128205004433976706
218225048180198192035230000000000001
062242067066205236253173004435137306
134194243076193065038029000800495506
085247226187138152125061004435786706
044024159098215005009033004433105706
044018013254050056130221004430194606
030210076087192030043119004435207206
104181243211192029095201572082787517
156128100133205250094200405015032117
221082247052215176181130004432658706
070198073086205164105200090020020806
200223137207231225123073000533100417
047173006239135079171169000805545206
141236062042231225123072000531573517
055233073149237042073106000805708006
016179000127064005155246004433803606
208181048034135079171145000804074106
016038126020116246215068118914664806
196092076126116246215074004434113006
239213054020244248165093004434513306
249070079099198193179239001230012317
245011076119073165104113508840044506
202217215109139219137148000000000001
097132228080231225123081000536099017
100085039080073165090052507770044506
103245144205207008086202374815546617
123188126162205071045001004435007906
136062221045122195111160497070044306
036218200065199152007124328160002206
213179055109205187188028052222689906
093168145171244067209230270466140417
243054009046231225123077000535082717
114067117073198243031145034786254017
140075251144205200226152000535531517
032191132049199177091090004432829206
044004081143237042073099030001493806
078169078045205125126009274383521217
141236063139231225123094000534363217
134134130249237042073104004433019006
202217215109198209186064572750566006
016012080214237042073094004431749406
237042070092237042073097000801349006
136053123146202028114143000805126506
044085248041205211048070004434044106
134009120193198033105217000534480417
073146001050207001175102004434726306
049240092128252248027066219670207117
042204063195199152010028060062316706
127111009057198243031231004434936306
062253070109199208055046000804913806
075091209227237042073106000801133606
196094099195116246215122004435443706
044050149108116246215075004433984106
156243032180198231235132000803857906
148085197151050056159098000806176506
063163244139205187186221004434956706
047111041154237042073103004433861206
073146107158198231053187004433387206
224115233227192182089116004432632606
213187199224240235109089004433413206
036138173044205098232174454666339317
096189156067202024006158000805296506
047160238065237042073094004433554806
057184217041205239097111001614624006
085133012110073165228042492850044506
231148130065251100166062000804831806
047160161102116246215068004434659006
099130222179244157132105511720312806
044025089096205180139069004432843206
196012008117135079171142004433418106
073155112248251196216237004432884306
244200080106205127099016000805029906
213179055114212195084217052225970906
047001178251244248165172004432806506
243054081006231225123079000530850317
253102008178205164126129001230012317
096189177194202118035010360390808006
070243078127205218159039000803492806
133038052079205250089082010265354617
205130121150199177248242411175579917
201210092077202030114032374875223306
075009133023202024166103004433278706
223007030181237042073098004431747406
244057116200192166238235000253363917
041150227113050254095210052224824606
049089171061198240075029617670046506
044009141232199177093143004433484206
131192122245237042073105004433676006
114076206078207001050173000255332206
062214020112198231053138004432306606
134134130178237042073096004435424206
044118236141205164096177004435422206
044026241102237042073092004432383006
075062217254240183051070000806044206
112180031087192022164228448223165317
085185019018139180034162282383327617
135079169015215162057079649060044306
097133087114231225123076000533938717
142208122053199169214054000000000001
194054202200251196216180123272165006
243054009047231225123073000530439017
044192057018205167130249052235816706
047026096129192022173005004433876306
044039004103199224156213004432665906
200222118228199224156213000802860806
044006226094237042073099004435417606
134172201176135079171186000535167517
044222125201244248213085004435353506
223003174028194042037103080742814206
047101246214237042073101004433599606
044025168013237042073106004432872606
213173033214205216100085052224396906
146003223202217008245042199270002306
025237182166073165059221230970044506
206212162083202024005211626052223617
021120110126205071047203004435191706
047101064034237042073094004436486806
050084215093205164096189268405909706
016181154062135079171187000532960617
087150162134199224098189573910312806
213179055096131115183219004434702506
096189169010205183043073473100104906
044002014134237042073098004435804406
214024068224205217181134081814580006
103139076232205126137110648205934217
119197075090139093089118000801872806
016012080224237042073097000801397206
126064150173064005155210118916000206
218225159162064005155102004435710406
213175202126138091022122052225170506
136110172242244029213035000255170206
141236059027231225123080000532183717
062208003141215004235250004435693506
223080223058231225123094000000000001
062239245115244157168176004434433306
141236059172231225123092000531072617
131000253142194038094103000804173406
030054086185207180015129593840464906
044002165085199137227059004432665906
119132120173192167234171004431018406
070118058094138091022005416883830117
044039227007212230037158004436430706
204097016220207183152092574350688117
105197029156131115160074171132741317
047100158133237042073106004434085406
195018132048202028170010582796445617
058055011226139180039167278931047817
197016034252205212183171004434259006
197243251075205211045212099990283206
047050221009199224147108093394127006
044021030170244029214077004431360106
203186231247205166254216559610002306
131134146233202030193180001235855617
047109177040237042073103004432326606
064004255129231225123079000535715617
227003203110202024016108000805175506
034180089085073165228100550540044506
154005252018138030205127243900110217
136053000037192167233052000801461606
110203090161192182205008093066408017
041225076226205187246050050565568817
152200233128244003248183004436105606
194054207033205126037089584741990717
211247251130237042073105004432807206
076084179115205126046216080645373006
122163211204205251202002004434941906
131255054053215177154200000805727806
097141044038231225123081000531997017
134233147119138145213185612330287117
253102008178198193189198001230012317
218225193136116246215010532840008006
147188194063215004019210033896163706
044220061139199177251097004434949906
044006155040237042073096004432708206
044024116039237042073095004436492806
243054200205244003006045000806041806
109209135153073165065246216080044506
062206148038215167112218000806010406
062198058130064005155229004436476606
226102051193135079171207004436412006
237241141022198255186198000000000001
129103216242202029247060632904975917
196092076134116246215074000803805106
047091000043207000086021093392736217
016012080219237042073098004431943806
047177237013207012132059004434269006
140255108200116246215120000803450506
044072030007205212227237000800741306
135072013192192167239169595964962517
088104167029215177165018282153050117
075011026105207180189166004433069706
030214172164205138232129000804625406
063166040176116246215076000805750206
016248187022212194043008004434144006
050075062119202024006068001102700106
213175253233212227179141004435037206
097133087114231225123075000534329617
223007030181237042073094004431361806
202217215109215163004210000000000001
100208039011116247217234000000000001
213176048243205164191036004432637206
223014026205244022109018000804951206
062193109008116246215079004435021706
227180228110199153054042571770103317
196176221030207020019036000804833906
129214018178202030055083000805568206
244199137070198241178026004434394006
096051034035139212109018409600688917
047168186061237042073107004435402006
136053123146244089100211000802520206
126052136017205199061106077775015406
243054081004231225123078000531528117
003144075149205250088202004434103406
073024239137135079171145004432044406
141236059201231225123073000532213917
062207064155231225123076000532445917
132032193242050120062105238600103017
134194243115139212126250000806509106
044058231250207183017005004435719906
096078113103139061080170004455814006
008075075200212195130019004435324806
247003134093193065061188004434955306
044023157003138152126186000803644006
050084215093251108156145138516148606
137175045008202029185216197871036206
016173086205116246215092004434462806
148003126058116246215069000804359406
044222230211244001196021004435895806
096036045095205113206097004435121706
053194066035073165034106647510044506
058214143242199152013243171212821317
237042071047237042073098004432206806
113107206096199169001218129486121306
070048247197207001052026559802760106
200162202140073165081039042650044506
228202120167138071027018004431087806
047050013001215161087169093393502406
143165237157199220219031000806420206
073155112254139218241018004435748106
047177005226138152126082000804606906
109158200216073165104099623230044506
044057045000198192209146004433914106
127107225023231225123095000530127217
116069050209202029213119004436190806
218225091067231225123075000533540317
114243080226116247217215000000000001
034120101215231225123073000530590917
070115135195073165073039536640044506
067030080150202024016004068810851006
057184217040244205226255001610164506
199109081200193232172057231434971906
231128055195199220220140579860549706
016012080228237042073093000800813606
213173191036205216099071004435060006
030015080227212195084193004435085406
226154176178192022164043004432814306
062211252060205139035069000800378606
213175201172131115010213052225895906
044086190062205239049238000804920206
016215208159237042073105000806116006
055233073156237042073105004432678606
131019022105139212124060080803375806
030013235138139143069139580260338906
047110160103237042073107004433308806
204124142109205098029167365762590406
201162197232202029176249168815470306
075091210255237042073106004435442606
108254011054202028053033101730338906
044051245121205216207102004436196206
047101064034237042073094004431038406
197043152170237042073248020010200117
044022178123240235109089004432653206
021098062000064005155132004433737506
087107029191244089082182460660002206
140180095016237042073102004430294606
213176048236205187185093004435019606
040219245249202024004254028585271606
016012080224237042073102004430869406
108232082201199137231134646385721206
047160161102116246215084004435474506
030221082051244003007245173225648717
085130013124202030152043038112145917
077029150154016048144184000000000001
206157034038205066245181000806096406
231194170054244067209230270195439717
204073095135193065017154588301060817
236146108017139136059150000224307006
007234225066231225123091000533567317
008074003030205218074002004434962406
213176048025205213189182052225195706
050016200004050065250092603540044506
200141198098205249003219533503166717
231128055195205185136211579860548206
197243251075192182018163099994180406
245209094122199224149005000536129517
016241024043116246215105495360044306
218225037006116246215092004434149506
134009120193231225123091000531248917
047001062084205239062133004434630906
197032086052215167248157000803561806
218252045085131114048161180085449506
213175202207212034079027052225606206
075062217254205213161119004432632206
148067222062215162057234000536335217
127030195201231225123077000535277617
002104167192205211043031499103491417
218225091067231225123075000533314017
070243079058194042039185000803764406
196043026097231225123094000534762017
042090142112138152125013456532088417
016215208159237042073094000803037806
008075075159240063130168004434996206
238018232244131114050212000000000001
231148130073244031072226000805435706
079045088002073165111109461770044506
075091213022237042073092000800745006
047123050189244248043249093391139717
126055172172215163175036320050424106
047008180255237042073099000000000001
135197173231202030104253009936325906
077190062077205236237154166744657317
127168132018202024005100004432849606
008075075233205212235122004430625906
044205231178237042073100000806098606
063160211191198254094226000805860706
044000083182237042073100004436313806
030054086185207180015129592680471306
050075205103202027250003434830002106
243054178109215019232002004435165106
042204059034205184032017070063213306
079255090142212230042114089440252917
032243075234205112115227563690102417
076177099131131115009166004436050706
233033213131138152125013635681191717
243054009052231225123079000530689617
112163168078202031167039535466213806
075091209225237042073104109380044306
131000232124251108225108080384928806
197070150212205251202108000534513117
113175002229207180015129549500513706
153217060166244212073048156306196517
131174243014215162059203004435746106
152148105234205066247109088560131206
077050114223135079171075011740044506
047123220077050122228221081026212917
049124100083073165109133585540044506
047100179217237042073099004430881206
002127127005138145229225127240232306
141183211149202024007001000803232506
016207067045215163005221000805207906
243054009038231225123079000530889417
062197190126205217180050000805419706
140015213117116246215221398871164017
148083148054193065082250000534213717
153057236166192182227152004434948206
129090126096215162112216106665144006
104141215013212194040061572321601417
044026121187237042073099004433143606
047090250250138152125118004435218006
237042093044237042073097004436535206
070243079058138056032176000805281006
070243078216192030048084000000000001
133246196098251000115139577232195417
047048179244215013083029093394202517
133151155023205212180114626326276217
236146108017139136059150000224307106
044051210143205239062149004434403506
044095192191116246215120004434004806
115198127197199223127018522415781017
121134213095205126037194068850777717
016242253151244157135234000000000001
127235039146212195084217000805341206
049106079058073165228157645900044506
073146065195205055099197061366148117
044027144165237042073092004430226606
113016034252073165105035618840044506
225244055210193232166218650711359017
210001148077215177155149080104678506
044000190172237042073103004433461006
044222121003116246215073004434297306
062205144141199171100163000803967806
113175002229207180015129296380518606
213175201190205251205243052223421806
016036125073205185134097000806174006
013159165247202024007056004434267206
047038099013205239062025093395666517
092016120123205238171124010282348617
002138251132207012143178433205347217
049196074180205194244118019352105606
037105175186205211122206173040044306
016012080207237042073096004436521606
152001058053231225123074000534495317
196040118190116246215138439760905006
083191006021251196147123533026431006
016043038008205070213190000805852406
130150037145231225123079000531787517
079121155114192133027038537780002306
021120102213215018163204004430305406
070032087159244001168033577470002206
109053025111199221115099514131877317
138152152245205249057107224964211117
196093065108231225123092000531130617
072208178252122195111160175480044306
127030195130199152109173618191414706
131188048101207008087096000000000001
196042229131050062046170000804409506
044222190196064005155183000806528206
114046128215199153035181330380103617
062196033115237042073105004436153206
047168103175237042073100004433699606
136053101053199153049004080803485817
197022184066202031031046319383545017
044026121187237042073094004435117206
237042093050237042073092004431416806
047109144143237042073101004432648606
016225161052198033143038477240905006
119132120180205250090089004432760006
242072096043116247217133000000000001
091230065035198247248208631755950817
021068198045244003005191004434934706
249158180126116246215076004435112506
196093065108231225123076000533078817
236194234181139180032057010321049817
085047174172192030018051246745218906
227011246233192182042088005873424306
062196033115237042073099004433135206
044049230076205236095042093390219817
075091210218237042073105123720008006
076177099133244248042022052225338406
032191132039199169203210004435044106
200127104211240063113219000800733906
076177099137205187188205004434245206
044054037171199152008023004433032906
210011222134194086007116494312644117
204096127004198193177244004433812206
239213054095215177179029004433852006
237241141011198255186198000000000001
044000083182237042073097004434965006
016012080214237042073104000801643406
238063074219192166174025488580002206
130004046202199222140234000253450306
044087000009215255063029004435999106
096001239187215004019210033895513406
044069144230205251205237004433101206
200124200090192182193067268410012317
147012157213205249010089275653387717
047119182228215106045108004435085406
119142160229240063017189004434238306
048213156120205035001136088415102306
133212240182138152125013493312918117
237042091048237042073097000801952206
223007030181237042073103004430722806
096192061176215006172189030746531117
150147062081192182176024005875030106
044008173102205035072078004434822106
225018072213202118035010015210808006
249158180126116246215076004434816706
206243060104212195069049525823339406
129048034255205166009062004434950406
239213054084207022045016004432781706
195112232032215106052199517324988317
213176048088050254094249052225581406
048181106054016230168186071600008006
201196177232073165111004512120044506
072011211057231225123090000532454117
104052070229207183022004181450700106
008075075234199177082106004433093406
021120124169215167112218004431394906
127233182151139212117066088882026517
100208217209231225123079000533551417
086039250155199169214181572572539117
108254011054202030147136101110338906
082051161038073165108125534880044506
062198118118215162050050010033361906
075091223099237042073099122020008006
159252223076122195111160525040044306
025206020230073165108048344430044506
044006155040237042073093004435734006
103222080014064005155101000803579506
008074003149205166125146004434983406
143090042095207001003111004434994306
213175253202240235109089004434829406
149042099213212034166247092120930917
048213118196244031010024080015434306
044085129200205112188193004433626406
025009138150199152104235516003341917
086106052001193065086210250005149906
108217029183199221119051180735830417
237042118043237042073093543780008006
096018091219207180012223342505701017
135246255132073165089223547940044506
008072209240217010236162004433689206
072161003097122195111160603040044306
213176048027205164190029004432890306
133237135051202030022235624740899917
050074105080212197086059004436411406
002192002190202024007218294782631306
075063140018192029208164000806407606
016012080215237042073105004430970806
093043224184202030123040514131241417
050075028226202029066111081015511306
047025127151198231050045004434641006
088094105141202118026206314930266417
048181106054016230168186444710008006
197016034018199177082106004436097406
044003205117116246215093004434367206
044209078048050251141190004433878006
213175202112215163112202052222671506
008074003021205200147098004430181906
090063223105199208048122399000002206
097041219187199170226007228270165817
097132071157116246215077004436518206
076177102218244038194159004433804206
079042133048212064082079000000000001
129220019220135079171129502490044506
070094224150202031094227445806032717
044025010021237042073105004433595406
062194058225237042073099004432974606
196045155079073165091113585150044506
135243069222194115204179004436198506
044208178082205139007246052230362406
127107225022231225123073000531241217
113053123141205113194110635292050206
223010197050215006172182270475975417
131107168042205213166243033060487306
057184217043202026165074001615146106
213175202237205166055177004433373106
131235023084198209156100004435122306
044201143232199208051072004436272506
055233073170237042073099020010200117
076084179115244248042030080645789806
204073049090231225123081000530510017
239213054072050120193114052225760206
116069050200205194242135004434175006
072011211079231225123076000532765817
062196105235205239062103000803379506
047122174092205212232211004436045506
136053123146139096108248000803947606
210061159027205113204113004436098417
041144221139192031126177004430245106
016253002186064005155180458280905006
130004046202192182140252000255532906
091112239233073165090065514540044506
073155112250192030019214004433760306
131148087034212195089157000532156317
047027077240207009053220093393689906
239213054076215255200013004433999906
105061062130207022024153000531092117
062206176135138152152221055132651217
128073251150193065125037080800438206
062238059018194017231121052236074906
008107007135205218157029000805016806
047063052066199168153189000805062806
044008248112205166045013004433659106
202217215109194078219023572750111006
119132120173205212231155004435929606
233044074114192166170182387062507306
134164179107237042073097025155067406
131099069079064005155183000804584606
092016238048199137227109457393187217
195222041230202024016069000803023606
078233043011202029075133093050930517
210028117152198033052085000805098706
016195143015231225123080000536436417
153064177181073165079087550370044506
140075193255244205242116004435142406
030015094049199152010018034783055717
136056142093050065216187573910044506
070250047019199169214220070041123306
159090011074244157133205146200002206
044054089149207001003109004435279406
103227026008116246215083004435967206
113181013188199169202100301352102517
047169175164237042073102004430588606
155038086118202031108237000805679006
008074003150240235016250004434993306
091029124200205239056024000805117506
119132120180217008113242000803611506
136173007165073165173116525010044506
047100122012237042073092004432816406
076177103209205216101211004434923406
059030227025199169193248629721697006
076191125006207001004056004436243106
047018244059202024006219000801190906
208178091070205216060217170004226206
003144016065194038152045022590225917
116152239232192254115244000802311306
044021030170244029214077004431360306
231148133167199136087100004435105506
237042071027237042073100004434164406
007234108178202024005004004433605106
044206000003212227179102004435135006
021068194220240183051082004434986506
047038204016251215113173000804948606
119049193093064005155247004433836206
204212143217244248229162556485981006
016012080230237042073102004433953406
112081239164205113245120004431859606
044085248041251190156117004434916506
130150037145231225123094000531015417
206111251194231225123081000533775017
044002161222237042073106004434539006
141236058240207180188225000536207717
062199050183231225123072000535387017
047101025201237042073096004431587406
021154025019064005155218004436424506
119132120171198209182006000805187006
237241130097131115161214004435277506
237241149147202024004142004434419006
044004213176237042073101004433447206
047168171093237042073102004431585206
012234076061116247217133000000000001
154181235205199224099236142560044306
083181000016073165064073548820044506
114066046099194100126166004435342406
213173038230244067234214052223416206
223007030178205200173086004434374506
111224184077205113255101004433380606
203203183253231225123072000533225217
213187194127205166063084004434998706
047168053040240235109162004435415006
102215074158202029125165575274050017
103031050164207180054207000220498306
193253252158116246215223365130008006
050086182164193065013194000804113406
123188126157194102255065000805228106
044018238147207000069107004432850006
237241146012202024016052004433785306
041144006215237042073099000804023006
062206164043064005155190004436210206
223007030181237042073106000000000001
047028082216231225123094000531647117
047081219017237042073104004433349806
109099103189199153107083093060115317
053064017232192182087200000000000001
124101052201135079171198004430219006
073025021207205164190034004430370106
002185038095198241201053359520008006
021120109090138056075218004435335406
233075221103198222245025505055141317
213176048235244158083125052225427506
047171060008135079171128004432846206
062247008115244001198242040604409217
047173091017116246215070004434148806
112081189113205186046180001232823117
140200069255064005155180004434596606
148094169014202118054182004435657606
124101052213135079171132004432295406
049193162052073165109246478100044506
053148227141139180034162171743327606
210030029151199204093184004435415506
131099069000205167104037004435128706
250235163236202028221035422435919206
090045107053215162059075569170044306
204009072173073165108221574760044506
239213054012205112188157052222646506
050075043044192031161251080802635306
218225090099064005155210004436136506
146124208146073165172208494020044506
044006122120237042073095004432820806
007204042241050062034042630146444817
131252237112231225123073000530634917
044039244061215160157251004436255706
036039127096205211034018000955838606
100237186002251073188013529203692417
235199002162207020021249585126030017
123188126212050123052185004434144306
064239213048251224116037089995675817
086038182214205180067216100376423617
204124082195199177087065197052032206
076177099142205195122227004434542906
050024120099050065196199494620044506
064004255129244029242050000532396517
141181112240193065101073000805049706
242254061245205211005185314030450017
047119206115116246215068004433926306
208191052020199177087105004433027206
075055191092202029083144004435991306
042086228155207180015059334740002306
131175084198231225123072000531687817
047081091076237042073105000802591406
135238182035138152126165000800195806
047081124095237042073097004430284606
223007030181237042073095004436340606
021120125180139093090045004431202106
058245242020215007140194092120930917
197241237050194100127225497815338006
057116157216122195111160557940044306
204073124067202030192211004434854806
123188126214199137233113004434957006
030162029031205139085146000802652806
044028187135205183041146004434218806
062209141095050122231117004435084606
062196119218064005155229004436458906
131208036250249237197237000000000001
197086212021252248203194000000000001
085061182013073165109176570100044506
102175233018205236085028382404180517
203140246199215161042028010240808017
085007143166192182174037382940108006
133212152210194039040082498383568117
237042071027237042073098000803265406
204124130216205217254181490012661617
044057198123252248201168000805376106
030015095019198255186198000000000001
223007030181237042073100004431879806
044205049205205139032254004434765006
062224215207205166255130004434415206
008074003131199169221059004435992406
047061251084205216103190004432722806
104220091116135079171073547812202206
200000013064202024166243004432870406
047011184196237042073098004430344806
218225155161064005155229004435781206
075091213020237042073095000803409206
047108127139237042073102004434503406
140169207164116246215084004435843206
044024141056199208051250015215087106
002136098068202031028254004434439606
099035122033215163007138069060121606
057184217042202024165169001613961406
044054080171139096108244004434283806
134220053054199169214054009332388817
223038180121205251202108090001210506
213187199246207022045041004430773406
016215095187205032018142004434059606
069207012169199169194038430680008006
247003110196198193181246092120930917
195222041194202030115044004435696006
044006157000237042073101004433935806
044007243054116246215079004434625406
119132120168205199050055004432807706
113174230028073165069087600050044506
110126121212199168236166389922823206
008072209240205098225017004430692206
032251101080073165104005607650044506
044024176172064005155209004434545306
111025038118251073189007395275523206
137091234062138152125118555004956217
223007030181237042073106004435738406
206240164242192135136157059386233306
196093167107194017228043439510148517
021068194222198229020117004433588406
044222228217064005155174004433464206
131000232124244029241125080326074106
109237014135050062046165386460893317
050018021202199168233023000000000001
218254183227050065138129253220044506
016147136238205185133080004436364906
148067222062244029048153000535515217
044010211193205138232093000803446506
237042118037237042073099522500008006
021068193037207022029227004436371506
157003251020251190074029370185809706
044007103049237042073101004430390806
047108165166192022161089000805096106
044004052172240235108141004435860206
128064174027231225123072000531201517
112182043203199152008043004432679106
239213224161199168157170004435400706
123188126160199177255019004435914806
062209153194207012136061004434941106
244014070053194017229143004435804006
197043153105237042073093004431390406
047161051234207001002252004434946606
016043068170207001132216345110148417
098145070165122195111160027270044306
087121207112240063114060004434930406
196054199193215177242074004434583006
049105133013202030214205503011413817
135079185254135079171063274480044306
213173038245205251205218052223297606
148044157145231225123095000530106317
062248225118205187185093000803286106
062205145098116246215071004433755606
221191093051192182140199093060930617
213173033197205166063045052224155306
149169068117050255048254149052773517
146175066245205212182178277524746506
243054196146251073161246000806083606
093047127203073165064006543410044506
044068041184237042073095004436160206
208191005023244248213082321000308017
198140022162016230108026580390044306
135084107064237042073092000803261606
070028007092205249054231634370002206
123188126212215163004045004432825506
238063074219192166174066527100002206
223007030181237042073093004435945806
124050093149207001012071004435174506
193253214141116246215223519930008006
047033146254237042073104004435050006
108086001122050123065233611444606817
127168149027139212103162070761269106
196093065108231225123078000530887017
030214172171138152126194080803386806
075062215062205251202002004435101506
153173186041215177243222059385220006
113056176203205113194110010302050217
047019171166202024007019004433796306
098088208229073165109007515960044506
047080018130212195084217004430166606
070243078228215167140038000802761606
141216184206205126137053000800856506
116247100027244020056039598810905006
223010195092205212182178270195717917
099035124254244038133045069002639706
153039112164198254094074199925449506
047168103175237042073104004434469406
213173142219135079171142004434764006
109026120195219092051172443235952006
135084107064237042073104000800709006
127168149027202028062139070765893206
134251135076199152014239000000000001
030015090211202030143077004433467306
130150039043231225123080000531670617
034183237106192030125051270320102417
044220119190202030153224004435186306
117017113104215167248157110052603617
097133087114231225123091000532677117
037123156005205219172197000533045117
223007030181237042073103004432782006
067027119026202031028194591004714317
093119083027205098029085068811817117
075091211161237042073096000804523606
044084086026199221123042004434182706
101221032173073165107047646740044506
206051138132202029203117588870812906
127254177081135079171189000534894417
063171239097139096109012040913516617
203126053092073165109134599900044506
139049126004205250089229004435728606
073027230128198231048022004434982606
134009120193198033105217000535693717
047038011186212196233049004434139506
073165225150135079171185044555733606
097160054084205239062133036584982817
141236062205231225123091000532954217
076177103232244248167050052222685606
047044023125207183081077087654537017
193235172022016198224000152620044306
013217097017205139035178000801267006
044027081128237042073093004435827006
044025020187198231048022004435132506
139169064229116246215069004434012006
108254011054202030214246101250338906
047101246214237042073093004431194806
096247030007215019071134401090002306
123188126160192135208159004435184206
062211252060212227179179000805610106
122064115180215027046107082400115006
092177044246192166171207000255951906
148067222062215007246013000536348217
098010064140199169206186342160110617
047184154067212197176157004432062406
008069239084064005155149000803596806
030015095020198255186198000000000001
044000133249237042073099004435239006
214008078097192030120220543214264017
048213192115215163175037068811132817
076191125006205251205243004432634606
044025062064237042073095004435795006
030015088178198255186198000000000001
063175153012205217251242240401930117
033038140100116246215068004433980106
033239237031199221119052004435579306
131188254013251224032194000535361817
016215061243198247252038000805225006
108105188029212171082154534795487117
015043163117138030193107000805079506
055233075063237042073093248400008006
047013231029199169006052494396110606
210001152013251196216151004434977706
016012080213237042073103004433330406
243054196196244031125178000803902106
044050180021205142148131000805108706
226154176178202167077107004430791606
021091199204116246215077004435049406
231128055195244205078013579860547006
121152163042139113197199118913504106
158020121041244158005176006661345617
138044202210198240074190555212685317
122013174247139218240252593880808006
091215079214202026053024240380002306
030015078025198255186198000000000001
253102008178192031070020001230012317
223208057014050123066003000533601217
100124163034194039040041004434981306
098253145160199223127018599600114717
044000007196237042073092004432598206
204023110000251196216067502306485617
044069006114237042073099004433286806
133250166025116246215043602870008006
008074003071212194146194004435436506
016012080205237042073101000801151806
129216151025205032020169004432699806
113174230028073165065028499700044506
044222121003116246215073004434858906
237042071050237042073106004430268006
135079184240135079171063048200044306
119132120169205180009191004431294106
047022188242215019014000004433398306
148152013147205218157098004430817806
016012080223237042073104004435034806
016049112144116246215071004433829606
050067132116202029085153019504966206
197053086198202024006092000806357106
100235123189050065214207547760044506
106215144157192182061253004655239906
091124143120073165110231570010044506
077003063034205070220062463926020117
033171121239116246215071094824167606
223007030181237042073104004434504006
073027099015237042073094004434163006
080068185228202024171216329460002306
243054081006231225123079000531078117
086106156127212195069119000803950806
073155104233215013112253004433434106
064031252068116246215006484500905006
044073235076199169006062004434373306
148083061123192182223084000805251306
113130215193215019148157514135514517
137175047234215007172130297521851717
113165184100199137227109454733190717
237042064208237042073107004432515406
125228248211205219173092100865354106
152045085103198253042195004430805406
047012204076199153097086004434089106
220145171171205250090022149712684817
044062180037139005155189004430341906
049003077070138154105125105323401617
081171005218202031092110000000000001
237241143113205166209020004434006106
021120126071199152010024004432963106
062255178105135079171128004452886206
193125198112016233090226597980044306
070032085113205238168188588150002206
047080032040205126032236004432873506
137166157237199170229205040632608506
237135165124205071138237004434872606
062247091202205126037152040204387017
047081255216205066247052572905826606
219097006057205139085180004435287106
200127104211199224099045000803286906
103212063036205249015193000000000001
041144160173207022026070004435201006
158250171213199177245242548630143306
047100153006202167002161004434799806
213187199252244248167178052222753906
089249156025202028186171166955963017
007237234147194017228042519870148517
070032085113205164099130588150002206
155038086106215177154198000803615306
044026121187237042073106004435671006
099035108224202031028056069015197306
044004081143237042073100030004336806
147152175084231225123077000535001617
197193124227231225123078000533285117
044006252250064005155228004436211506
075062217254205126032234004430232506
100124107234202028229051000805781306
044084085165199171104084000805795306
224134214151240063038218004432680506
008074003071212194146194004435436406
196092076192116246215092000805837206
131170083102231225123073000533605617
141236062042231225123079000535888017
041166031197244158005055004433761606
079011036225073165173055561650044506
044003075189194038088018004432826506
047183147019131115160074004432408906
063146242183237042073103004431320006
197222188038219092126229358220338906
075249190070064005155195000804615006
062202029074199153048248004435214706
152252136192193065050114004456318006
195077006143231225123094000532719917
013217123174199208048027241703832617
047100097008237042073103004436223006
140169207146116246215085004433719406
109010193090194042196130335610002306
140242176176064005155200004435133206
008074003030192182049241004433172506
097133082094231225123094000530585517
136053123146205236239027000805635006
100208217209231225123081000531850017
070243078228199171206084000804944006
047081207099199137227062495640288306
126052064232194207242005320050516106
212235050192193065040046609814038717
119132120164194031047097004435453906
140066249106198209156083004435026006
109205049007202029170044510726154206
047187149193205203039142004436014806
044068041155237042073102004431799006
113054202154205113194110514132050217
002187102117199177255005624506238506
213175201181244022096244004432665106
044093090000212227179051093394190806
044201195042064005155209004435001806
073024239137135079171145004430226206
033245039242064005155201004435205706
204221148166202024059021208050002306
016012080227237042073095004435702206
016215208159237042073107000801745806
044001146208237042073099004434204206
134194243086193065009186000804265406
047101129137192022164140004435147306
082087147135205239062002276356533817
197143138162205216066128004434996506
213184192023240235109050004435668506
047163150029205138232125000533703017
070243079058244248165126000801550606
096189050093199171111084000805164206
193253244029116246215055607550044306
059185230076202031165238314230688117
059016231025205032017211004456217506
016195252111064005155189000806139406
044051055115207008082054004435301106
201081040054073165107043245450044506
092019103091192182150217000254741906
016228206047064005155150000805586206
108123122021219092009137477832168417
044004199049237042073107004433066806
047229049186215177155236125000384606
044002162165237042073098004435477606
237042071044237042073094004433043806
122133035090231225123091000535706717
030054086185207180015129592980468206
044222227186237042073102000800257606
049152177036244089055238004436217506
213176048218205251200208004434317206
047169075075237042073095004430770606
206251040147122195111160511970044306
013147183214240063113219342880008006
070243079058205251200179000803450606
044000241106205212235122004430627506
044008079181199224151141004433775506
044002161222237042073098004431110406
122028053057135079171198004431451006
236202222224073165054111497050044506
149158116052205032026248004434917406
063163013066244212229038004434960606
073024239137135079171079004432414706
149042099213205194247000092170930917
253102008178194031044205001234747517
044073048238248200243225000800111106
030015095008198255186198000000000001
218225090026116246215093004436136406
044085125181205211122071004435986606
062212138013199169001133093392636506
077189118204199137227109315653190717
076177102218215177242138052222775106
016012080218237042073099004435757006
110123190157215255201248000234911506
047025237072231225123073000534296917
203203183253231225123076000535497417
134187069126139212124083000536158317
047091148178244003240044093390384806
148083149210202118035093005141971406
044003214238237042073103004436371406
131000233227212202150023070750216917
112081188215205202228030080684952306
044068083070248200252010004435613106
111025028190215007236236271874001106
249237196248139143018000000000000001
114079163102237042073197475610338706
194231199178240235108140173864972206
044210060034135079171128004430681806
047100056104237042073094004433535406
108021114017073165069212612630044506
196054231017194017237222004433542106
075062217254240235109085004432916606
100197036129202024016241004431066906
044085129255205112189210004433510106
047030165120205139035089000803613006
197222188038219092126127486720338906
035209021244212030170141479704966817
213184219088207183080038004435847006
130004046202192182061111000254805506
030214172246199137227017000802590006
110213229244194038145242165145414017
044004199049237042073096004433680406
047090147001207183081231004435116306
243054196131244089100205004433120906
047168103175237042073096004432696806
124101052203135079171146004434083106
070243078214194100115102000000000001
146119215202231225123076000536460217
083183054164073165111101584510044506
153137125237244038133045004431001606
099192096187205032024180000800462406
070044020205205184043002000533037017
147003207148202030189015009936299406
212143025069116246215069004436148206
198140111071116246215063571670008006
253102008178202031094099001235255317
075067117097205071139022377872189606
044009219003205216102001004436431806
105059077178199177240169050780506017
218225246106116246215055635120008006
047081116200237042073104004430857006
042206182245131026013056548200044506
210016037015199169194038588880008006
049192025028205166059108430970102517
070243079058202024007026000805723706
044004098210237042073099004434437406
044201007052205184036163004435243806
044212118058244003024188004435320506
146072204077199169195068000805967006
044003208097205249063103004434513206
064004255193207022024153000535379617
226169198177192022160173000802705706
237241130097202028220208004433634706
237042077087237042073094485940008006
085041240045199208056166292162124606
140065118211064005155245004435374706
218225090099116246215093004434224206
249070079099199152014233001233277317
047105097098202024006041004433260906
021137021052064005155218004435495606
044200000015231225123094000534185017
016012080230237042073105004433704006
202217215109205071026171000000000001
231128239044138145199250004432819806
097118125242212195130141652274163317
146086155068205139035106004433405506
047011074112237042073103004431180206
021120110036205035005045004433519206
138151074048202031053205471031500006
223007030181237042073103004431358806
044008002107207001131073004435183006
114103012099240235109089187695892217
049208124212205213166058487860338906
047108167236116246215093004434329506
076177103209215163005091052223300806
197222188038219092126182046910338906
034108125168199224098189095970312806
110184250123205249010089537806385317
013158240097202028052098000225278006
033173186150116246215015000803592406
037001244016212171168138129884571217
196092076149064005155137000804104706
148067222062215162057234000536343717
073155112248198193184229004434788206
141204003055205098029141000802666306
147241135155231225123075000531243817
223208143086215004019226000805291306
213179055104192133027023052223543606
073024037227138091022105004436081506
213176048048212034245075052225454906
218225197141116246215069004436052706
155038086100244248229162000804752506
237241130097202030185017004435177606
063145012091251196145100081082092517
237241146014198241225196004433986806
040035122116073165089217490270044506
148068184009199136091065004434110406
047101025201237042073099004434467206
237042091046237042073105000805860406
050084215098205219153058093484419306
070055145162139218240154584205449917
206223095040205126137100116092721617
047011074112237042073104004434894406
016227204246205125182226004436502506
030037019219073165069026564150044506
044023186070244089082248000804315006
111010225253231225123077000530343017
196115057066064005155183004433379006
238204203175205184078170000806377506
072011092229251100096074004435899906
218252026231202029118041004434642306
044199180005202024006240004433858106
050084215093251108224232268405094206
030054086185207180015129592880469406
230123000233138018047240572375341317
152157244219244001022020000803779706
218225196178193232170176000806189206
192249013016205217148167080806464706
195204223016205218158241283754444817
064004255129231225123073000536496917
077166038229199135047028158951397906
141183211149202029103231004434548306
237241130097202118031154004434709906
073155112254205212231213004434652506
127004043197199169198037000535915817
213179055020244248167082052224060106
062193163140244038194248000802640006
062199166086231225123079000531207317
141236062016231225123090000531228917
047160161102116246215084004436482806
147129093071073165069081290090044506
016215208159237042073096000804945406
159032084232199135047228222800044506
047028052146244248213093004434938706
213176048137207183080047004433526506
048181106054016230168186333530008006
047011174045237042073105004431939606
218252194008138091029013000230577317
062200062195205138232128004435962206
062250037192194043191037228120005317
044002171124237042073100004431859806
122199007067251196218162004435497906
213176048249194043184163052223505606
047034190173237042073092004434475206
044219233248202024007072000846060006
135238162118212196221147095932873406
073146138192199177255237004432921206
135079188039135079171207004432293006
002136178183193232172081000804995806
206238187118073165172247604470044506
213187199233240183033112004434865606
223239025152199169194196004430111206
200222118231205055128253000802854806
135236070172205249051081096223912806
081196179230199153108053589400143306
195222041194202024016058000804303006
155038086121205249005021000801335906
119132120174207012133020004434959806
206157043069198193187211004432884906
110244213074192182190021571724105306
133237136109215018170034518826234506
021120102220207022028249004434998106
140066180204116246215068094826234606
132222181045202118027054000533122117
218225197135116246215100432620008006
248138140087199153054025001234136117
102072053051192029188064152993330317
223003012168198240170209004433671706
205046065097199177248203261700246317
047048195024205127097082093392659406
082028155210122195111160478320044306
223007030181237042073098004431954006
070211255153198192126176000800170806
140169207157116246215085004433512206
202217215109194031030140572754444006
200017032114215161084022597230143306
062200101139237042073107000803121606
041149159087202028037100099984380506
124050093149199136085114004434916606
062241089035194102242178004434920906
108013212169073165081091497510044506
218225159138116246215108376750008006
044068041184237042073095004430360806
047090143152198231051082004434945306
049157133176073165080137589250044506
044026198139237042073101004432895806
056047129138064005155183004434544206
052135059111116246215056000804002806
135084107064237042073095000800327606
062251091048205212234039000805381306
044072155058205098232224004435306706
244199180007202029008091000804309206
073027151207237042073095004432579006
063175189236064005155209004434905206
093041037078198033144203004434082206
062206164043064005155190004436177006
056021221089219092011204004432726706
096044110248205113194066177963704817
041049203018016229020130000000000001
044001085241215163004072004435169206
197178212133135079171207004434775706
044025010021237042073092004433853406
136053123190139143182038101494548117
113117209150202030056231126686423817
047107188058219092051188004434554806
200222118162205219153058000801414506
127168149027202024166210070791725906
210028117154207001173189000806484306
044009059031215163007060004434163406
002016071108073165107212211400044506
100114174028202031017042566204433117
130008135136207020029039000000000001
099218138254251215113218004431920006
044006157000237042073105004434166406
196043026097231225123080000535709017
238063074219192166170019369700002206
044024173159199137225010004433065106
016241031150116246215008000000000001
131176096168202024016030052235929606
239213054090244031010026004435306106
047101128088244089082093004435220006
243054081005231225123077000531486717
093222250038073165105228556690044506
044007049164237042073106004431518806
058107073044073165073198575640044506
197030217115202024016063034782070417
239213054005199168157105004435392106
075063248032202029157115099980266906
002002132232205113207032004435506106
053221254214199137227109425133190717
088094110067202028203202520464050017
249158180126116246215084004435373006
210063197068202167002161050565189317
099164014178194017012242198531645417
200120193080198247228194626651169506
112149234171139212126118580700002306
087155196000205236124169246923708917
070243078245202024006224000801503806
080215014111122195111160134260044306
131087046100202118024242004435090006
044022069105205239087212000804087806
044084132083207183081022004434007306
084237133034198243031045620042116006
148137194057064005155190004433888606
048213047102194078218154609980808006
141186046125215176181130004432661706
200000013065202024007056004432523306
101081106065205219219125080802684106
033188198202193241060091153670038917
075067026187244022187202080803789106
147088099114050065172005543440044506
127183021173231225123095000536319517
047108011048199153104149004435739706
057184217042138071023110001612105006
047012213098251190082050004435504306
047048122229205139033072081081540017
097202101174199137227109537931865206
041147021228240183051070004435907206
073165053027198252038221004455763506
122139039152251215115082004431599306
113182122052194102249026348461803917
047160019129237042073100004436216606
203203183102212064082066000536285717
044002171124237042073094004430344406
202217215109198231069001572753999006
074230007151215255163163561796485917
152045085017212227179009004435488906
103113085038202031159113012555941706
044025096147237042073100004433464006
044000133106205213165121004436295906
146175085089231225123094000531290517
134164178086237042073100405460008006
133239156041205211042234519490414106
016012080234237042073103004430302206
063146051199135079171198004435738506
103239098021073165173075513380044506
218225159046064005155201000804382106
231148132035202024017101000805724506
016012080194237042073098000803269606
127155131001231225123090000532398317
217227137074199169024175004435115706
096189079173202031125158004435054006
114056030190116247217215000000000001
104053133106016045106040000000000001
213173027125244022096154052223968206
032191132055205230082056004435576106
107027037085135079171167004433119606
044008005196215007245130004435928106
085129187165073165173149625290044506
041245062075192182085112004435111106
096036045017199171100223004435087506
137147188122205066042178000254161006
016175038146050254095245050562813817
062241114215244038133045004431311706
119132120164199135044181004435540206
127068222192064005155245004435854806
044060054127215177242173040005722906
048160131178199224098189543370312806
131190120054139143018199004434661006
044004098210237042073105004431536206
112081189113205055128125001232679517
105198032014231225123074000532592117
047168052107199208059190004432771406
124002174245215162057234000000000001
016003076144199137234097655155190317
093041018059192182057063005873374606
140039109095064005155195004436154806
047124096231205251202105093394432117
063165047033205236089094004431037006
044222020047199224147080004432659606
015147100113139180044028191943227317
044222002000215177177109000805067306
223010192255240063017189000805062006
200127104211139218240252000805642506
134254130128064005155175004436296006
044048038061244248141175004434197606
072109041001199169193248157301697006
131003234194217008247061004434270806
238063096186205211032022059000002306
218225246012064005155175000805959406
134194243123202024166211000805904806
049088209065016198230189000000000001
021083248031116246215080004436327106
223010192239207001000069000804933106
147225194151202118093175432340044306
075067228090202029041185004434620906
238204232120215106210138000805100006
002002132227193065094082004435953206
099141005084116246215077094825562206
070243079058202029202224000804504006
246083018179073165104031615600044506
148067222062212196232090000535791217
237042118018237042073107108920008006
047082060127205139035190052234483606
146083121011194102253241004435356306
213176048053139143181081052225664706
149042099213192182066014092122721717
032025052234116246215013408400005317
097133082094231225123093000531117817
002247040147205251205181346785472506
131003246171192167234238000801493906
073024217069237042073100004432765406
103113186132194017228064000223826806
100208033023116247217234000000000001
044022188097212227179009004430105306
131190120055139143018199004436328406
244200097154251000166196000803606506
044051025053199137232025004435747706
127168149027202024005148070794744706
044062209124138152214076000804643906
223007030181237042073106004431083806
021120126076192135131109004435354206
044056079209205071033044004434475806
016195143015231225123094000530775417
097132228080231225123093000534521217
032207142061138152125013479305682106
042090246087073165110206519580044506
100124201018205217253150605330590006
147221131055205200245162375920339006
032191132219207012138114004435105606
124045003201212064144098000802724506
044002217229237042073093004434367006
079121155114199137228036435150002306
044222227076116246215070004434203406
086106052001193065086210250005150706
097200106209202167077046272636309506
056021221126205212176051004430423706
047002121236205098239114451506466417
003144073158050056082031004435315206
112115172010205199050125164275963906
044206091140251190074029004430205506
044002014223205138232162004435025206
211081250250202029001096000000000001
140169207157116246215085004433831606
193235172022016198224000152650044306
153119126045248200034126000000000001
021098062053064005155132004436469606
108074093141073165228025520930044306
037037033234202031055203496575913917
151198129011138056072214107040190017
044222129085237042073104000803902406
075214012043064005155182000803360806
227010076019116246215095004433943406
021116017230205126037195004436125106
073027006102237042073092004432669206
048162041082199169194038514360008006
231128239039192182020082004433706506
049173233090194017238168000000000001
044051120016194017229146004433239206
044002161222237042073106004430453206
044027081128237042073096004434057806
044028201225212195089174004432634506
253102008178202028175213001233988817
013141008087207001170186004435811906
197155091173193065095010004433916506
135243069107199204087132004434089106
036218200065199177251097107270002206
213187203103205139035254052224595206
158161093144122195111160357820044306
025066246234199171102231516861773217
072167099111122195111160588380044306
047061094236237042073105000802106406
030015095006198255186198000000000001
136053101160199152010020000802497906
087121207112199224098189004435668206
101143240225198192209050591795444806
044061188100244001196166004432661006
044218081099202030209074000806484906
130150167218205148025181599940148517
218225196096116246215093000806421106
135243072125050056158120000803935606
114242109070116247217215000000000001
041155068095231225123079000534622417
049101200035205249180088000804929306
044006157000237042073093004431676006
200063207066199224150009346280008006
062243112112135079171185004431619406
113188104150050056157236068810688117
224134100102251215115082004435069206
116246198144139113197176562470148517
075091210209237042073099000804705606
141236058236205219172197000535468017
022175186086244003027195000803525306
197016034234207009050216004435015106
134194243123202024166211000804008906
203132058010205070220088180222623917
122013118052192166236058004434816306
063160063038244248166237004434990806
016149088219207183082085000805134606
016048150183116246215246391510148517
223003023029207020027130000802387806
213187251106116246215069000804906206
147188147161050065138196036920044506
062199050044205218013051000800172806
047050157054244248229162093395704806
047030206217212194054096000805254606
213173033201240235108141004432701506
013216048200205139034178004435037606
204171005158202028247192425905899406
050084201162212194054221000800882706
092017129211205180042044004654337406
122139039152205211055039000800136706
075091222086237042073100608500044306
157134095152202030124041203855921217
146124016146139128098013059382845506
223007030181237042073104004432737206
134164179105237042073097025154694406
030015090250198255186198000000000001
223007030181237042073102004433547606
201015149162205249007170547550002306
244057135103231225123094000532877917
030214172167212195089174080802683406
035182092215199170237185297131468017
091114128167139212126037444821013817
063164023069194017236245004434482706
202217215109212064080134000000000001
062244205200064005155200004433961506
237042090149237042073099194580044306
201196129214205112188198513774307306
047061105114205138232078004430217006
224115233227199138218125004434953706
216038007091215018133167004430682906
044000083182237042073100004432081806
141236059085231225123078000534442117
025245246183073165228137512510044506
062201012229207183023169004435772506
047091148178244029084150093391646606
112074073216215004016173507001138306
116118134065138030205067004434708306
100124021229199137226102004435651906
237042076019237042073099281000044306
124210138246205218074002004433030506
077069116104205127141078032602344406
110120064226202030189132108940104317
135246243180050065216217554160044506
146094052144231225123078000530641617
075091212227237042073098004436269006
101111205152215004019210033895695806
050094108125050253234178515153491417
070121192054073165172095534370044506
214230051196205249006065068823720317
146175085089231225123093000534020017
108105038135205187186006545185170606
087062241185202024017015004431586706
047028172247198192215036004430531606
148113105087251073188170000805036306
135207186068135079171075000531283517
201002125050016233091208555820044506
221082247052205125071035004435942106
140169207166116246215092004433399806
062215192062050254095178004435788206
131012031017199169205019468680615106
076084179115199136094223080025178006
197016034018205218041081004435053006
245212242147205211115045000531723617
112081188215199169014143080685644206
047048049134212202219030093392326706
213176048048205187185082052224070006
124101052209135079171187004433077706
223007030181237042073096004434110806
237241141059198255186198000000000001
141204003055244248142058000805828506
064004255129231225123073000535161717
131134146233244127158069001236380317
047011147105135079171142004434715206
149240091111251215115082004433783706
101160237152205113197124314240190017
092025227085202028003235417185833406
016232234140116246215095000804096306
047044171087215106046202004435609006
237241128221205098029167004430353006
047080018130205032018174004435473206
047045155105212230042092040172682106
041149159087202030147050099984204306
140066162047139093089118004432519806
196094098135064005155181000805481606
136132107110231225123081000531349817
237042080200237042073094037940008006
213176048252205112188079052222794506
074228033033194207242207544466260917
113174230028073165110003520340044506
072011211078231225123080000533104917
062209227044199224096250004432675606
213175253247205166056009004430258406
055233058034194017230106531475861217
213173027174205139034089052225098506
077181049144202025216212467560812906
050050031175205236085051068812082417
047100158133237042073095004436487606
131134146233205180118016001234772117
136227068188192166170139510070002206
237058165165122195111160518170044306
058107166151205032024094334711444317
044008187121244248026168004432651006
243054009032231225123075000535679817
225018101113205251205173080905257406
218225196108116246215081004433345806
048160131178240063114060527250008006
044039016193207183083066004435528706
213175253213240235108141004432702506
044058106209205239062025000805034506
203224173094050056082031431930005317
044026234095237042073098004431129806
044018077204205055128226016265099006
101177044205207001003108119244019517
135214115124192182176063004433238906
197115027006212034247043000804428506
044024116039237042073095004430656606
079011211023194017229141000805462006
091177248076192182193067332350012317
015112005040205032031249038005726917
027136159179202030146002037245182406
047038103194192167123088093395496517
062199080201135079171167004431273906
082249201023240063114060511070008006
002021020072212195128205164554701417
062246154137205098239114450046468217
226169198184215019232002000805175506
122022107139138056076018004435314306
148094169017202024005227004431782606
113108252083215019232002015584778317
083239246201244031072098090903603206
127107225022231225123072000531237917
047059142049202024016067004434609106
215061081200192135131152004435909806
237042065009237042073106558460008006
226025000192198193190154080005243806
151070054100202167044015636675089417
092016252146138146063253599972964506
222081081172205126033169588160002206
016012080233237042073107000804165806
119132120170205250089072004432648206
073027146097237042073100004431282206
141236058099231225123072000534537017
021120096196192135131109004435352906
119132120171244003248183004436108706
101159195133212195071082514131585517
044222123115116246215076004434577906
213179055125198229031187004436463406
202217215109198209170006572754777006
047033093140194114091140004434624306
110122230102215177050012122462710617
097132178179064005155134004435130206
103240064219135079171145004431592706
119132120180215006172216004434968506
062194058225237042073093004435129206
047038021182244248229162093395389606
196085144067202028028145348854049417
044007208032237042073094004431594206
136153205126050065196187527150044506
233051037248207001121150499351420606
016225161021116246215082627000905006
159090048090244067208183609790002206
063150076056199208052103004435750106
104055181223073165069116573180044506
129174199009207012138200059385397906
197143138162192167239065004435567906
003144073121192182189171004435725906
040216195142122195111160023550044306
044008081159205187184146004430189606
223007030181237042073099004434685806
127043090152202118093152374620002206
146205115207073165091252228070044506
113011152118073165108151532650044506
253102008178205218156117001233956117
047037118172205236254234093395757217
048181084044205166058135000805419906
044021220136205236085072004434785406
016035125178231225123076000535447017
016041070232205070222025004434925106
075062217236205249003219000804683006
237042080195237042073096635240008006
036218200065199224156141531920002206
044201089125205066246135093393723506
050050071136205126033124004434947306
221082247052205200147070004435814006
044086147131205071135158004435009506
104067059174064005155183000805657206
067018252193212194054228010296121817
042053073005131026048101532660044506
044003153154135079171142004430641506
099035121241205212182066069006288706
067023199203202024166253068832428306
047179250011205148026133004434181306
149247038031205098234031004433927306
223007030181237042073094004434830806
223007030181237042073102004430786606
147170014105139005144013571496182306
070085021022050065235148502720044506
140242147094116246215092094826283406
016227205096139105112086004433941506
141236063149231225123078000531667117
197243251072207183128123142106051906
016228039019138091073117004435625806
130150037145231225123077000530616517
037149243031215163188029315280412117
116069050231199208051072004432687906
217006055045251215115082002573575606
050084201042240183035172061083738806
058255227126202029089103022464948006
124101052213135079171132004434800806
072011141008231225123081000532317517
140255108217198247247177004444950606
213173033204205218072001052223727106
097124189077205249010141552922003517
213173139058207180189166000804400806
127107225022231225123072000535876417
131210219147194031029083000804744006
200126252075198243031045501972116006
044050180021240223015008004435326506
047024005201231225123080000533117117
130004046117192182213199005874522506
139161079035244029085041000255822806
047011147048237042073103004431309406
127152047038244003004137588123685417
135079185185215162059094554940044306
231148132108205125080249004436257106
044026241102237042073096004435026206
062198036118064005155229004434042906
044048021083240223015073004435737506
091024180068205164114254559240143306
070243079058202030072185000803446606
100161238073205249057107593504211117
239213054025215177241004004434644506
016012080209237042073106004433494006
075091212229237042073094004433918006
008069239084064005155183000804358806
008075075200212195130019004435324506
130121094160231225123080000531734517
247003114212205184032168000801121106
097214003234199223126076404870102817
002174008169122195111160016220044306
047100019241199137227028030741533217
194137048022202024005121581861344617
239213054089199168152226052225201606
109120095054073165108134527540044506
097133087114231225123077000532062617
197061131164192182091211100005963917
194207234110205098237088000531270417
213175253212205187247181052225062906
008069236032215106209051000803532306
047187171209205216060224004432018306
007234225066231225123074000533372717
044222069092237042073100000801488206
042094188236199170229205159262608506
134159101059193065004076056055508117
100208217209231225123079000534907317
044085125018199171100223004432627506
149042099213205071137203092170930917
141236063183135079171133000534746917
047109181248212030093130004433785606
088051003213192135131115639472692817
202217215109138075185181572750733306
114242107029199192043081000805099606
080208041012050251002012513295296517
197061129192240183051070092120930917
047187107211199224159166004432727206
044026153097199171104086004435884906
053197143199073165104018602490044506
204096127004207022045039004430715706
073155112250192182172180004435656206
124016210235205071044132004434138706
102106239165202167002170068815054617
153217099213202029247018648191266517
070071044246231225123073000536529317
102216058217199223124253468530104317
131210253054207020255023004435484206
044068100254237042073095004432974206
041144006215237042073104000803956806
148078053009205164117209004436538606
206240092254064005155175000803840006
047168103175237042073101004430631406
044023114123207001172109004436267406
232188068255205219153077000804522706
044024176172064005155209004435697606
075255020081064005155230000805773106
124050093149194100120029004432856006
204049074101199224221141127210603417
253102008178207012139018001230012317
153071187231138145204075490060008006
044222018043205236227244004435066006
032210176179205251207120000804952106
076177099136240235108141052224907006
050094174017205183117022000534021517
063164077051215163100225090014983606
223007030181237042073092004435656606
021115139126215163004047004434934106
135084107064237042073106000804455406
112035232070207180012205312223070517
148064201169202029230181270196282017
231148131082251224032205004432846506
116155094188064005155230094823694306
231128055195215027212065579860546806
200124200090192182193067145990012317
013192054118251224032197004435054406
047108112165016229039023000000000001
206163142017212195130198004434954106
016012090107237042073103192000044306
083016037176231225123072000531335117
047018188064202024016174000806434106
075165067003194086013152000805604306
133240186040202030077139645681516006
136053101161199224156157000804967006
249158180126116246215076004435159706
102221194088116247217234000000000001
082074103119215176008178052225610906
213175253215240235109089052224483806
200162042195073165073139504010044506
109204240010215163006231522360102417
235194023129212195071122010271321717
127101008018244205138029572242687517
008074003149205166125146004435008206
213179055013240223029005052222818506
022246087050205239062133090050158106
013156108158215163180106000804331706
076177099139215177242182004434756306
200035249006202025003002182030232306
109197032160205187184009580164704917
073027006102237042073096004432103606
062205196134237042073107004433964806
124244081067231225123095000533264517
086248162200205230153245457480002306
213173033209207001186130004434974206
124247190129205251202236004435706917
239197244051244038132196080005478206
047028144085215176002096004434901306
036218200065199153056145626770002206
219122038110231225123072000533582517
070094014189050065212198522780044506
197015102164207180012223000805878206
099194176105073165080170532390044506
213173043231205166055177052224495506
132228255090202029111184010385331617
047033146254237042073092004436058006
049221048182207000068244008005228706
047027233164205236239026093396044817
075062217254205166127246000805869606
044027253156237042073095004432016006
218225090060116246215071004434033006
226025153078199177245245004432667606
047011160052237042073095004432860006
107110195196073165228047553500044506
050026245163205184043228460673343717
062242048064205212238165004433725806
030214172138205213166207080804466806
044007049164237042073100004433152406
002239059157073165081059358430044506
134134130179237042073098004431433206
197155091173192182101184004434335206
044039080215205250088199101455107906
134134152081205250012187004431861406
231120120239135079171198004436136106
223007030181237042073098004433379606
249070079099205211049061001230012317
135243069107212202099029004434455606
212235206238199204099112000803794006
047170001253237042073098004435142406
195012238211050056157236068810688117
133151130216205249040249612963780306
149210135112202031105178000805813506
213179055078198231053138004434143306
016012080205237042073093004431939606
213187199225244205136012004434177506
015072091214073165054249506380044506
111224184119205167206211004435036906
131229217064194038151045119680688117
030015069108198255186198000000000001
097133087114231225123091000533096617
002002130244205183121207004432782506
013144230231215161087213614105328106
044056110011244003006171004434743906
016242056115231225123081000533068217
159090154214244038134057498460808006
007213074038205251202071000000000001
204096127014215005011229004435377206
148094169017202025066225004436239606
062197236144205187184146000803773406
205184119092240183051067128221886406
218225236113116246215087004435520806
058024020007240223214109000805586906
197243251072205180045122171706051906
125103114230205251202012004435052806
238063074219192166169175381480002206
154244112159199224098189629450312806
137169032228202118034037284811563306
096036045095205098232131004434097406
231128055195205139085215579860547106
047168158093199153106205004432086606
146017019058231225123080000532935817
110144218215244212229038010400808017
199201237128199153100181462840288717
044033117094205167104150004435136706
196085110087202031021214485773919317
044003159233139219143054004433845506
231232160167199221119051598455830417
007220250175212195128205443343558217
044039184210240183051086004436465006
047160113040237042073095004434137206
197043152166237042073105403500008006
021120125180199224149249004435565306
158005045024205249003219438105226806
044004017070205138232083004435618406
053196083254131026048042580140044506
131190122249139143018199004431205206
134254130128064005155175004436294006
073027151207237042073098004430396806
047160113040237042073101004436152606
016049112217116246215071004433752706
111092218133251196145111505660899906
062208108038198193176013004435152506
044002162165237042073099004431785606
124247185223050253168216072751940006
002169138185215167248068356906020206
201164054050199171100223185000500017
062255076046207001190188004433876406
224115233227198231238010004432757106
153071180253202024005165004431023206
124101052201135079171198004436066106
140169207157116246215068004435183706
042204059170198247225208060081674617
044007004233237042073092004433931806
196043026097231225123076000530502117
002143026160202028028028630231454217
130004046202192182019062000254075706
218225162218116247217103000000000001
229032058150199152014224465972956517
130004046202205183040001000254423306
015069051073199177255024517090688106
049089171061198240074020502110046506
131208004233199169214219000801567906
007240245093192166233014573742740717
042204050211199177095242432445614406
218225091066231225123073000534723417
213173027117215177154201004435336206
042204056168198193188205070083351417
140065118193064005155219004433990406
135079189007135079171063074570044306
202217215109205071042112000000000001
245098115176212064069140286195116106
196042229131050062046170000805447706
116247053099116246215074004434695206
149210180175205113196054000804948406
206240167117205236228101059384921006
047160019129237042073103004432895006
225021054208199152108151514486150217
076177103228205187184146052225001706
136227068188192166169157328410002206
197143138162215019149194004435678406
100208217209231225123092000535095817
237241130097198229186055004430217806
124045222183205250038045004430229106
070243078214205071021044000000000001
134187091098192029061146000000000001
044025168013237042073107004434129206
253102008178205032022206001230207617
138038188045207012129086611131737517
153173191107199169193214004436017706
044026206013237042073101004432825606
092018002068199208060097004456280006
143001001053138030205067004434742006
195076252091215007140050409813386217
112081188215212197255086080682465906
149158111124205125081033088975552206
103211029157212195128204004433896506
131134146233194043180238001234043917
037068009161199177092155585970002306
199110122247139212118057289336353117
047119177027116246215082004433602506
016012080206237042073095000800620206
070243079058202024006115000801102706
062200101139237042073103000805884406
083121077153050065170150593440044506
239079209245205195126114161650232306
239213224191205066250195000804663606
062239094013205055128122004430316806
210028117153198033052085000806187206
049154042176202030006105000000000017
248062241188207183132053375316237017
119132120180199136103083004432783806
152001058178139072048234000805025406
096096136131073165091069563560044506
044027244149205138232162040004459717
067027119026202031157221591003409517
033236230068116246215073094825974106
057184217037193065095031001612522906
204030063213212195128205475972606917
044001146208237042073105004436069406
064033129191205032018167356265206117
140065118211064005155245004435040306
124045100200198193183033377803344217
062217192142244248213085081186500717
075009205015205217086025000805110606
235228026118244248165189000000000001
122024154018244127156248004435840806
119132120165198240073146004435544106
002120212067240183051073000805293306
237241128204205126032236034782659217
136053123146212202160022000802683906
044036255118215019149194004436537606
143234087238205250036146004432900206
007238181119116246215242568460904317
013138121077139010250151317660005317
122027138121138145199170000803488806
059016171008139093087219421031008617
101160237152205113197124627640190017
131255055161240183050076235290005317
044209045117135079171207004436256306
047004158195205249052064004431492106
197243251072205125073113581300104906
016242056115231225123092000534624917
070243078224193065057253000802511806
134194243086193065079005019355314606
063164150187199153103023004435150406
062193226142116246215070004433518306
047108167236116246215082004433736006
047081085249215161105233004435018106
197016034242212232224029000800186506
252171219033193065003146020134928806
047049195061131115182085004434760906
075255020082064005155230004433334506
034254000098192030106200068892602217
114077099181215161065067004435023106
237042071025237042073102004435504606
099035121242202028140102069075965806
153001148187231225123072000536065017
013157091112198193189233052234636706
075095164219202029176228100080365917
133212152141215162050050640951788206
044030181210215006174108004432714306
044007060143237042073095004435575006
152001058198207020017107004436073806
070243079058205180063193004435938306
197129021136215018095077010252681617
251103139026116246215073004433715306
226154176178205238171072000800615606
100208038211116246215071004433925706
062229076200205055205079004430178906
085155223042073165069115170020044506
101090213062050123083170004654284106
016249228149199153061043535300148517
143234167250198209159144004435687006
044003078209199169207240000805841906
134172009073231225123094000533622617
086039131076244022029166597680002306
086106156036192166233114000805111806
100222201229199137227175519000266506
131134146233138145199245001233328817
213175253224205099152195004433679906
044010205186207183081108004433349506
069142040212202029062001512070930517
062201128231207183093178004435323606
044001124039135079171207004433897606
044039253148205216062207004436261706
197202027123207000065169080805809506
044026121187237042073095004432043406
239197005046244127032097255654961806
125020145194064005155201004435702906
217242175216205239087212320054597506
197143138162205184070138004434931906
062194058225237042073104004433001006
062195129184192029209047182605335106
127242036006064005155235000805558506
070107153045073165089118096040044506
223010192255244205153172000805171806
070122052171050254094253649055507817
044207016042199137227091004432264206
202074059071016229023088581660044306
062208195127192029185101004431242106
044009094017207012129092004432686206
195162109054212195006044556950044506
044202185037205236255050004435102006
044021118016199152012215004432382706
049054158156215167248157178732603606
213176048117194043186034052225972206
223007030181237042073099004433870406
213176048034050254095178004435651506
131003246171202024016139000806364906
116247055083138091064022000804952906
245058158191244029241029070015966606
025245246183073165073227514090044506
044062160071199168152106004434527106
122139039152251215115082004431599706
146048245022205113245099040016244506
124101052194135079171198004432223506
213175195099215177176070052220163506
253102008178244029035216001230012317
096018091219205249001036342505472217
076177103234192132094026004436185506
211245203115192182242124387190118406
146011196043202030085152004435077906
131134146233199171098150001233325317
016012080234237042073094000805669406
123188126104205211055039000800116206
084241136071240183051067430311350217
047111041154237042073102004433820206
047050075078215161084099000220433306
218252032043205151248101000534921906
223007030181237042073098004431747606
044002237020237042073103004430708406
048213145065193065012186004456154606
044004063177064005155229004433496006
250025126186231225123081000533086217
213179055125205195126024004434075606
034108090032205250088182320310808006
044000015180237042073106004434682806
148067222062050120061111000530205117
200173024024231225123074000535446417
062233128253199137227023081022778717
082186161133202025127172160840002306
203172059050199137139071485630002306
141236059005231225123079000532945417
208070209174198231053138004434092706
111234250012205251205181004434378306
077023208110215013072176199932849406
070094157044205127141078524082344406
213173027120205139035106052223643306
223007030181237042073099004431897406
049038172130215161111253246315575906
196054156211198253197026004434535206
213179055069251108156239052224205806
008069236093205164120137000803789106
114087182241116247217215000000000001
053105160240212232224034558242672117
154189020237205167204209206560688117
047119204069205216101084000806228006
208070209173212195089170004432677306
101216085042205166043170400250411806
044002225159205236227162004430805206
044222122051116246215083004435882006
021137021047116246215095000803766706
123124017055212194054228582906121806
050075124201193065024097004435505506
194058146193205126033101376196322917
213176048118207022045044004432665506
047170254249237042073098004431311806
209154038159207023230045402260106917
076177103232205139035186004432681006
140065118193064005155209004436350606
074226120038240183048189030745413117
116247237232064005155022475320905006
070077156155215106045108270394955117
141236062233205250089013000535573917
044027144165237042073100004432488006
254216107121244089149057150444845817
112176210117207001000048050565950717
124042163067198220156159000805223706
119136137170240223012159004435693606
214017184219205218157198000000000001
047100067038237042073092004432061806
109027125099244031072105215435228817
047110246011205213166194004435063106
044047133073202028052098000224632606
202217215109215022056235572751444406
129214018179193065101251004434997806
239213054006244001169249004433824606
048166187121198192216244004432038806
196092182181116246215241576240904217
223007030183205112117100004435229406
213173027101205187186038052225060806
044073148030050254094248004435755506
148094169017139180033234004435337706
047100038064237042073094004435049606
042204060035205200226102060086411017
073161166002139072053034563185177417
124101052192135079171146004432211406
213175195118205217245022052223303906
140169207158116246215087000805930306
044007049164237042073101004431294606
047090020115116246215083004433611606
197043153081237042073248020010200117
206207007253073165089011651510044506
080184059123215163166189136852439006
083183132143073165059089582380044506
062242033238244001198242000805647306
059252155150205217251073001232658617
251156166047199170237189586852183517
197143138162194038088109000805161906
109021010220198243188105494572750417
253102008178050255155174001230012317
047100198206244248167082004436385006
213176048034212034247175004434023106
130004046202050123082154000255283306
075091213030237042073102004433902006
146023035176192029061133000534219106
076177099139215005010248004433293406
047045013136205251202119093393590217
213175201169194043182187052222691906
013024110221202024007243052232525706
044085208106199168159141000802478706
152148099157205218024101000805045606
149210181171205167107197004433594806
213176048252240202184166052221089806
101160237152205200175038314240190017
048166121100202028189255102504382617
013193034069199153107001000805585806
007238170107064005155148004435610006
100157037114212202150012270760216906
057184217039202030049152001615627206
073155112248205239087212004430449306
044202201016205187184085004434343306
100208217209231225123080000532774517
007234225066231225123079000536148917
047190025056202030175185050563989117
057184217040202027046151001615994406
054149207219215163103243069520555506
070248050052198033104134000534330517
210024117072212197176078000000000001
075091213030237042073095004434295206
016215105180198253192092004431709006
047169189014205236224069004436377706
148096115150215177165235242230555506
016215208159237042073105000801025006
140169199207116246215095004433399506
213175253235205183035054052225812206
047032016048237042073105004431777206
136053112115202024016137000805778706
238063141070205218014088000805523306
223007030182199224155225004435251106
057012102072138152126074436582531017
193253252139116246215053268240008006
140169199186064005155134004435509406
224255190058050057213170312491708817
059252155150199192041134001233747017
030214173123244157121226080804923706
193201198014251190163116504572677117
203013040113073165079082602840044506
122016143082202024006216000802355406
027185168226205187188127214693866417
073164088201205032016120000536083217
201192086187205126108207394312292717
117079156254207009053128603600102517
008074003151205251202108000805160106
047186253131244003024216004434290706
044204066086116246215079004434197306
116152239232205185134099000805017706
210011053054207183017135000804478606
141236062072231225123091000535766717
213173014168212227179066004435920106
044200152245199137231132000805467306
226154176178205236089077004432949906
109210129181205126037197200104699606
136053110215199136087023000804466506
044026075184116246215084004433488106
200016157032202030072032000000000001
148085199085212194042253004430486506
047091088132215161115173093393139406
206157043065198247228194004434309206
047168186061237042073100004435742806
042022101003050123052187489411980906
041144006215237042073098000803581006
044204197223207022025173000803274906
206157043163215161085009004434951106
062254227247212230042092004432672006
237042093030237042073099000802765006
113175002229205218157090013530511506
062236022167215013082001081122792706
218252098058205180037033000803784206
021120109057205212182066004434958406
015074098210073165090000123390044506
131092242153138075188017060145031706
135084107064237042073100000803342606
047186253131199137224249004434654406
137014129150116247217133000000000001
090054154201199170229205263422608506
134194243110193065008130000802708206
062198118118207001175093010035421906
155038086088202024016170000803408106
002158034090207180013084547193119917
232188051070244127067110004436546206
158050235156205184077170606951985906
064004255035251190010041000534564817
062199082095116246215073004435836806
062196033115237042073107004430418806
044037081167116246215071004433837206
049101230026205236225165486914916006
140247021212199204068237000535043717
044222133026202167044253004433319206
016012080230237042073100004432050606
047033096037135079171175004434893206
206216082172215162112118273833557217
131190120054139143018199004431453606
155038086121205249005021000801335806
196014049172231225123080000533881617
062196047072237042073098000802301406
044200000012231225123077000534845717
044001047052199153041005004431500906
131003246171207183151163004434875806
008075075143192135209170000805609206
101053252247050122062061502513201217
047168079013116246215076004434016606
152041050141198229151085004435080806
238063074219192166172061532940002206
215009042007131026048100375140044306
219247248105198032228046376200191106
064004255129139136059148000535742917
022196173151116246215076004436070606
209155175199193065042213537612126506
096189100090194039040083004431782306
119132120174207012133020004434959706
047028061181194114089184004434045706
237042071029237042073102004435873806
110046239159199177255024637180688106
237042118043237042073093544000008006
049089171061198240075155616930046506
073027110110237042073096004431523206
103192069016194038150049606673981317
047043131000198255185126004434859406
204124177146138152125013401442088417
213173027169212227179009052223622906
218225236112064005155134004433868906
211245217106205071138052321095905517
047049149022205239049229093395123706
141236063126135079171145000532963817
112038129139050065214227569690044506
140065118211064005155209004433680806
202217215109194017012035572750633306
100197036137202024007054004431934506
148072082176231225123093000534503217
129174199009202028181188000804957006
075091222060237042073093244020044306
044000133249237042073094004435094806
047011184196237042073095004433790606
203142185162202118145140442760002306
135238162119252248027077096645949706
213176048018050122165208004435218306
063166231157212195089174004436393506
062245058127116246215084004433710106
202217215109192182232064572750711006
036222005230199137224001516490312706
124117015124135079171145004431007806
109027125099205212176232215434315217
239213054025205216099013052225772206
097133087114231225123095000530818717
223003196115198255177173000804963006
218225090112116246215070004433328906
225244205165244003026016623974763706
132242246115207001129237422076272006
152001058053231225123080000532327717
030133037222249237189020504290044506
112081188215199137229234080684992906
213175202215205216103129004435101406
218176108064198209170027253402703217
127168149027202029198011070794940906
152148062254205250088240004435164206
075095166010205251205173550005760106
211247066252193065040046170235009006
075225035185116246215122004434870606
223007030181237042073107004431300406
030048214219215007140194640030808017
112233190219240223014061505005361806
136053110204212064070177000805546006
104053115061244158083033558530929717
210061102218240063017174004432686906
218225196096116246215086004436509106
134194243123193065038133000800621006
002094031050073165073013606370044506
075067165196205138232174004435309306
100249092159139212102230594923902217
047045239215205236225183093390760817
135243069076198231053189004435593306
048181106054016230168186529840008006
044001245000237042073100004431808406
030015071079193065002246004434685706
013192054010251224032205000802800506
076177102192139219136236004432630506
044050040183192135136013004435770906
077181049144194078250213354210812906
070243079058212196221141000802757006
139185140196202024007188000806300306
223239024084244038133045004431761106
213176048089212195089178000805009306
070071046255212195084193080114272706
062205145019116246215070004435300506
062242241029116246215124004434690006
097133087045205218026098000536493317
050050026075251215148150055000304806
016012080204237042073248020010200117
044006157000237042073092004434194406
047049207199215167112210004436398606
213175201178138091017164004432687506
073027151207237042073094004434240006
016215173248205199055019004435759406
064031150145251215113218004433620006
231148130052139005144174004430971406
237042071029237042073100000801287606
141199229081192182019042000803681406
021120124199205211057003004435244506
239213051223244158083125004430236906
075091213012237042073097004432922606
147108106055073165069060502680044306
249070079099199152015189001232619517
140012150123231225123091000536000017
035210252051205211049098622042807706
044018077204199177087044016265129406
044020105030205138232075130215565206
196054239162251190083237004431593806
119197075090199169209173004432942606
114242108253202029191119000804916406
100153109005199220215254000804262406
253102008178138075185029001230012317
131151065185205219172197000533499117
131003246171205126032236004434967906
128030002139050123082132005874228606
218225090096064005155210004435235506
091064116148073165091120162270002306
237241128204205139035254034785603017
044093174236199137227208004434943906
248126162255205033030025000804147006
073024200079198193187198004435878706
102227184202205203249056495443161706
218225236112064005155134004436377706
136151110106202024006198000802906906
057081252124139093083108238920002306
148067220032138152214007000536237317
197091195202199168152210004432626706
141183211149199169214025004431717706
213175202112205139035106052225377106
248118123045192182238200068674526617
131130025235202024007169004436485406
044024152231116246215073000804705906
124247185107050253169020009935007006
134018002237199153050217339640005306
044027179127237042073104004432505606
084113197156202030242024540255667917
196092076112064005155202004436329206
062209207040205219221186004433975806
025067218218073165173198642140044506
109141173172139180034162545503327617
062255116191198247236025000805195506
231059146130212171082154536963940817
136053099245139212100206000000000001
124101052201135079171142004430557306
063160042181244029084030004432709906
008105070152231225123091000530762017
223007030181237042073097004434729806
107101112205237042073107004435753006
148044157145231225123093000533724417
073146216165215255119057004435460106
044054034073199208051103004435024406
197155091173050123065209000804111506
213184192027199169008092004434018006
062196047072237042073102000805949806
197015102164205184077012000805083306
218225246065116246215009390590008006
007137170022205219152045473842636406
218225090096116246215093004433485406
016012080232237042073093004431709606
150167180122138152126074004434552206
134194243115202024167054000805437706
085134254210050065188194504930044506
112081188215205070215213080685092306
195070018146207012138072001236250917
244199180007202028052012000805210706
076177103219207022045110004432114406
213179055074212230182138004434527606
135157217010237042073101000800484606
123188126170205218074002004436146706
073155112254205212178158004434076006
016215208159237042073097000803579606
253102008178198193185049001230012317
075011030163139212123098050026072606
059252155150194086011176001232844317
228222073047205249003050004434311906
047004135050199168152226004436200106
218225037016116246215092004436478006
213175253217192029186012004432652006
146086155068205139035106004435182806
211038057053116246215071004435007906
044209154151207008086202081085500417
070032087159244001168128576280002206
062248147012205138232076004434415406
132183113022122195111160341900044306
044004189082237042073093004433899206
203170124070212171138202254000361106
048165186056192182193067199490012317
148019228069205066249253004435040506
103113194135194017228064000223551306
047123167052215167112218004433266706
148067222062215162057234000536154717
076188142162194039043062004436036006
097133087114231225123076000532018417
103245145100219092009137619982168417
016062161032194017228041004434580006
050122195077205251200212547085018406
064004227199064005155182000805445806
237042080196237042073093004436444406
076084179115199152012215080642167406
213187199254205195127229052224067506
124142122160192182046075004654536506
100237187216194017013188432020002306
218225236252116246215087004435252806
058249233028252248201191505551058617
131252072135207001015251559185609606
251000215190192029215053529340254417
131170083102231225123094000535911817
109059070041116246215071004436119306
047185081194198192215037004432275606
153077180214135079171198004431809606
223007030181237042073099004435456206
057184217043194031031072001610936606
136151110106202030137138000805180506
070061207166198252033090418251419517
041144006215237042073095000801583206
147147119041073165090208494450044506
027136167061244003025168201024607617
214135095031135079171156639880044506
139130177162116246215053511890008006
044026075184116246215093004433399206
063161214222212232088050090013807906
049213043245016233087255490190902706
223007030178139128098171004430648106
130004046202205125116011000254999506
149042109042207180012223092120930917
135079161057135079171207004434306606
080109254184192167239170080002648217
047006147026205184032168004432623206
016215018028192132030223004432692306
135211169115205139035254004435197106
205143247053016233092143587470044306
047185054075138091023085004435677206
044023152038138152126173004435482006
135084107064237042073106000805242406
243054009034138030251129000535786417
002136165169202024004050004433918306
114067030057116247217215000000000001
197143138162205211005157004434666906
047045155105199224156157040175068206
080212158103199152003017281860005317
197143138162139180034162004435608106
102154248002205249010089587923387706
155006229210205167206206609490102417
148019225205135079171207000802332306
062205196134237042073097004432433806
044004189082237042073103004435499606
030054086185207180015129591290472206
135084107064237042073106000801923206
063164113229205236237178072754728706
213176048230212202218057052222633406
100250091173138056078236070252976817
077215042181205071042134519800129517
147173103169205055142087431275573106
044022086229198193176013004435148006
208178046010199136075205004435096906
013005035004202024006255000805139706
044026009006237042073094004431547206
131148087034231225123095000530108817
062240123235244248166237004435975506
047100068026237042073104004431357806
042204059034205071025061070085087617
146052242243198243139106274611345217
197043153089237042073092000803991006
149158096184199152013232071022036206
044072096045116246215084004435565506
070243078228199153107122000805240206
075062217254199204086201000803753106
070028044216193065103254004453264206
239213054007212230183031052223617106
047081219017237042073095004434018606
239073151146139218240154275750899917
231128051157194115206081538280201706
073027177001237042073107004435922606
239213054002215176003221004432241506
073171192226205112119107000805578606
062194058225237042073104004430990806
153173191106212030170141059385415906
037013072054202024006063300016484906
044203205173244127158066004433010706
072075063040215027222095004436525606
025135211051199204089074503212726117
123188126160215007140142004432705106
070102062053199208048027255502778906
016098134039212195128205255650285806
044002008090205239062137004434019206
076084087177244067234160655005192917
016012080213237042073094004435270406
197109216211237042073102000806275406
103105010219205200031217533094831517
042088077043194038147141000000000001
130150167239064005155175455380148517
253102008178199223101174001230012317
253102008178215167192255001235812817
044027167065064005155209004433347806
135084107093237042073106000805299406
213173139057207180188197004436297506
016054228010116246215084000804422406
059211238235205211034018004433891806
070028007092205249054140635110002206
050067189144193065105150004434915606
075091212234237042073095000803072006
044068040242237042073097004432687406
106215144152192182044030004654382306
192044165083050253169183588661275717
149140044186064005155200004434300206
238018038131205236237118059380229106
047033132248207001131073004435193106
196092076105116246215074004434420006
119197075080205212178253000253843306
134164179071237042073103015144914406
136061255086193065084110585140002106
059175153234050062035171194205000106
007234225066231225123073000532398617
062198058130064005155209004434406506
044222185107237042073095000800332006
021120109093139093084029004435190906
030214172222205216060217004434816506
081015107088202024005019563990671406
196092076183116246215074004433327006
192044165083050253169183622421277017
131134146233205166126205001233517017
114071234213240223029005519005870106
016012080233237042073097000801958006
253143068214202024167133539942538706
044049239193215160157237004433360206
119132120168251224032197000806403306
064004255129231225123079000535907517
047036164176202167002170000805676106
231148131098212202075082004436296606
200162158240073165034162138680044506
047170001253237042073093004433628606
062196105235205251205198000802626406
047090143152244248165126004434942406
093241036107064005155235000000000001
100197034181205200226114004435636906
073024239137135079171167004430942906
030015071110193065048205004434379206
047100067038237042073100004436432006
047170140165237042073099004436005606
075091213052237042073101276360008006
213173038252194043180011004432947706
141236063128199153055033000531292017
044026196184205199060249004436437506
047034096136237042073099004435207006
239213054090199169000117004434118406
105035246040202024016200004430175206
210039029165073165104207647460044506
002000046057050122231189129416284117
050075159252215013072176000800975206
053040214188199204090162583255920317
245098066203207001189230000803158106
016012080229237042073093004432135606
047026168085138091020175081121677717
140065118193064005155245000804306406
108233245104202118002229192486319217
030054086185207180015129594210456406
047170001253237042073104004432384806
206038171198205180085094093070016117
016012080206237042073099004433991206
249018145056215176008130514205546017
096161136125193065012186004456464606
141204003055202024007232000801664406
050084201090199137231134310106106006
013158148049205071017220052235496006
109239191156073165091016543540044506
041144006215237042073098000803591006
135084107064237042073099000802075006
016012080214237042073099004432521406
044086043012205212235122004430626806
213173027114050254095245052224115306
016012080233237042073107004430419806
149042088252116246215077004435460906
016012080207237042073098000804664006
016012080219237042073106004435640206
130004046202192182151158000255466506
213173027118244248205079052224508506
016237093174116246215074004436291906
253102008178192031069183001230012317
062241060151205217249216000805278406
223007030179205251202108004435786406
130004046117192182039023000255600006
193253162116016233082110639560044306
096161134102193065050114004455173306
016049112144116246215079004436377306
204254084083122195111160148060044306
073027110110237042073107004431282206
108254011054202030240000101530338906
056021221114215255116076000806531606
044200000013231225123095000531711117
108217221129199177082124520272603106
073138248089192135131189000805254106
140173240067198223189137004430991906
047110160103237042073107004436045206
063173032125244248166237004432985106
092196115210050248122112266586032817
196012129012205239062149099985085406
135079191093135079171063270720044306
073027047107237042073095004430350606
213129187211198252033090340951419517
213173027107212227179066004433829706
149188084179237042073100000805227206
127043091250202024006182000804851006
070243078228212194147067000805216006
244014070053192182201227004435334106
075063140113199177186104000534969217
032181035129138071026010059381609506
137027250198205236095017000000000001
152009175082231225123077000534106517
091117217111199224102173509483672506
016012080208237042073104000801656006
217242163115205249052134551166228206
102104013107198209170027270326175606
070056157108205098030092562416470317
044072199058237042073106004435372206
066138065040199177245230004435032006
075091213020237042073099000802912006
047062092035212197084235000805331706
062206049244205112188069004432795606
134134130182237042073097004432009606
104051122192073165105186557620044506
086100119105212195132003080000102617
070243079058244089149057000804081406
021120111095207022024194004434982406
016243177155139136058073000000000001
044008092156212230180005004434813006
072011211052231225123091000533090017
213176048029202167001184052224806506
136053114140231225123079000531265217
063166040176116246215094000804920206
062210019000205236228201004435052306
063164130220199208057054004433983406
196092076192116246215082000804495706
213179055085138091022026004435067706
213175202232205166057098004435801606
036218200065199224099154425800002206
114242104185244038204221000804915906
195222041194202024017070000801261106
013157052208205238230214240704941617
022197141062205071033092004434958006
106215144157205183043017000254409306
050051063145198033141229081175786206
237241130097199137227226004433432706
231148131177205213166137004435684206
125206040188064005155134004433441006
197143138162199153109075004436412306
243054009044231225123094000533022517
210061102219205251200174004434958506
002111072071215004019210033895514506
148067220032199152112040000536005217
069231010106050123083077000253423206
047003212079205139035089004432659306
053163140117198193187025476190166517
133212149185205113199184561984044017
082051186253073165081042511340044506
209090061077205213189166112142800717
016012080225237042073100004433304806
044221062093237042073104004434700806
223003018222138152147089085200225806
213187199241205183122146004432633406
016227152236198033143048000000000001
040244221208205032028021417110002206
044006048212205251205198004432820206
044006157000237042073102004434031606
127242060191205199056230004435139906
243054081013231225123074000532064717
226102051054135079171063583010044306
104073125138212230181178020481204717
021120124167215022058047004436119606
200183069084202024007132009935239706
047184015065205218010172068810106817
131134146233202029056107001234459317
218225236115116246215092004435796206
130004046202192182060194000253881406
035081011123199137235016418523343617
131210219147215161087138000800857006
047123196194205203004170004435451806
073024217069237042073100004436271406
223007030181237042073098004434521606
092240024137199224099045000825863606
136179247164050065172027509400044506
062192045239212227176016004435456606
106215144157192182045058004653564206
041144142078139219143230004435797006
119132120168194043127137004430809306
044200019031116246215087004433663806
075091213054237042073103004436298406
007234225066231225123094000532753717
130004046202192182062127000255387506
122013089093205200226122004436263106
070209155140215019108103000000000001
196045156234073165108166589390044506
080200012140199208054020490033145717
077170200246050057213170114681708817
241121042103192167234113150490556917
213175202237240235109085004433841706
135238162118198247252207093024919506
213173033202205112188198004433820906
090054043104205251205181491605657606
141183211149202024016223000803784706
237042071032237042073103000801061806
204078241046073165173166537280044506
123188126215251073188090004431007506
116247237143064005155023393280905006
148085199120207001003111000804011406
016012080224237042073104000802531206
210178016215199137227028030741532917
048167030099199221119039080005188017
062248126195207180188197004430527706
109116036152192022160221151252762406
032021119114064005155182000804458606
044006044041237042073099004434685406
044001242059240235109166000804324706
197143138162244001199058004435124406
047101041171116246215093004435527806
044000015180237042073107004433757606
070243079058199171111084000804442806
070243078228207001005110000804967006
148083149210199153056069005142215706
003144073184205180027198004435148106
034108090032205098239253542110808006
218042005157138154105125605605566906
062246203121212195125024040800192717
152227208237198033218159455480008006
104099138086244127157196560612566817
021120110036199168153253004436316706
158031104051199168152210176643892517
111199124189205250089072649175874317
059211238235193065094038004435804406
254116211058050253202075092120930917
124145194033116246215023118913955606
047011147048237042073094004435567006
195022042090215027187202305852645417
104053126186244248042061488770247917
075010143078231225123095000536123917
102222160039050122062061068813206306
224134046157212195130001004433725906
197030218109198255186198000000000001
127018021234199170236189004432673106
233056083038220021119250607910792806
074146057134194100122110647195727706
195222041194202024004135000804765606
197014024210073165104026547290044506
044200006019116246215084004434463306
195158163067251224228057613463017717
016195143015231225123094000536017117
211253220150205218159165569044747717
016195143020231225123076000532697117
047123197065199152010117004432625606
213175253224205099155153004430435206
119132120180199153056069004436283406
237042124171237042073106608100008006
047107013236192029185129004432686806
047081091076237042073107000803577406
236221022252050122105077338711951617
105035246084215163004182004430232606
126039177067231225123041000000000050
135183136185205199055017030564837506
130150037145231225123072000531306017
210028117040193065077034000530102817
073155112248205212176159004435469106
036223184178199224098189438450312806
135084107064237042073092000800239406
239213054073212202218050052226038406
148083148054202024166210000534859817
237241130097212230042069004430250406
103214230044231225123092000536088317
048181081245205218029008004434487606
149042109042205167207100092120930917
044020069143116246215070004435222906
153219058085202025170120463920143306
044001245000237042073095004435469006
044068054122237042073098004430914606
195172104061205212229075030760002306
147162000167192030007221000535873017
025083206068205164123023492440104417
016012080213237042073093000801347406
109132164002212064070171378520328317
222244081114073165080109620810044506
112081188215205126032123080685361306
032169116104073165110178640210044506
044214194252212171081016004435982306
197155091172202028195221000804674906
247003207023202030210028000803463306
237042071029237042073105004436066006
044004189082237042073093004435980006
123198126222219092207093089991750006
137158230078231225123081000532240217
238204255079215106055015004432385806
134164178102237042073105000802071406
140169207169116246215108411280008006
027159021210198192215047633850553117
050074105080205219152221004432976706
140066161005116246215076004435160706
149042099213205126039013092170930917
062192159053215177242002000806222906
243054009038231225123092000536264717
127058076177064005155220411681164017
237042093020237042073248020010200117
124101052197135079171187004433646106
044094100051205142148131004435108006
021120125253205032020130004430234906
131235023094205033004013000802920306
070220207039050065234122549310044506
100222083035205250094226004432153306
091057042137202031012000649340002306
135207186068192182102029000535765517
244199223155244248213082080225614406
073155112254212194090034004434453506
044209078048202167002161004432629506
075091212240237042073095425300008006
049008180248194100119072014750338906
204242178211138030207170257022664706
237042124160237042073098256920008006
213179055117050121196064052223065606
075091213031237042073094004433481006
021091196016116246215077004435910706
097133087114231225123094000530255317
044006096245135079171185004432918106
049089171061198240075013558140046506
111010091213205239062170000805926606
015063036127202029162049117681094017
197155091167207020253213004432671306
070243079058202024017208000806350306
042206249175198255185138122102301917
044025159038205066249171000805197706
109174099213205251205218574341451817
135084107064237042073097000805365006
136053123146244067209242000802256506
076177099149205216101086052220170506
122016143106050123066166004435442706
125017211066064005155134094823869406
044204082126116246215084004433842106
016012080211237042073104000801378206
016215208159237042073101000806243806
073155112248215167112210004434095206
203123205006073165111058549770044506
044068146178135079171145000804603206
213179055066240183033102052225755906
140076018205199169223188004430178806
131190122249139143018199004432038406
127089146063193065002026004432473606
087062241185202024017095004432682106
016012080232237042073093004431413406
044029156204205219216065004432671006
133233133231205180030144386404050017
248171150217016229036125411720008006
044087061020205213165156004433804806
148067222062205236095042000534959517
242029120205135079171142004432043406
195112221059202029210180308750688117
096014154220212227183232004435911106
075067180034205071045208080654986006
130004046202192182208137000254634306
218225090026116246215093004434065106
226154184204205212176228004434519806
070235243104050065188101629910044506
085009195136050065250048555560044506
232241239087244020056225356591433917
021120109062199152012216004432442306
127058076166116246215125427541164017
133212242035207008082046466872303717
091217135243198032156197394300002306
103113244108194017228064000223387506
223007030181237042073097004430724806
196085001142202030099010482584323317
126041198118202030145004165301252517
044048033084116246215095004433448106
137131082130202030101053584234177506
214191241065073165054050371240044506
044027253156237042073104004431518806
081027235093199169193248119471697006
135090231179205180040001005874338206
249127242209207180012010004433378017
062197166154207001129237004433294606
016012080230237042073094000805772206
139129044217116246215063616350008006
073165112041251190074150004456202606
131000237118202030118021000806029006
231148131203244003240040000800223506
049196046050131115160074004434438606
049105203240194017239253091460038917
124101052209135079171132004432773806
137030100236202026130139454540002306
141236059159231225123075000534420017
044204091202251224091137004435294706
197076007014240063113219600180008006
044095092032205249050194004435073006
211247240057202029115207068811786617
070029225069205032028230062195836617
103143197066215163006231371350899917
016195143026231225123090000531219317
027168242174202030067090575945352806
197190178127116246215093000803441406
104055147243050065143117581920044506
200162223020050065189231230880044506
243054196135194038146180000803054106
131134143130192029189106001230012317
125149139007064005155245004433951106
101081106112192182002013080804660606
156107248062215022057173308070002306
101160237152194039043140374100190017
231148133152202167046210004430186506
047080015180244020059191004433658206
213175201184205127099012052224626706
049101235076198254094066492904916106
044026137124199224102093004432748506
153115208069073165104199648430044506
044025210023212230042080004432694106
213173014186240223029005052224500506
072011250203205251202106000801074606
075175032159139010250152313150005317
131134146233202029038012001235905217
096164133002198243181221231012641806
044202248157205216060202004434749506
110136060242050120062215623480103917
058226197028199136103050051562627017
047111122036237042073101004434773006
238041098018139005145045000802755706
199201132209205251202126359722715906
073027047107237042073095004433042406
155037133244205071021003606234489606
253234109156064005155245004435486506
080215023219207183129134218300044506
096189174127194043181181004435224806
047003239018135079171104004433540906
148003126058116246215074004436524106
062242075111116246215083004434688306
005085194077199224108071370004331106
124101052197135079171198004432655506
047185187116116246215094000805830406
047100068026237042073092004432126206
213175253249205066246087052225051006
047036234227205216103183004432645906
211253200219198193186216625272721117
064004255129199171089117000535963017
076177103216240183033122004434489506
202217215109207001002077000000000001
143234087238202024005133004433979506
075010149047244003024169221115839306
016012080220237042073107000801706006
223005166134198193181197430685341317
064004255194199177254246000535033917
213184192008205216060203004432638106
195109148020199169214054407550111417
141236062187231225123094000532130217
047109173158237042073104004434170206
213173043240205251202012004433597306
103093143061205071021003520394489617
217166051016116246215208515520008006
097095195165073165090210571870044506
044200006019116246215093004435064906
213186016042212195084201004435687206
237042065009237042073106558500008006
083180231231202030116156239090002306
152082000194248200034121120434343906
079121155114251108156117596950002306
136053123146050254095245000805303706
097133087114231225123090000535143617
231128055195212230042159579860546406
055233073171237042073093004435310206
048165186056252248025120134370012317
070243078245202024006224000800144206
083218228120207012143020069251281506
070240087182199224145205278130808017
070214202141202030209173626641338217
236002220184205217247056533815529617
062213242242205066156125093392358117
098091066032138145199250253035988217
153039127176199177241169000806311206
137127012116131026048034326010044506
148083149245139072053114005140393406
063165022136205211054213004434679006
103073136108050065234141648150044506
044050074074215167114172004435735106
131192122227237042073099004436181006
134074138123231225123074000536187817
245098066203207001189230000803833306
239213224160205218010230004435054006
044004213176237042073106004435678006
084116015025073165109078565960044506
002002132220202118045189004435110606
016035125047205186001173000535718017
204124091143244038204221274184974206
047026168085131115161156081005426117
148092183118215161046210027035149306
136053047022205164112021114244792417
103119004169240183048223000805003306
007156236094215163006231194140899917
148100085240199169203227062390776017
075011079107202028190102070015840906
228202120167193241061123004434976006
196043026097231225123080000534265317
137163190050205194212190276084084306
047005216213198231235089004435881606
016012080214237042073095004431621006
208070209181205216060202004434939006
213175253243215255219153052220241906
148092180063193224217108027034510606
197043153106237042073095000801828006
126052077110193065059122000801358006
204073180139198231235024004435209406
108063184181244001019238241435167917
136227068188192166168110591680002206
063165027159205127096049004432723906
206042013118073165107226523100044506
063162124183251224005253004434508206
071120094175205212176232363315054206
054146028196205251202126040304960717
147250115180205184077111000805900506
075091210215237042073103004432601606
093203024240205236081046204150002306
073165033225139130004249004456398106
210061166114215177154201004434271306
008074003151205180056222000805052606
036218204167244038134057376040808006
148100085240194017228068062390863717
152001058225205211042238004433521006
016173094069202024006081004435079506
199247103043205249051081135990645717
097133082094231225123093000530526017
122024154048207001132217004435829706
053164187148073165105044587530044506
070243079058199221123239000805784706
213175201173205166057053052223845106
101091110099073165054045649720044506
002120105168215013072176444441978106
204222221151199222141078456825285206
062240106067199169008041004432879906
213175201186205099159085004433509506
050075028226193065082178081015862706
030051160118244248041049593321997217
197222188038219092126135182890338906
131208002246205251205198614565300417
047086061112215162120223000805110606
107076130250215019149245130610899917
201200231233073165065157514800044506
201198055089202024004080600230899917
202217215109205071042112572754555006
119039226251244031008235000803780206
110098053029073165104093644800044506
007234225066231225123077000531679217
127254177082231225123073000530385317
047033066165237042073092004434289006
122090029107244157135058000805730606
213184192000215177241002000803606306
096096219236073165034092614200044506
223007030181237042073099004433518806
030054086185207180015129594650458406
136112156196199177241205004452966806
135084107093237042073096000802566806
206157034038205066245181000806077306
197038148067205164097069051280506017
092016233200205236254234314322157617
044002165085212195089170004432980506
072011211077194017229034000534327717
044094180070212227179009004434063706
109165121253194100115016544090108417
213179055103212227179006052224507806
044207015066205195120140004436229106
206091028114073165228035544930044506
213173033197215162120231052225668006
016036149019202024005004004434600006
213173038252138152153127004434837306
239213054002198231051141052224100106
047038149193207183082162093393841406
119132120169205180014215004434986906
204027111083244031125098383326518006
140242176195064005155200004435354006
069229016071016230167231000000000001
062242075111116246215077004433693706
062193227239212030157184004434392506
016012080206237042073101004435867606
156183092131050122105077004434225606
016012080221237042073099647980044306
202217215109215162039202572750933306
044001009033237042073100004435890206
042204059034205218158162060080135317
125185137113205249051073307202729406
044063198161207012129189004432702806
195189109108192022167203141074916006
218252146152207001125095353455328106
075225217035050056130221000803602106
237042064230237042073106004435404806
248055009065073165081112529180044506
196154045118205199063157600565041206
139107190037207012138096004435724206
127237105233199224153178090002760717
213107184216202030130242593906234817
140173240212205236089077004434667306
044004189082237042073106004430366806
135035226194138091022109320054101106
063166141017244205131220004434282106
127168149027139212096158070795149906
213173027175138091022066004434557506
044002171124237042073106004433775806
100242179119050062046170391916024506
143170193009224134173009414940008006
089048023104073165073173448380044506
148003126058116246215069004435940506
134211152003205218158094009995020306
119132120168199136077146004435107506
197096025072205218158048513412903006
249070079099240223014192001235752417
109074208192212197255200270320102517
041147020091215176001128004433975006
044025221186205219223041004432832706
203040241154202026131153546810002306
141236063005231225123076000530903417
149042099213215161064006092170930917
127168149027202031125228070795930606
238063077095207180049190000222641406
048166050062198032158135088774339617
218225162217116246215242537150904317
101107245134116247217234000000000001
109110148172207022027126650636386717
062196047072237042073105000802686406
075091210211237042073095230160008006
073024239137135079171207004433785506
044090221112050056158247004435044906
105042150035212194090031000000000001
197016034018192029094238004435252306
253102008178205217248213001230012317
044027167065064005155228004433509306
063165010244138152125061004434167606
202217215109198209168227572752222006
047110026229205071139253004432651806
044214034023199153044040004433450606
030055254098202028074062342014568217
047110067219215255200013000804019906
244232067054205071018019104230005317
148092183114198229021109027034728406
223007030182199204091197004435000906
047160238065237042073107004436523206
093116166130202031189115407775165717
112086125190116246215076000804748706
243054009034231225123092000530312017
249158180126116246215076004435110706
007162178216244029048153205955346306
223007030181237042073096004432044206
125003118151244127141165089992898217
136053123146202024007147000803422606
148094169017202024007035004432318606
159210019129212230042113072915141306
120071033223240183051070010324646017
047169094069237042073093004430442206
032181132130215167248065069691939117
075091213012237042073099000803975406
129107151058192182174026254612705806
097117115024205239054028004435577906
047049100113215013072176000803397406
248142222213135079171198004436457506
104160174088231225123076000530781417
139056088209205126037195004432671306
044006226094237042073098004433783206
062201252168212227179141004435113706
008074003008198255189195004435149406
070100080213205070213246000000000001
244199004095205113197094000805225206
206111141071212202149109000800239406
075091211163237042073095004433551606
044008005073244003243217320995330017
213179055021205139035230000805790406
218225009060064005155235004435872706
114028180211192167123221599614141606
238020106221199137233143004434695806
002002130239199153054249004435389806
016012094106237042073099081806070406
213173014168240223181066052225397406
231120103013135079171157004432053306
030050008217073165079020606510044506
140169207166116246215092004434843306
198140109072116246215223625110008006
135168078147064005155247004436137206
238063111209131115180173000805144906
097226200250073165091052620000044506
125084123176194102253008000252019106
114149224078116247217215000000000001
140081030201231225123093000530932017
047012118067215007140142004432635506
070235066135205066253097388601974017
116069050207193065060093004435033006
218225091178198192035230000805739606
213173033205205066230051004433079306
097132228080231225123080000534409417
153071177194050062046165004435379906
231128055195215007207003579860548006
146011196043199208148229004431151406
135084107093237042073105000802257206
049231200161050123083013348155701517
110045210102244248204037614855709706
050053131078073165079092621370044506
062245211073205250089102055125716717
140075251119231225123095000532609217
128083190210251196218134535054813917
047124042010207012136096093395127617
073146072133199135037228004435503006
201081040054050065212028607650044506
134164179107237042073099025153807006
062206107207244248142018000805592506
202019036052192182179229571282786317
223007030178192135209052004435763106
201084218219193232166117597954775717
062245243245212197179178004434664806
056014186174138071020237004434446706
237042080227237042073097140800044306
197043153087237042073103004434418806
054146029115251000115139040205080517
044084128178205055128081004435293306
072011141008231225123072000535319717
016242056115231225123093000530578617
223007030181237042073095004430929006
213179055092207001186130052223894906
044055062072199152013238040703175817
113101217061244001019238489335236517
030214170227205194209125000801188506
030155169121073165111182595680044506
047030189255212064143062004433626206
149042109042199169002048092120930917
047012070215050252039173093394067706
239213060005215005009129004432647006
097133087114231225123094000535672817
127254177245135079171075000535836317
062196055075215007236078000802716706
245212224007198243029005004434667306
243054009043231225123092000531622617
044072052115205112188193004433932406
073155112250139218243209004435672806
047038234041251224229127093395269117
131188254013251224032194000536126517
082074103119050062046170052222731006
210060038206199169222188004435403306
219247249169050065249202520650330606
218225037006116246215092004434616006
044039170230116246215076004435945706
226154176178199152011002004433731706
237042067024237042073102000802153806
213176048000192022169215052224742106
137027250198207001165070000000000001
213175253228205139035089052224519906
047168171093237042073093004434016806
047081116200237042073103004435511806
237042124143237042073092646660044306
033245221221116246215050000805862006
195199083021202028027112543305012606
044000015180237042073099004434399806
110099037145050062034037004455304406
127254177232135079171180000534485717
074230182021050123082224297740102817
140169207210116246215094004433404806
044025079037237042073102004431760806
213176048063240223181066004433351306
244199180007202118089227000800149006
078094190223240063113219597270008006
103221004190198255170194490425759606
050051205039199204078138445220808006
013025154056202030076242052234930306
140075193191205251200174004435097106
213176048254240235109089004433408106
237042071038237042073096004433832206
044222187076199224147080004432658506
094101044162215255200002135125942217
195014094126193065019020269040044506
050075028226202028128139081014980306
058245242020251224004194092122588317
206241189153193065070237000255052806
148067220032198255181140000534976717
149042099141131114014039092170930917
131026029217135079171167004435732606
136053101187202024016056000800839206
044030198160050251140143004434826606
093062085230205251202111080802633406
007238181055116246215156508170904317
044005105069064005155229004434733006
036218200065199137231158325790002206
047169075075237042073105004435677206
047045212235207001131121093395826317
215167200011198247224113190480106817
032171105033202030129003099983517206
044002161222237042073099004433129206
135079127178199177255039507244984017
030214172152212194251014004435664706
041147013142205126032234004430982006
044000201196237042073099004435751406
135084107064237042073095000801975006
218225090010064005155133004435666806
070243079058202024007036000804818306
047084229098237042073097000803268606
047119074047116246215082004433564706
128087134178192182019174004655966606
119132120169205125077068004435614006
123188126106244031008006004430975106
075091212226237042073100000800632606
228079231241215163203172001821381806
135079184247215162059092262340044306
158218034255193065076152615311641817
152200233220198255190173004434250006
075091213018237042073094004434012206
201082233113202028029229448890899906
049097072145244205008189566960008206
213175253207192132028029052220177006
047169079216237042073102004430337606
231148130212199136103053004435061806
247003121221202029234237000806009606
213179055022205195123056052225241706
206051129089231225123092000535121617
044200152245212230042118004430222806
002002132232198229190065004432652806
089231191254205217086024033896318406
044037160143050255048254000802751206
148092183114205166012124027033284706
213179055085192029208099052223914106
123080057241199152119252004434004206
194208098206205180050239616280688117
030015071079205251202025004435584706
016253001055198241202211479390044306
016241031158116246215008000000000001
016012080216237042073099004433816006
227092245190231225123092000532969517
062194080078215177165018090010246106
047080006131207001130205004435934206
148067222062050123052187000535937417
058121190203138145199250046655988217
135243069031064005155203004433677506
225244092115073165110137518410044506
062212227132212232088050004435699806
197043153099237042073102004435000006
206157043135244248213082004434597706
231148130180192029094082000806253906
131000253054194114090178000253856017
210052088234205113243234009935819306
131134146233193065073218001236054517
213179055111205185134070004434924906
030013029107205139035106465522640806
213186190142199169009146004432641006
021068194222138030255233004436096406
013157057228192182226135240701475117
044025052213237042073104004430703606
044010056200138152126194090015952506
136053101161202030063153000804231706
218225196114064005155230004435992006
211245203115199204069217578930119606
223007030181237042073099004434358106
148067222062198254094250000536510317
044221037147237042073103000802758006
044207212107207012141017004435100206
156222073123202030158194519940002306
244014071021199192042040004435142506
075110136223202024016071000802954406
086038172232192182253049269471965317
218252032002199224108117000232668817
064004255033205139032210000532831117
247003118201212171082166000802635206
131210253057205071017246004435962106
245098079031199136075126435700812306
109209061048231225123073000531384017
140158233002231225123093000535146317
226025148061215022058166020954438706
076084107056244127067110270163463117
044095000065205066252078004431664006
140015213117116246215223398871164017
047124000129199208048030093393286117
196054225227207012140002004432646706
101081106085192030124032004432646706
041144196038207022029090004433462906
131000110133212202154082004454961606
116247053074116246215080000803786806
070243078224138146063253000804688506
080071185064138056035086579570102417
124101052205135079171167004435216006
074033101182139212108208000000000001
047160184017237042073100004430810206
134164179146237042073095019103587006
193253141242116246215026499300008006
249158180126116246215084004433682106
213173033196198231052169052225725106
237042067029237042073099200180008006
062205036255205183041008000805890206
062239131164205164096177004433306106
044009173213199152001208066035587306
021068196217207001013094004435963706
131003120059199137236115004435456106
112113177023198209153030185161931017
213187202242205164190034004435274406
245098103029251073189021462020002206
206157043135205236231233004435473106
013217097017205139035178000801266806
103222080014064005155102000805231606
047122189109244038133045004434427806
130004046202192182060026000253654606
066137093054205071020134004434454406
221082247052131115052064004435008906
153069078036231225123077000530330517
062254125250199177093140004435025706
062209001001202167002161088903164906
099234076179202028225081290894050017
143234087238199136091115004435358306
097132228080231225123075000530235717
131134146233202030180087001233903517
213176048157205112188173004434697406
202217215229192182202244539510401406
213175201186205183125046052222669106
100124021214251190074132004435158106
146017019058231225123094000533511517
213176048150212195084217000803331806
079089044092202025232036410050002306
237042094129237042073104163900044306
044069006114237042073097004432089406
196088223191116246215157481870904217
141236062138231225123091000533497517
098218179144192030028106068891895617
097133087114231225123090000535221217
140065118211064005155209004434151406
047108243000215163115082004433890106
041147019243205250090089004432760706
062205227122244158005050004430128706
218225236252116246215074000804047006
013005196038202024007213000804278406
003144075149205250088202004434103506
047188108033131115182085000803704406
047091019158212171082166093392768206
244199180007202029004035000800298106
094074013020122195111160540900044306
197222188038192135174044419290401006
016012080212237042073103004436354006
223007030183138056072249004434291506
218225234185116246215021118915493106
227010076019116246215095004434991406
153173175037194031041250059385904506
210052088234202118020093009955311106
138213129137205180044207004655544606
141236063126135079171204000532677517
047001158191244248042018004432777006
076177103236192166213055004432787506
063166040176116246215094000805303406
131034211028192182150201005873688506
033038140231116246215071004434146106
233120039189207001014154004453344106
062194191096207183082178004434911906
044068198003237042073103004435528606
047122017240215162048224093393819306
056036141118064005155183118915997006
042052170007050065138145615340044506
218225090034116246215092004434041706
047081091076237042073105000802592606
237241143116198255186198000000000001
149042099141192030070075092170201717
062255210240237042073098004433004806
137040255172193065070237000255045706
081170019183192182139124571173138606
044089088225237042073103000000000001
131134146233202028147028001234268017
047034190173237042073104004431138206
108254011054202030128124101060338906
122022107138205184032092004433707506
062205137051215163164223004430643206
049006038152215161031064514133490917
154042203173231225123076000532770617
214012204223073165089138599160044506
112018245126205212182122000000000017
141236059173198192204002000536326317
107093199205202118073091577970143306
044204060190194114091194004435397706
016181154220199192040127000532465117
088090016117199152002038599840312806
223007030181237042073106004436508006
030015095011198255186198000000000001
041144006215237042073098000803579006
130004046202194017013161000255202706
243054196129205249000077000803691306
016012080204237042073092000801782206
243054081012231225123092000530534717
223007030181237042073103004431302606
016043038163116246215051510730008006
044025045054237042073103004431667006
070213069114205187185093568682715817
047124224170205164097081093393392117
076084179115207180051016080645070206
076177103206198231053138004433865506
035164063243215106045108089995450606
062204067182205239062157004434883906
044050149108116246215070004434891906
070243079122194042041053000800855106
076177102195215177241006004433587406
090192006255202031143030197715143006
063175140090207001170186241701819617
218225159177116246215215000803938806
210063201185205203039119084810792406
135210139065138071027205080001357106
109093143047205236095154601942733506
237042093047237042073248020010200117
058101132232131115052072004430296106
134005166149116246215054075840008006
124050093149199169223209004435009806
027136158090202028130039037245349306
016012080223237042073107004430208806
135084107093237042073107000801361606
136053123146202030151226000803838006
245251253071244003007227567600795106
059025174011131115160221150003365117
042206165011073165064180566340044506
244014071050205167107229004433927306
109251195203192182183212207954778317
096066212045207008082059464091671717
212235042017194043149149100000146306
224134233062205112118233004432640706
134134130180237042073099004435201806
047038233202240223181066093394442817
149140044195064005155230004435032706
080201167024202029144113070801748417
016012080216237042073092004430806006
204180047052202028016032270453789117
128113033123116246215087004435779106
147221131052251215113163233070339006
213173014168205211031133052221401906
210028117157193065104178000804416206
112081189113205032022202001232681317
231128051157207009055061538280201706
239213060012205216101068004435204806
218225091066231225123095000530197017
134251135076199152014225000000000001
030169052167212171170184409415854806
044084088142139218240254004432645306
030214172203215006068177004436431306
044048048150215177111191004432864706
100250115099192182000067087923041617
130004046202244029213060000254134906
223007030181237042073095004436383006
049089171061198240074156627760046506
239197006092199153100187255655395706
047080018130205032018174004435472606
228079005106193065083149004435062606
200162219235050065214142243340044506
040219119005122195111160013100044306
123188126245205236227162004431414706
091155059200192029184242590325862317
062205196134237042073104004432081006
111002174088199137235112000805337706
002250078179192182223033298006100606
106159172114251073161186650640338906
226154176178215027187207004433455606
193253159041116246215026580520008006
152060186100205211122026000803677206
044007250141205194243096004430821706
044001146208237042073107004433035606
016253001055198241202211478730044306
197043153091237042073097000804796806
141183211149202028117061004436175106
030015090239198255186198000000000001
131210219147138091020010004433953106
016012080218237042073097004432952806
041144006215237042073107000800510206
049041214191244127156184621660102717
016212042193205199055019000805760406
231148133038202031164078000805203206
116069050211194078240223004430172806
114081198249116247217215000000000001
218225036242116246215068004435701906
111229042158116247217234000000000001
218225159023064005155101004434894706
044222186110131115163004004436354606
044214034023199153033085004433743706
121130154148244003240047170930293406
108119062237212195128205514134937306
044025145128215176003193004436434306
047033105147199224101042004432684406
044006099056215255219166004435684706
100237154125240183004062343690044506
076084179115199168238080080022164906
044085251243219092051174004433972806
114113064178116247217215000000000001
044068041155237042073106004434271806
044074226202193065050114004456319006
107096125198215106210073132660102417
131071025249212196221148004435149906
062209159035212227179066000805766206
243054196153240063114088004434556306
096076143031050065143111534810044506
044002237020237042073107004434633206
130146097099205139169073393560808006
143232076048194207242165004434915706
226154176178207022024194052226081706
115159001001215027184232068812751006
233101231047212034079092004650257806
135079160057135079171167004435182706
073155112250199152091135004436057306
227092245033212195089157000535576217
016012080227237042073095004430524206
062194119127205236228101004435040406
087151031130205250088182000802491906
062252165089194017229143004435804506
016191240157116246215008000000000001
047184044231205236228201004435115006
096237034097199177245245051562776317
086039233118207180012223503215765917
131092198167205125122221004654428006
044196142179205211005178004431126806
091235027077131026013062259680044506
105035187128205113202081601340103117
097133082094231225123078000534642017
070243079033202024007168000805594606
044201028016215163164234000802655706
073155112250212195069000004434819106
153173169042193065012186000805476406
197143138162194038088109004435754406
122024234185116246215079094825689006
002103171124073165079226532110044506
119128008123050062046170000801511006
073026251253205184032075004434128906
044010006170207001013051004433433806
135243069107205113194181004435814206
047100097008237042073106004431657206
135084107064237042073094000803553206
047119101208199177093143004433762206
044006122120237042073093004433155606
048181116078198231053138004433506606
062253080046199137227021004432845906
136125212109192182023255000806382406
213179055104205218013206004434675206
197222188038219092126196557420338906
245059058008215019109062065114015706
047028065165050251191236004435261606
085041133124073165073002647720044506
141236063202205219172197000532683517
081205253255244127141129236610808006
124101052205135079171132004431387106
016195143026231225123094000536087617
044222069092237042073102004433686606
016211079229192182067052572663756517
237042064231237042073098000803636806
016043038163116246215220369080008006
224115019125198240055142004435020706
052135059034207001165072000803831406
143081229198215177154200004433373006
058100143138205212176073230161565617
096141116209205180023233073160044506
218225237063116246215092004436251806
114242109231205138232189000805304106
123188126214205055201036004435075506
146107156064212194042185004430273106
044039051199116246215094004433437506
047100144058237042073106004434044606
064004255129199153056246000535100617
062242087202212034079055004436392106
112081189113199208055172001235225817
097133087114231225123094000531980117
044062031026212064070227004435865406
238020106254205164125135004435769306
114049209240050251141178490012190417
105204000136202118024009526560926317
213179055001215177241060004432647906
069051071164073165104103569160044506
062214020112198231053138004432301406
113174230028073165081105634050044506
221197096168202029002068004434478506
044004213176237042073103004433896406
223007030181237042073094004434801206
142154187185207183147169000806313806
097133087114231225123080000534808717
048165050215205211055055080010147617
116247099228205211122026599190148417
237042071027237042073106004432586206
147250126054198228051000000806202406
047160184017237042073103004431769206
074231241159207001010054547112406617
030015088133198255186198000000000001
073027110110237042073093004432978806
150134047074202031094154122165259906
073027146097237042073104004435043206
016030110010244031075005004430252206
047100179217237042073104004430932206
044030060159205139035089004432627506
002141184124207001005078000234748306
135243072074212227179051004434552106
214030223131073165228094511470044506
016201028159251215115082004431595206
062200098065199153098102004430400206
062241108081198247251255385580554406
049228210013244089054132198525119117
127168149027202118023053070790247606
197043152168237042073100229420008006
213176048077205166056009052220857306
223239026122050056082031004436030706
044060181051251073163250004435214706
096036045253205216164102004435528606
044197229140202029148242004435212706
070028007092205249054253634900002206
127045164098205251200177004435826706
053042000161240183051070253532845317
131000179249199169195068000224192806
238204206120205184037204000256034517
253102008178199222139208001235566617
210245034242193065048051004435097406
073027217212237042073100004431934806
002198212003202024005121068811681117
041155068095231225123072000532018017
099131226204205066158103000804999106
200222118255215007143001000804101406
141183211149202030110247004435858806
239213054085205139034177004430288906
079121155114198193185228556370002306
032191132052050120177159004435057006
044222227019212034079255004435160406
044037206034205164190034004430368506
047169209171237042073100004436371606
062211252060207008085229004434088506
206163133099251224119176581160312806
036039127091192029092226000804766106
044010179059251100165218130215513306
237241135093198255186198000000000001
137125215013073165105141606230044506
139169064229116246215092004435528606
127107225023231225123092000535439217
218192220238131115052072004430359506
099210195005073165089180595890044506
100208217209231225123072000532039817
110187045053194114010089260853613617
044007103049237042073092004433997406
075091212214237042073104408220044306
057184217040205126032189001613780806
093127125113202167046207258440688117
237042118043237042073093543800008006
041150227118215163006031052223287006
134134130179237042073092004433619206
057184217043215162039195001610215806
044192162145139218243210004435382206
153173165052199171088094059380103106
231148131022212171014050000806478106
231148132137199224149108004434986806
213175195118205139032247052223960906
223239036184215019149194004435868606
134134130178237042073100004431145006
077150108191202167077048434162756106
049100163050073165091080504960044506
113052000208207012141123395655972617
130008135136205113252247000000000001
034080172094205236085025111800002206
016195143026231225123090000531298417
047012200057205185136200004432722606
224134054019198033143154004435121006
070243079058202024007054000803382106
047111122036237042073096004430713806
062204064043237042073103004436060206
063171212119116246215094004435936406
213184192017131115182161004435050606
129117087084205180041233000254674006
077060151152192167122007005874102606
032181035133199153108024059384918506
250124144135231225123078000530753517
047124240061205139035190093394227917
075055188132050062046165070202795206
202217215109194043104081572751444406
108206060174192167127033000535537217
196092076108116246215092000805306506
105035246071212232088058004435503106
141236062042231225123076000532098817
114079163102016229026141475610333806
016012080194237042073095000803763806
016012080221237042073101004434993606
136134145210198229111103004434606506
041155124113193065007050004434727006
087062241185202024006084004432763706
049006028246199192040116000530774317
238204225096215163175062004434626106
102113238120198254091123586610222417
099138207072205249004129010240688117
044011122042251190074029004434457806
218225090016116246215087004436157006
032030153214205113255034000805422406
205060021061251196218162151205702806
047123014017207001170180093396250717
213186016042205187185093052222696906
200175253087207008189236464144760517
044068063152237042073095004435165406
124142109083192182211075000255513106
137113106026073165109221634200044506
231148130009205099158030004435112206
246027175034194031028084000000000001
044008001145116246215068004435253006
148067222062205195120140000530945417
203168237135194031028084491786004417
209154150157073165064242314500044506
128087134178205125121040004653927006
249070079099207020026096001230012317
085134038096073165089051628170044506
047092105091205149042248093392938706
081132123133244031125098455893849117
075000118028215160157115004435383306
197015102164207180012223000805981406
127168149027202029095100070765002406
047109177040237042073102004434181806
088094066167199208052103586152881206
112081050247219092204039001231844517
044068100254237042073106004435845606
129048012205138152125013092220930917
075091222060237042073101378740044306
044061198243199168233039004432872306
208070209175215163112217004434225306
131140062156064005155233000536211117
062246203121215022057063041104165617
204030248112202030067059297596431117
238063138190215161045102019354928306
080013015083199170068172070260005317
055243089186073165065251631670044506
047160056016244127158038004435592806
119132120180192030044106004431216106
204253060016073165073223550280044506
047111037100064005155135004436333606
150135053246198033105216000532343517
218225091066231225123078000535527017
206032046104199137227107068842975906
154033064167073165079015581380044506
007238132160139072048231000000000001
103221004190205219220214555845218706
079121155114198253220141546620002306
214132157100212171043203644330688106
237042093035237042073099004434628206
218225125241192030007221000536256617
202217215109198192236043572752777706
214002172147073165107027531510044506
049063226080016229018216000000000001
030146042016199224155194514130742017
253102008178205113085215001232670917
200164176069215019235114362541680417
239213054014244031011211052222923606
047037115024205066251229004435763506
112148005168244205242173543120002306
073137228190207001052006005875390706
141236059225231225123090000534050417
076084189038244205078224270152700517
196092076108116246215092004436509706
044008073250215255201093000805922206
150166085056205239062009034782528517
062245204133237042073095004432185606
130129219207198241224174004455529906
209110015212212230180168532085104906
141236063126135079171191000535198517
062252202237207180189130100506307206
111234251011199137232028004430887306
231128055195207020028066579860547706
143165142241050065235124601670044506
197032087170139219143163004434822206
197043152171237042073248020010200117
117130148231205184032218405760618817
124101052211135079171142004430258906
140242145219064005155245094824951706
236203133040205125065044228586144806
032181035154198255177098000804917506
213179055093215163115082004431377306
070243078228199204100067000804924106
063163143058212034244147004436456506
148067222062215162057234000536333817
044009075252205138232093000804906206
196177088234205098234032004430383306
135084107093237042073104000805314606
105004186228205148025190000000000001
073024217069237042073101004431176806
136053123146215019235095000803866206
044004213176237042073107004434946606
148068184013205218041078200000239906
079059230234138152125013445675909306
057150230089192022173233079700117817
044038124240205112189210004433509306
050022235113050065143201030420044506
075255020036064005155200000806054006
016035125178231225123073000530307717
069140193143202029228012654180002306
021120126061207022024194004434983006
213187199228212195089178004436234506
047160019129237042073092004431123206
073024141071207183082085004434176606
218225009199116246215120004436208206
204096127004199137227107004433329606
044071054155199208049098004433072406
016012080233237042073094004432965206
213175253208244127158222004433897106
048166078115138030203094320992776517
044026241102237042073106004434632606
044002162165237042073100004434141006
214012027038073165172005539370044506
073146064249199153047011087005173806
050094051071202024017133000800869006
198140042047116246215223544070008006
223007030181237042073102004433847406
242037250005205250089131551140044306
104104172195215007246013158615482217
047001157025212202218050004434142506
076084179115251100165095080024667406
070243079058199171097214000803205306
062245204133237042073097004433217406
131134146233251000115141001235798717
044086031140215176003237122012103606
047011147048237042073092004435715406
030210069022205236156140004435100206
223007030181237042073105004433459006
044039153118252248201114004435130706
105198240036244127157143129760136917
123188126253205098029234004435709606
131134146233131115011249001232692017
044085112040251215115082004435100806
149140044178064005155230004434975006
027136158057199137229235037245133106
201211242019193241061190001233890817
239213060012205166055157004435854806
070028007092205249054240634570002206
062245204133237042073097004434759206
213173033205215177242038004431504106
200162121255073165073227638390044506
196094051111064005155231000805516706
016012080216237042073095004430419206
090131116008199169209077180570005317
136053123146199169214033000803714906
152045085103198253042195004430805606
223007030181237042073094004434897006
149042109042199153111100092120690317
116086068189199169214219004434487206
211037211043199223123197211570124017
047012087005139143183012004434409306
057184217040215018163074001616067206
122016143082202024006216000804510506
062204109093215162050050055132638017
210030029151199153103021004435576306
062217198025212227209100090013410706
021120110037251215115082004435340006
044068144080207180189166004432375706
075034073232205125082139000805008806
047028171069205066248225004434183306
070114204038199152015237171880038917
231120103013135079171079004430367606
044026241102237042073093004430539406
087015020146244127032020186560002306
134164149020205218015166034780612017
044206162237205218072001004432370006
016036124160116246215122000805239606
062247190156199171111127552682761806
062194058225237042073101004431460406
007163042104215007142075573773654517
070016011034050065143041628210044506
044050238135138152126074004435007706
073027099015237042073093004432899406
032038212133073165228025447330044306
125001025024205249004194163931639317
075009218078215004018236004433966706
213179055123205216101250004431138206
195077051076050253202249059384919906
132222122106198231235089334580107917
253130121204244158229243000806530706
077189084057205071020216315062254817
070034201034050123065031557940002306
016002248216199169214054004433945117
125206040209064005155134004436021506
091231199059193065121102004436275206
131141245155231225123081000534596417
044201137132244157168176000804491106
212143025069116246215082004435916006
112182043203215163175015004433714306
070243079058205167130002000803549106
249158180126116246215076004434824706
131000178058202024005006001100527706
250015177059244067209150514134719906
062206164043064005155149004434519606
055233073166237042073097000804547006
016212191031050252039173000804968806
237042077087237042073092404200044306
218254193190198231051058490870008006
109153001254205249055027000250262706
213173027115244029212068052223529806
237042071022237042073101004435280806
016012080227237042073103000802502006
135243027125205166063042052223992806
096054244112194078242129524614319617
231148133061212034246003004435868206
153037036193199153100146155285639117
106064054131050065188152192540044506
076177099151207000086021052222634706
110097001125073165104069240540044506
073027146097237042073107004435921406
044004189082237042073103004430571806
223007030179202030167062004434932806
158079248008202029230034162784354917
148047042131116246215093004436540206
073164088201205032025047000532741217
075115009040139180034162456823327617
218225090003116246215077004435238806
016036190118116246215086633820905006
251103156042116246215218019354569606
016012086156237042073104044446219606
218225236112064005155134004433710306
149042099141205071137203092175215317
044203245181116246215079004436400406
213184192010205203032238052222714806
218225091066231225123073000530541217
022175186086244003027195000804942006
213173033193205218011151052224185206
054240081162138030243153549030002306
231120120239135079171167004435697806
016153200201205251202012004433426806
047008158232205184032074004431321106
044026181255237042073104004431563006
062245041002244038133045000805249006
153172170021205236232253001370013717
213179055124212227179179004433727906
048180136105192182193067533990012317
016012080213237042073105004435380006
129117087084192030070151000255365106
224134102213251215113218004434808206
073155112248192182059155004434390206
140075193255192182176158004436116706
097085125133251224088150066672691206
062206176135205236237226055133889517
044007103049237042073100004435616406
047045130065192029170002093394746217
013216161037199171108105004435159706
044051198005199169025052004432782706
103119185021194017228064000224651606
087086115145199177245245617502795917
123188126243251224088130004432796406
015043158075231225123094000530755617
213175253214050254095245004432710706
103119018174194017228064000224010106
116086068189207008085069004433414406
213187199226244248024143052225844206
087249087058205187185217592750891006
087253150235192254112248000000000001
102051027233073165228025470360044306
021068198044199152004024004435632506
131210218147199171096094004435609506
047033204183194043177000052226086706
100117058168202024167207152014971117
123188126153199205174210004432675306
122048066211135079171128004436222006
223007030181237042073100004434112406
016012080221237042073092000805238006
148137206139205148026214004430768206
140169199128116246215122000804348806
237042093036237042073092004433475606
105046207191205185134067441230688117
140065118211064005155245000804800106
130185214128016238146152255650008006
016173086204116246215092004433311506
141236063128199153055033000530132517
016098134039212195130012255655529406
213173038243205218011126004435950006
044006155040237042073103004433972206
044002114207237042073099004435615406
062202173206064005155182004433331206
218225091066231225123072000531415117
100208036153016045106041000000000001
200175194142202029174229000000000001
208070209183212230172093004431859806
210188011067212230228186068812648217
057106157204202029125138344642966817
127101008061212064145050617026341217
062215214210215161115169090015840406
113190228036194102244093532715492617
075225216210116246215087004435207906
008248160002199153096158000802688306
050048098102215163006188000805085206
091029124200205126037118000802168406
047028147179251100165133004435058806
213176048047244248166237052223886806
062254246053251108156219040305199517
016203009023205113252247000000000001
047050092048215019148157081162619106
223007030182202024007096004430330006
047110160103237042073106004431319406
119049203246231225123078000532274817
044035083203050056130221030510177006
213187202242192132028236004432942606
016012080207237042073096000801131206
015072241216073165108084561130044506
088197096152244022028153537190012317
062253080046199137229233004435776606
044002014134237042073098004431871406
047112113240252248201041087655533117
116072152138199221119099004435343306
062198250242192022164154004435091506
044006096245135079171185004432918506
108042218060231225123080000535097717
101030031178073165079188542140044506
213175202127215177242173004433120506
135084107064237042073098000806080806
044222132089212171082162004434307106
223007030181237042073100004435157006
200124200090252248025120173680012317
147054232166205199053093000000000001
135183138078192030028233030565775906
118122079027251100165013000806419106
231148130012199222140250004435153106
253102008178139180047136001230012317
105008053162202030202208541395388306
122022037185193065091205008736054806
103119018105194017228064000223756306
153173191085202118036182059385232906
141236058236231225123076000534504317
077007138204016230109181573064952006
078087024009139218240252498150808006
136053110217202118088108004435169606
198140003034116246215053515830008006
204000108031050065250044641160044506
063161108000205113202081004435424006
223007030171193065050054004432185006
130150037145231225123090000530259917
208070209165205183037212052222636206
141183211149202030201190004434581406
030015090214198255186198000000000001
243054009046231225123073000530352517
228079174180198254091182004435388106
239213054091205216103217052222710406
135084107064237042073102000800938406
047168103175237042073097004431002006
044207200076205126037089004434950306
016195143020231225123094000536204517
047169209171237042073100004436040006
127043094144193224217151466510002506
136005032107199153099211287320232306
070243079058212230172145000804791206
212104011121205164099189004436532106
075110152152050062046165000806194606
044048245214205126032106000802638806
051218108125193065001034000255202306
227092245209231225123072000531649017
103198251107050065249162568860044506
041149159087202030147050099983769206
013025045006199169195083321002200317
152148099157244127158038000800198806
135079185206215162059097437230044306
016198183091192182228081000805860606
112081189113199208055172001234790017
058205015018199177083251554960005317
016251022004244157135234000000000001
075067180034205250038237080660472706
210061112218215177155029004434142317
196043026097231225123081000534418317
128087134178192182212132004655760406
104098231062199153035181317805832306
223007030181237042073102004436493206
073024217069237042073102004433536406
044056053232138152125018004432651006
089216149074202024005124227835253817
218225161092116246215058004435446206
113111153060251100166226000234895706
223010195092138030201229270204917106
054120255241192135131152533605048417
197043152148237042073095000805619206
044026009006237042073104004431191606
072219150246202024007011015271136817
008253121006192030038029000805454106
007239235096116246215093004434359506
073024250052116246215070004433418006
100235222134050065188052582320044506
132047246182244038133045237561127117
253102008178202030214104001234542317
073027151207237042073100004430274806
044040144063207009240152004434986106
025087170096139061080223386850114006
213175202116251190082084052220280406
047185187116116246215076000805367206
048163150241205167130002000802624106
223007030181237042073100004431888206
197243251072205180040009264946051906
226154176178205126137041004433814106
063166173173116246215069004434191806
152001058198199169201017004436218706
073155112250192182172104004434989406
237042083123237042073105327680008006
047049205230205216204009004434642106
237042070086237042073102468780008006
016215112155207183083121004435156606
135084107064237042073098000806053806
127242060189199137238179004435287206
044054028064199177245245004432671606
213128108236116246215043527340008006
213175253212215255119123004434713006
243054196131198192126175000803347306
131134146233194038155069001234319417
076084179115205112174007080645637306
044218070036202024006140000806389306
247003207040212195089178000800340306
201207182050073165065179091710044506
098181036120199224155194196172457917
025067219034073165064060578010044506
195005217082251224088130068892754106
041144093050199224155162004436481006
013192054008198243029005000805063306
153039113251215106052203055001315406
044006226094237042073099004431683406
237042071033237042073104000800868806
141183211166202028038069004435896606
030015090201202029034190004435887606
253102008178202028146015001233828517
103229102111231225123091000535326517
041241123204199169020167004435597706
062215223099138152126210093395424217
232188068255205212176051000802672306
141183211149240235109166004434229006
082144060235205199059247363800002306
033038140231116246215071004434153306
047033066165237042073106004431539406
238020106122199137227029004430937206
223007030181237042073103004436026406
044071027201231225123074000535826817
077238183221205126037089628571990717
098028246117073165080028558920044506
047119019059244158005050004433743606
044025250041237042073094004431427606
153049066206237042073093004432042006
218225036242116246215085004433950306
245098033236212195028175004434733606
044003159019237042073099004430657406
074107231155205239049229172502053417
196040118093199224148157608140905006
044068041155237042073105004430613006
131003246171199224156124004436044006
127242100076064005155218094825307806
202217215109205180093112000000000001
047119059201192132094126004430157906
149210181114050254094249000805222106
130004046202205125075254000255281406
237241138234198255186198000000000001
218225240202064005155209004433309806
034120101215231225123076000534069817
117145029087122195111160358870044306
077094167199251108224098584405032106
050094170170205251205198019500250106
134074138123231225123093000534888617
044002114207237042073095004433454206
123250238028205230154015436113904517
130150039166231225123077000533392517
197065115005139143018000000000000001
042053018181073165109174561950044506
147202253096138152214216000254373106
097133087174198193184093000536457817
094078184180202029096095147971507517
231148133067202031045018000803537706
195204065029212195130182456820808017
044027170124237042073092004432431006
128152228066231225123081000531757717
133221182236194078242090089992040917
008075075157205185134070004436453506
062245204133237042073092004434960806
047033146254237042073106004435513606
044005173058244248205094000805216906
142039248210194038153213219741528417
196085122099202029038009514136417617
204096127022212030157157004433799906
108229112031192135131152620285048417
125020145082064005155139000804603406
082029107039122195111160453270044306
123016203115231225123080000535998217
076084179115205187184146080642669106
106047168021073165089043556190044506
213176048160139219138032052224788606
070243079058202024016002000803541806
196093065108231225123090000532627717
062212075249138152125149004436057606
232188027044207001000122004436030306
107103139213205200147206569281748117
047037099158205239062149093392668006
047108234002205239048152004432729406
113107161078139143180197624444365317
044000015180237042073102004434003206
073165246221138152125118004456447706
047119073140205195208144004431207706
070028007092205249054184635770002206
097132228080231225123074000533535917
049235023110251196147123351635088506
089027107234205211034018531560808006
135084107093237042073100000805274806
148113029184205164114214000806524806
133207180035198209159214456824050017
047111122036237042073107004435864806
062209011021215163004031093392661406
035126158156215255200002577045942217
078171162011205236237054202275489106
239197000178199177245245004432659706
218225036163116246215068004434103806
213175202236205099159072004432880406
016230082087215106054018000000000001
021120096177199169214218004433916606
016012080218237042073100004431287406
213187199228244158083125004435755506
122028053040135079171128004430847106
197051246218073165105001523470044506
042204053233205185136196070082644417
044000060237194115211246000805445406
058245132238212171137034004435472606
213184192016205070234194052224492806
244200132028207001170180004435202006
223239004168199204064058004434933806
195160080138199221113244211602732506
105035246084220245018105004435656606
044004247143237042073103004431369406
070243079058193065028066000805567806
201096072201205166209188000533403317
044027081128237042073106004430950406
072011211078231225123076000535998517
044051083214198254094250004433394706
073025015107198193177007004436085306
223007030181237042073095004436384006
041149159087202029242054099983742906
041144153025205250089246000800804806
140065118193064005155232004435503706
030214173012192030029134080804980306
218225236133116246215087004435949606
237042071045237042073105000800590806
147001088089207012138117634095393706
079121155114192167124009416910002306
213173038227215177154200052223498906
100124213062205213189180000805423206
196093065108231225123094000531033117
127254177245135079171136000530919617
130004046202207183131148000255033806
048181084137116246215095004435981506
253102008178202030243098001233705317
072011141008231225123072000532328917
021091198039116246215077004435121406
213175201186205195120239052221917606
153108106210073165109077559320044506
092230200024194041034210513000002306
131134146233220245070237001234005217
044004112121237042073104004436312606
123188126253215007245074004436165306
159104085179215162057047647590044306
096189180167202028017096000804795306
047081091076237042073095000802539206
213176048030212227179156004435244606
109078246083073165091123627350044506
109254134076138154105125012586514517
223003050110215176019050082004079706
197155091167199177093140004435033706
203203204161205139035162000000000001
044068128199237042073107004430628406
130253255023231225123093000533996817
140066161130116246215120004434289406
021120096254205212176159004434935406
047115016131215007140213144450184806
041147216040244038195045004434397906
113175002229207180015129614450519306
062199082095116246215079004434409806
231148132048202024017101000805222506
062249028214194038088109004436298306
030214173014192182003204004432676106
015043163112050121228190000800160706
088046033130205164112174150001608306
047100158133237042073095004433551806
200000013065207001003135004434013106
118075172011139113197159633786553506
044073023188050255049114040501128117
198140016028116246215223625680008006
127107225023231225123074000533483917
047062092060205199050201004435213406
047081024140237042073107004436246206
016171184192205180041092005873941606
200162001240073165090059312820044506
047123136232198231233160004433374006
089237039201050122231189093056306217
140169207158064005155201004434134806
208023034223205185134067437483449006
244199254192212202046243000803510006
033228201021237042073098004435641406
016212191031237042073103004430826206
042204057159131114015055060062824706
042204056010205185134064601013927106
134009119017193065010109000534240806
075067180034251224004061080420183706
063150146075064005155209004434429506
013217220233205219217137000802623206
109095211144205211049098514132807717
150067068184215255017070068812685117
196088223173116246215156440030904217
042054220197050065172225440990044506
044048005216205251202112004434815606
153039112164205211056244199945952606
129245226097192182133104004431251706
076177102192205139007205004431013606
016242059088199136067118000800451706
032083196083202024016106466335311617
149158111124205251205198088856086806
090027022125073165080151638840044506
196092076192116246215082000804496506
127168149027193065033074070815047506
034108090061205098239253578990808006
062202173206064005155148004433418006
214030166196016230165183625890044506
044006157000237042073098004434451806
044025045054237042073093004430835606
122027118143207001186130000805008606
206170154187215027089013356914451917
122013122213205071139024004434990306
062197230053135079171207004431116706
044024248059237042073102004435120606
135083152077251100097023652055542017
016242056158207001132216000535654017
100208217209231225123095000534036317
047161043039138071026037409690005317
030015069117198255186198000000000001
062205196134237042073095004433940606
140065118193064005155209004434182006
016012080218237042073104004433651406
148086149102116246215075004434259806
209101030160202028198214527105054906
047018155100202024016161004433804406
119142160229215177154201004432719717
041132014191139180033116068815644917
016012080215237042073103004432308606
197027032227205211030077000800165706
231128055195207022030066579860547306
044007016245237042073101004433221606
044056040216205218012063004433692306
127242060210194207242181004435390606
111226031198192167232226434293478517
140066161043116246215156387310904317
153071177194205066063155004430402506
140065118211064005155245000804887906
202217215109205033007004572753444006
098169086205205166122175004456164506
127168149027202030011252070764928006
140169207146116246215085004434502206
140076018205215007245074004436168906
047045209250205251202119093396268806
062216229198116246215070004433719306
016036124160064005155193004434986706
159111133128202028024044591761263317
193253244029116246215055608030044306
047022248145237042073107080025264806
131208004246205180091065614565842417
008075075210193241061193004430254406
076177099149244029215070052221473206
195126045031205098234044117923121817
097117109240050122156031100971664606
236026211119064005155231000535781017
140169199213064005155139004436268006
044025002118205164191110004434958206
097132228080231225123073000531750317
140075193255199136085118000802724306
033241125155116246215076004435985306
123188126107205251200174004435098606
047124203179205251204051093394539617
237042091027237042073094230720008006
123188126153131115011169000805461706
030214172187192182226100000805863806
047028064205199177248201004435128906
044204082126116246215093004434671206
208191034172205138232188004433327006
249149130142244029048125004431348906
210030029115192030109214004433895206
135219031209207020027130004430579706
099141217110198192035232000000000001
119132120174244157132173004436347306
140169199221064005155139004433748206
053095144114198192229244102440103817
223007030181237042073100004433449806
253102008178244248205100001233577217
047123172000199153038013093394747617
140169207005116246215255000806363406
237097251011050254092220500455814317
044068050068237042073107004436200806
047001130171244212230246004434945706
098138179011194017229136170256376406
044063081192215019149194004431554406
096096140083073165073189016950044506
090210105130212194090028023265267117
073155112250138145213030004430180106
146011196043199208059076004435163906
249070079098215027089111001230012317
100208217209231225123091000535357117
047028166072205213165123004435824906
238063255116202025108163340960812906
057184217040202027145210001610565906
133213052209199224098173374720488717
114080005174116247217215000000000001
218225091111231225123081000534961317
050238026000215255017079000801862506
136053123146212030198179000804020706
133089212150240183051070532133032517
106215144157205180041094000255661006
103195139116073165109078064680044506
141137156144138091093139004436506117
117176172248193241060127586970038917
092019103091198209138205000254572906
082171120079198255178226611355151017
047111039119212171135081004434936306
044027179127237042073102004430263606
059004219017202031168249012775024817
073027006102237042073106004431051406
103119020181194017228064000225490706
083016001082205148024115443890143306
114242109008207183147218000803406406
042204060035215027220171060081770617
059182172193050062046165499890466217
228079251235205066141252004435980206
016012080209237042073101004435686806
067001024142202029049011652340688106
104160174088231225123094000534561117
213175202253212227179006004433397406
243054196129205217165062004434860306
041188149018199208048027528680899906
135207161213202028062166004435117606
197143138162215019149194004435678906
030001133204212197255200209030102517
070213069179202031160004514130899917
202217215109199170076184572753999906
049099008248205071047208651254615606
246219028185205211054221037245680606
141183211153202029041207004434676106
148067222062215007246013000531174717
239213224161198231050122004436425206
044039153100205250090089004432757606
087125043013240063113219000801358406
242022048113050056082029217982725817
124247190128050253169081052285682006
235195126073205218011110093060106117
073024033038194207240219004434046606
032191132036199153034101004432939206
119132120168244127033022004435248106
058008158182193065103166350001153817
015129183171212227155206000000000001
127254177245135079171057000532994917
035014188071116247217084424130148417
075165032093064005155247004433800806
103245144004205184078118092605787417
112096067220207001052105536191763706
049136244193205032028230466285836606
218225091066231225123092000536415417
082242143026194041046019000954645306
253102008178212034179022001235930417
044077002173202024006239000802861106
197189150197198228051000299995926606
047170043235199153048025018835057706
047084229098237042073096000804453406
154040113093244003005077544285817117
062228193004116246215083004434306806
047027063042207000066076093393764317
130150037145231225123094000531750317
044068128199237042073099004432839006
050019109183193065095010000000000001
149158111009139180043213000801903106
063164159207198231053138004435132406
197143138162215019149194000805679106
016012080211237042073095000806370006
044027253156237042073101004430738806
244199180007202029150166000805197606
223007030181237042073107004434604206
141236059089231225123072000534639917
044004063177064005155209004434581306
070243079058202024007041000804734606
064004255194205218026098000534473817
101205054147202028162128059385717706
202217215109212030157173572752666006
130150037145231225123073000534838717
149210152067212195133124498193292717
049120122085219092051166043953743717
044076198156202024007118000845471606
048247061172122195111160566280044306
135211169114199138218124000803796906
047100056104237042073102004434175006
140169207157116246215085004435308406
092107189239198247234047578740008006
125145253127064005155244004434642806
101132200034138154105125649050102417
141236062007231225123094000533133617
200113022222199224099045000933712606
047124156040212202218246093393666417
248106119105194078198074589035290206
021120110033205184032056004436336206
139107190037207012138096004435724606
252171219033193065011122020135110906
075011079107202030249101070015742206
050075043044192031161251080802634506
100208217209231225123090000532849717
113111066021194078242090089992271317
075218053123192135131125004436230206
044203236181198229189233004432746406
041197105155199224107225068820303506
044003127078237042073102004435019206
221082247052205148028106004431449106
021068195091205249004087004434930406
076177103211207000086162004433292606
126047092169205213167038082005217117
044000013139199224149108004434989506
062206164043064005155149004434481006
226154184204212195071109004434600806
015043163109244067211058000804607506
016195143026231225123080000531761917
047177105170194038088109004433774106
127168149027139212124060070790135106
224217255079202030120252586715996617
058201163013139072051020251400005317
070243078214205055128226000000000001
204098175224199208051104004433503906
213176048213205213189163052223285706
203172057003138146061102109191518917
044212004102198231051131004435133606
106177049031202029239078000000000001
077190023251205113250126389861943117
150166085056202031040132034780113517
218225091067231225123075000534028917
223080223157205211035143000805197706
252171057022215163007011000804398806
203018143037122195111160602340044306
126047086179199223125061082006352917
016237093249116246215074004433947306
042029221077212030170243570425100006
047169079216237042073104004435334406
055233073161237042073102185800008006
195161045000198033136227000233660106
047034247075194038093089000805592706
135244027178207001054098082644998806
021068196220205218074045004435097306
223007030181237042073102004433710006
015043163106205112112098000803498406
016002248216131115224186004433780617
063164084005205139034077004432690706
213187199251139219136111004432664906
048181000089192030050066068812963617
133240145220138145213107254546470117
223007030181237042073103004433057606
085202137150244031125098004435109706
050094101168202030069122000224337106
196055066143198231050045004431722406
131134146233202030024055001234375717
210063240045205251205198000805059906
044084080121138091020254004436068906
044000015180237042073105004434239006
131003246171244067135010004435736706
103119018193194017228064000223556706
210005100070240063113219401180008006
245200207009244003005017312775877017
196055203082212197084226004435187306
016195254086116246215241328140904217
044020136061231225123094000536504917
079209219181202024167133431923472806
007219114182192029080140322281782317
148080076043251224032197004435816206
136227068188192166168107524370002206
107076149061207020027127064016407217
092104077126016045106040000000000001
231148132172202028199156000804936106
047160006137237042073101004434046206
076084179115198209181113080644929006
002169129200205249058131356735233517
208021025141202028198214314975054917
047084229098237042073101000805430006
033241125179116246215075004434400506
084079212225212197210228477134276017
213173139057207180189167004432544406
106167235016207180012223267572703217
108114063109215018244002313644427206
218225159014064005155102004436552806
047169079216237042073097004434403806
075225035185064005155230000805976106
047124122168192029170022000803588206
223007030181237042073103004432432806
047048111021207022024194093393337606
044068041155237042073107004433980606
064031187151199169086053000000000001
114218019095073165069132577250044506
131184001166207009052093000535484417
126170046097116246215093004435779106
141236063180231225123078000534056317
218225236131116246215243533030904217
123188126160199177255019004435915206
210030029220198254094066004433748006
197255074109215255200107630520143306
113072134233202030083194613672314417
133250027107251190163139566002464306
213173142219135079171167004432166706
134164179064237042073093015146233606
224005189024244031008023378430111017
062242075111116246215093004433837606
047119173029199171104068004435114706
239213224187131114049068004430670706
231120103013135079171128004433932306
062197236144205187184146000803780906
036090087164073165172229651190044506
044213138202205032023158004435091506
127235037021205216065178004435069606
206168117167202030081069617786146417
016012080209237042073093000804235606
030015071072205230156110004432607806
238063074219192166171247332000002206
059177039019135079171076524780044506
224115233227244038133045004432310506
047011160052237042073105004431254206
141183211149199170237173000805422806
196115231137064005155203000804645606
047081091076237042073105000802580606
034080172094205218246254403280002206
044057093241205250088077004435416906
057184217042198033254214001612337506
096043202014202028225081644374050017
047169209171237042073099004435619206
249105243034192030048000018452062917
108021226039073165073118645050044506
239213054011131115181002004435259106
047170248188237042073092004436321006
126039175118231225123041000000000050
072011211058231225123075000530466417
016215173248205199055019004435759106
213179055119205213189180004436051406
096229072035073165054176624130044506
251000214230016198230169586340044306
244200070144193065034085004436364706
213173027190205251202064052222632906
044051090052202167044253004435867906
096011120127050065172022628010044506
200134171201138154105125225795643506
196092076109116246215074004433627906
016012080230237042073101004431133006
044084123101139180044102000805685806
073155112250205219153077004435378806
070243078224215161079110000800190006
151085053153199223123147422120143306
218225236133116246215092004435087606
135207186068205251200152000535193817
062240128143244248143216000803995206
130129189025240063113219626540008006
016030106133139212123098356220543206
127106022083231225123072000531819217
062236026087138152126109004435091406
147100076214116246215082004436501306
113115113028199137227109105763187217
047024063162139005145045004434900306
100118250004205126033101443416145317
223007030178205098232131004434097406
152218184162231225123080000530394717
075164199181199224103199004432718706
213176048030205203039077052224218906
127165132136064005155190000804035906
077023208110207012131131199920418506
140090088209199224153005000532440417
111234251011192182158048004436397106
044084085059205164190005000805789006
103229102084231225123073000530503617
044003214238237042073098004436083606
002082234046194207240002118050935517
149210135112202031105178000805812106
129164129243073165089004566890044506
008069239058205138232089000804028106
101172028223251000115139583960864317
130185214128016238147015255650008006
002102189077194039040083004431782506
062196221249198231050050004436249606
070028007092205249054134635030002206
044215039218205066159048004432266606
102006114236050121119139253692806106
044000190172237042073104004432766206
213173027169205216098124052220217906
044003214238237042073093004430325006
047186200003116246215069004435332406
025203215064073165081162497830044506
021084065145064005155201004436097406
087062241185198192209221004435448106
206157043134205238171016004432229306
081167087106207012134208190004332217
044085251243205219217105000805572206
218225091067231225123075000532670117
223007030181237042073105004432516606
223007030181237042073104004434478406
044094100051205142148131004435107906
153071180092050123082229004654181706
063170024217205138232140004434137706
047124126155205185134096093392685006
123188126104244248166237004435114706
097201163009073165090081623130044506
127058076179064005155220634351164017
044006157000237042073093004430823806
109024180106212230042118619844916206
049146123073205071020216250592254817
075094160082199204117026255655029606
030203080198198247238210120600338906
044068047245237042073100004434654006
044002114207237042073099004434490806
122027138089212195130107100864710906
213175202244131115183225004435113906
196118024061192182226040446224769406
223007030181237042073101004434829806
134133154001205212180024000803899906
044084086203199208052078000804925706
152227208237215255218103591130008006
047101001238199224149004000805869706
044069006114237042073100004430695806
124101052200135079171142004430266406
123188126170205125076114004435734406
072204143033205166055177327664579906
254116215086205148030157337005781206
002002132227193065087085004434626706
076177103212212195084214004435778506
044006155040237042073101004431908006
062209009231244248042018093394400417
070105211136073165064014641690044506
050029012141251224116067000800284606
123188126162205066230050000803116406
197146173045202031065137179862150117
253102008178244029035100001230012317
016237093238116246215074004434629906
218225236226116246215070004435880506
235237133153193241061248139843373417
064004255129231225123092000533683417
073167154207251215115082004433599206
239213054067205187184009052222801006
204010119139215007140050626633386206
094128213218122195111160558700044306
119132120180192030051149004434369706
130150037145231225123095000532662317
062201012229205250089072004435478006
224115233227205185134115004436097106
084119152229073165172035640810044506
106215144138192182011191000255846206
047063073047205099158030004435154806
016098134090205250092042255655205806
129023209110199152014124004435485206
036218200065199177176004317480002206
108119239214199169202100212203139306
016036190103116246215245346220905006
041144107127135079171185004432608806
070032085113207001008176588150002206
122030155099193065057114361743343517
197222188038215022211061419290804006
075055185007202031067034099994564806
116247053082064005155233004433648206
197043153099237042073105000804805606
124101052211135079171167004433235406
151198129011199137233050559100190017
047177193113244248043249004435582306
047187067100205166051147004435786306
030015093024198255186198000000000001
076177102197244031010010004433959606
210030029151199152015182004432256706
044068078155116246215084004433783006
112182043203194207242009004435614306
202217215109251196218190572754555006
044019040014205203003077004435928006
249158180126116246215084004435271606
249158180126116246215084004433847506
044222121179205194244214004436365206
197210006237205217247190580594012106
127168149027202029139237070794930906
135243027110205251075024004432797406
044061137188202167046168004433615406
047011147048237042073094004430943006
044025079037237042073096004433121406
036056048158205250094126068811802217
050074105080205199061061004435193606
135079185143215162057079351870044306
030203203127073165172083547010044506
047022175182237042073104080014875606
213173027117240223029005004434632806
194131212187194102249026000000000017
116035152190205239062137608721566617
044069006114237042073105004430685006
087150112077199169194038525650008006
016035122180251073188242000803670606
079121155114193232175079499160002306
016207067050199153107001000803382206
127107225023231225123072000532396817
013217114069202167002161004435458606
047100056104237042073107004433252606
135168151104064005155137094826305306
237042093041237042073248020010200117
030015070231193065057109004435358806
002002132227202031067125004435526406
047009025167237042073102080014450206
124101052211135079171142004435656206
062213047155244248205093004431960706
109088206144207180012205514133070917
044200000013231225123078000535798217
125149139159064005155230004435605706
243054029173192029095220000805755606
016012080232237042073104004432727206
195222041194251224004200004430443406
047081091076237042073099000802586406
252171219033202028150079020134936706
134187037008205139168157494010005317
081049214199199169194038617830008006
048162037129215006068099321003375817
209089095103192182180208081905032117
073024225211237042073092004431476806
126052107132194042201093087104603006
021120110120205212182122004432657206
213187202230199136009036004433124606
130004046202205183043086000255681406
048213131186205070220134080010187906
070243078228205218157142000802676006
021068194220240183051082004434986306
127242036066064005155230004435904006
044071068180198243028002004435286106
211206095192207001010054068810291917
016188010085064005155181000805393406
249070079099199152015182001232393917
002094201148192182063130000254583706
062194058225237042073100004434718806
126052080184244248165154099985830117
070243078228215167140038000802761406
087129105016202029129109516340002306
075095166023202028131010550005564206
062214013145199224149004004433112706
228079063099205187184009004215152506
113175002229207180015129162350500806
133219011085138091022086402881269517
101050046175138030207057241654733717
195222041230193065119009000804874306
204002086017199153054042105590103017
237042091026237042073105510900008006
141236058120231225123075000533149117
124077166159050123082132005873547306
041150147180064005155174080805697606
134164179105237042073103025155902406
134134130233237042073101044432721806
239213051201215255200002004433959806
223007030181237042073106004434393006
044193044208194114091121000000000001
119132120165205184032085000802113406
044000015180237042073096004431576606
075008082025244031124130090004924906
050094127062199221116093004432705306
042204052222215027223171070086208817
047119211146050255049114004433286306
092016247052215177155093503215620906
048160009164240063113219319380008006
200063207066199224150009390460008006
213176048093215163112217004430781806
210011254149202030214199018181510717
056021221130192133087153004435121206
100124021214202030209015004434599106
078078024211073165111073623530044506
015043183027199169214026000804927806
058130244076050062046170484632747717
157003143047202030129162068815341517
072011178231244089081202004432535606
044024179228199153110048041725000217
044006122120237042073092004435788006
099035066151205071020076004435593106
062202143243135079171145004430947206
062201012229198222245034004433876606
033239237020199177086032004436528806
098176144255215177138239647600102817
110132074051207001174149503214716217
058240130093212195130001582430102417
044024098189116246215070004434597106
015230250086212227132083411952662606
062201252168212227179141004435114206
135243069067202028170069000804594706
097133087114231225123094000530251217
131210219147198243190180004432780606
044002105251237042073096004432774606
063162204149207183082230052236466006
079121155114193232162202411750002306
231148133008205164118213004435155906
218225090026116246215086000804756506
047028173195199208049210004436291706
030178011079205249040055000803615206
096189177194202118035010549040808006
155038086096207020152056000801452006
044024116039237042073092004434312006
044203236181198229186150004430203106
064004255194199177254246000532502117
072216190146207001170186068816143906
083027131231199137231133052255552506
075091213063237042073100000802082806
047081116200237042073101004431054406
021068197207205071047227004431298706
231148130009205142148147000805187406
089171032072231225123075000532425417
047186180086116246215083004435607106
223010197078205166209050000800735706
041150227104192022169159052223849906
130151219064231225123092000530670517
237042118019237042073094000803979606
131134146233202029140132001233868517
140013242134205126138250004430369306
209148200100205184032120260221966217
013216048200205139034178004435037806
106215144157205183043050004655510706
047081231144237042073101004434165606
062229008237244038133045000802571106
044011084029205239062061004434217706
044001056037215007140194000801707206
044069144230205251200098004432855606
237042093030237042073092000802256606
041144006215237042073106000803664006
129006158057073165079083604310044506
135079191095135079171063073640044306
148137206218205164099243004435173106
044048184017205149045254004435002106
016195143020231225123094000534279417
016012080226237042073107004431924606
047081091076237042073102000804867206
156231110168192030071030000253449106
203027122177202029176249392315742217
213175202227240235109118004434092606
218225196178205070214031000802762206
113141216102050065216134624510044506
223007030181237042073103004435674406
098143045163240063113091000805611506
007234225066231225123074000534331617
119132120158215006172216004434972006
197015102164207180053046000802649906
044201195042064005155229004434895606
213187199231205194208083052223732506
044005076192237042073094004435305606
016012234018198255185126000805006206
213176048080212227183127004434506406
035200003138240235108141068895665617
030015069076199224156157004432628006
223007030181237042073101004430351806
237042091037237042073092408500008006
015062081042202031157039272183183417
047081243140212227179137629245881706
237042094134237042073101451640044306
073024217069237042073099004434533206
134164179074237042073092025156438606
126047073125138145199242082005292117
195016195189073165091218615560044506
093018250029202118177169370190338906
231148131108205070212216004435125706
202217215109244020213214572750777006
147174173131050065250163559930044506
044025190174207001175093000000000001
047012122044194086003190004434033706
213175201177215005010130004435571006
127030195130192030003061202170833306
016012080207237042073100000804404006
223007030181237042073106004432142006
150217055103194086007116558352644117
135084107093237042073100000804390006
223239026122199137139205004434934206
