213176048034244248205076004432741506
153053194191202118026029034780282317
140065118193064005155137000803895606
130253255023231225123072000534367017
044002161222237042073096004435206006
139044150245231225123074000530876017
073027110110237042073094004432197206
150159086099122195111160587320044306
047123151051207023229022093393596517
200136127049205066040002000254498306
129253162185050253171125529890538906
055224066017202118048242598360008006
213175253213205112188198052222701006
032210117183207180012223000802847606
044035245178231225123075000533945217
044222131031237042073099000804111006
063163216025116246215068004435144306
131210218147244001198245004435668306
016012080228237042073102000803107606
073161164058205251202236545065429517
225126186136205187186031257024898017
228202120167138145243110004434916106
073155112250215167112210004434131506
073024200079199168226023004430795906
213173014176240235108141004434350606
148067220251205148027189000530526017
044077043050202024016178004434091506
030211133208138145209018365631860617
218225159157064005155202004433651606
087062241185202024017121004431337106
047081124095237042073095004432570606
197086015014205249002043476201121117
119132120180251073161231004435184406
100097002163131115053042060036449906
131184042151240183051070001230015317
070243079058215161064003000804488706
246024099186192182087135068894339117
239213224184244001199058052224829706
208070209168205139035237004435875806
044057198123199224107125000803031206
131000163190199223127077004434922506
044087066097135079171128004430961006
044072143045205032018174004435433106
096189215042205211031039000805369906
119033052180192030069195004654386606
070243078224244022063037000805013906
239213054087205194208096004432891106
153039112164205250089242199912869606
210018043161198193188091553270005317
067027119026202030094130591005554617
080207195128202028023226200085151717
021068195095050062034042004435778606
077180108082215177176058005875996906
194244175183202028160151036580365817
204046050129205098232229042854267917
063146242183237042073092004436437006
044051011249215161084003000802648006
044084128001205055128221000805209506
112086120224199136095079052225228506
149247038010244003240030004430233606
127107225023231225123093000535466217
087118114040205250088182144740808006
213175201182240235108140052225029506
042006168050215167248173597686075917
044037077092251215115082004431978806
062211252060205167107229004433669206
047100133163139005154013000805351406
247003207045202028070033000803636006
076188175034205180065137014335958806
016242056115231225123076000534047117
016147139045205216063165004434976006
047090241128199169027255004435505506
104109236216194039040082580541469006
016195143031231225123094000534852817
030210147191205070221056030742677817
119132120165205167105174004435005206
036218193188240063101061186420002206
197207242232198192209037522980002206
197085153095073165105127514050590006
016012080232237042073092004430606806
044021029090198247228025004431744806
140065118211064005155137000805669406
213179055125207001186130052220261606
062197198001215177178214000805067906
249070079099199152014225001232359117
083183051236135079171056606090044506
044076255116199152014231000802553306
119132120169205164112068004431214006
032099173217139143018000000000000001
057184217041202024201179001610966406
069078169109205236095112374886387417
135243069076202024007152004433868906
077238223052215162059126581220044306
047173091017116246215079004435207306
016215208159237042073096000802349206
152048109061231225123095000530181817
044209227095194114119042000806009306
197043153093237042073103000806306406
134027206235199204069166073514447317
213187194111205216098182004434042206
044202103241198192209146004432687906
116246034074016045106041379980905006
110166104077050253233251571192958817
197222188038219092126135231820338906
047048030083194086003190093395200417
015043163113199169214223000804207606
239213054090205195120203004432577806
136053103158199137224114000804005217
122065244229231225123077000532577617
080202192148205166055177559562449806
197016034135251215148150004434039906
202217215109207020019138572750188006
044001143049207012140113004433789506
016012080235237042073098000802974606
055233073157237042073092000803958806
112081188215194031029096080680134406
073027146097237042073094004431467206
253102008178194031112232001233097817
213173043231244158083125052223541306
213173027181205127099149052223769306
016032017174064005155181000805750406
208190224003231225123075000000000001
047170001253237042073100004432980406
042094160057198247248212000000000001
007234225066231225123092000533702517
213175202214199168233077004430990406
047034001137205251203186565985506506
152110123184116247217133000000000001
083233005151202031043075579344678517
053061142057116246215223423960008006
075091213031237042073100000804198806
237042094175237042073092004434609006
044094100051205184038022004435653906
062194058225237042073101004435408206
047004246076212230061231004435018106
140066159086116246215051458080008006
116069050254202024006160004434975106
098133087068205180050239654680688106
139107089205205211057242000801706506
249018177014244031072105514132634817
055233073149237042073099000803154606
223239036184194041044195004435166306
044199208197192182171143004433643606
087242218253122195111160462330044306
235229058163244003024207036585294117
215180094002244158083125264240181406
044004189082237042073103004432526206
193130135067207001051078593963725106
213187199236198231052169052226069006
016008235053205239057243566550999906
047049200204244205136039004435472806
143011015043139113197200428781234717
021120125250194207240043004435057406
196093217045116246215186641770905006
213187199231212230183070004436056606
122028053057135079171142000803406006
077043209102192182190021503275094106
105083011058073165073240541520044506
117217112218194038151227541800688106
135059228086202024007173000801256606
044017097219131114015002004434308406
016005236014199137224066004456312606
047034096136237042073102004433000806
100208038186116246215071004434569106
007234109239193065063044000805712006
135211169115205218244149004436034406
208070209180215176003219004435583106
218225072142064005155195004436234906
047081085032237042073103004430239606
044002237020237042073093004430623606
047012069182199177082125004433363506
073027151207237042073105004432202406
114079162227199169197252555390733006
139058108116016233088200512920008006
058245242020199177255207092120930917
062200101139237042073094000804687006
034109020245219092009112097705328106
141183211149202024005228004431596206
062213169019205195121213004430231906
206166204180205071032190534930114317
237241141018205216060215004432292206
243054196204199169214223004433664006
142124162076244067211018004434928306
218225090096116246215086004435188706
148072082176205066137242000536154917
134164179075237042073094025151401806
116246150113064005155150004435221606
223043024040205180043173005875886206
109099114254212195004146040914911006
148083148054202118042058000531873117
037174136146073165079097634700044506
062204176094194207240002004430532106
041055119110244038060040575992848017
076177103241050056130221052224978006
196043026097231225123095000532183817
002196250027199171099248642325199517
237241135088198255186198000000000001
096043231187202029177162575016495406
124050093146199169192085004434915706
223010195092199138219075270185013217
114242108244199208052034000804932206
044073078156198231053138004431988806
044028015084192022164020000802755606
194195131042205251205198594674954417
217166051016016229037218584840044306
223007030181237042073100004432457206
110063029229244003007245500145648717
149247038031205199052076004432716806
092240024142205251205173080955962306
123188123209138152125118004435224306
047184173096205127098088000804662906
254116215086205251202087431284978506
114116227109215007246013080003651206
076084243097244031127023514130348806
058026242072205098234019291644042617
085132019125073165104005617780044506
253102008178198193177177001230012317
098229228189212196232227501064680906
112081189113244067235094001234918217
133036080001212195071106274551021817
044003205117116246215084004435727006
109023104118199136084112493970106817
089021161113205199056133125670044306
126003132062244157133060000532889017
243054196152244067211091004435885606
036223184112244127141129478540808006
062195087162199177248018004435424106
223046010040193065001042004435979306
047107188058131115183089004432658306
130044040114231225123076000533921817
226154176178199152011002004433726106
200223024124212227133041339302354606
113172105253199224155189028705801217
042204063195244038133045060084768717
085081069046205185134075004435767506
214003100043073165089180604780044506
016012080229237042073107000803740806
044085251049199153097049000803319606
239213054093205066249247052223902206
002141199001215160157150410581876717
213176048107205139035089052226032506
096181140172215004019210033935740406
083109012155131026048062420090044506
047050000215205239062137004432698506
016248185159215106046210004434442606
125145253090064005155244004435166906
047162250155194102254194080004973706
057184217041193232175017001613991406
131099069245193065011117004431408106
034080172020207022031098442640002206
098122221061202030105017056852824317
075091210244237042073092004431270006
047123008040198231235160093393496217
083144219017050065212051579010044506
041144237072237042073095000802867806
088193162154202029040062100462536417
022195047082139096098160081162358117
237135129047215161077093000805969906
073148238130192030029244004456152506
044039102251192031167041004430438006
111205163112205185134068516971250317
062213143060205167104077004435166106
044025250041237042073100004435948606
073155112254244127022186004434760506
055225019092193232169046000000000001
047100038064237042073096004436442406
124101052210135079171146004431975806
048167178066202024007099000800215106
070040004067202029251078000000000001
047048223029205199050056093394351117
090218213151199169217026559120338906
100197034181202024006232004433693406
129023209110192182168043004433558506
047096229206205199051210000000000001
153145017233202118062080004454958106
140076018204199224149004004432652706
034040179207064005155189004435894306
201160157128202029210180634200688106
097133082094231225123072000530266517
027109053168202027109246509810008006
033038140231116246215071004433507506
044073177237199137229239004436044406
131184001166231225123074000536535617
093041038053205239068189407370151506
248199008238244248041052600580113317
135168078131064005155231004434329006
049142246218215163200054603120102617
223239038191244158139070004431246306
103136021029244022028050453221361017
148083149183244067133125005142183406
133226200142215019014000093060515717
218225090060116246215071004434030806
119163132079205249007131077775020306
047026008175207001130205093394712517
013192054038251224032205004435955506
062252235010212202218019004435264906
213187199234244205227110004434469006
070243078228138145222067000806298806
050094174123199177241205004453896606
195223248234199224149005000804944906
076084179115251215118253080023592906
125020145195064005155139000803727306
044027179127237042073101004436058406
200017032114205099159159641790143306
212235193123205219217144000802656306
069207012058240063114060547500008006
154129155078138075186099482810002306
210030029151205126137115004430869306
098002232151194207242006508442048817
073165008134192182238129004453318606
201044119210122195111160603420044306
109193075101205218041103543885479017
047090142164215006172181004431999406
016012080222237042073105004431588006
147107082040199168152210068816294017
130044040114231225123094000530733017
075091212229237042073104000802870606
100124117058194031030186004436017006
135157217006237042073101000805954606
016012080220237042073094004431823406
124210159112205183034225004435769306
016012080210237042073105000802266606
047091149162251196144027004434936306
016012080213237042073104000800224006
101099058045193065070237000256178706
049107021094199224102173182603672517
049097072145139180038024566960008206
228209238232135079171145000803212706
244199180007202024166134000803286506
201144042032194041046019538570808006
197143138162192132028181004432660206
237042118032237042073104272300044306
076177103212205099159236004432640306
075062217254198243028002000806038806
195023145068212194147163068816162817
044089089101237042073098000000000001
042020064194205217084160389710002306
223007030183192030062126004435333206
062241063002240202184160004433994106
206165096230139010250152493630005317
114242108244244158137110000804949606
206111251194231225123076000532894317
077023208110198193185149199921119606
140173240231205239087212004435984306
008069239058198240170209000804164906
213179055007198231053138004436058706
100208217209231225123076000534563417
005002040122244212229124639902272806
103229088191193065004022004432688906
131208004228198209142018614562730017
213175253234205185134095004435735906
149042099213215162121002092170930917
210030029151205098225172004435557606
122027138110139218240211000805138706
204180177191207183152092068810688117
247003110196215162167253092170930917
248138140087205251205218001233592617
127168149027193065105226070795157506
073024225211237042073105004432815606
044004154111198231053138004435101806
078142083235199169214059627350679017
047012119226244003026171004433807806
135210139065244038134057080004925206
016012080206237042073102004435826806
149054242228064005155233000803866506
066161103183193065055022068815655406
082242143175199137224001000804965706
016041098161205125184118004430336006
130004046202192182210045000255492606
062202173206064005155148004433417006
044023054135205055135041004435684006
044051151013205195122110004435807106
231148133201205218245056000802879606
040244221208205098233217397260002206
044201196116064005155209004433752306
244200013172139072053034000800984506
131198058146016230165013000000000001
016012080215237042073106004435220206
131190122252139143018199004434260606
077023218086205113198154092120930917
141236058236231225123080000531858017
196055172072199153052073087654893417
047168145218205032026125004435034006
062228084084199224154086004434405606
070059115114202024007164100891747806
081003213186240063114060326630008006
206168183181202030067194200902540917
223007030181237042073103004430660406
218225090007116246215086000803523906
216038110165202024167042000805178706
215144221042050062034037004456084206
194228068043198241202211651540044306
044068040039237042073095004431395806
097133082094231225123090000531589517
143061076069193065094038004435535806
044095157232194038091189004433140406
210063214155064005155175000805119206
072165049076199153102059527120114917
044024100210064005155228004435864206
063161039000205180139218004430199906
058034126050199223113012178720106917
075008247141199169021240000804025906
126161098005199204097185004435498006
090106201129215162051208238960002206
213173027165205216101013004430660706
213179055013205218008145052223085206
223010192237205218158082000802705406
102077081105251196218134583164813906
112167224192116247217234000000000001
047034214121237042073096004431211206
072011211058231225123093000535843017
218225072154116246215073004434931506
141236063242231225123076000535413917
080128002086138145203016416000044306
134192074252050065235048361200044506
223036223060205230158218000805109106
073155112250199223124117004435141706
124202019080202030151009004435038806
058101134255205212182125004434962206
062244023238212195089178004430309406
076084179115198220155067080025640206
063150146075064005155228004433667906
016049112217064005155245004433769906
021120111088205212182061004432062306
148068184009215004018236004430823906
062192142166205055131117004432782006
146041217165205071139075119035264917
021120125250215177139082004435206906
073027217212237042073096004434750406
223014026255205032251045004435224806
083164083141073165110158023060044506
076177103220207183080028004435810806
097133087047199192040127000535849417
047119178233192029189059004432629706
226154176178199223125092000806393706
218225091066231225123095000533139917
218252057255212230042065000805231806
132021032185205211122026000000000001
196114107254064005155182000804191206
050075073147199169214218320053311506
044220067216212227179141004432684306
047100068026237042073095004433472006
143090042085199169197005004434723806
140078028073207020029041557220905006
135072012167244001019238437394567006
016242057048205098239106000000000001
064018108012202031021214565293919317
089228050162016045106040000000000001
197202027124205184077093080805385706
254216197182215106210142004433309706
114064185161199221119051266385830417
063175132162198192205245559420900306
149158111009199221114102000802664906
044006044041237042073092004430605806
063175251023192135131125004435599206
097161187119205250089242222135133717
013157237005212195128204052235591406
148083149025207020027213005140641006
251103139024064005155234004435177606
044009196231205032020221004435063506
016012080220237042073102004435226406
197122065207215177165029004436292506
131151065185231225123074000534040317
131192122227237042073099004436171206
127242060180205212176066004435036906
131121155099215255017070004435027006
075061128250194031028174092103759517
203203182002231225123093000534391617
119049193093064005155132004436337306
150143083151202024166136004432952106
062232029149198254094250081101447206
062198118118212195071122010033761406
131190122252139143018199004433156406
015060000106073165108163277440044506
248176000136064005155211004436309606
044092253132205112191079093394586406
101017008070139093081130000000000001
148136035121205125089223000000000001
047109136094244089082158004436078406
122013089051016198224000351080044306
128116215186050065250115615030044506
195047200070192028110123084080002306
086111146078202024166104109174916306
044197116083192030028053004430328906
245039055212207020019036000806022206
099019065061192182159199543192765106
124243178072199135047086000804922406
103245144180192028052217452973994617
135079191090135079171063508920044306
224115018174198247224191004432762606
073155112254205126032241004435949006
134194243123202024005170019354758306
213176048230205112188079004431821506
196055203082135079171104004432462006
063166040176116246215094000806336306
044069006114237042073100004436179006
197085153095073165105120514120590006
152009175082231225123078000532472817
076177102192205071139022004434689506
076084179115198240170209080644705506
126227052234231225123074000533015517
047111041154237042073101004433441806
062253070109251190083010000803557706
047081116200237042073095004430913206
213128084014244031072071208321577706
113106023132202029173057460516243517
044207116004139143183012000805788906
124101052205135079171146004431634706
044087192060215018244002093394941006
047160238065237042073097004433183406
131134146233202030135051001233504517
044010231100205236095042004435181506
151198129011138056077236579590190017
131000232124139130006207080044983506
057184217043199169196178001611530906
211023002087205180041183005875686006
030210068177244248074097004436210906
047175129129207180188197004434409906
047081091076237042073092000803384406
119136137148205125065119000801420806
205216158056199224148178000533566917
103113244108194017228064000225898306
091177248076192182193067062360012317
047034006047205055128122004430157006
135072013122205164122070348525925117
044059096034207023228023004434839006
197016034252192182088145004433384406
254216176122244157132061004435054706
224134237089193065001227000802257606
207214205140205250093233273244856817
044203177105207001008049004434942506
238204131083205126033114080815168706
196042210156199170078231000000000001
213187199244205055202254004432710006
025090018114199138217119047462555517
062243014127215177178030004432023006
073169061106199169214220048773996906
075091213055237042073094004432131606
152252136028205216164103004454958106
131010221129199224100173000531815217
141186045158064005155201004435773606
099140136194199224148155000000000001
244057211194212194089246000802762006
196043026097231225123091000531641817
196043026097231225123076000536274817
070243078216199136085035000804936306
044057144174215161086227004435257606
214191246043202024166223243914879317
208181140212135079171128000803138806
197013065169073165059112602930044506
016215208159237042073098000806113806
089075158127199153102059390156315617
070243078107202024006051000806375006
016012080210237042073107000801643606
047111037100064005155202004435767306
141218041217199204112136004435501806
013216083015116246215073004436167506
139169064229116246215069004433432006
062196183193244038133045000803329806
022196154132205055201036000802781806
044007208032237042073101004433758006
033228141051240223215108004435212906
254216004113199223121077100172559206
135084107064237042073104000806138006
021068197201138145240047004435247806
047050193212205066250029093393550206
122024237033016045106041000000000001
158255061077202028200111527640002306
119147106066199208048027504115564706
087160001177205184042218456820122317
052122102117205164099243004434229906
218225090096116246215093004436091806
005250098218050065216149553860044506
022212130245198247239142004435822806
044006226094237042073105004432616806
047011131201205035005105000800537106
075009173252205139035089000805775806
096186226185198247248208080804091317
228209093140135079171128004433056506
044084123232205167107197000805043606
047090109130199168158177004435061006
147159022247202029226132043250002306
112077070108116246215008000000000001
238041038218194043182149000805376506
070032087159244001168115509840002206
030214175185215163005000004435027506
047011147048237042073099004433207606
137157255169231225123092000533984317
129101238229135079171198004432403706
079121155115198241203060528500002306
048166059144212202099029000802647606
202217215109139105112247572754777006
044001110112237042073107004435575006
131134146233199177248169001233477817
044010159181215007244098004433193106
128062120246231225123079000535180717
044025062064237042073106004434512206
238204237019202030150000004434955006
122027093196205218074002000806211306
062232240014244248213085081160292106
053075245141219092207084010301525317
206155091153202118049109521115141317
063173024134212197179117004434435506
122027112146205239062061000805660506
044003159019237042073095004431716406
044060068065205239062174000800282406
058024242009194042201038474201047417
233123004056138091030195218590116217
047004141242212034079255004435154106
129023227178205066043130004434144206
213187199242205113206049004434846806
113175002229205216067105632970515106
047171102179135079171207004431673206
253243238243202024006245001231194617
073027199013237042073101004434520406
128087134179192182010144004653522406
137113235090212195005178124700688106
213173027180199168233110052223593606
119242050020205203249056543545686506
209207229006199169194038597110008006
103119022251194017228064000225736506
070243079058202024006027000803228206
047045155105205239062137040175785106
112081188215194207240034080680215206
148003126058116246215069004435446306
044006252250064005155209004434391506
047090172033231225123079000530569617
141218041217207008087096004435459606
139130165224116246215017527270044306
213175202200205127096172052224149206
044026009006237042073094004431112206
044002114207237042073105004430487006
135211169114205239062099000805237106
119132120170207020021072000802650406
197202025112205148083128000805030206
044077003234202024017100000804095106
199105095186202028195240602310756517
218225094005139180042039004435065006
044222019243212030157184004432661206
140169207157116246215085004434852006
097232113213252248203051180754596917
135243069222212030023206004435226806
213175195112205066245094004435405406
044009074035212230037155004434353006
062218077006131115160074004432629106
076177099133138091022066004435912506
116116093247199169214025099104207006
210030029151215177154198004433852106
207229033028050253170215185324701017
245212101173244212230125093404940006
059017186088135079171149104050044506
117106240220194078251230436113465817
076084179115194038155157080025750006
237042093025237042073106000805649406
148080143082244157132197004431627006
075062217254198209168148000803834906
047092105091199224103187093393934006
213176048123194043180021052222742606
213179055000240183033126052224451106
135148178212198243031005000805614606
044037186181135079171145000806031106
044003247154116246215074004433700406
002056069194215162113055425366134006
139169064229116246215092004434998006
213173027111205055205014004434927206
204232006072016045106041000000000001
044095140166138091022122004433013806
135238185058138091023085080820757306
112178096107139005144047080813058706
123188126162252248201183004432935106
131255054169205212236250592415837817
208070209180207001188005004434088806
103240064219135079171128004432511006
047028067231244038133045004435031106
044027105057237042073106004433472406
013192054017251224032197004430156306
062198045192231225123075000532776317
149078063148205236148014085865614906
070093045098073165111051653410044506
047119039016205194213047004434488806
140169207146116246215085004436063706
146017019058231225123094000533123317
128064036090073165034157609150044506
047081000167237042073099004432513806
042244042001205125126207369243728606
044022107170205149040212004434639706
112129222016139143180197199464365317
253102008178207012141193001230012317
140158233002231225123076000534563317
113175002229207180015129429900518306
110121075213202028156149089994311617
044068040242237042073092004435326606
047028255048215255202075004434809006
133221144080073165059123372110044506
002205003165199169214062613154877406
218225237171116246215056000806429306
238063074219192166172029442200002206
148083149175194114063138005140698306
239213054013205211030011004433676706
025225167170192254115188161926286606
245098122074205184073173068810102417
063164170031205239062186004435119106
239213224177205066244248004435734906
247124079239202028067147004435341706
131210253052138075187235000805733106
140169207158116246215069000803508806
223007030181237042073096004431115606
044199086127207008086202004435485306
131112111218116246215223651750008006
196115135089064005155132004433759706
062225255224199168153253004435125906
237042080203237042073101000805495806
128009252107231225123073000530917817
044087060074207008085108004435462206
064004255129231225123095000533224617
218225236209116246215240422560904217
125109124165215177165038000532656417
202217215109192182024068572753444406
075095078157205125076061004455818106
044095247188205250088223072755711806
131252026055244020059238099871140817
070087101117138147089186031285276306
213179055127244205130246052224441006
062224143222207183082230000800259506
055233073154237042073096000803965206
141236063149231225123078000533661117
247003026164207001006072000805756206
076123171040205071032190010330113817
213176048036205127099103052221782106
210004157116198255170093004435228806
044001001217064005155180004435949906
044011002071205238171227004432171706
213176048000215005011044052222415906
213179055091244248042018052222669706
002164215071050254130138630421338906
047185187116116246215076000805105406
075067180034205250037226080651000006
016013196019205125076232004455532906
058045012197198252032156001235906917
032171105033202028190250099983742606
218225236112064005155210004435196706
053196095214073165105113642510044506
130017247253050065234056616700044506
047110181203237042073107004430405206
140075194019252248201180004430661006
055233073152237042073101004435147206
016147137151199208048199004435096206
034074203253199136065109000535017917
053038234152138145213107326136470117
092034162138244038134057202600808006
210061095130240063017189004434481717
053197164133073165069138644770044506
077137031098251224116037185455675817
044210239177215177242002081081003717
062194089059199169020080265316102117
109040106144231225123094000532997717
047160113040237042073102004432073806
072044185106122195111160397810044306
100222069210240063017174004434187606
218252100108240063100221000805278306
135243074248194078192088000530967417
197030218116198255186198000000000001
116247053067116246215073004436203406
044068100254237042073094004433736806
074227142108199136091120068825147606
016188015042205113252251382120905006
148137139143116246215074094825629106
130149123147202024007158000802879606
077205075042215176008130651020405717
113056137006073165059083197220044506
249157228007194086008103590240338906
047028043234207000084153004435285306
047188046139205187184085004433551806
131134146233202028171176001235124517
091116118212202029185216235604929706
130004046202192182141079000254729406
196014049129231225123090000530342317
131231213218016229047045000000000001
223014026255192182090213004434653706
047111158061244001196166004435494206
202217215109251224252169572754333006
044094204103139143181050004434237706
133233243058192030039016506451432406
206157040181205239062061004432746406
075000118028199153047024004434601406
195095153178205055128226204802768417
247003233169212197210001493460596006
237042094172237042073093084840044306
213175202127205055201232004434378306
247003121223198254090201000800907406
066255002053199169197049145872834417
196043026097231225123078000531306417
048166059184202024007034004435575806
132222122170205164191130343145983706
005241016158138071031187000536418517
237042071025237042073095004435307006
062196047072237042073102000802374606
044006252250064005155209004434502406
149078063148205236156227085864928106
016215058072199137232028004434754806
139130180053116246215223614080008006
110242229028205184066205594010968317
100208217209231225123075000532046217
041150227112215177242185052220452206
114091154182194039040229004434270406
135238180080212030144061004435100706
123188126168198209178074000805746406
237042090150237042073101000803516806
021137021052116246215121004433668006
131134146233198209159039001233831917
225126014230251190163139276302464317
044008063223244029049058004433395206
044068187143064005155229004434173106
047046236214199169012057004436223406
094089131033202030014153225075574206
016012080195237042073092000801536206
101081106071192182170117004435041906
062242253163205200242128004434212006
047032016048237042073096004431831006
213179055095240063017189052225646906
016012080211237042073100000805995206
094022102214199169014172218745835517
047124137016205149041228093395028417
044004098210237042073106004434176406
218225090096116246215086004434033506
080185099016205071032086200683918817
048167202045248240123169000000000001
236155165162199220209131000235280506
016012080232237042073099004432798606
123187043142116246215094000803651706
016043038163116246215051510550008006
047050177076199152012220093392417917
064004255129139072051021000533475117
048181199121202031188222180015027006
044049094188244205137133004434417406
030214173103199224155225000805903206
079044078198205180052082420532014317
016012080230237042073098000800594606
047091067234205202141174000802736306
208191005106205112188162321000103117
063160069115205032026100004433056606
201206253243050065138187497100044506
237042093031237042073100004434342606
247101131063205066251229004435805806
193203104102138030196014467995199706
135084107064237042073096000803474806
249157228007194086012111592340338906
044001009033237042073101004436097606
213179055000205066251206000805439606
074104221069212232020064396174262317
075011030163139212123098441751500106
080203076048202030065098263474925917
070028006124205249054201627580002206
218225234175064005155235094823974406
063170207073207183082230000802779806
237241135120198255186198000000000001
149016100024192182221166099992631206
016242056115215177242083000533387417
127198129018215161104084065660012317
202017126114205239079024050600524417
092016226207202029053031313630899917
035118047149215255200002456825942217
250015240185202024166216381570304017
158044179008205098029246589192655917
041150166050205251200212093341927506
130150037145231225123081000531350417
193253220039116246215053519090008006
100208217209231225123076000535994917
140065118193064005155232004435490306
152001058119050123214112004432921006
218225090099064005155134004434097106
193253252148016198230169169540044306
073155112248205127001030004435794806
063163199046205217245121004432631206
116247055079116246215034000803598006
076084236255193241061248080734431906
044000024175237042073101004434030806
076084087232199152125214607666053917
016188015042116246215180439080905006
146110110118116247217133000000000001
249157228007194086009240593810338906
072011249202199177248057000804369606
062198036118064005155209004434488406
044205180170192022160239004432647906
210030029212194038158193004430299706
075091212219237042073101000805817806
108233175118202029255175317750688117
044000083182237042073106004431692206
130004046201192182211033000255524306
099035121241244038133045069041258806
213173038229205216060033004434932406
122016143106199169214062000801943206
075066106112252248147068004435150506
244199180007202031036050000804930206
048166035223202024017194000803366106
047124226069251190082058093395721717
121149058216138075179238326066290017
202217215109215018170116572754333006
228079014116205183043103079970104906
218158088184192182225183044336183317
223007030181237042073101004431824806
131174242045237042073105004433966206
153173169042193065002217000801920606
243054196132205217161053004434990506
047186024218198253200189004432353106
070243078228194043176020000805442006
073027220135207001172237025982947006
244200013172139072053034000802853006
206089105236194042036100614592427817
116152242073215018244002000801292806
213173043228212227182109004434781706
196093167105116247217066548270148417
147093182056251000115140268214085406
197143138162205164190013004435383106
082219105198194042038129160013389317
034060233182207180054207000220380706
016012080227237042073097004432153006
062193127114198253200189004434622806
099141102231116246215080000805890706
075010184013202024167189004431123306
044008241239205167104013004435137806
224237107122205249050002494172628717
196115250150116246215120004433969806
249157228007194086012091592790338906
114091155104212030203103004435781006
155038086096202030212242000806016406
096133245188198192214082020230338906
213179055087205055201036004435443706
245212079016244067211060514131993217
047119044094205239061008000802715106
196054254079198192203050050010102417
062253109247116246215071004435995306
016098134156215018163219255650342606
223007030181237042073099004434358006
044069006114237042073107004433334806
003144073030205125081080004435009806
047100056104237042073101004433091806
062205051026207001173114004430317406
119136140102192182132242004433392506
237042093030237042073107004432869006
063167242100205238171147004432172906
044029121112199177255002004430557606
192123234042205250089242413315133717
113175002229207180015129109540531806
106162017096205071045143131015899706
135243069031064005155203004433503306
140242209138116246215073094823676306
096035119233205113194101575486014906
075067250201205238169180000803014506
119049203242202024006142004436517006
134164179146237042073092019106324406
203203183253231225123095000530580017
008074003150192182098088004435112706
044060128138138152126050004433598306
218225090034116246215092000806077606
148083148055202024005094000533345817
044214094099205236226103004430383106
016245219142205211122025387690148517
062227072036215013072176081145865517
021120108091205151253062004435116206
083211198042198254094226080020138317
047175200063237042073092004430694006
196054246093199177085066004432679806
218225091066231225123074000532200217
050051201132207001130247238906328606
132059159037205199053093053534095917
041150227108205216101050004431472406
141236058114205139032210000531275117
022194213104116246215076004433807906
075225035185064005155193004433759306
044068198245207180188197000802711606
047110172151207001130247004431783606
076084179115138091023053080645197806
062197064083116246215082004434100506
137169187029207009048017000804854406
158149135050073165065247514350044506
064031252011205148025181591920905006
125144201222064005155103000805778006
030015080211198255186198000000000001
122013122213244001196017004432752406
070071046250231225123073000534310617
213175253214244248205071004432958706
195200015194050255212237514133866017
050048107174205250095206589490117406
104103227144073165228025467970044306
047111122036237042073102004436165406
136053123146202030003083000805320906
134042003124231225123094000534566017
197045127144231225123091000532965817
084054064070199169206186500386027317
074109197214205217254181406855215017
111234250008215176008218004430406006
082121091110202030198244004433310406
207116060198198033051090000532347517
112081188215205213185107080685054606
223239026122199136078007004431352406
148080076043205125076076004436184206
021084065195064005155203004435179206
112178096107212230042118080813406406
127101029093192030106038521663049517
103245144107192029095218000000000001
073169057104199169202220083006195317
112156149145207020022021134903072806
063166107152205250095023004435251706
245065070036244038134057464030808006
016234097244251215113218004435846806
016253002248199153061042617100905006
141204003055202024016125000802391706
087151121043199169194038610230008006
149035039013116246215085000804629906
223007030181237042073107004430928606
194147212233212194172208046110688117
128087134179198209185105004653611506
125086062047231225123081000531488517
237113105036231225123091000531789617
062196047072237042073097000804456406
148074064187198253172174000536093817
223239026122199137224184004435034306
044204066086116246215085004436171906
068126020095205203249056549535682106
200124200090192182193067192360012317
109015213088192029095208089992744817
100208217209231225123081000532159017
044002161222237042073096004433968406
132131226145050065172180019390044506
140169207157116246215068004435183906
134009113047231225123074000532928817
231148132145205166126197004435346506
127107231251064005155135004434594906
030015095017198255186198000000000001
247190150072116246215068004434568506
047123057129138152126074093394870206
108120246019202031079148472644963106
077190106160205112188193235293823217
129085134187202024167052059382742906
131190120055139143018199004432529406
127107225023231225123092000533020017
096189055102205033005181092173831217
030015069173198255186198000000000001
047170193022207183082085000805333006
140066159103116246215220506040008006
196115231154064005155192004435308806
213173038232205251202106052225785006
044002171124237042073100004434352206
115232104178251224088150289105521406
131134146233217010239082001230210617
140255108222192029209118004432706406
131174243013205236237157004435401306
218225090096116246215086000805736506
201248056170252248025120268860012317
073171192226199152014237000802262506
119132120174193241061248004435622406
069038004130207180012223004433690606
073027144088050122167218004434971306
131210253054205217245218004430311906
223007030181237042073103004433269806
106219252141251224004251000000000001
140169199221064005155233004436197706
248199069105205127099158040005705006
206157040177215177242010004432455206
114071234246215177108041446992359006
047011184196237042073095004433892406
044200160245205250088102004431705906
057184217039050253235093001613999506
129107151058244031009056254614891006
044068123008237042073107004431532406
131092225045205032028130080805314306
036165047000205211054118081730810717
100202255180207180012223000805913606
047081124095237042073106004436158806
078089026059212194251210439910002306
228079155183212034079092533850002206
111224149012244248213082004436014906
042093072230202030148148361214111617
055224120076073165108192600110044506
062198176191199153047007004435599806
027121122210192029085115390273611517
141198057159212064145050004434974606
243054196153205066143045004435315306
210030029151207020028220004434698006
158149135050073165065247513760044506
124210138229205218074002004433038906
021120125252205212176066004436369606
089252147124194038095201000510005317
134164178113237042073248020010200117
196177092086205194242222004430788706
218225091111231225123091000530416517
211204047010139061080223068823678917
044085248041219092051165004432123706
137181131133215176008226004431474606
044202192177207180188225004431039606
075091213058237042073092004435345606
135211169115244038061086000804938806
218225036163116246215085000805180006
047081219017237042073104004431401806
062193228068244157168169004435714506
119132120169215019012001004433050806
048181106054016230168186335430008006
090051029223192182193067007140012317
105008076232244127157143623480136917
210004148219215162059117646360044306
047186253131199137224016004435256606
103240064219135079171185004431597306
044039082228215177165018004435837506
202217215109205166050226572756111006
204114024137198247250046004456200406
044210030251205070215247004434795706
141236055055215167114194004432740306
104081092122215027187202538452645417
089188023254207022045110130002662417
210206026081251196144199037590038917
007238181108116246215242520030904317
234209155177198243031005000805256606
217242091103215161105065099264921706
148097182081192029084149000805496906
247003233169212197210001493430120106
015043163105205166254146000803852406
016242059088199136067118000800423006
141236063126135079171140000530795417
195072182072205184032103126954798417
213175201184215255202116004434999206
119132120171205251205198004435157806
131134146233205113202170001234176117
002061124058205180085094541510016117
044024248059237042073103004435871806
231148131170205071032076004435227306
213173027116244205129238052224619906
197043153105237042073103000804893006
239213054028207183082230004432932406
149042099213205071137203092172671317
062200101139237042073104000802531006
110182007171212064082018548893941417
135084107064237042073107000801623006
223239025072199224153062004435509906
075091210214237042073092004430573006
062203076242215163115082120000341006
076177103218205251205243052224159506
122016143082244158083125000802702706
140158138121212230061008000805959606
157121074043139093091125550680044506
105035246049205139035045004435370006
213179055112244248042022004433351206
218225236073064005155210004434825906
070220076084073165034048506370044506
005241016158138071031187000535007517
079047002213202030189132649310104317
143011055062116246215051536230008006
049249102157199169194038386470008006
016242056115231225123075000534678717
103171137174252248025021010260224517
131192122227237042073098004433143606
073027199013237042073103004430500606
044003174116205239062133004433408406
234210002149205212179110514131518806
025173129146122195111160107380044306
204105086249192182086043214044833517
213179055077207183082180052224328506
091229069088244003007227317106012206
044009213179194038093069004435698006
041145056035198253194012004435524206
073155112254199224149004004431983506
086039251039205126120223617465086717
047169094069237042073103004433313806
062228193004116246215071004434018406
134164179075237042073094025150923006
044069043077064005155209004435300406
213175201176205187186221004433284306
047100179217237042073095004435649806
070223015171199177255186145415857906
213173027104212227179066004434794206
141186047157212171014050004435705506
127233182157202118042194000530716017
076084236255138030192170080503875006
036218200065199177251121458360002206
195211075191215007140142540560208806
141236059007231225123078000535585917
044085211009215007236036000800253306
048181106054016230168186360980008006
223007030181237042073103004434647406
153036046103199224151090004455104406
196043026097231225123090000535373717
108082049069215006005174222224417317
104090148240215004019210033895540006
126145194206205211052152045463696117
146017019058231225123090000534421917
248176087047064005155230004436414506
239213060003240063017174004433979906
202217215109207020255017572753222006
119132120173212171014178004434994306
218225161095116246215014004435676006
070243078228205138232161000804940706
200109040173199224099045080925426306
226154176178244003025195004433296906
044007060143237042073097004436024006
135243069212244158083125000800184006
116069050214202030165118004435019206
044026009006237042073101004430829406
141183211149202029053054004433910906
047168173059064005155246004436443206
131026062231135079171142004494631906
140169199221064005155235004436272106
125086184177199169198250000536277817
196040118094199153061042623460905006
016030106133202024017116000805764106
151198129011251108224065526440190017
193253173233116246215053504300008006
135229197098205184047011466400888906
149247038110215177242184004435097506
239213060015207183082230004434839606
044055042110205055130070004434521806
047038071178215167112210000804048706
119142160213205251202105004433750517
253102008178202024005117001231559817
063161163089138091022105004435562506
032234102059205183043066004653819706
013216141173207001170186055045731317
049239054246212195128205089992560306
062202173206064005155148004433419006
076084079125207001128086004436233006
088054103040139093095063304951121117
042204060035205035005166070083372517
071010139048212195133137066724019217
041155068095198241201079000532070617
213175202112207022045038004432486806
062192107145215013072176004431380606
231128055195199152003235579860549006
047081000167237042073100004435371606
231148132113131115180250004435060106
140215073215193241062039500005023406
073165204244139061080170004456069706
113176003160212197179250010242813617
197043153101237042073094004433848806
213175253213205187184005004434956206
127107225022231225123075000533157917
148067083126212194251002100012627306
042204053175215013072176070080599917
214169020186251196145111068820899917
050075214090202031168026004435356306
213176048029199168152146004434514206
130150037145231225123074000535752817
223007030181237042073106004434539406
042206178198198243031240251203219817
237241143087198255186198000000000001
002076214007244022253106387813824317
148067220032192182220098000532793717
021120109063198228176178004434989606
053099253153073165107034624970044506
210013229086240183051070004434018506
016149188226198209156153495295483617
047119207040116246215079004435270606
007234225066231225123095000532118917
231148133114215163115082004436053506
044003205117116246215084004433826506
070080035068199152111204359711247517
109237218022073165111099650830044506
119173076022116247217234000000000001
195186113182194207240039514340780117
106208194072193065086210000803920106
041146206045205183046073004435084806
238020104032205212224049004432632606
037078076133198247228194089990102817
152009175061135079171170000532375417
062200101139237042073092000801908206
133231219061198193186015617360688106
016012080217237042073102000801313806
135214201050199137227081004432379806
223003055197194038095204510430002506
200175215175050065216043618890044506
089230089004205217086024033896295306
086106156033205216101040000806460306
044054148007205035005042004431388706
058001024170199177093142059384916006
151151142135212194052098107784563817
047032061113199153038218300003866706
027169030122202028050202010240281917
044026127111212195124016000800221006
016212039059244248229162004434691606
136227068188192166169220477490002206
237042090150237042073094408640044306
149158116057212171148100004434973106
044024248059237042073095004431343006
249157228007194086008030591280338906
047168171093237042073096004433614206
109195136250207001003108524744017817
213175202253244158083125004432689306
097237152112251224032197474135142217
111024134160202031159113368276321817
016012080229237042073095000804449806
141236058118135079171196000534559917
213173043246240235108140052225433306
108167019165050065170219568100044506
041146206045205183046073004435080806
044059096034207023228023004434838006
030133200213073165069196501980044506
107056190060207020027130305301792206
192255043117016229036233016300044306
131174243000202118023235004433293406
148092183116199204068226027031331606
237042064232237042073100004431433806
210011251039202024167191321252134906
206155114021139072053034514172030317
237042090151237042073107468840008006
044073049136116246215071004433316706
075095166057240183033126330003350017
122028053056135079171185004431450806
041155068095198253220164000533722217
113175002229205216067105203610511606
047186241094212202218002000802628306
013025210167205167107181004435877106
044025245243138091022105004436347806
044039119194240235109085004435798106
058024020014215019012001010802680806
223007030181237042073094004433915006
140126025066231225123074000530104417
030193143156199208063134399256003906
076084179115205166010029080024417206
091233209225202031041184288853107217
218225090003116246215077004433877406
210030025218198254094086000805818506
127235039146205055128226004435254206
195163116087205236085009636603733017
127168149027202030009064070794939906
104053132204116246215246004436087506
016225161061116246215234539180905006
070243079004192182065153000803546306
218225162171116246215243358890904317
073027149055194114091057004435667006
047081091076237042073092000803360206
130004046201199222140208000255173406
206157043133199137233223004436084106
093066215207219092207093068890933117
148068187203199168152106410195517806
213187199254050254095210052222723806
112001185057215013072176540171211806
106096110037198252024204058700038917
016012080224237042073099000804126206
244057113071207183082162222220261406
080072192244202031188221543124360717
062195087162199177248018004435424206
044024116039237042073093004436258806
148067222062215007246013000535766717
047100122012237042073105004433866606
102076052037192030127156433076104006
245103089022122195111160377950044306
007237234147205098239109519870148517
147147117171251224032197213515851006
124101052211135079171146004435648606
223007030181237042073098004435523606
044086061211215177165018004430561306
125101146243205251202108004430141006
149054242178064005155233000804811006
016012080219237042073096004431743406
048167030099212227066119080005188017
062208148094251100166229004436064706
044038038054205236254229004435266706
062196102009237042073100004430524406
047034040082050120176250004433720706
213179055068205166056009004431511306
063160129203138091017015004432683506
047119173016212227183044004434135106
079209195041244029212080270320102517
032181035175244031127218059384922006
070243079058192030124055000806234506
213184192006205211030023004433877506
025132034110212230228014393014729517
133127045036202030006105068814983506
208181140212135079171167000802722306
213179055079244205153008052225550206
044039004103251073163136004431125406
083120015160215007246013000000000001
063174184033064005155158000805469606
102085232164202167044253568786469706
007238181100116246215243371010904217
058226202246199137140191050562633017
142154187185207183147169000806307406
016012080234237042073100000806316406
044003127078237042073107004432338206
053046246014192182250234000230497406
044074173040202024006036000806453106
135243069107219092204034004436510406
200162025220212194251014080135402317
105204207171212194251070598510104017
047063055052207001133117004430450606
064018059218205098226173000805665206
197115078103050123214112004434924606
091067169116217010236208138880002306
016035195064198193188089000530262817
200035249006199136009168182030002306
129195111113050056080150412870002206
199200179115205032025125417411099706
053070145069192182057077237811937717
196085001142202030105015482583862217
062196047072237042073092000806469006
044004063177064005155209004434931906
140066195199202024007126004434264606
044007060143237042073096004435937806
137161017049192030007216563680005317
030128158045240235017168364100002306
008075075174198243031005004435100306
008075075157244003251169004434982806
042054218051073165073245394580044506
073027040006237042073102004434819006
044016055188237042073100004432692806
202217215109138152253046572750255506
073155112254251224032205004434878906
105063140186199204120254160083070606
097132228080231225123081000535241817
047109177040237042073094004436497006
231128055195199177082214579860549006
062205196134237042073105004431236806
044004063177064005155209004433851806
238127066245122195111160600440044306
223010192255205218157173000805300806
077083142211050065250078645320044506
058249250047215163164237032775571217
135243072096244003173177000802642606
128064036090073165034159608460044506
146124016183207180012160059385067906
133240141041215163004203300205914017
062241119183215255200002004433761506
238041139183194100112019340760002206
047123073135198229188207000800190806
047160238065237042073107004435160606
044209252167207001175253004434637006
206157040181139005150157004433692506
076177099142244158083125004430335906
076084216018231225123080000536188017
245057185026016228003084000000000001
239213054012205251202119052225496806
002141101058138056035109108625538317
079121155115198243138252548690002306
218225236225116246215071004434499106
058025093043073165065037556300044506
044008143026212230180013004434642006
124243178072205250036146000804742806
214217161203139218240252062820808006
096133245188215177178109017690338906
088094108052251190163139000000000001
243054200207199220211162000803343306
047001235179207001013068004435233606
048166074155193065086210250005566006
016012080218237042073095004434087806
211038129079240063017174004435492506
021068197201138145240047004435247906
087076102127194043124051004654636906
016012080208237042073099004435827806
141183211149202024004065004435695206
092016004205244003005077560095652306
016040071252064005155244004436517306
202217215109205236232045572750144006
062213191193205213189151550180005317
044222125180237042073092004436364406
223239026122199224156157004435012806
213176048053194043180033052223337606
102106025154215019148157611824546917
076084179115205070214003080645234106
070243079058192030099225000804148806
099208045045073165059214591390044506
030054086185207180015129516300438506
064005212138205148025182412280905006
087230020012199169194038489310008006
016020219082205148085179360024742817
033189067156199224148156000804110406
131142018055205212176179004435002506
044026009006237042073100004433316806
239213234139244067234239052223400806
148104067192199171098198000805869506
249070079099205211060015001230012317
136053123146193065050125000804813606
062213000247116246215095004433811406
213175202217199169005047052224369606
141186045184251224117119004436320606
062209141095199152014236004432635106
122013121166207012133107004433525706
047011184196237042073107004435753206
044199180076199204067245004435228106
153039112164205249048218199935426906
224213113095215177154219629033740517
047105175246202024007085000802498306
114247049139207001170186268452411117
129048033106212232088214004435292106
216024167105194042195156174700005317
044000133249237042073100004436055606
073155113247251224006072052225035406
244057255086240063114060413000008006
140243042254237042073092004436066806
131252145092199152015184004432484206
197037227157205211052152533093696106
070243079058205218074010000802674006
047039006058205216103212093392689806
057184217037215163040240001613101106
251103139024064005155135004434061306
135223103147192182096179004436228506
100197061050219092126248004455180706
140078028109205211122026574520905006
044060234054116246215076000806268506
134134130179237042073097004430259806
113011059102050065250063626920044506
044008139092116246215084004434532006
027116193156064005155247094825148406
044084123100205166046170004435310506
062194136021199177241174004435363306
047111122036237042073104004432442806
041144006215237042073094000801541206
044003062111237042073095004434089606
136151110093202024006015004432892306
030015095051198255186198000000000001
077184186142139093095121004435835106
234121247099199169214080270196225117
075063140169194041038066000805228406
082102205254231225123077000000000001
030015093030198255186198000000000001
237241130097205055134204004434858606
087062241185138152126226004435431106
213189214024194031116092014431406806
047111131230237042073097004430733006
044059160114199169022000004435690306
149158122027205180031230000804000706
044023211045139005144133004430192906
119132120180205217254171004435184206
202217215109050255049073572750922206
140169207145116246215122004435976306
103139076232205126137110648201423917
146123138089138056034209286176162906
047170248188237042073096004435923406
124101052207135079171132004431551906
058152193088205211043031503413491417
047160113040237042073105004432549206
146004122211199169024160412470002306
030015093054198255186198000000000001
243054129193199136094210004434922106
047081091076237042073095000805151806
086046151170244022111102004435160617
058106249135205184032152605932267206
218054115029192029184242010245862317
213176048238215006005174004434089406
076177103220212227183053004434024206
070049107165251073188170000804651406
047170254249237042073094004435122006
076177103215240223181066004434596206
114067125030116247217234000000000001
146005143219050065214248562410044506
228079014084251224005253000804666506
016012080234237042073106000805267806
223005166134194115198043602155341317
055233073154237042073104000800292006
123188126157139093083117000801116806
106223230089073165080021614050044506
223007030181237042073103004433947606
114080052225199138218124000000000001
016012080224237042073092004433133606
062198036118064005155229004435770706
231148131098199177186214000805430906
041144006215237042073107000803189606
030210076086199204098194004434271606
047091248002138152126165004435371506
237241130097193065034077004435974306
072011141009231225123094000533477717
013026045073205126037194240501752917
048167194200199137234143050216110106
044206042074135079171128004432352406
134194243123202118047253019355428306
099128019251212195130082283764046606
141236059036231225123077000535371217
119132120171199224103031004432634706
141183211166202031095064004435253706
221197138217231225123079000533971017
063162147060251190082009004436417006
103245144061215161065110587040107617
041226124036199153046045525375141306
063166047090192022160173004432636106
047109177040237042073104004435758406
124085179020192182044183000253402906
070077032098073165073244584350044506
075255020109064005155193004433635606
044039208120212171083065004434028906
215180093109205112188173178480429106
033163048167116246215077094824817206
135177070024192030007219000533334717
034080172020207180053237425740002206
016249230245064005155137490850148517
195222041194138145213185000802869406
021016162203215018093055004435824906
203059002040202029090191139624811517
047160158051199208049150004432647506
048166059154198254092072004434205106
197014207023050056157236174380688117
197122065205194038092206004434250006
128121247014212230042126004436042306
148068186151192029060227004432758706
044201140042202167131168000802021706
140065118211064005155137000806156706
087150007032192029094254610590312806
223239026122205216067100004435889206
127168149027202031155140070766306506
016043038163116246215051453370008006
195186155255205218042200636625395606
027136162186194017238248011196036706
075091223098237042073103152940044306
133038129244205199053093010294095917
197043153090237042073092000803001206
062236234012198192209050081085400306
030214173024212232224066080802658806
140169207145116246215122004435948506
114226094090199153047033134044219917
047101246214237042073100004434699806
237042124156237042073092282940008006
044039226161194207242224004435412206
213179055103205113217161052223444606
114080052225205249060100000000000001
148086154093251190010037000532684117
197043153105237042073096144500044306
149167036121231225123077000536266917
239213054008205218072008052224277906
206205038061073165059125612000044506
151074185249231225123078000000000001
141236058236199177254245000531616317
057184217037202028153109001611703106
116086069182192029170002004433899506
106077218084073165109068641750044506
044024100210064005155209004435389906
141236059013194086002161000531481917
062236167248202167044253081145490506
074227181129251100165185593382628817
210192035098205217255004004434186806
105008207231202030240000548614918806
044004213176237042073098004434363606
203097230050139130006254512933743317
016012080216237042073104000800661406
040216082244122195111160016750044306
092044024234202029211177000000000001
044039099208205071042088004434945806
016012080221237042073102004430451006
013145150035205239053028100014058817
127107225023231225123074000535001417
008069239058205203255128000802689506
033239237020215004018236004430721706
110003200002202030182193525440002206
131134146233251000115136001235393517
140075251069193065007173000530897717
005085135032073165081249604110044506
044008077238205126032234000802397606
218225090096116246215086004434028306
044008227080205099159166004432931906
047100179217237042073097004431847406
213184192005139143180076052224700906
197164195237135079171197000533528617
044072089133244031011232004433816406
075255020090064005155193004436154306
064004255129231225123090000533658917
097132228080231225123095000531403717
213176048252212171135067052225614606
082051149157193065052250319103316006
050084201109192029209191144024995506
196154199205215018244002094945528706
223047225084194017229143004434965606
148067222062215162057234000536294617
111234250192050123139197004432673106
106215144212231225123080000531825817
047100179217237042073106004432089606
013192035209199137230254004435283006
025206019221073165065101575990044506
239213234139205112188193052222645606
044009173213192029186036066023466906
238174144015192182033174004434309806
140169199206064005155193000805913306
047101246214237042073095004435638606
044118236137205164099066004435029006
112080112066199177087109000805020506
044024116039237042073092004431062606
121149058199207183020061452903208217
021077234236251215115082163842885717
047024134095205218008050004435272106
073027006102237042073096004431563206
062242075111116246215069004435497406
083088210074205211034018542920808006
047124255076244020135080093394860217
092004083187050065234024310370044506
047107037243199137231133004435538306
047081007197050062034042000803805506
075023024069205180019104056774927606
124101052206135079171198004435337306
047011184196237042073099004434248806
047034214121237042073101004434147406
134164178113237042073106164220008006
050084201125212194202248000800134906
108062148157212202162180156190102517
141236058156199169198037000536480417
064004255129231225123091000531828717
141236058143205195120151000533080417
124156152161231225123072000532940117
238174120075207180012223100005839517
195222041194202024006000000805987706
123188123208215163167179000804025406
016212208183205194242148004434385206
201196129214207008081155597170103317
044068081254207001174194004433891706
213173033204251190082073004434132806
193253252139116246215053464230008006
044026121187237042073104004432355406
062197173122199153060118004431172306
193253153254116246215223571970008006
044068128199237042073106004434319406
249158180110116246215084004436344706
223010195092138030199047270186129817
110107135095205201186128270462872806
109159255248205071047175490490828117
044086051160199137232239000802277406
119132120180194041037203004435801406
195109189014199138218122619493117617
245108175036199153061038000000000001
136046212252205211006103398730002306
073027014245205164096210000805426506
197108079028202027159180472380232306
206115123108073165109160633330044506
016012080226237042073093004435056606
016242056115231225123075000531794617
016147136175199208049044004434521606
113175002229205216067105435650515506
149158111009240183051087000802679106
075249190070064005155195000806498106
195200015194219092051184514130714717
047176066036205251200179004435580506
193253218028116246215010645840008006
104237254135073165110171555890044506
132221134173073165109159015370044506
044069043077064005155209004434079206
062196119218064005155229004436393106
100208217209231225123092000534960817
073027151207237042073093004433611406
247111156026073165069192571860044506
138055207071215013075116045000450017
073027217212237042073097004430256606
047108134032215019149194004432623806
096241002187199169214025125930345606
016012080217237042073102004434096006
047028054052199208061188004435686006
100156141200073165107182042010044506
201248056168244038132217350640002206
113076009171050255049114010245032117
036223184178244127141129311660808006
103110093086231225123075000532263817
223036223060198193188000004432211606
218158088184192182226064004435857806
251103139043064005155235004433472306
152045067071205199052202004432313206
195025092180194038159036244313494017
044049016150138091022002004435485606
148067222062244029051012000530102617
047186039131138091022086004435773506
002002132232050253202188004435180406
062255163131205251205213004434252806
113109015233199224155194068905585806
237042093033237042073105004434745206
075091222085237042073106510640008006
044003159019237042073100004436196406
047036183159207012133059000802628706
134164179075237042073093025154180206
206218177034212195128204394183515706
044068100254237042073107004434755006
002002132232199192038254004433397306
131148087034192133087116000533598417
044208102091135079171207004433435606
249070076198194017229034000535382517
208191063139199208057054004434574106
044073104176205211050118004434688306
109195130140205212182122068810533517
055238126071202031056235207315553806
253102008178212064118150001230012317
124101048221199153111009019355112106
213176055236207001182026004435329406
075009218167199221127041004433977106
070032085113205212181240588150002206
044000190172237042073093004434549406
097117113136135079171128004435104606
070199019032194042037148618694778306
077188068005192022167203010314916017
021077234232251215115082163872885817
070231208181237042073101611200044306
124101052195135079171167004434210006
035213177125205186046038092472448606
196093065108231225123080000531330117
239213054030215255218085004432677606
249070079099207020021168001230012317
053082062242192030021254403451009906
138002113148251196216224392194569717
197030218150198255186198000000000001
200175022144073165172219504600044506
021091199204116246215070004433678706
016012080219237042073095004432971406
213175201182240063017189052224457606
218225193052205098239105000535962317
075010192210192030223162100180910017
134164179106237042073095025150241206
141186047157212171014050004435705606
141236063231231225123073000535186017
128103112127073165109027497810044506
057025233060205184032120546365600306
131184042150240183051070001230015317
197043152165237042073107004434794206
087230022005192029094254497240312806
044089087002237042073104000000000001
112081182041205185135041004456220306
062200101139237042073101000802850806
016012080205237042073102000803574006
151160036244122195111160415850044306
231148131114215163115082004433550806
073155112254212030198220004432632406
044090247165198222247204004432688406
044003062111237042073100004432469606
206114019112194086007127011552698717
027136167112215163005169386922797417
135243069222199222143150004434990406
135159110072139180038212000000000001
088094108074202029211177650806102306
044073119251205194216164004435358506
033182062241064005155193004433639406
044000015180237042073105004431998806
063165132178219092207095004432571306
213176048100240235109082052223532306
239213054079212202218063004435640606
239213224191212227176220004433791706
044210046085212230042080000800787506
044092233003205218014203093395853706
062213171242202167130027000806057406
047109177040237042073096004433461606
197041224132212195133130099994427006
097133087114205218244242000531939817
142094099222231225123077000532642317
085184196061202118062080004454979806
135084107064237042073105000806430606
200124200090192182193067132330012317
131190015249231225123092000531735917
116086068189205212182041004435151506
005192032119205166254043250100002306
243054081013231225123072000530514317
195069068164202024016072000805564906
130185185233215167114013414972790706
047084229098237042073097000805788206
197060162109205071139021004434138306
008107007128198247234143000805257806
062243112112135079171175004434962406
239213054079205217180050004434716706
218225091066231225123074000531010717
124101052212135079171132004431625406
129101238229135079171198004432432506
213173027187205112188193004432644506
044222129132064005155158000805477406
034120101217231225123076000531112917
022196110230212202217102081023850317
140169207210116246215092004434962106
192045089157199177248061453830990917
213173043230205127099193004432908906
047026193076205032251054093390193217
153037090212199137234084004435178406
044094004254212194054104004434524906
086172226227205251205198151013647606
016188225092064005155190000806133106
125209053054139113197161400326553506
153195111077199177255163077775936006
154160224091199169206250147230143306
047184142160244029084000000806406606
047028181190205166049094004436356906
122016151097212194054170000805159706
070243079004199208054196000803842206
156177079243192029094254633510312806
016012080214237042073103000802047206
044009213179194038093069004435700806
248199252120244038033200000534007206
214217161203139218240252059830808006
119132120166198255181253004430434406
133094099099207180051185351350808017
070042227163205180052082191432014317
077022001057219092009140233042470817
044005065233205217250229004435899906
202217215109244248072206572752999006
119039226251205066043130004433909506
141236058159231225123075000530466917
044057031003205164190013004432722606
030201077100205249004179273696189117
050051160020212202150023070750218817
085129108238205166126205654285099017
134164178090237042073248000000000001
086230167011199153102059397710115217
112081188215205070220141080685034006
027136152234205249010057037242686106
131134146233194102246111001234022517
113175002229205216067105360590511206
062254034078205066242148004435441106
082136152077073165079130524320044506
021084065139116246215013004436495006
093209072066139212124008039351044306
032076137197050062034037004455126106
130150037145231225123076000535984817
070243078228205126033097000801861006
044095168059050253171004004433108506
013216219121205249053193240202711317
206089105115212195128205422464556017
149042099213251190011114092120106617
237042071036237042073105004434265606
202217215109251224089232572750133306
002128034146199169214167002694333106
213173139056207180189166000800945806
224134233034202167129110004436458506
223007030181237042073105004432516806
106215144157198209141173004656062006
119132120173244157132061004435055406
062218049217207022045088000805521406
013159139129205211042144000806106506
062214160121199224110070004434896506
244200097154050122063101000804789306
101157080117192182159074254102904806
244199180007202030254226000805005206
098140138028202028146044192085212617
047119180040199177246111004432640806
197061129195205180073087092120930917
135246255132240063113219578060008006
042095067097215163101212341120688117
147180206230073165079121588550044506
047033096037135079171198004430431806
124247190129205164096216004433212517
238020104121207000069041004434985106
076177103250240235109082052224790406
217166051016116246215038577200044306
066191237013251224088130068892706617
016012080233237042073099004433176406
080207024235202030079024353692817817
245200139118207020027130044962586417
101081106071192182170117004435041806
097133082094231225123095000531312217
213175253200215177242184052224283106
149078063148205166008115085865830906
057104127189194017239253580300038917
062199082095116246215070004436004506
044057031003205164190013004432720406
077098076005194078195090405000601317
016012080208237042073105000804985206
124102076047202029034025113065371917
016035131218244003173037004435945706
202217215109215027201135000000000001
112154206049138152126210345175330317
103105169120202029042055391116078017
114242107248205239049229000803903206
131134146233202029255117001234465917
016032025242139061191102004430313906
062217180205138030255233004434101306
048164206124205035001136088411682206
044048105223198254091153004435035606
125084123197192182151194000254330606
057184217039198033161089001612221506
063164040164244205131220004435389606
040244221208205250094168463910002206
128219101075116246215080004434954306
097045036106205071047204309553480317
047049125210205098227145093394073217
044072136039207012140113004433878506
195222041194202024016069000804769406
113104171012251190074029000233495606
100114111110202167044253284666337806
034108125191192029092226207910808006
047050160042205251200154649810005317
070067248106073165104183492660044506
096014153092205066250128004433447906
047033146254237042073095004433296206
016012080211237042073104000804376406
197025047154050122228221533143483406
205211019085215177155093343125587006
146094052144231225123075000535276917
238063074219192166172014427740002206
047038101206212171082252093392642017
152148105234205164190034088425087506
016012080230237042073095000802874206
114242104156202030113215000804617706
044206154074205126032199004431652506
048030083026205216097116004435344806
044025058241251108008130004434438906
070243079122205126137100000802915906
058112221094198209170109000000000001
213128109051116246215223580580008006
035188029194193065103166340245544906
097133082094231225123076000533631017
041145253139244020057253004435645906
047107000071116246215083004434425206
096181121002073165034188633650044506
152045085031220021119250004435626206
091070114063050120179022570242642917
135059221234215167114193080040705006
133212140201050254094253250661201306
130004046202192030080173004655797506
047042199065199152008146004435713206
047011147048237042073097004435692806
133094044201198255211045177211890606
225197118110205148029186004434970206
218225226127202030021245000804045106
113098017095135079171145562520044306
197115078063205251200120004434861706
016245219142064005155139387690148517
248199040006244089100208000805234406
227197061053244067211034000803827306
044006226094237042073098004433919606
070243078107202028148062000805563606
210030029151215027045021004435065106
149158116057194042037153004435781106
202217215109215177152247572750644006
044022094135205236228203004434499406
133244161095050065188119124960044506
212230093210251196218162502535319617
088193162154202030183118092100910117
044222120041205183121207004432795606
225126186069073165054032048860044506
070243079058202024017105000803012206
131208002251205180032198614560102417
013025006111202024017204004434355306
042064175134205184038253619286527506
044020145009198254091153004435145706
213184192008244248205103004435642206
016242056115198231051221000535877017
062245058127116246215084004433645606
249070079098199152014225001232359117
062196047072237042073107000805146806
141236062070231225123091000532767417
016253003006064005155028443020905006
064004255129231225123095000535060317
070203234167205200147128512750002106
044054132120205180139153004433724306
085131125226135079171156649230044506
047063099163205071139021000802644706
015043163111198243031006000803516206
231148130079205216164103004434463906
044005105069064005155209004435696706
124142122160192182039136004655795106
062245204133237042073104004436292006
209088002059192182136127221324957206
013216161037215177242075004431780706
109240156130131026013099561030044506
062202143243135079171167004431420706
047190165126244038204221004432733006
047110173187205187185082004436026006
210030029220192182205198000805319906
204096127004212195089174004434734906
047011196103194038091109004434985606
063147078156198253196013004434943706
196094254139116246215202528760905006
097133087114231225123081000531489617
037166126082192182191137012515618717
119132120166205180102227004430681106
139129041101116246215059147220008006
091177248076192182193067619510012317
002075139128139128098013000806070506
044069006114237042073106004430858606
027136164037205185131147011195180806
147205246121205183043140005873715506
103119018174194017228064000223700306
083183157020050065214206056770044506
107107015100050065189087516670044506
195005227089139180038212036580365817
237042118018237042073099000805040006
088089213121199169197106083835239506
111234250192050254094249004432644906
221197096168198063097060004433713406
127168149027202024004209070762530906
070193225200194038091253000223809706
044072146128116246215079004434076706
044024248059237042073107004433014206
002002132232138145199245004432626206
044003159019237042073093004432731406
133237159022194043146152401625452006
007205051195194114059022004455957306
044024098189116246215079004434579506
044068123008237042073107004431134606
147138054222192182151208004654710406
127165132136064005155174000803788006
134164178111237042073103480020008006
070250047022139093084115070003753706
049026064087199136009069004435847306
228079063066205219174246004192752006
047100115178251215115082000801440406
044002161222237042073097004436157006
041055167105244248204037560523328517
112149049027050065170168645100044506
058024020007199169214218000803331406
022194084073237042073093004432907006
016012080212237042073096004436244006
062203105242207001186130004432710206
091098234203202030130156186063456417
062198036118064005155229004434419606
033182062095064005155228004435820906
054096251193215177154200000803614906
044055072216205236231090004435199906
237042093027237042073248020010200117
153071177217139180047068004434922106
044027081128237042073101004431219806
124101052208135079171142004435245306
202164162202116246215043626750008006
030214175186215163005000004435027106
106171179054205249041144541326086506
047059172239237042073094080535357606
151165113251122195111160337400044306
101106240057244031072029001436063306
070231208183237042073101108340008006
135238182035138152126165000800195406
047034096136237042073101004430865006
253102008178194042194208001232623817
223007030181237042073106004433782806
075009218153205164113081004434741506
223043024038251000165105005875705906
152148101101199169012173087384981806
213176048077212196235001004434810506
197155091173212171246035004432837806
112191120095199177081182100125433806
044008108211205236089082240105673117
044068100254237042073101004436182806
030015090253198255186198000000000001
140169207157116246215068004435292906
099035041018244038133045069053049806
099117205073215176008112584105026506
225117025063198254091153650045559606
049097072145205151248023566960008206
016195143024231225123094000535232117
044222082027205184047174004435207406
129048033243205139034077092172646117
048213031176202024006170080013861206
044068078155116246215093004435927706
127168149027202029002145070815020206
070202179114073165069050185140044506
062209212061244067235079093390236717
131184042150215019012110001230012317
042055115236192030115129337972676117
086168144155205211050215410484708717
044215081197199171109182052230231406
048180136105252248025120495020012317
237042071030237042073095000805437406
044095018118207008086205072752642706
047119180105116246215094004436012806
135243069093198255176133004430256806
025202120118202029249060471485471617
130017125069231225123090000532379817
044068040039237042073092004435788406
047037147210205187184085093395099217
047100179217237042073097004431379806
075091212237237042073095453140008006
016012080213237042073107000804077606
062204093218205200244228004435032206
218225090096116246215086000804385306
131134146233244001169077001235001217
211253200238244029049123569913833817
016012080229237042073098004430581406
070118185129212030202059000803050906
098139056101205250012082004435162406
044002114207237042073100004432474406
047160113040237042073094004434793006
008253121018207183128068000806501006
030176203099199169198037000534471717
044000015180237042073094004431786806
021137021052116246215048004434071806
099199218083205251202049504350339006
016012080209237042073105004434790806
213179055089207183081003052225722906
112191016153205066140095100003458717
238204156194205212182066000530205017
044050074074205217250145004435084106
033038140231116246215071004433419106
033038140231116246215082004434716306
044068047245237042073098004432107606
044201154111116246215074000804819806
016212010116198231048022004434483506
086100104039205217151125403320312806
044010231100205236095042004435175206
044054225080205239055020004434259606
196092076117116246215069004435421906
149054242253064005155230000805861206
135059241156205166145009513660450306
062200062195207022045039004434643506
103119187187194017228064000223915006
146180088161050065235183495620044506
245058156044205185136211070022625006
231148133054251100166062000805251506
016012080218237042073094000800816006
044024116039237042073100004431999606
077191088252240063115086407425155806
016012080205237042073102004435377206
210030025218207183157192000805228206
132242177107205112112215294115799506
149158096184199152119221060504925306
027107014004205212176051314976038817
203135199184193065070237000256191806
155244071024194017229107505810143306
044007103049237042073095004433650406
044003062111237042073104004430237606
195004056022205217247249651001145917
204165042081202029185216068891036217
056034230090194017238153000805105806
124045100187116246215069385363344417
044002217229237042073092004431413006
140161227057192022167224000804924006
044036102239212171082222000802658606
021020031204205164112014000803912706
032104114104192030029040089995156706
218225090096064005155210004435228906
088232176094193065062210441634007917
015074198186073165109193532860044506
016012080211237042073093004435719206
048166070169198033134178286225604006
218225236254116246215092004434530106
196043026097231225123077000531500417
218225091067231225123073000532989117
237042084201237042073093085840044306
047080031158116246215068004434586906
073165167051207001013053071714921706
016002252038231225123081000531408517
124101052205135079171205004434301106
034186039058207180013013092350002306
047036199183215006172191004434963506
096161129075193065012186004456206006
072044206023199208157051637950044506
113175002229207180015129373320515706
122030155096205211122071360633344417
062212136101199168234052093396386017
093193169081202031004112531244899606
057184217036202027113067001614402006
094045237091199152007085557120002206
136053047100240235109089191114973717
016012080223237042073106004431390206
062255091168215177242134000800679306
211038129098240063017189004435292017
196042228214116246215015401580905006
016195143015231225123080000531898317
064031252070116246215228415940905006
070071046255192029095220080112661006
197016034018199204067031004435823606
213184192023205139035230052225244306
059186187253212171043173516413490806
047004171071064005155228004434055606
133094238021251190163139000000000001
194131046065193065075082202133093917
135244038157205249054187082946227606
210018047249202024007076000802486806
070243078228194100126251000805036506
231128055195207009051104579860548606
108073001230199153045144064682397617
247003110196199171102231092120517817
044039223199116246215082004434375506
047168186061237042073097004433566806
218225090034116246215092004433470706
251103139049064005155234004434218106
093220004210073165054038648660044506
221197133038231225123094000530625317
112176115040202029206182068815141317
094020211129194017010132468270002306
130004046201050123081203000253809106
148067222062251100165037000530478217
057184217041207020017227001611366606
044010231100205236095042004435174906
135059219144205098029085004432799106
107092019069202030078070000000000001
213173027104244248041199052225120806
030208158018122195111160399620044306
058001027018215163166224000000000001
044201007052215161115146004434958306
248199110240050120063139068810113917
047125158231199152013205093392390906
075091209225237042073100607380008006
016002248216248200252010004435310417
147189022223073165054174466720044506
218225090099116246215093004433753506
139129044217116246215063292590008006
044003127078237042073100004434747806
200175237139073165172093353690044506
147159022247202029255223043250002306
002181183063192166172255042681529417
016215208159237042073093000802110406
106039158080199221119051519595830417
002224238162198033144017286070044306
213187199242205164190008004434265206
119132120158050123065209004436330906
232188068251198255170194000805823806
253102008178199223100126001230012317
218225196048116246215086000805417106
044039013037199169020051004434983506
134194241010193065009061000802169006
044222124249198253194250004434283206
157165042082244157168190000000000001
140065118211064005155209004434149206
063163213084198229021109529330008006
016012080214237042073104000801764806
062194058225237042073093004435132406
201248056170252248025120043560012317
209154060019073165079241503770044506
062196102009237042073104004436534206
042088174091202031006006478624159906
044025096147205236231218004431150206
213186190139215163004217004436078906
047084249086237042073096004436422606
063165115011212195089174070782624306
148067220032192030024250000536171706
044021061153205113216251004433495506
126098191002207001007108559590688217
195028177225199137231135000805140806
218225037006116246215087004436316406
223003158108202028128227004435508206
044001214142205251200174004435320006
048167185211202118075100000000000001
218225091066231225123077000531531717
225126037212215027185154036442736217
058091094032215177154201000822721906
231148132012202024007114000805446306
208178091070212194187123320053974506
062228148066050122062056052236245106
034080172020207008086221502070002206
044026181255237042073095004432881406
196154038137199204071252004453113506
021091198024116246215070004434222806
242037250107205166047068355850008006
062255201218251100143082620004983706
047091064019212227179006093395839406
069207008020199224098189352490312806
016012080233237042073096000804501406
149053203018207001000089004435326006
111234250012194041036067004432743106
062209009011205166050135093395502806
099156156086205212233124248740210917
246027006012139180042149559303874906
088088165080199152014196618562473817
218225237063116246215087004435123406
104210212168199169202100514133478517
100124190018139072053034000802965006
070041063235207001003108432131477817
070028245087073165228155515010044506
230013208117205218156034068804891117
223003073238202024006021000801167606
251000215178207180190093221050044306
203233083147199136064005160015804717
062212205110198231053138004435787206
218225196048116246215086004435295606
062249100114205239062013004432640806
131094065075016238147004000000000001
016012080228237042073104004432745006
200000067088016228003084000000000001
044003127078237042073101004430367206
107027037070135079171142004435723706
253102008178205125089179001235543717
200222118166198229107251000804658106
143089160213205180063222004435285406
047001149228215177242186004435728906
122027138089199135034154100864739506
131176096170215177154200052230305606
213175253196205183043116004436429606
055224066017202028063102446600008006
070231208181237042073100248360044306
058094099049073165105163022310044506
021120124167215022058047004436119706
073155112248205180049072004433531006
027126034109205180043069000255645806
196092076109116246215069004434826006
140173240250194207242139004435199406
202217215109240183006152572752222006
239213060005212195089174052222992706
097014089191202167044253297996147206
198140003034116246215059514740008006
119046101194202030243187099984336706
047100068026237042073098004434496006
044061122154205126032068004434722606
044192090205231225123073000531336017
119142160251205251200208004434646117
244199180007193065117157000805839406
047034129087237042073103004433793406
070228147016199224102173614403672517
249157228007194086009241588060338906
013217248252199171108245240004273117
021068193034205212182125004432731206
044072199058237042073104004432221206
047119207040116246215079004436363506
197085004085138030194187000533405617
116069050173205187244112000805164006
015072241216073165108092515130044506
135243072074207022025230004433692506
229015217236205126137110539171423917
237042065009237042073098021140008006
116152239232202028071237000805641106
016003076167205180039207654003450317
135084107093237042073092000805681006
090218213151199221119106564770338906
113166248206138145208000089990523817
076084179115205187185093080643554206
228079247063192254119019000806278806
044006226094237042073096004431966406
047101000113116246215079004435095506
007207200213215019148157111582591106
223208143086205113199248000805091906
243054196194215176008218004434590906
044025052213237042073106004430209606
158165182243122195111160384320044306
248053189075205211045105545041237006
070243079058202118054182000805438206
084112081045073165090128569430044506
030054086185207180015129516870436306
134194243110193065009089000803019006
218252104012198209159251363600808006
213173027113244001169077052225175006
089252147124194039038242000510005317
041166031197205180066234000804456306
201248056170192182193067308570012317
082029254208202024016187004434134206
062229074168194102253241004434854406
075061128250215177138028100300910117
158105183237205126121221630020002506
213187199247192029209119004434931906
047160019129237042073106004435784006
075010177200202029110097544895118117
218225196123064005155132004434645906
195186026078205251200174619255456017
213179054184240235108141050555452117
044206058172237042073093004434322006
093047083205073165069155515850044506
213176048227207183082162004435231906
109023179185050122228221182115695317
044084132086244158005053000803494706
131134146233212230180141001234047417
035052187057199224098189522440312806
113175002229207180015129169960518006
044201196116064005155229004435709006
033239237020205164118084004432742406
047160238065237042073092004430762206
047048178180199153033068004435069406
127107225022231225123077000533130117
002002132172212197209023004435135506
044044134241215177242186110002658906
142073049132050251141124275960038917
092018137089202024005121463096281917
049196109109215004016173000804992506
016061146112205125111158004435963006
242022231245205184073173470120960817
044028070012212227179009004433653306
228079171249244003243105004435154006
105129120132205166255093000806238606
097039079072199137236000414140339006
119132120174194102245111004435094506
047119009209244001199058004432847206
253102008178205126127045001235343017
047007187165205251202119004435008706
047125179169139005154013004432631006
192044165083050253169183638721277317
016012080205237042073097004430571206
197000105239198253189059394191684206
044035022153205070215213052235542606
086106156034205216101040000806460406
244199224088205139085042000805146906
249157228007194086012079592090338906
100124201018202026205113535470590006
196092076204116246215069000805070906
044008118058215007237136150310270206
110022024138192022160221385604292617
044007016245237042073096004433288806
041144006215237042073105000802779806
238174144015244158138221004435411506
007234225064231225123073000531811417
149158098051198193177094000805908606
062207164149199137233223088835154006
047122216185207000086021093392732206
124079159193192030101077080463922606
124247185135205164096216004434989017
097132228080231225123080000530459417
136053232018073165104041525580044506
090218213151199168238026558970338906
079121155115199137231104331090002306
047038233172205236087208093393771217
116247237205064005155106507490905006
113035048020205113194110584850102417
062209183059131115180171093392689717
214014100075050065250197541190044506
076173196253205148030099134252653117
062254239084212227179137004433658506
116115090060205113250126000802657606
073024199002212171082252004433915806
016215208159237042073096000802347806
016012080221237042073102000804839206
122027138107192182253236000802743106
135084107064237042073095000803221006
087062241185202024016053004434562106
047160184017237042073107004430345406
093211108186073165064055579620044506
016012080230237042073094004431319006
048167030099192031164171080005188017
237241135089198255186198000000000001
108233222200244031072095148881508617
204150012238202024167133227652139917
143090042095199221118182004436257906
098012084065207008085229478273477117
124101052202135079171205004433338506
122028054253135079171142000802051906
047034096136237042073095004430496206
044197193159194017238152004432917606
206157043065139130007121004432479606
042206055012122195111160513720044306
062193226142116246215070004433893706
100197036137202024016194004434190406
134134130177237042073094004430941806
055233073154237042073106000802383006
223239024084244038133045004434272006
047187087155198192215047004433477206
041166031197207001131073004435142206
197086015014194086009193513011121117
100197034182202024006159004431623306
085133210132135079171063560740044506
131235023013205166126205000806438606
113175002229205216067105100850514806
044026121187237042073092004434332406
213173027120198209059209004435092406
140065118193064005155209004434183006
148094169014202030006150004434959406
044222187172135079171145004432251606
047049202076205098232129093392340917
213175202196205213185028004434882406
100085125077199153100130270325648906
139169064229116246215069004433415406
007026063021073165069150650530044506
204073061033198247249099455604969606
044025250041237042073101004435549806
066003179044205230082162288184844417
058249214152205184074236513930002306
002157023118212202075077024924028117
253102008178202029042041001235272517
096053179183202030006105068815545106
202220175106205239079024050600532317
197030083238192022160239004434820606
213179055026240063017146004432629606
048164034239244003240033080000367017
151198129011205113249170526440190017
100124201018244029051233588980590006
196040118136116246215228502900905006
129121046151244001021237093060343217
096189174119202031078149004433832306
140066161029116246215081004435879306
044000015180237042073102004432769606
218252000019194041045164409260808006
130150037145231225123073000533087417
152227208237202118030089609250008006
121149058199207183020061452943049417
097031014218205249041120000000000001
044214128042205218074002081064561317
149158111009199169200065000805883106
073155113212207180012205004433110706
033228029059199137233146004435034306
016195143024231225123080000536322317
218225205121064005155231004435909406
197222188038244022111031419290901006
218225141147116246215243623250904217
234209014185205126033242001235103217
149240091110207020027186004431036906
056021221139205066043130004434404406
237241146044139180035104004436434406
200162097048073165064090132000044506
030211131123194043109015299493101117
030214173000215005008244004430432606
223007030183199204124071004434934906
057184217041202025095092001612110106
223239026122244031126101004430391906
127168149027202024017021070792588206
016012080230237042073099004431030806
223010192232199169214223000806026706
047081091076237042073104000805148606
047124203226138152126082004433375706
025207246222192182231236152305317606
055233073155237042073099000804079606
134087218251198253188082125600005317
249222148047205184073173614651817517
062197230053135079171146004436154406
044214207044205202228250004435045406
131199088003073165228231495340044506
124089241131192182089055100000910017
048166184163244158083125000800183706
032115043117231225123077000000000001
072011250203205125187088000804569606
076084179115205203004008080024295706
047034190173237042073097004430649806
044069006114237042073100004432548006
237042071026237042073097232280008006
070243079058198032158017000804359706
066137093054199177248179004430934906
047033066165237042073102004432076206
196153163032122195111160487240044306
044025052213237042073107004432691606
100235010145050065214082608820044506
002120212067194102243160000805824606
218225037016116246215092004435101406
149054242172064005155233004436417406
044026127111212030157188004435998406
198087205068251190163196638440044506
213173027171205200149026052222766306
194081191212205249056196517965156306
204014214092244248041049612741997217
249222159142050065189167561040044506
245098037217205184032236000802713806
047123221091215007140142093390301517
057168043148199169001219030312468117
016012080232237042073093004433344006
086038026237202030183087166573381517
005085179125202029101215123841924406
201137134232050065216138594170044506
101243197170207022024166069692678317
206127146043205217248104000804955406
100222251183199137227102519001872617
033182062172064005155230004434402506
034108090061205251200219569785328106
002185016025205212179196440100249317
125228248223199221114022000802888306
044054037171205066043130004434182506
044003153154135079171207004435025206
135243027120199169023228052224654806
223007030181237042073095004436378206
093041038053215018161214141660666606
127155131001231225123073000532810517
076084179115205219175189080025015806
044051151013215163101210004433759006
047090061215207183083053004435179906
044050166146205251205173004433616906
123188123209205194244113004436432806
002150142245073165069060401370044306
008072209240205211035183000803637606
007238190082192029061094034785386017
122028054253135079171142000802050506
047011074112237042073107004436545406
247003112247202024007207000805033606
197082049037116246215081004433734606
050084201173199153054060135444958706
108021225075050065212017617860044506
193140106190016229039023000000000001
224115233227205212179110000801650406
070243079058198033135027000804503506
124045100187194041039242385993344217
237135165124139061080209000805679506
203250145087215027215007448460002306
238063233094202024016106000802658906
108208180161199177255178257281361417
206157034032199223101193000805193706
044222189043240183033104004434159906
044095242042231225123095000533436717
044022102011138152126178072752737806
080143050179122195111160423740044306
035083168012122193082205400530143306
223007030181237042073104004432900406
113205086079205212182122068814196717
062225080085212230037228004436155506
075164199157198231053138004433927206
217006054180251215113218000000000050
132017061009198247235138089996213206
007238020065231225123081000533370517
130017205010202118019090000533591817
119132120169207008085229004435042406
127254177245135079171137000530220517
087243032113122195111160604890044306
245060037166244089149057584785696606
213179055101207183082178004435240406
141236063224231225123073000531320117
088046086251244067210251086263452006
210011249048205212176230000000000001
213173027164205200149026004432646506
044027144165237042073098004431556006
069196107219240063113219000801939806
007239139193116246215077004434026706
090043132227202030092040443180002306
103211029153202031007070260024209706
016195143025231225123080000532750017
210061102106215177154201004432673017
148067220032192030024132000536392006
135084107064237042073096000802741706
223039158237116246215186000000000001
035226227193207020027128620080002206
002021080057073165089060132150044506
204114221240073165091251511940044506
044021013055116246215076000805486206
073027199013237042073100004432313606
044093123168135079171071000802944406
044055088079212197085000004433952306
127242036017064005155245004435144006
238063029005050253157116300006517206
092018138143251215148150598603134217
047101000113116246215073004435107506
114242104196202028121054004435394406
218225236113116246215087004436367906
224115016214205211062032004430165806
047108161135194043180247004434110606
127254237182207001170180570340734006
211247162033131115162123004430193606
076177103235192132029134004434270706
030015080212198255186198000000000001
097132228080231225123079000531767017
062240090165205187246036004434627906
099158118010194207242160004453478106
237042071046237042073102004436297206
048166171154244001021194090002665406
197099154088205217248042503210102417
066139251019251215113218004432623606
044039176134215255118156004435978106
016012080233237042073101004430619806
098106024197205239062025152406001206
136151102123116246215085004435979206
104053124196207008085229068811456617
075067180034240223015236080654978106
131003246171138152125013004432658306
237042066202237042073096004432435806
070122052217205113202081493675064617
016003076040207180012010654763979517
044213137213205200247188004432759106
048180136105192182193067310790012317
034151129105231225123072000530809217
135084107064237042073099000804311406
200222118152192029062027000805127806
044000133249237042073104004434724006
084215252232073165069007652590044506
135243069225205166254006004434967406
044222084067064005155190004433608506
044072199058237042073101004431443406
131170083102207022024153000533042717
245156195248198247224113112030895606
068120183053212232088181174612017417
218252110062212195069081220823370017
073146107158198231053187004434058906
212143024236116246215082004436428606
048180136105192182193067198190012317
062211126071205239048152004434250306
213179055067199168236079004435344306
152227208237050248223161559180008006
197016034000199224099094004433350506
070250047022215027046117070002640006
044006051123237042073099004430722606
048166074155193065086210250005567006
044068235223244158083125000805990706
109111128132199177255188651071361406
047160238065237042073094004433251606
197040019173073165109164572340044506
076177099136205194212085052224188506
213175253212244212229076004434073206
076084179115251073188083080643631706
193080072197016198231109000000000001
148083149242198033052157005141059306
201199135222073165089093609000044506
231128055195199223121093579860546806
021122112035192022164174004435302006
034120099239231225123073000530310317
206047029055199136068178000000000001
221082247052139061080224004435874006
151225142083116247217133000000000001
122028053058135079171142004433523006
034108090061205251202136570305328106
072222192129194043191034000000000001
008075075157050121228097004432822706
093168145171199169214080270356357317
099024236196212195128205113434842417
218225091066231225123093000531273617
203083105214199177255048512800688106
092018141248215161031191465484671617
044007103049237042073098004435604206
078094190223240063113219573730008006
044003153154135079171198004432454606
223007030181237042073106004430893006
034108090061205251200219248275328106
202217215109212034245020572750922006
044002105251237042073106004434069206
200124200090252248025120349800012317
098161121119244127022116004433360206
062251184077199171102233000804213906
053188196232073165080061172030044506
238204208135205180215115000804947506
062239222078194038093242004435662806
124101052210135079171132004433464606
203224173094199137132068431930005317
032167120097116246215081004434736106
208070209176205216060200004433520406
081120116058135079171202030280044506
193046006013016229032143506860008006
076084179115205071137142080645426606
124101052192135079171187004434061706
062192054071198231051029004434831806
044084127214205126036178004435673806
030179137082215004019210033895737306
034004211178199177248214000000000001
016043166189016230164175587740008006
093228140151199169194038390870008006
016012080212237042073105004431626806
087062132236202024006113000806355306
016012080213237042073102004435277806
204073185150212227163192000254903606
202217215109212230062194572753555506
136053037041202024016184464835575417
213176048161205216101226052223899006
135210139065205251202012080005706806
139169064229116246215092004434993006
047109144143237042073097004433566206
044036125200244158083125004432800506
124045222162198192203013004434943206
044219058162202024017186004432896906
062196144124244248205064004432857106
140169207157116246215068004435186706
034040144193064005155201000805097306
195222041230202024016247000800539806
044003159019237042073095004435508406
044076014095231225123092000532565917
152041050141251000115141004433959706
016003076166199177248013652492683717
007234225066231225123092000531216617
047168171093237042073097004434601206
149158138245194038152216378470338906
140169207146116246215068004436091106
249157228007194086012205593420338906
130048133193205250089082074812079717
204046026097207012139034592270235217
248199105000202028145036000804696106
044004199049237042073092004434291406
223003094013212194186166000802676706
047168186061237042073106004430295606
137070215104050065188249561950044506
143165191189251215148150171770323806
213176048140244067235032004434990506
002002132227202024007123004432120906
206038171198205180085214093070016117
021068198041138071027205004432435906
112081188215205149043004080685163306
151026115062205211049098519455317117
073155112250212171171218004435874606
047123201106192029209115004430289706
076084087225202028118133613315455817
032076208108192030071215000802702706
223007030181237042073093004434121606
119132120165194041034065000805541706
204073061033198247249099455604916406
047100006007237042073101000801489206
213176048147205203039077000804355806
044085112188251215115082004433606206
016012080218237042073107004433221406
053048163074192022167203106194916017
044018130122205236228042004434502706
152098023154212195130186030743847117
243054081001231225123080000531476817
237042080194237042073098004432901406
076084179115194042199108080023885306
078141018005193065075082068810688117
041145056035207183082180004435127406
062242075111116246215074004435628806
213184192024205251205243052223419006
088089053211244127141129574230808006
218225236053116246215156655230904317
058091071180207008085229415985888206
074224091150202030189018171486345817
195077011028240063113226000803221106
200124146174198254094146000531729117
047081219017237042073095004431854806
044007049164237042073101004434059806
044048060112237042073093004431561406
122140027138199171106110567080016106
041245062075198209162047004434997806
016012080211237042073100000805698406
079108163082202030022235077110899917
097133087114199223099140000534818717
251103139043064005155135004434290706
104221183154215163004203650030134317
032161216118073165104246183700044506
032181035150205212227087059380436506
135084107093237042073104000804828206
119132120173251224228063004430188106
141236058194231225123080000531986717
088046081127199169192021086165487206
057184217042202024030226001613601506
140169207204116246215093004433381906
236024110015207180048013000000000001
044002177031202167044253004433867606
080207015033205211049098011202807717
064004255129231225123075000535565317
077170174192251108156178644653491417
109073234011194042039122068893700217
047032016048237042073092004436188006
047081091076237042073093000805090206
237241143082199152084166004432632006
070243079058202024007085000806126206
080212135166073165104219564450044506
033228141051138152125118004435516706
057026097039202167044253411846327706
199110119093215163101212301410196906
148083148054202118042058000536071117
113109254255202024005168130944605317
211253223118244003240026545290236917
079117177253202024016217052224445406
096187194067205071044230312620104317
202217215109138152153038572750188806
047125178231237042073102004432857806
099035082202244038133045069063196206
123188127039215007228045000803939206
134009116161139212124083000535929617
062198058130064005155229004435735606
155131028210194102254031041621359206
251103139042064005155066004434539806
226157130002231225123090000535953517
124040242229064005155203004435327406
103113211039194017228064000225094506
047190089010202118092066004435189106
213173043236198223189211004433685706
223003022009199169214218004434868806
047169094069237042073097004435256006
230236004139231225123076000531533417
113098017095135079171128435450008006
075091209202237042073096259560008006
197155091173192030042021004435399106
015108032029205218041103112281700117
109194041120138145212069278155211017
047081024140237042073103004432266206
008107007128194031045249000805146206
243054009040231225123095000532358517
030214175145215163005000000805027206
016147136236138145213189004435278806
088046086162205098234038086335920106
249158180126116246215076004434803306
213175253229205185134075052220555906
225126066149205249014117144025141306
030214172158205236239026004433128706
059166166236205194246090548750044506
148107197117064005155195004435248206
218252110008252248203195588680003106
123107210154205126037192344025773817
022196071156139005155189081065658606
213179051207205216060195052222916906
103173175076198193190036000802672606
142186011130199177255060645776199817
148003126147116246215069004434799906
135243069107050062047057004433920706
112039254004240235109114068810105417
239213051223205217247168052224115106
156135026167205199061123111390232306
058226202253244089100220051564992517
196115135092116246215095004434362406
125149139007064005155136004434641706
044009165239207001131073004435131406
097133082094231225123076000535623017
016003076156192030028020652294913617
044001110112237042073101004435595606
044033255023205126032241004434730006
119132120180199168152226004435107006
005173169137207180055002000225327906
050084201018212171082252498272636606
140078028108205113252241438180905006
130004046201192182212153000255378506
149054242231064005155247000803899206
206142124055073165089235258800044506
044060235083244029212089004432637906
193053161109135079171095611170044506
148091246202202118035093000805245006
195042012088073165091114611500044506
100224167213139180032057367791049817
047081000167237042073101004435246206
099194165098131026013071588800044506
016012080233237042073099004436230406
224134046157194100126165004435302706
047048148187207001131146004432550006
047081126192205126033097093391725206
218225091111231225123081000535922517
044206096170205127099097000801536706
088089053211139218240252191430808006
007233093159194039043197004435176406
055230146086231225123090000534648317
058024020007240235109061010806307906
044068128199237042073099004435251006
141236059173244248229132000530602317
153039126225205249055118170432624406
047169129163215163166241004435048106
231148130000212227179066004435337106
197222188038219092126229420830338906
213175201168215255200211052225739606
053117222010231225123074000530603117
116069050223202031142067000805088406
047081091076237042073098000800370006
096253233186205113207089564260108006
016196006212116247217169341080905006
073164076242192028108090000805200706
016000173246199137238005183480012317
152200233208215177165018004432631206
047028181190205164099050004434719206
131028067219016229020130000000000001
196093217245116246215085511040905006
202217215109207183146169572750566606
249158180126116246215084004434353806
122022037185193065091205008736047606
226102049056135079171207004432925506
195191115250212195071106388062800117
070206036211202030141146283281688106
067014249139194078255064010244169617
136096190222202167077116001230670917
112081166081199165045075004456260406
033228168007199171104005004435034006
047123201106251224005229004430625506
047021100213237042073094080011978206
044203226248205217250191004430610406
222081107004138145208140419460808006
016198086044116246215153356450905006
048180136105252248025120558270012317
223002193198202024017021000800459106
238063074219192166169157436960002206
030185015241212171014178651951251117
044027167065064005155209004434666106
134164179107237042073099025153801806
149016100024251190162112099995542206
096100187108050123081193004654131706
202217215109205148025226572750344406
027161027250205249006223167792222717
133212155233192022169134386023825017
231128239039192182020082004433705106
044000073176199153097038004435423506
135214115110192182220095004432672206
044060223230205071139021072752704306
016215180135199137225031004435791806
159090048090244003027005483150002206
223007030181237042073092004435693206
140161227079192022167224000804080006
141183211166202028043056004433502206
093188239076251000112221426520005317
047084229098237042073093000806249006
058101129017251224253122004435115706
021112097091198241225031004435333206
062211252060199137227019000800983806
132141136061207180015202000233437406
050075028226139212109034081014999806
062206164043064005155190004435998806
122133241184240183051070000805210806
099035041018244038133045069073735806
124045100202244003242075377323343617
133095050236073165073049594070044506
101081106096198255211045004435384506
100202255069215013073243193682980517
243054196213215167248173000801802206
196043026097231225123073000536001017
119132120170194042036113004433307506
030204157006199137232103601121740906
202217215109192182212080572750811106
152001058119192182211120004434192006
197136100162194038152045000803634806
140242176194064005155200004434915206
214191240236192029060150393492666617
134233125194202024005220000803700406
021068194218199169214066004435995306
130201059149215162057212004435666606
047056010254207001175121004430504106
136227068188192166170179507920002206
097068219074135079171190541890044506
073027099015237042073096004435070406
013192054017251224032197004430156106
044068041184237042073104004431591406
223014026255205032017210004435655406
213175201176199169021049052223540406
125149139147064005155245004433867406
231148130029198192126004004435624006
047011184196237042073099004431803206
075095166011199153039035550002696106
218225234169064005155232118915269006
223007030181237042073096004434749006
253102008178202031095228001235132717
140169199186064005155210004433760706
107101112205237042073107004432141406
073155112248215027187019004434546506
044092027170135079171079006361960906
002208076208192022160221089594292606
062205036255212197176078000805574206
016012080232237042073094004436321206
223007030181237042073101004435209806
050050031175199171111007068813696617
076182004068193065033173521270002506
148074155144244127020085043796197117
085134038096073165089197557680044506
147226100151116247217133000000000001
065050244011193065095010080666340606
204024219078244038133045068814497517
030015095000212196220006004434596006
251103139043064005155135004434290306
119132120165205167105174004435005506
123068050161124208113247000000000001
200162152008073165104177092710044506
083017026229248200053002544700002206
008072209240212030199041000804135206
226102049056135079171145004430698606
097133087175231225123079000533019317
091121043233138071027114587050338906
047160238065237042073103004435707406
244200198110215167152237000800544206
016249230247116246215070400260148517
237042071049237042073106000806270206
157232171163192029063103049490104517
048167178065202028141031004435083806
213176048209244212229043004434713606
131176096147205219223061052282740706
044221102078198222246108004432623006
047186156022212202218048004432642806
076177103215215177242010004433804606
213176048154205127099101004435859206
016249228150064005155107559090148417
243054028212138147089152004432641706
138119065051240063017146293170116817
148080076191199177255188004433002106
044011188080205184041236004434996906
070063136031073165091121249850044506
036223184150194041046019318820808006
044001165198215013072176004436198706
016195143026231225123076000530521617
125020145082064005155228000803395306
097180122064205218158082130096371617
044222129132064005155158000805473406
047170140165237042073104004430261006
197043153085237042073102000805416406
228202120167212194091208004435544206
221197133038231225123072000533177517
141236059052231225123076000532827017
245098105126199220211239334620002206
062196047072237042073099000804998006
096189180167205066136230000804999906
047038029046205126037146093393320317
134025129027231225123077000535679617
047122036207251100211132004434126106
047042199065050062045072004433001106
075062217254207001015235000803712206
134164178092237042073098113200008006
240083024132192182059040005875355306
210184075182205239062137617415134117
072011018109215167250227004434022306
064004255129231225123081000533306117
148152024128138147090121073502652417
086039004019202030152043010816451117
109010181048116246215069000803349006
042089160020198192210239392260186806
005234004130073165065035548480044506
123188126168205125079072000805199706
135033200082116246215074000806175706
098134147023205239049229531416511206
084211131057116246215210000000000001
200162101166240063037222379730232306
218225236211116246215240430250904217
218225090017116246215076004436040406
044071195112205212176073000805573306
047123102231050254095245004432648106
044054132120205055128125004434389206
218225236211116246215242430250904217
075247165186116246215230635040148517
047124135219192132028081093392962206
013218051195237042073094004433420006
030015088183198255186198000000000001
047011174045237042073098004435542806
119131066057202167001239004432772306
147209032253073165109191380840044506
140169207204116246215084004434783106
002136110002202031141085004435173806
196014049129231225123073000534890317
075062217254205212176051000805857806
213176048036244248024143052225482506
202217215110073165110005524380177406
016012080207237042073096000805297806
075063248032202029182231099980277006
054146030217194041033077040505867017
044034127099192022160239000802725506
085132013254073165079025615210044506
030182042096194039037031004433568206
248138141038050062034042001235890417
016012094103237042073104044444549806
148152007175202031017091004435810606
104160174088231225123076000534858517
050070009067215167153238004434951406
146089064156194017013196005875301306
213187250179116246215069004435333806
075063140173205187245164000802669506
197143138162244003024051004432664806
218225090096116246215093004436035406
044221195046244029051056004432718906
030015078049198255186198000000000001
033182052202205127001123004433737606
148003126154116246215074000803383006
062239222078050255048254004435447106
062249122238194017237242004432363906
044027170124237042073095004435411406
062226058212199152014236004432784706
098016072138205199051210644181483417
208191036003194207242184004432647506
077075207006202028243109036586529617
239213054088212227176016052223184906
109210154012205211061204444880823806
105139128232207012139107000802952506
090150169244205126121095033460002306
044000024175237042073107004433398206
137181117246131026048017610090044506
136227068188192166174080563980002206
214132241064215027223251068810113217
016038126038116246215081094825084206
053034178111192182248235324945185717
158164086046122195111160571070044306
044027002246244158005051000805615406
140169207253064005155203000805591906
044002171124237042073093004434964006
044054132120205211061210004432638506
130004046201192030073012000254748706
223007030181237042073099004434148606
109019158232139212114237260853705017
016195130041116246215022000806412706
044204066086116246215085004436135506
016012080228237042073107000800927806
021120096193205251205243004434965906
047119074047116246215068004436228406
041055167105205250244146560520200517
134215151250240183048228106333956617
136153081007135079171168149040044506
044032115243231225123075000535804117
062205036255205139034177000804230606
253102008178202030130225001234033017
016188008182199224148155000000000001
244199223155251190163159080204944406
146020185142231225123075000532018117
072011250203199169214066000800257306
200222118166199169214218000806366206
152009169066050123082184005874491406
047032016048237042073101004433447806
044222227076116246215070004433459206
047186215057205211061139004434995606
016212255141237042073102000806167606
092238072194199177082124189010406317
130004046202192182140124000254395506
119132120158205066136143004436548206
070243078161202029164207004434337706
030015072200198255186198000000000001
218225159151116246215051481640008006
030015093010198255186198000000000001
156102054075194078198074416706034617
047012243103205185134092004435707606
073027177001237042073101004432728006
196085213136073165059242564020044506
197043153098237042073248020010200117
093121180007199169214054563294318406
070106208217139072053034265276054506
223007030181237042073094004431543206
002143096036205167059219011285869717
214132241064215027223251068810688117
133092070110131026013227554850044506
078141087220199170235146642046418717
140169207146116246215068004436091506
049097072145244022253023566960008206
108238247142193065077105059384924906
218225159014064005155101004435521806
044004213176237042073107004432343006
044214128076192132029054052230261006
048162041083240063114060508770008006
044021113224199168235195004432703606
047229068105199137227029455002048206
196085210179251215148144442666003917
130194180239240063113219004430172406
075091210247237042073106519020008006
063166173173116246215069004433625606
253102008178205200026231001230012317
243054190091205166127066004434098206
068090094152215162057070517040809206
133237158053207001003111640914153906
063175069033064005155209004435465806
213175202235212227179009052225932406
070063072130202028120251004434125806
193253141242116246215010498300008006
212143024236116246215082004436416006
047028049020215006253059004432747906
016195143025231225123090000530401817
140076018207194031041250004431552606
090086025175207180015202000234621606
126037035211205212231173004435137906
249157228007194086012015591510338906
119136137162202167077030004435594806
030214173024251224088133004432728706
075000118031244248229162000805951006
103113186175194017228064000225171706
062207248231192022160173004430172406
075222131108064005155175000804478006
231148132076199204069175004436211006
049218213093194042198121428645085006
237042071044237042073102004434859406
062199050044131115160074000803897206
047012118008192132094024004434076206
047186253131199137234143004433304506
112081172136193065086213000805554806
228101229185198209152099580114530506
070114204038199152015237340120038917
206240167118207001051135059386370306
013158073119205126032234004434265806
062246007123205239062060004434569406
124045135104231225123080000534687217
040244206040138145205221592600002206
153071177194050062046165004435379106
222081019117199169194038445140008006
196094099217064005155134004436227306
044095002019116246215092004436146206
130150037145231225123074000531980417
238063141070205218014088000805523406
079228045038240063114060490300008006
218225090007116246215093004435586806
047187250149215007140142000801943906
141183211149202028023190004434552006
119132120165212195128205004434614306
206245253093194043146191004434957006
078169080010202167044253056984173106
135084107064237042073105000805332406
033183240149116246215008000000000001
097095146226050065170100528660044506
073155112250207180012223004433643606
047012070215199168152210093390240306
253102008178207020027062001235097017
143238252045194102252055004436312006
090007179001198033052189000000000050
108123182110215162059075505160044306
119132120165192167232026004435724706
042055042178207183151219500820688117
044039034027205236089101004434236806
047061105114205099154012004435150206
206235023249199153100146449015639106
223046010040199177190015004430274606
047012086136205251202064004432677006
002066146252202028053179491360008106
007069046045212194090029490011257417
223007030181237042073103004435013406
131174243018237042073096004436268806
196043026097231225123079000532522617
102122161205205125092228592955541217
149158116052205184034148004434920706
016003076153050122184226651294045217
044039099208194043181151004436416606
127242060180215162057234004435037806
041146085061050120193109000806246906
253102008178212202218050001235389817
218225197240064005155192004433643106
237042080200237042073094210100008006
055233073154237042073103064940008006
044005193186194017230011004434533906
050239207201244001169249089994688117
044094026219205236240141004432310106
044010042124215177165018004430180406
016012080218237042073103004435311606
101092223166073165108210577240044506
103240064219135079171185004431607906
140066161058116246215156432870904317
124045236217202031166161327913344017
128064065049205184043229000534902917
149102169061131026013135555580044506
213187202255212202218042004432042006
143089160213205113198046004435941406
230203206002231225123094000531200417
044006155040237042073095004433478406
129048033066131115160077000803233606
103119184216194017228064000223734606
124210154255212195216177004434362806
197091195201199224099045004433400106
140075193213215177242182004430146506
042088155145194042039165017304157217
062194182206205139035106000803346806
248171150217016229024118582770008006
210026029158231225123093000532115117
223007030181237042073107004430834606
030214173101198247253051004436444406
146116230054116247217133000000000001
044025127081237042073095004434910406
041150227113199168152226004435245006
047005043076215005026172000800118406
047124049093207001009042093393384017
062205036255212195084214000802634706
077089074220050056082031505940840917
047108218196194114085078004434525006
131134146233202031094024001235225017
044027105057237042073106004435592606
073155098053192167235033004434978406
213179055104240063017153004436341306
002140217217050252209077549574765317
231148130019215004163067000805504106
021120110040240063017174004436194506
245209093137199221119083408830338906
197021237218193065006185000000000050
042086251150199153037005444740002306
247003217185202024017105004432064306
113175002229207180015129372220513006
124090011077231225123094000000000001
091097219188251224035008581054552506
119142125196205164099093004435702617
096236133129215022049043188072139406
231148130190215006172191004434945406
223007030181237042073100004432415006
103240064219135079171198004430754106
195255193011199169202100130003686517
008101050192064005155180000535147317
097132228080231225123077000532200617
016237093249116246215074004435529806
213184192020205166056009004434858606
044032039194212232088058000804682406
210025199052116246215086094825819006
238204156194192030106179000535128617
195222040238202024017128000801253006
148067222062215162057234000532241317
131021132178064005155181000806105806
137051230163138152215165000255743606
062228198151205203032220004436018506
048166074155193065086210250005565506
131134146233205180215006001235444417
085247217035199153108104070064400306
149054242147064005155230000806503306
044004247143237042073096004430639806
141236063183135079171190000535041017
091098105044202031151125430150899917
131148087034251190010041000532766017
196092076113116246215069004434321506
218225090099064005155210004434004906
073155112250244031072117004430272306
141236059225237042073106000531315217
033228141005138152126194004435083506
156231202063202118035010000805215106
070231208181237042073095593900008006
089059025026116246215221000000000001
086108166050192029094254596100312806
197156146136139180032017004435070706
076182006134202118027146376660002506
047080062004205249053093000804138006
030185107200199169202100205993494517
047100122012237042073095004432582206
210061112208215177154201004434173317
239213054066192029185114052225976606
040020021028244003007227370375656206
044062021201205213165242004435176706
077018145118215027213109000804503606
070192062020198247238220553915512506
244199180007212195004146000805134506
135079189081135079171063536120044306
106083216253205180215011306515220206
140065118211064005155137004433763606
245098064050205239119098543150809006
037011176169199137233223055812768917
097113163125199136091040000804999306
044000007196237042073094004436399006
131134146233205148094232001234171917
047100158133237042073098004434983806
245098037236202118054182000805161806
047001242055194043186156004432823206
201248056170252248025120632520012317
073024217069237042073105004435375806
044026009006237042073092004433373606
016012080213237042073105000801508806
047109177040237042073107004436190606
096205213251202028114089030740307417
002116062096199137235243561523444917
213187199251192132000219004433673806
081174059158212194091112481234667217
091130222194244089103216519900143306
238041090103138152126074080813005806
127168149027202028024144070796063206
097132071238116246215082004433489906
044039013037199169020051004434983606
140065118193064005155232004435492506
213176048134050254095210004432711706
096246171108212197255043653576015817
064004255129231225123073000532935017
044044191000138152126077110000388406
042091152204073165080226631530044506
103238034218205239062103613030008006
036067211074139061185047549020143306
047081124095237042073097004432414206
047169189014199137229237004435127806
197194062027205187184126315980323706
213179055009215177242184004435069206
084114075031073165089103570420044506
108233213206193065072202197930146706
200113022216244127141129000845967906
111224158239199192043054004435826506
223239006009244031126158004430335206
044005076192237042073101004434467006
225126036037215163004120253650104917
047081024140237042073104004433843006
076086009019244003004211004436200406
002199196068199152000106059951451906
042204056091215167114145060082659617
044192029035198192209146052234350106
146107156066207001052037004436455806
249158180126116246215076004434797106
047111041154237042073106004430895806
134164178090237042073107000803527606
021112097091194017238045004434528206
044070002056207008086202000803442806
047084201243199171102079004434569206
231148132047193065093089000803289706
243054081015231225123076000534180117
248231140250199152106082000253376506
213176048036244001169249004434018806
098138179011205250244146270254916706
062203162181207180189167056723722506
213173027187215160090068004435560406
062197045025205239062149004430635506
048166059147215163101149004433416006
007234055044116246215243355760904317
103245145214139072053038622414511717
077021203106207180055002000222543006
119136140115215167248087004435100706
016038126017116246215031118915583606
063174070247205219220015004432743406
131192122228237042073104004432153006
044068123008237042073102004435793206
064004255129199223125104000535651717
202217215109199221119152572755888006
203046000024244158083125627284592506
134164179075237042073104025151927806
104053132161116246215030004434421206
062193211023219092051171004434164006
202217215109205249058240572753888006
016192019062199153061038000000000001
107005099079135079171077000800357906
218225141139116246215157357770904217
080207216059050065249043528480044506
044055154231244248229162004432685006
112182043203212195125025004432627306
041146196180207183082238004436137506
213176048228207001186130052224835506
101221207005050065249083307620044506
047048046167207022024194093396022317
099024236218050065250176074250044506
213173043241244158083125052222769006
076084179115215255119159080645665606
044023215036205187184146004433794606
213179055064205200149026004434896506
030015071074199208059064400035293817
076177103213205166055197052225716706
133147160018192030055222296865810706
002002132227202030146248004436490206
044023243024199224098250004435929906
135211169121212171246009004432853706
223007030181237042073093004433882406
249070079098199169223217001230012317
104053228084138147089186009935270006
070071046196212171082162650102657206
143037039034116246215093004436409106
008105070152231225123081000530428417
231148132192205127141072004436080906
022246017140205194242174004430789406
016012086175237042073100081803431006
237042118017237042073102446420008006
044007016245237042073098004435485606
002136186167193065122057004435346506
077085118068138030200174359316032417
197043153097237042073094004434497006
048180136105192182193067180780012317
002136115225050254103162004430302306
213179055122205112188097004434301606
021120111005207022026079004435173106
131184042150215027089053001230012317
047011074112237042073094004432246606
093124100221202031138220454062398817
247003207047202024006064000802757806
223007030181237042073095004432980806
075062217254198193176148000802401006
047023045044198255175058093340044306
224160255221199137235247320053589806
125229017022135079171136000531944117
062254034078131115160153004430201606
114242108221244067135010000800717206
123188123230212195217046004434791706
127168149027202031067095070796524806
085178251245205127000136008082745006
195020039070205212182066068810102417
030015015194073165110210572400044506
231128239045192029094050004434131806
062206150151139096099204004431037706
223010204034192030057102086604919106
241249236100244029213024005874408706
087150053160199224098189523770312806
135238182035138152126165000800239906
044007103049237042073099004434248006
254181141030135079171185004435183006
099161220232251215113173632241439817
235235034033192182138011345615671806
047111041154237042073092004432680406
016012080209237042073099004433119806
244200013172139072053034000800983206
196154056218192182081168098343537906
233101156187202118029077136046532817
044200187186212194052151004435553106
195223249143231225123075000533371217
044218165220202024017058052235279306
196085200112202030109010000000000001
047113011130207001004004087655715317
148067220032192182220098000532832117
127088063013215106055115367923343517
002169064189244067233141000805257006
237042118016237042073100086700008006
204096127014207001133117004435935306
100217061127198209135147000804155306
137093044240073165034226544910044506
155186010163116246215012000000000001
047183136179131114012137000803927706
062196047072237042073097000804455606
237042065010237042073092290740044306
238204146002205167107181160005324506
003167197211205032020221000805045406
206199065044205112119048473141277917
049096114070199208057086469102197617
034191029114073165073239643770044506
237042091040237042073100132420044306
073155112254050056082029004435094106
013217216216199169022229004435033706
197222188038205239087196419290339106
249157228007194086012085592170338906
044010006170207001013051004433911906
044054197139244248213082000803461606
213175253200205164190005004433566206
112081202145202029064176004434802406
044068128199237042073105004432556006
223014026253244157132117004435940606
122022032153215019235101000534279117
213187199253205216103219052220159906
253102008178205032020043001230210517
016227153240116246215075004434330606
044202164089251196146116004435610606
062241060151244248142029000805411506
101063206079139180040160616691591906
130004046201199222140071000253952006
008075075228205098238212004433384306
249157228007194086008236590210338906
044003176026205185136207004432760806
124050093147205194222151004434918106
013025143127202024005026052233625906
044060251146205239062060004434735306
047160006137237042073092004430907606
109242153074050065214229557140044506
044003159019237042073096004435377406
044021182125215163164182004433576106
058226197029244089100220051564956617
152003042000205219155114000533418417
202217215109205236230207572750433006
123188126153199192033242004436033106
047123008023205166057046093391022117
126051075085207180054207000000000001
121102114080199221119165510020338906
116088015251194031086047000533573217
158050105124202031021214529893919317
016012080204237042073095004432705206
104105252221205125068061398020307417
016215033071212230042069004435029606
044057107028199152012215004433119306
047171060008135079171175004431909506
131208002245205201187131614560102417
213173038254240235108141004434128206
135214201034202030162130000805046506
101246137041202031031171089995151317
237042084203237042073097052560044306
196043026097231225123081000531181317
131099187012237042073104004432130206
203224186078199169214218000803297906
089141215225202029000071260856493617
103195002030207183082162004432738306
140066161136064005155235004436108906
253102008178215007246013001234226317
228079105182244001022026004435309006
131190122249139143018199004435238006
155038086100202024016075000806506906
079102184235202024017093004433083806
044087120033212197179178004434970206
130192017182202029095234553443779806
218225090060116246215071004435720406
101081106096244029215021080806378306
213187199225205195120223004435067406
114242108220199177248172000805416106
254216176122194114055066004431621906
099194176226073165079056499980044506
224134219185116246215069004434520906
109192121074199137227109222223190717
112140029095244022028068530720002306
047101246214237042073098004435925606
016012080207237042073095000801429806
223208143086199224096049000800117706
044071128225202024017110000803203506
076177103232205112191056000802635406
147250115028199177248203004432127206
069142069230251224119081101761674106
136125212109207008082112000804926306
075062217254198209181014000805106906
062207243248202167044253093392675506
044021182125207001003105004433647506
223003018222199153098197085076290206
016012080227237042073101004432833006
140200069253064005155149004434024606
104068044186251190010041000535255317
152155087166116246215252004435322206
062210107195205112188166004435033106
016242056115231225123076000530182317
044021241150212230175209004433807706
127249137006139010250131385810008006
230123000233194115219246408125341317
105052172160205212182122000000000017
054062046189212196048209004430105306
047063099163207023229192000805271206
223010195092207180015120004434581206
115137028200212194041100004435960206
007163237253198243028002238525440717
050074126049205184043228000534021117
116246196066116246215087605080905006
128009252107231225123080000535491717
213179055124215177241060004432728106
107199024037215162121126100001000017
239213054005240235109089052225091606
049220145184231225123091000536003717
105008067247212195130182451480808017
197030218097198255186198000000000001
073155112250199137227082004432927406
070243078228207001005110000804955306
249157228007194086008087590350338906
103216052064205217247248004430288906
196043026097231225123074000533751317
062196168036212230042072004430306906
218225091066231225123095000531381617
072059035218207001181221168530044306
047109173158237042073098004435946406
105085104240244089100218000000000001
044008020191205066230050000803095806
103136127102205187185093541212088306
213175202210192029209118004432642106
140169207178116246215122000806052806
112182043203215019149253004430903906
141236058027231225123074000532247817
047001193091192166214244000802637206
080209158131199192042237000000000001
044038105216205033030195004435163506
047080081137248200243253055145937617
101133041224194114125249030746108217
062215024250215162050050000802677306
141236058236231225123092000533076117
141236059140135079171149000532238317
054110009237251073161183133822697517
016034042249199177245073004433125406
131148087034231225123075000535337717
075091209226237042073105000802326406
062209112187205149041142004430991906
197174046055199208059161093364136617
133240145209240063017174565980198406
059211238234199224098189004434048006
140065118193064005155137004433620506
124045236216205199060153328053343517
141236055055215167114194004432739906
049121003095251224088150280310176206
127254177245135079171079000535906617
016032017192064005155181000803717006
075019104050194042204044005875781606
062206049172212196234237004434864806
050018187186050065143143650850044506
100238196121194043176131560380002306
047109047189237042073094004432484206
016043068170205211122026345110148417
218225159170064005155101004435838806
057184217043139212112173001610480206
196115057101064005155183004435416206
124028123165231225123091000531938317
213176048057244248165117004434329906
133038156210198247238220446242583517
134159101059193065004076056045508017
146119207230251224228027514135048206
047123007234231225123075000530806917
077023218086212232020075092120102417
202217215109199152090079572754999906
047100056104237042073093004430953206
114077099132205166058135000805290106
196093065108231225123076000535628217
196115231137064005155203004435096206
076084179115212195128205080642299306
075091223115237042073098114480008006
148022218139064005155211004433922006
206157032229198247240146100010102417
063161048112199137233223004434746806
076177102192205164190013052223603406
053182193051199177248172389572525017
044222122187064005155182000806035206
097110054050205126037192555485773806
062198045192231225123072000532840917
213184192008205112188193004432711406
076084236255205184032019080215143006
218225246078064005155107000805202206
218225090096116246215093004436051906
131252060049205032018154051210337406
047105181077192029170002000803591206
221082247052205200147098004435022906
036035166137194017228038000000000001
196115231137064005155246004433313206
062247227104064005155247004435130906
098009027245192022167203233654916006
048165214210050122231117081824503806
149070107233192182159074267946088617
131092194140215004032080099922630506
211038129007240063017153004435491006
244199180007193065014090000804936806
148003126058116246215069004435386506
196042228246207001165073492120905006
146239122227244205009050558904067617
044001159232237042073106004431349806
120225137050192133031178561540044306
044026144063219092207081004432135806
062208108038215177154200004432692706
122028054253135079171142000802054906
212143024238116246215069004435535506
016012080230237042073098000800625806
139130182033116246215063540840008006
119132120165205212230006004435106906
047037187192207183082085093393361906
151235035153050250193141590440002306
119132120180205212176230004435922806
058101132233199224099045004435099506
201023245170198193179219000000000001
016215208159237042073099000804436406
223007030181237042073095004434031206
103245144133219092009137629032168417
047045155105205194209050040175429806
044071173200205200026247004434208506
213176048024205183043243052223440606
002196167108202028028028514131454217
055233075017237042073101236420008006
155128245226198255177243160013077017
073171090160251000115141000805288806
062215095008116246215069004435109706
085051123177207020027073133502668906
008074003158199204066230004435028106
044007243054116246215084004434959806
125228248192244003004140100865294806
084113166040212171012133000236029806
213173027170212227179154052224427506
124244081067231225123090000530738217
213128076126116246215223417690008006
106055204194205032028230549665782717
129048012205202118092066092170102417
062254027108205138232131241602092917
152200233114198255176009004435197306
044010232251244001196133004430294406
143234087238205127001167004435084606
114242109010205211062013004432770506
126052248006139061080255000805645106
047101246214237042073098004435919606
050074105080240223184073004435990506
249157228007194086012057591890338906
199021148053205239062013342725837206
097095223113205211045105139481237006
047004169122237042073103004434424606
203212060104205125077137004435620206
140066195193050056130221004432745906
197156146134199208051072004436392206
243054081023231225123093000535949817
040244221208139093085215361870002206
133212155132205218014064227160675517
070243078214139105122196000000000001
089119253181122195111160587740044306
062242032160237042073097004430997406
021120111082205184044179004430553306
197043153104237042073103000805103406
196013196222199170235109004433986206
007144119150199136088086510090758817
025206023079131026013183048960044506
193253216057116246215059502810008006
075062217254244127020174000804935306
044009196121244248213085012350207906
123188126168205195120026004433865606
041150227112212171135223004433318106
249158180126116246215076004434830506
081096181219199221121052471615881117
100208217209231225123079000534549517
100231108018199170237189333775001817
197043153093237042073104000800792606
249157228007194086008053591090338906
116086068189207020019172004434628506
062208003141212171082252000802674006
002066159048244212229038462070158917
237042071032237042073101004430673206
044020082086205249058000004430102506
075091212227237042073092000802408606
237007163109205249011236000805815606
062254178185207022045055004435316006
137072087032205126172217553142654506
224115233227192182078026004434973306
213176048053199169021043052222720306
213176048207139143182011052220231406
136053123146050062046165000802671506
253102008178050254094253001234389817
197135179116207008087044000803755506
044068128199237042073096004432641606
044022164151205166254195000803588106
073155112254251224032197004433761006
239197074236215013072176070153324906
202217215109212194184053000000000001
044011188080205213166038004435744006
079001012022198255170134489550493017
044025250041237042073098004435208206
111075119194198240075010046620161406
047168171093237042073105004432359006
101157223014205239062002465622753506
016012254220205217251192004433568406
034108125191192029092226382270808006
056021221096199169214218004435272706
196093065222199177254245000531322217
211247235211205112112069068232654617
047170001253237042073094004431386006
082100045164192182025251069085669706
044006155040237042073104004431180206
152244036005139136059143000534455917
093047083205073165069155515410044506
119132120165244038133045004432864006
030015071107199224155162004436088606
044020049225138091022026004434703506
075255020081064005155193004436535706
223007030181237042073092004434435206
076084179115212232236102080023613406
092243132237251000112221508280005317
100222083106205250094226004432152106
079042180028050065172066597110044506
087014174142194115201025349210002306
213176048161215163101212004434671406
096043141124202029170044250876154217
030214172209138152126165080805470706
132006152124205200226152000535629117
070243079122199153105248000802626706
134164179105237042073095025153166006
047119220149244001021226004431704806
058157168095202118062080004455245806
111234250192199168152106004434405906
030015078052198255186198000000000001
213175201189215177242038004433117406
148067222062212196233192000535417517
044076110160202024016209000532294117
050024144095073165111149541620044506
104093055069205217250010004433505506
197055217235237042073102000803833806
044208193125205167104037052235942006
073138247041192030125051000804938906
134134130178237042073093004432721006
047008242145237042073094000000000001
127242060189199153106145004436404006
156243032180138075181139000805723706
136053101161202024006000000800145406
131134146233202028099040001234449817
030214172226212171014189000806370406
116152239232050255049114000800408906
097219019048205239062103599680008006
119136137218244067209146004435085306
086046168141212030199041286225886806
213176048019240235108141052223615806
058247147092202030189132144960104317
148067220032205238230214000533803917
101133198037199204072072142122899517
123218243039215004018236505454402817
070250047022205184032017070022470906
213175202239240235109061004432364506
116089049159205251205198004434962706
047050009167244038194197093393956217
097132071208116246215080004434111406
219247248105198033072254375600191106
238204131083215255060066080814406306
088094078088205212178158068810553117
030015078054198255186198000000000001
075091209197237042073102004435190006
062241119183205112188193004432582306
193253159041116246215026580970008006
044001159232237042073104004432699806
131040222060251190011213214346328917
042088169242202029153156275626480806
047080093229192132094024004432825606
124101052200135079171146004436244606
016012080232237042073102000800865806
131000232124251224004112080285399206
044002162165237042073101004433228006
044002177031244038133045004434624706
114138096234215162112118250273557217
199200070068194017229138491600414617
196092076149116246215069000804262206
205024071176198254091153064643449717
129217218248205126032213000804874806
197061129195207012129092092121097717
147179200199116247217133000000000001
247003207017217010236253000805033606
103245144183207001004123609534579717
034064248020199169198149421470808006
216038077028050062046170000802737006
013217220048205251202089000803716006
073158140130205200173086292945899606
202217215109205236157138572750933306
135069248195215018134157004433470206
236146136233194078198030004432777306
149158111124205249055218088855700906
134164179105237042073101025152440606
229012023138231225123095000535588117
048181080127138152126082068685351806
127242060230199152014235004432925306
139183175125016238145186289280044306
044207167172199171206037004435150706
127168149027192254115149070793327506
114242104203198231233043000805882906
213175202205198231053138004430884506
139135089245016238145171299390044306
207116022075199170068172088880005317
079121155115198247240009463480002306
057184217037016238146226001610646506
149158096184199177247226071024950306
140169207157116246215085004436086006
044196142199198243188178004432758406
249157228007194086008057590930338906
091121043233138071026053587080338906
213175201173244212229043052223848906
096180252179073165080140324910044506
090051029223252248025120145850012317
044028015084192022164020000802761306
044010031248244248213085000805694606
044000201196237042073100004434189606
243054004038194042207035004435044306
197135179116212232142166019353833506
044027105057237042073099004434068206
044037017006116246215093004435130806
044048051090205236089190004433414006
062205147251212227179002000805313906
015043163104198247227172000803764806
030214172218219092011204080802808506
062199082095116246215084004433595606
210061167043215177154201004434976406
047122026064199177082113004432636706
047177103083199169005053000802690906
121202085080202030158172148270899917
131175184205212227177234093330256406
084080032110192166172249527840312806
044039091190138071027141000805911606
044002171124237042073103004433075206
074105042148212232224042204122682106
131208250046199169197242004435495017
062199050044205219220250000801246006
048164072122116246215221000000000001
207117057112202024016182034785830117
008074003030251073162244004430623406
047168237241244001199058004433620806
103245144203205098029246381312153717
203087218085207001165070000000000001
236146203229199153102168004436359206
085133065083131026048070455600044506
197043153093237042073099004430437806
008101061161231225123075000533583217
203169106130205125106103430961125417
048166059184194114055013004435235706
194191117079202031149164331075050717
088046086138138071026034086274270906
035137130051205194223164068812210617
216038007091202024005143004433515706
152157254217207183147082000804464806
237042090150237042073104109960008006
202102120213064005155150000803313606
131000224000205032022207004432695606
044007103049237042073107004433666806
044019182230205236237054004435614906
237042080198237042073094000803953206
109100039215212030170024336440808006
100086025086251073188066503212777306
149042099213212194187255092121711217
134134152053205126032234004435814506
139201198104231225123093000530906317
210030029220192182205198000805319506
116252241249202029047098000803655006
224115233227205166125184004435133406
032191131164212030023206004435229206
062208173252207001048132004432674806
127242060191139130004187004430441006
064004005087064005155189000804949206
042093152218215161111225556445617306
237042083120237042073095110460044306
213176048235205164190034052223592006
200174120113202031094000409205730217
047081091076237042073098000800388806
044026075184116246215093004433436706
047124086122198229190247004432770706
096100187159207001050173000253359306
007099210251198229188199427204382417
062245137094194043176114004435081106
140065118211064005155137004434775906
055229045125073165080003571560044506
108120070058198255185126434545938117
044000024175237042073094004432079006
044001110112237042073107004436266806
016035131218244003173037004436018306
119132120169205125076182004435802706
129253162185138018045134529890438906
141183211149202024016106004436500306
218225226127202030021245000804045306
062237160128205200244156004435051406
044027095197205251075009004435778806
218225236115116246215087004435106106
047081024140237042073100004435915406
226102051193135079171185004430905306
079228063110116246215221000000000001
131092202139192030007219000533069617
033228168007244031008026004431465806
213173038232207001182069004435098006
047001152027199168226130004435771206
135238185058199153100004085565013706
247003110196199152012219092122995117
044001159232237042073105004435257006
225018038131073165107071237750044506
075205198064116246215074004433848506
002076062189231225123093000000000001
044026121187237042073099004433140006
044209012085202167044253004433948406
213175202147205203003077004433628606
197032087131198254091170004433242406
208176066174202024016129000803206006
044063220075207001174138004436391106
238041045192205032026115100514697606
104055002130237042073106000000000001
213175253228244029212210004434954806
113105073200205071021003625554489617
146017019058231225123076000532643617
016012080208237042073107004432778006
088100028144207000068124004433714306
148097151209212227179006000805123706
198238185085240183051040011010474117
200222118227139218240251000803566306
047080018130198193176013004434935506
223239026122198192203154004436453406
218225159157064005155100000806167006
245098069084198032000127513270010206
076084085018244001169249092120930917
047160019129237042073092004433831606
062195145099251196218143004432815606
197043153099237042073095000803003806
122028053057135079171142000803411206
133092254165050065188053651230044506
196154009237215167114193080004656306
096014154220212227179002004432698806
049097072145050122228152566960008206
131210253052251224032205000803537206
016192211188205211054001000803789806
093135239003199169194038634120008006
119132120165205126033101004433051906
096205244167202030190069514134099317
146119207072244127065190068815227206
021068194223215163004047004434930006
135084107093237042073092000801397606
078165001234199220209131000234101206
075091222060237042073107506520008006
200000013065202024017018004435999606
197016034018205032027210004434388006
122163015178205071044196591665331817
022196184216212232013212081004094417
200124200090252248025120167780012317
005241017031231225123090000535881617
015043163112205148029010000806007106
075061128250192030223162100180910017
044025168013237042073093004432820006
193253220039116246215223517270008006
032200221084193224218103000804966006
140075251082231225123091000536217617
047100144058237042073102004436158806
140180208166215019232013088015355017
194013211235244038134107050600506117
047011160052237042073105004435531606
126055172172215163175036320050391206
016215151155207183018093004432142006
197015102164207180012223000805861006
048213155024248240123169000000000001
136227068188192166170006344010002206
103119081087205098234024004430320006
218225090096116246215093004433485606
109026099201199137227017626920423106
016036125038116246215025449120008006
044031085088231225123093000534088117
062196046052215163004072004435161506
044027170124237042073099004430938806
070040232178073165073055565000044506
249167088058194039040082080002610106
025202225028073165172176630410044506
140066195199139218240061004435912406
073155112250192030100117004434664417
137122066005207022031207557250044506
223011156115198192205182088012941017
206157043065199153043142004435059806
047032061113199152012142300002687406
044207065075194038093069004434824406
213187199254207022045053004435898806
123188126168251224253122000805116006
239213224177215177242122004436473706
076177103234205216060124052220233206
213175202255240235109034004430116506
044026195138135079171198004434074006
044000024175237042073104004431449806
146020185130231225123095000531031817
206157043135205194244191004435621306
057133104031251073188242073350859917
105198032014240183067037000535902717
044021251059231225123077000533848017
047168171093237042073092004435537406
002179136212138030202240572990002306
201204113230073165108243535780044506
049196119190202024167091000801965106
021068195090207008085174004434964206
121102114080199221119176510140338906
064031253092116246215081004434011706
134164179107237042073098025150446806
124101052204135079171142004433316706
002199004007202030157146633486010917
047186086111205187184009004432802106
047173006239135079171134000806255906
231148133069205180037150004434931006
213187199226215176003237004434044506
075062217254138056078222000805882606
062194182206215019149253000805773806
047169009129215019148157004432750006
096206060234202029185216000000000001
016195143025231225123080000533723317
047170140165237042073105004434380806
047034184031237042073102004436175406
047049205230215177242138004433701406
200162140207050065249018137910044506
063166069136205071047201004431022506
048167121095016238145171000000000001
021120125189194086002116004434972006
231148132057215106044047004434965406
062194058225237042073098004434867406
101160237152138056077199589870190017
195186036021199153110023566374127806
100208217209231225123077000531644017
140242130212244157135234000000000001
201119150002205127141078491422344406
210221086024251224005229188733900206
016012080220237042073096004432127406
210011239226194078223155456822810906
073155098049251073192165004434602506
197143138162205071138104000804990606
103225203154050062034042000000000001
104103132092205127001250514132253617
067057251219205239062002004432683906
127089203093237042073093387193343517
136053123146202024006190000800765206
097133082094231225123076000531567417
042204063195205213189188070084754817
105217206241251224119115091180002306
237042067060237042073094281440008006
044006155040237042073101004435600806
044000201196237042073107004435498206
047016238203198255175058624680044306
231148130141205071138198004435650106
044023062020205239062137052235671606
245098004221207001014154004455564906
044011105069231225123072000532713917
127168149027193065059045070794998506
096000166140215004019210033896504006
251000215170050057213166609062067206
112081189113199223117202001233622517
245063088036202030175173540585595117
245212090069202030213058087815237306
238204064206199224099229000805931206
076177103213205164190013004434892806
041146206045205183042067004436112506
002137228072212194144064384320002206
076177102195198231053138004430277406
213173038224205164097045004430463606
126055167152202024007074000235704017
044208235055135079171167004434756106
113064003193202029111184170070899906
218225090010116246215077004436393706
097133082094231225123078000536051817
047182188179240063017174004435912706
237042071031237042073100004432616406
213176048254244031008017052224303506
016249230247207020029042400260148517
124101048140205217254135004435183606
213175202233212195089174004435938406
194117130020205250092127010435532117
131134146233202028229206001235035717
097133087114231225123080000530715217
204026026134199221119051083565830417
140169207166116246215094004434449406
152001058216212195133061004431749306
092159172185122195111160449940044306
130121094160231225123075000536455517
047049040211205098232191093390358217
237042066200237042073092058280008006
062194058225237042073094004436054806
206089105214199177245245127432795917
080202164202194043191034185965615706
119132120171215019232002004435142706
058024020007215018095046000805431606
149049122218231225123093000530698317
075091210247237042073106518080008006
044039165043199137229239004436045006
197155091173198231053138004434812406
125020145194064005155211004434944606
197209039117199171089056564250101006
047033146254237042073094004431571806
044003255107198192214169004435179906
044019133043251224228058004434687006
213128076126116246215223515440008006
044027081128237042073106004433753406
053038177139205125103240000254896606
237042071043237042073102004431105806
237241143068198255186198000000000001
211240192253199170068172484850005317
131000206246194086002161000531283217
062217019241205250094203004432741106
206111181159212230173215000804206806
151075212092202025025075462980143306
113175002229207180015129253460510406
075065173250139093087219133111008617
096189099131244158083125000803815306
016002248216212030202053004430580417
150181005234237042073107000806360206
063162241144199224098074004435015406
047037222179199171096205321000491717
253102008178205184035254001236097017
237042071039237042073096004430929206
247003110196215006143013092120930917
016012080207237042073102004434340406
044063099201116246215092004434788806
050075028226202029084113081015067606
140169207145116246215122004435942506
073024217069237042073093004433582206
044038124240205112189210004433507006
135079178141215162057118506690044306
134025023064207012129092522110717917
223007030181237042073100004431458206
055229054194215255163163089990149717
035071183189199177252175439050143306
228065175005251224228010513895266117
070243078224212202046243000803449906
097133080178231225123092000535807417
134134130181237042073102004432515006
213179055065212202218059004432671706
030054086185207180015129517140439106
016012080217237042073099000805013806
119132120165205167105174004435005306
062196047072237042073097000804464606
062205196134237042073096004433083406
140169207210116246215092004434347606
136227068188192166169164488700002206
076084179115205216065254080024996506
075067102201139212123090000804217006
225172218070205211030143296212350806
110244097055205187184169514134261517
047048178180199224099045004434358606
197155091172198033052141004435973606
233039206040215177087034147274017017
044009163225116246215079004436497006
073027129249199171111039004432657306
047124189159199171105155093395560917
125229017022135079171106000536281317
002002130255215163175060004435743106
218225159157064005155101004434176806
047105081122205200173086000804136906
016235207065016032170174332400008006
047100097008237042073097004434865206
047169086024135079171104004431292606
044222128170205236224173004435205506
146145042204207180013084623533119917
047084229098237042073101000801766006
134211152002205194223164009995103406
213176048006212195089174052222680906
135148201219199177248209004436401206
101105114179251224032205347382826806
058001025044244029242157059383302406
200016102141202024017093004434728006
156162122103194102247188361590143306
047081219017237042073098004433173406
062200101139237042073103000802221006
213179055004240235109118052224827406
210004148219215162057047636140044306
097165057197199177255009173641250617
063166051111251224228014000805569206
153039120106199152015182086003001506
044000005242244248042018000804957906
047038039194139143183029093392651117
047124021049198192209090093393258317
084112122185131026048086645330044506
081236151069207022024153000535280017
203163174085192182064105030860002306
131003234194215007237074004435782806
044007004233237042073104004433540006
136013093119202030119107000805021906
070112209069207180012223453044473406
016012080205237042073101004434796406
197043153092237042073099000804714006
112081189113215022049178001231167517
113111011252199223127128548665305606
141236059059231225123091000531218617
224115233227205180031208004430273606
044222002107138091028005000805509006
127198223243192022160239000802670206
048166069230205113207122080804005006
213175202200205139035089052222764006
044087006025199137224016004435353006
196085200112202031018240000000000001
085029094127207001003108068814019517
016195070166205211062043004432918206
111057099170215161111225568732705417
047169094069237042073101004435206406
093228044087231225123090000532028517
073164088201205126174168000532748917
147206182221073165108151574610044506
016012080221237042073095004432828006
062241060151205055204128000803631706
016012080211237042073099004433873206
030205148177073165173065618170044506
149016151122199224099094004433072606
082162104131205071032190026700114217
130150037145231225123094000531207117
200164083163215255163163623366529006
135243069222205236157018004435115206
016012080221237042073104004433008006
044202107185199224096246000802853106
130017205010202118019090000533480217
247003251036135079171167004435240106
223007030181237042073100004430529006
066164244244207008081155463535690006
223007030181237042073107004431652406
140169199221064005155201004434248406
127020113133116246215043510790008006
102213206129198243029005559183534517
149164124024215177154201004432680817
204214170208199223126076308520102817
055233073160237042073099000800801206
223007030181237042073093004433158406
100222234145198247250046004456170506
016012080215237042073103000803951406
086107191115212194088251543210278417
073137245073202028065080000804220806
084252205039192182061043000253924306
080100101103244205226185160015032117
197043153084237042073106000804993606
033228149153202028019056000806265306
085034089152205180052082238382014306
217242007040199153099173087660194006
197043153093237042073097435000008006
007168132007199137232103621451740917
105086205077215177109150000805022006
213184192024192031161225052224994806
062196168036199152003098004434738706
152001058106205113196205004435517206
114061102148205239062149068812789617
070228144149212194251014616233690306
062205196134237042073102004430463806
044071110093202024006042004434655606
016098134039205212176179255652667506
041144006215237042073106000806272606
131092242153199171095094060144918706
044217004018199171096192004435209406
195113111236205251205173180583172906
134052166188116246215069004433605506
213176048210205055205141004435670506
107183214079205236085045420295720617
200124200090192182193067088770012317
147088099086050065235198533530044506
050075043044194031116070080802427606
034080172020207008087060168730002206
027011123176198247228194112076137406
198140020217116246215223592290008006
053037096145199221114239136445246217
213187203121244158083125004434424206
047108167236116246215080004433646406
247003134104202028159000004435025106
124210139079199152086227004435941806
223007030181237042073095004430896206
231148130141205071138198004435650206
044069208224199153049023004435521406
197143138162205125182086004436231606
207082036231016230162192507730044306
156108211212202028024044176021263317
213176048057215177242173052223286206
042204053160212064070159060084395017
085056198192199152000106503210102617
218225091066231225123079000530976517
047032110241237042073093004435143406
087009063181073165073193097790044506
136053123146202118117085000804055706
206110117167205066249060000804831006
237042064225237042073101000800490006
223007030183192182138241004434949706
102215010139205126137116497591296717
062207024087205194242218080004942106
213176048254240235108141004434459006
114242108220207180012205000803235206
224115233227205125108070000805460606
129117087084205125122099000254598506
044206223232205055205242004433564906
044020145009198254091153004435203306
073026254193205138232140004436403606
070048059037205217165085000803367606
002181176202131115160069112395992017
210061167019215177154200004432671206
137119252134198231052077000533939017
123016200221198255185070497620002506
146094052144231225123095000533805817
223186007077116246215008000805898706
213175202113050254094248004434328006
033038140231116246215082004434297506
021091197012116246215070004433701906
238041090103205166255210080814938406
131190122252139143018199004432758806
075091213056237042073100004435652606
131084156211016198229077000000000001
044214158018198222247010004434473006
073167155193251215115082004434405906
245098102003050123139159471350312806
070039104125199224145205000000000001
135214201045205032021241004432991406
041144237072237042073103000805222806
131134146233202031062024001236045317
016012080207237042073096004436528406
146072148076050123082207005873524106
148067222061199153099165000530614817
131192122228237042073098004435771406
147111165194073165105072390940044506
100222228077215163006233519000106617
148067220032199204095053000535196917
204206041020199224151090004456303006
013005035004202024007134000805934706
112148142154199177190255509920002306
135072013216199224103229444515605406
110235203149205180084233647580102417
048181080127207001004242068682714506
075065173250139180043208089991331617
091173073004202025225030370080002306
140065118193064005155209004435382106
054127032142135079171075596720044506
070071046146202118092066080125588406
016012080233237042073105004435289406
044068100254237042073093004436543006
147225183099192030048230502911005306
097036125159199204093251100303871417
041144228080237042073094004430328806
042094072063202030209189026692759617
044204051246139219142030004430653806
212129169215135079171142004434826006
032191132039212030023199004435442706
200124200090192182193067294680012317
047109144143237042073102004430208806
213175201169199169020141052225609506
044210239177251224228025081105812206
231148133186202030057086000803417906
070115212228202118035093004456182106
131210253057192029095215004435319406
196055203082207022027225004434373406
105129120122199223121177000806069306
049211163013073165069060568560044306
127168149027202028245016070795431606
134164179174237042073106019004418406
156245142020199223124076086800313317
239213060014240235108140052222622706
047028172081207001130205004435872206
197043152148237042073106418080008006
044076156212202029142249000803684506
070243078228205185136204000805233906
134052166188116246215080004434212506
042204057159215255060248070064744806
047094088193199171097082004434787906
062208170149205194213098004435432306
044006059187205251200179004434925506
208063069147205218033139535310012317
062205196134237042073105004435620206
197043153104237042073099000800245206
115053057076199169211156439570012317
104053104126205187184009121934804517
148067220032198255172230000531697717
238094251041116246215073000806479506
103229103048231225123073000530578617
044201195042064005155209004435335106
079121155115198193182246400540002306
042207241235139072053034491606054517
047032110241237042073102004434435406
131025210221215177138059000805272806
197143138162207008190015004435316306
041147029139205236227163004433501506
137118038165194041045050595940008006
049196031171205236152062000000000001
036071017045073165059022548880044506
223003069062199169203091449550305006
044209157165251224005137052230921306
034080172020207022031044298620002206
243054200224205217165050080324470206
044023148209205032247142004435431406
213184192023198231050122004434397606
083183190226073165173079026950044506
131112111218116246215223651710008006
077152179081202028146044010345212617
047033211166050122167099004435581406
044002000008212196235204004433582706
047049205230205236228201004435303806
075091212212237042073092000804384406
141236063131231225123072000533219317
197043152169237042073095000804983006
044024098189116246215073004433793706
148083148054199153056069000531231917
206182040104240063113219559790008006
112118164100194017237070522680002306
142215082130212230173063004432062006
110217216140205187184126010243517617
047111044107205218008153093394605006
223007030181237042073103004430659606
105035206142231225123077000532921317
093123234034202030006130623500688106
044009223003251196218143004435065406
249070079099199169222200001230012317
087062241185202024006219004431372306
206176007081199153034081495842816617
243054009046231225123072000533947117
148073085144064005155189000803788006
021120110123205212183176004435273606
202217215109199153107251000000000001
007100056204073165079045548790044506
218225196096064005155134000804472106
237042064233237042073106218740044306
213187202242212196235244004436418806
106068147168251224004254644821350806
153156131132205180071130435945213106
063163013066244212229038004434018806
063171233058251224118110004435194206
088089085089199169194038512020008006
249157228007194086012119593190338906
048164207151240063114060639260008006
249157228007194086012126592390338906
218225090096116246215086000804212406
142007222009215255062089515406398517
113175002229205216067105131080513006
233133167069192182233062000254477306
021084065137116246215058004433915706
062241228142138091022122004434055506
243054196193251224005229004433252206
233080239184192030104149540465127217
016195143026231225123094000534310317
135033149228231225123092000533216317
148067179077199220223034000534267617
112032060184198192205242179534301317
247003110196212197086144092120930917
211247232227192029092193001232832717
131208039170240063115134394660312806
101182141238205185136211519232722206
213175253243215255200013004435326406
040244221208199169211236535090002206
062224224249199137227056004430481306
016040076153116247217154495420905006
021120125181199168153015004434947606
127092234104205066139134000802680306
223003050110244001022026080605006706
134164178107237042073094558560008006
149054242077064005155233000805852906
044200118110215019148157090000158606
077007157165073165059208575120044506
062249102236251190081021000805118006
135079189216135079171079004430240106
098139056101248200034124004433301306
013216184168251073163136004431068206
081175111182231225123075000531720717
127168149027202031025050070765058106
035052035165244038134057355990808006
206110095023215177179237001233383817
080185176136207001003108633950102417
047100158133237042073103004433972406
044085129008207001131073004432950206
073155112250207012140002004432624406
218042016119244029049137610970108117
016012080229237042073092004430360606
109052079085202024166184257073984017
016173094069202030124026004435031906
237042093033237042073097004432780806
076177103238199169027224052224696906
044037096150192022173005004432639706
225244092115073165110155634090044506
213176048227205211029232004434952206
042089088202198254094250528770688117
073155112250205212182125004432654006
221082247052199153048071004435583406
126117023166205249010089239153387717
253218086131205164188064203510002306
015043163098050121086108000803741806
062242010253205186046038004436298506
013024118113202024016153052232438006
013141016209231225123080000533253117
049026072070194038088101571680008006
237135129045199168159196000803950306
249158180126116246215076004434309906
008075075234205211044101004435465606
140180208166244127020060088012649817
063172210172205164099050004433689406
101160237152212171170072384980190017
044006226094237042073097004431291006
073155112250205180101155004430284206
103119185154194017228064000224255106
047160043018207012132196004430163806
042090104196202029108008168711050617
047108022018205219223041004435930906
123188123209199136085097004435085906
044027105057237042073095004435040206
075091212243237042073105000802334606
105129120165199153044013000805876606
237042090148237042073107623540008006
131176096155205098232201052283140606
096019043176205167107229036580365817
044027144165237042073103004432284406
078182012187138145202002055060044306
223007030181237042073096004432911806
047033096037135079171185004434395006
021091196016116246215070004435268606
213179055084244248165154004435138006
044202017032199168153244040704480817
063166051225116246215070004434678506
131082226210205218157086004432220906
213187250178116246215076004436436806
050084215093207001000068268404929106
112081189113244248141001001235965617
136145199255219092010054184304475506
136037243004244067209150283064358717
047169175164237042073105004434390006
073136109206205180122105499655957217
112081188215199152014239080682664506
148067222062207183083187000535684717
059211238235240063114060004435175406
030214172228199204119034080805841106
208181140212135079171207000803006406
070045176232202030065098563724925917
044219076103202031132193052234377906
073165076196202118062080004456401306
091193248172192182150231005873866006
044204033251212197211064004435560606
207244036000050253170215191634701017
109210154245198192207099513230909006
044006122120237042073107004432417406
136090230058202027041251558670002306
129047143049199223119169004434279706
158074013205202024005178000000000001
048167030099207008086205080000102517
049236080241192030029244004455134706
016012080209237042073102004435656406
106114226021212194251014068894550317
044006122120237042073105004433039006
128249203022215004019210033896248906
206127246250244158005197000800384906
099244231126202028027112625255012606
074250101244199153047033244264219917
063166040176116246215076000805404806
080054072024202029173131035910102417
047123015178244248042030093395414117
063163027166212195125025004430177006
148074155150199153104196004432651506
062251141116131115010045093392691406
076177103241205164190018004432625606
213175253228240235109109004432708206
247003110196215162036209092170930917
016215086080215167112218004430613506
224004102101207020253058291520189606
016207068213064005155149462160905006
044054132120205239048154004435773206
196115250121116246215069004436324806
047111131236237042073096004433098406
066213125184244022031206501930002306
044024085110215004234078093395038506
113136029115231225123095000532407617
041155068095193107084114000535004917
076084179115207180051202080023571306
124054155160116246215050000804599206
076177103197205251206195052223636706
090054075087199208051072107730102417
158178219086122195111160437700044306
141236063126135079171175000532770817
089006009100073165090005084250044506
140169199212116246215086004435166706
124050187041205203039119365113344217
213179055098192029208248052223448406
044060114153240223181066004434592706
200174155096202028024230368805902317
237042093034237042073096004435113406
155038086106251100194067000803903006
096014153092212195089174000804611406
218225090007116246215093004435904306
016043038078205211122024000805030806
137067095126207180012205340473070517
044118156129205164097237004435181506
143170204134202030213052000234227817
048164038197205032022208321002846717
047109074090237042073094004435993406
062226058212205219056233004433602106
140169207178116246215122004434132306
228202120167193065022046004435533906
073155112248199138218255004431012106
154061091036198032211244014080002306
237042071041237042073092000804227206
136053123146194042195018000804267506
044068123008237042073097004436302806
210004148212215162059116494190044306
044203239021194102251120004435430206
213179055074205251205198004435399506
213175202231212196235244004434992206
200124200090192182193067140830012317
097133087114231225123079000534977417
222081143156198193176046384860312806
253102008178202029175030001235319517
213175202241205183125141052224557906
101003044254240063115086208953449917
149140044184064005155200004435982406
206157043068205239062149004434241806
047168253102237042073094004435487406
021137022206116246215095000806037206
047049190187138152125013093394345917
044002161222237042073094004430899806
196092076184116246215084004435010106
196154009237205200226112080004626006
075091222085237042073097061400008006
007234108210193065040046000803309806
076084085018205125180182092120930917
063172005133198193176013000805262506
072011141000231225123081000531745617
119132120164212064083082004434125806
213173013040116246215210000000000001
044002014134237042073103004433310806
197016034000205126046216004435902906
154005081059205184035163459254584617
210013122221198209185095594442676517
116246190075116246215242379510904317
100254217067050065143203522960044506
140169207157116246215085004433784606
084238197239016230162017000000000001
201207236057251215118253010245139617
148072084223231225123077000532711417
097132101087205166127066000805893106
041147222115205217254171004435092906
070121217110202029053031295190899917
016035195067244157134002000535842917
224134218222244158083125004432688306
213175253202244127158057004434273206
092018037126205126132206580150044506
223007030181237042073092004432272806
075091213057237042073102004432996606
099020128064207012130164380736157417
210011053054199152013238004432815006
203024174235205098029246517932889417
076084201236198243031141001230012317
044026121187237042073100004436183206
044056174138116246215068004435953806
200162028128050065216083128880044506
122027138109244089101147000804140606
016012080234237042073099000804905006
192249013016205164123055080805156506
108253105140240063017189269412277817
050237001219138152126186275603821006
076177103236244248167053004432737506
243054081003050123066002000530793417
072011211053231225123072000536217517
237042071022237042073098004431940206
136053123146215162095245000805209006
021120124168205126033103004434711506
070243079058205212179110000802036306
239213054026202167000206052220266606
148113040151138152126050004435266706
101240030226073165110054080270044506
125145081232199169214058000802620406
047109177040237042073101004433966406
249158180110116246215076004435032906
194222196185202030130244167621281717
087246084013202024005244282833256206
062197230053135079171146004432907206
213173027116138091022005052220416106
016049112172116246215087004433912206
217242080178231225123073000531145917
218225159161064005155102004433717606
047036201130205217245239004434932706
050067246231202031067034099994715806
100235228010050065170182633570044506
131134146233199221126159001232690917
211038129041215177154201004432680117
142215081146205199063110589742441117
202217215229205211060002539510402606
044006122120237042073095004431293206
223007030181237042073092004431065606
021120124168205126033103004434711006
016203055149139072048231000000000001
049148139173199221127201497075687117
016212018007212227179002004432655106
049097072145199153060095566960008206
080041167025199170068172296140005317
047091151070199153049205004435920606
147231079098050065189103491870044506
105035246009205113196122004435562806
141183211149240063017174004433697806
223007030181237042073099004433522006
047100144058237042073106004436349406
076084236255139093083065080701104206
062247021110212227179066041004755817
148067179077244157133060000533832817
218225091066231225123075000534861817
048039050108192182239148626176018717
044027105057237042073107004435696606
044003083062207001174149004433784106
135084107093237042073092000802294006
154195161124202030151040564245585117
080203051091050254095178232335335806
033245039243064005155202004436389606
083065044239199224159048004456318706
062209135249205098232172004433969206
047184035069192167127255004432678106
044086147131205200244228004434947906
196045051030205098225230514135000806
193253252140016233090186488070044306
202217215109198229111013572750466606
140242147057064005155133094823786906
057184217036198033082083001612465906
073026254174240183035172000805069906
149228008246231225123090000536118017
127058076179064005155220423091164017
030015080210198255186198000000000001
058090030036073165105196519610044506
116069050201193065004061004436040506
209133193255122195111160368950044306
047038101050205194245065093393189406
131051241093202030023071088015880617
044084080120244003241022004430254706
141183211149199169223159000804980306
063175231215205126034214240104843217
203161112100240183147064000221575506
231148132021207020253204004430298006
227003111144207001006197000803801106
218252110008252248203108588680003106
213179055078212232184243004433673606
103232146221050056157236503230688117
063150146075064005155209004433409806
016212208205205195211079004435189006
063175024032205239062099004434123906
099009098087215163006231569550102417
148083149019202031125065005140150006
044069144230198193185026004435664206
124101052208135079171152004430293606
130150037145231225123073000531646817
100208217209231225123091000536351417
053034030073139093087219599891008617
021120110038205212225023004435449706
134134130178237042073094004433733006
033171012150116246215030000803936406
218225237182116246215023000804489606
097085194122198243183006366883344017
105035246089199153054241004435436206
070026242138199171103113639683480906
237042071048237042073103380400044306
080072132175139001143081495270002306
119131066056198243161200004435725206
134164178085237042073096000800921406
057184217041202024075109001610961706
093021041197202029222163000501110506
015043158080231225123073000531437917
002136178219252248027066080883719006
016049112172116246215087004436461106
047081024140237042073102004431950606
125229017022135079171073000536162217
119046101194202031162191099984589906
044025189108212195071082000804945506
213179055077205112188069052222622506
047051249211240223037058093393784417
079121155115244038195038488290002306
239213054076205066242041004435251406
201164176091212202045046188400002306
016056163035116246215109537620044306
148113040151138152126050004435267006
140075193255205127099139004434994306
073155112250205239053130004433769106
119132120180138145199245004434745506
213179055076205216103129004433146406
100208217209231225123075000530251617
113175002229205216067105435690531406
041135145221231225123072000533930817
140169207158116246215087004435389906
047109144143237042073096004433993606
235232178185199169222235377575996317
044218070036205126032236000801675106
135084107064237042073097000805003006
062232230156240223029005081040376506
112182043203050123082226004433373806
249237058089139061160140000000000050
062241036084240235108140004436168006
016012080206237042073099004433543006
237042071047237042073248020010200117
114245101083205250088077004435315006
056021221142192029170002004434837206
141236063128139136059148000534561417
044026158093064005155210004433440106
131134146233202029109105001235106817
044002171124237042073101004434000206
136053123146050254095245000804295606
032161169147215163004208000805055906
044001001217064005155175004434498406
007158057006244001198242441975174206
064004255128231225123080000534098817
249158180126116246215076004434403106
021091196008116246215077004434258806
211228148195240223014061633015165206
223007030183215022038010004435213906
062196110204205219220250004431246106
237042067060237042073096160680008006
044068054122237042073101004433475606
042074105178198255177173127354506217
213187202254205185134064004436077506
237042090148237042073098034200008006
008069239058192182225155004434967906
002002132220212197209023004435110106
021091196008116246215077004433684406
044071012131215167248074004434312806
218225159171064005155245004434733206
196093065223231225123080000533112817
047160184017237042073096004430997806
149158111009205126137105000805054806
102157029216050065188049627110044506
101002240140205186046038586996541217
044068078155116246215084004436165706
044051126113207001170180004435269706
128009252107231225123077000531917017
050074105080240223184073004435992106
249158180126116246215084004435264406
213176048081244212229200004433961206
148027137033205236095017000000000001
022175186086192031161222000804159606
062211105174194114125249004434013506
153137062092205032029233004434305806
101185214218205032024094403381452017
070243079033202029093035004433688206
213179055091205213189177004435011106
063175204191205239062009004435058406
107187042050073165069239494720044506
218225090150064005155175000805340006
005094079222122195111160563950044306
129174199013240183051219059384989806
016012080226237042073096004434757406
041150227118215163006091052225508706
070043084178244248042022281174778317
223007030181237042073106004435737406
075249190070064005155195000806105106
213179058176205251202232004435553006
152001058119192182211120004434192106
140161227239192022167224004433552006
131208002242215006173242614560160817
070243078228205138232161000804940906
213175253234240235109089052223300406
140078028073194017228042542640905006
044068054122237042073096004433006006
111251125200199152014224427893201317
213175253248207000086126052226077706
021098062006064005155132004436049006
002143070091198033136227000233302006
044060234054116246215076000806227706
108233253061202031035195611375087806
016173094069212195126063004430183606
044203255032215177111239004432834106
044027170124237042073101004433556406
234121241157192022166246270302847717
213187199230199168159141052222482606
122064052062215027185050000803846306
047011174045237042073096004431309606
197043153097237042073096000804392406
075164197059198192201019004435797906
027123015188205066140058319080102417
131237049213016229042061000000000001
081193204175198247242229187524865817
232195075122205200240005000805034106
082222192208194017238002039470002306
047168103175237042073099004431221406
135214201053205250012082000805033506
127107225023231225123091000535576017
213121074190205166145010237301186017
127168132018202031017091004435829006
021120125176199153105255004435423906
054146019149050062046165040202710617
047034190173237042073098004432766006
196092076117116246215069004435020106
070232117143220021118042011650143306
101167074102073165091177230200044506
047026193185199208058211000533515717
208191253007199208049240068613984806
075091212220237042073096004431658606
237241130074202024007239004436267406
047168103175237042073105004431088806
200174029202073165091032615640044506
100202255180138147091152000801954106
146124016157199153111111059381855706
134134130180237042073105004435409806
133212180218050122231189538736284117
047110167164116246215077000806363006
235162251117205249003217000000000001
025135001044244158005050474541721417
075091223105237042073102321040008006
062252105209199224107255000800400806
213175202241205138178160052224866206
124045100203215106045017376243344517
250025126186231225123091000532076317
137175046090205139035186560191426617
044051104168194114087042004433124106
135219031209139096099204004433866606
213175253246240235109089052225135306
197014024210073165104033498220044506
200113022215199224099045000904622506
112128064168192167123221337216526006
048213152091231225123076000535117517
096014153092244248213082004432645606
050074105080202030125057004435560006
044077054057202024016013000804283506
016030124013231225123077000534782217
237042093046237042073105004433631006
131000178058202030114214001105021006
093223224139073165065185649340044506
074227239179215255202213093060930617
210018047249202024017160000805810306
062200101139237042073099000804482806
080100159130205187185217081120891017
245043079186215161105111570120002206
044095238095205216103180004435880406
135243072125192029092193000803715806
140075251107231225123092000534237017
127242060230050057215111004432712306
130004046202192182209185000254075806
139169064229116246215069004433437006
148067222062244029048153000535245417
048166035223202024016218000804667706
047081124095237042073093004433064406
122016143082202024006100000802057806
148068184012194043157186004435953906
047177085145199177083019360071084117
073027040006237042073101004434716406
253102008178198193186041001230012317
062199082095116246215079004435875106
231148133122251224032205004432833006
062204122010215167112218000800490106
016215208159237042073092000804705006
002002130244192030020040004434941006
044023212135198247229073004434642906
148068184013215163164113004435892706
223045056025205239062133549724176717
206168084138240063017189118860235617
133222196250199169206186465720899917
148092180063205216067025027032037406
113181108042244127157143417276483906
239213224178131115010046004435000606
075066153110205033006248000804934706
133093015044073165228069615660044506
044054132120205251202012004435674106
076084179115205139086109080645714406
044003214238237042073101004432596206
151198129011138056072214579590190017
076084179115212194186021080645022306
109205237119240063114123424880141217
044220110113205212176243004435899606
076084179115215163115082080645683006
082091119015215162048034109945032117
042055052032205113246205128210899917
044050028167207009048205004434734406
070243079058202024016138000805524506
213173027183205099158078004431582206
002177067105050065143006522280044506
194202171039138145199250613485988217
213179055023205213189181004434967706
044027179127237042073101004431315006
015255142221207022025037426113343717
062205145019116246215070004435090106
049079152020244038133045000801221606
002002132177202028164202004435010006
213175253208205127099193052225179906
086106156032192166233114000803612606
196052037242207008087044151523475517
116247237205064005155164523470905006
073155112250192030223084004434266017
237042094175237042073098254120008006
015052116079205071020216634652254817
075062217254205218245061004435974306
016215180018198247228086004435709106
096071077124205211043037547950688106
107079205012217010239155461160514917
073155112254212030199041004435675606
080207159146205071021003022594489617
231148131137207001130205004431013006
016012090103237042073102087300044306
122016151097205211054234000804474906
125020145094064005155139000805918406
135084107093237042073102000800772006
197241237050240223214199497815338406
044004247143237042073092004432154406
159158030124215013072176142154995417
127107225023231225123074000530255317
083069250123199168156166503195471517
197043153077237042073095004431163206
016035125046205211115045000531364417
072013098076198253220163046740012317
100208217209231225123074000531406517
110063044180198247229142654190105617
136053123191205216097167101954509317
021091197012116246215070004436264506
074231155129202028003235147085936806
157202008207198253220163321720012317
050070155097199168156020584354548217
117195129227116246215008000000000001
016195143015231225123076000535055517
047032246057237042073104004434025406
062196020210199224155225000805300206
070243078230205239062133040084224906
135084107064237042073104000805632206
125209088008244003006029000804766806
197143138162199137235243004435223206
238018173088212194147067059386047506
050075028226202028214077081014938606
106215144152192182010163004653789706
136053096127202118027161000804704406
062216180149199224107117000800162706
073027199013237042073107004434179206
140242146114116246215087094825376606
221147094008192029189110004432752706
047169075075237042073093004436465406
201205052218073165069225406960044506
239197075238244003006004254613421006
218225236226116246215071004434702806
016012080225237042073106000802888006
100124163034202024016252004430194806
033236230128116246215084094825792706
099096184183192182190021640015095806
079001207053194043191034385655615717
113106213197050057215099068815114717
124101052211135079171152004432352906
127101028217215177242182544982759317
202217215109194078223041572750122206
044028201225199208059184004432173306
103218046253135079171158004434102506
111204222015202029190100620145732317
075011030163139212123098441781500106
030015093039198255186198000000000001
204189110145215167248166448641084217
075067180034194100126165080654945206
030170086241207020027127270324724217
148067222062244029048153000535808317
114242108220205184039079000804918206
114242108244202029050133000800106906
027136153123202030187048037246301206
032012078125215255019061004455148306
192008192255205251200098004435356606
124117015038135079171167004434466106
101160237152205236157183452810190017
139044150245231225123079000530526717
153071180218199153107014004435565706
093228140151199169194038362260008006
130004046201205125122099000255739106
213176048117205218011160052225701306
016013243073240183007110020050120017
044024116039237042073098004436347006
123188126106205236237054000805485606
136227068188192166169255464580002206
141236063121231225123081000530617017
100217061127205180063065000803880906
049196070034016229026091000220008006
007232071059116246215156398800904317
016012080235237042073098000801902606
212129169215135079171167004432167206
194187210001202030162027332895784617
206132177163194078242251255760102717
107215015253215167248068587801993717
089093235142205071020216556692254806
047191144215202024007220000803050506
077226133245215027187202228842645417
044003205117116246215093004436249706
044000133249237042073094004430895006
044022179198116246215083004434720306
141236063171231225123077000536362317
047005216158199224154086004434985106
200253029069205211034018618760808006
044056037156244248142029004435968206
044221052176205164190018000805149406
047034147207205127097081004432680406
106125107088215013074000380540002306
016237093220116246215082004433521506
200162151158050065214247384950044506
044072199058237042073099004430575006
239213060015215162050050052220394406
248126214174192030101172084463457517
147239189217199137227136254721560117
193253159041116246215026580470008006
016012144029212202154082004456135506
241249035104231225123092000531015417
109254210176207180012223103606095017
141236059116231225123092000532795217
213173043245192029210024052224726606
213179055088131115181147052225488306
041162169073202031188022020964991606
195077011026202167077050059385050206
047101246214237042073105004435933406
218225090003116246215071004436183306
235198135059193065011181004453429606
021120108114199152008217004434929806
149158111009192182207141000805554006
213176048134207023230034004433652806
030135091054240063113019012833257017
008075075174205211047036004431581306
223007030181237042073092004436260606
239197004086215013075193071725297706
123188126243050122037064004435659106
130150037145231225123079000530316817
155186006127116246215210000000000001
044008225012240235108140004435182306
140184245164116246215082004435094906
119132120168194102249189004435205206
148083149183202118050189005141481706
127242060221199177255170004436244406
124147071035212230152107004432643706
047006031156212195125024052230269706
048030117048202024007027000804038406
102162017103219092051184244850714717
021068196223199153102080004436031306
127219148238207012138117307086460617
197015102164207020027127000805064406
047036182097205055135249004430234006
059170032131251108225222202684050017
032043164126198247255011524145522406
062213188132198222247178004434293706
034058036061192182210115513890002306
044003153154135079171158004433906106
016249230244116247217215583260148417
007173166217139130004219068820184717
057184217037198033216157001616553006
015076235055202031186106648574778306
070243078230194041034113040075232906
148067222062244029048153000535321317
034118204097205239072073018633025517
041167138164194031041250004434466006
062209014111138152125118093395738717
196115250150116246215120004434357906
112081188215244038195045080684923406
217052104130192030091128000230783606
135214201048205239062153004435224806
047168123096207001131073004435147606
096065169201202031169075589483506306
044027170124237042073102004432532606
016212157248219092051205000805245506
211253220172194031033031521121167817
005243012107199222139172582440002306
146111212089212171014022131025007906
107091049092073165109132566030044506
027136159052202028226050037246133306
044221094074237042073097004432695606
114242108220244067135010000801291906
156166234189251215148150090922564506
210179014020212171171004650921974406
044001106018198247231017004434968406
073171192114207009180167004435387006
136053096127202024005130000801054206
072011211076205211123154000533305017
197043153084237042073104000804119406
223007030181237042073098004435098606
044000133249237042073099004431240806
131134146233199208061179001234220717
127242060234205125107085004433709106
070075009245139072048231000000000001
120003251039199220211063428260002306
021091198147116246215077004434366806
062241060151199208063048000000000001
016043068170064005155105345110148417
062205036255215013072176000806131006
047063092145116246215082004433764306
236146136233205125108070000803718506
154025066201205138176063501003710317
086106156032205112115255000804410406
008068107014199204111201004435637506
134164179174237042073106378320008006
112077009013199169202100409590252917
213175253243205195211081004434881306
197143138162215167152245004432827906
047084229098237042073094000805661206
130150039093199177241169000532011817
152159074214231225123090000000000001
218225197240116246215076004435792006
237042093044237042073106000802581206
059174143249215019235078166095061717
214217161203139218240252059730808006
132222120153240183146161031020808017
213173027127205112189211052220674806
063160105065251215113173004433522906
016249028154064005155175000806070006
218225236073116246215120000806150806
152230007156215161044141051953613706
218225091067231225123075000536462317
047011180151202167044253000802692306
044026165004207001000036004432648106
213173038254244029212032004434000606
044004173233205032029087004432635206
253102008178198243029024001230012317
103136065003244003024194010292560417
106145134172202028210231010803936317
044000015180237042073105004431039806
016012080224237042073104004432346406
044210125026199177248246000802737806
105197163132194114091045514135115017
116247055096194017230186000805034806
197111086142244001198242000000000001
218225090099116246215086004435268506
091113252072202024005050343694194717
072205076027198033144017215230044306
075091210255237042073094281720044306
093209212113193065084114000220717606
125086044193231225123080000531154917
057184217040202030091117001612087006
050239104058202028228134000015757206
044006155040237042073107004432716806
135084107093237042073099000800586406
202217215109050122137147000000000001
030193143156212195071118398566205406
062196119218064005155229004436053906
124054155160116246215050000804603806
057184217037202026228138001612228006
136053096056192029095215100250928317
072066184058122195111160384510044306
032243075234212202218079563696493106
047039038052205217249035093394619806
047081219017237042073104004434099406
218252110008252248203124588680808006
149054242186064005155247000803345006
237241143160198255186198000000000001
226154176178212232088058000802625006
094244223129251108087134217012684417
140169207145116246215122000806528606
077079087101131026013200217130044506
131003116161205180139218004435301906
070243078224215161079110000800415106
044004112121237042073097004434836606
213173043243205251200212052224086306
133250050039199177255002550600688117
116246019130064005155193004433876906
111234250192205113192188004435253706
117187066169205230082229591552750017
047101000113116246215070004436009806
237042071023237042073107004435693806
063161004001205236224151090013785706
073155112248205212180253004435705806
085017220133135079171133080800044506
106220187018199223126076615894956306
149210156035050065212234541690044506
237042065010237042073095004432551606
216098152196064005155148000805773006
251103139024064005155135004434979606
103119018105194017228064000223442406
152145216071231225123081000532278217
218225159013064005155233004434488806
237042071049237042073094004434649606
223007030181237042073093004430292006
231148130063244031075061004436094006
208070209183205251205111052225710906
110038052187199171099193030740307417
007238181125116246215156603010904317
237042070084237042073105654600008006
113175002229205216067105562120533306
195199029097050062046165000805558906
044002114207237042073100004430718406
033168081166244038133045000805949006
044020220046198247241202000803849406
133215191052205249000172117643566517
047090162042205199055138004435871506
016012080213237042073106004430358606
044022237179116246215120004434755006
047004156051064005155148004435207606
047008181122237042073096000000000001
135243069119205164190013004435071006
126199180073215019149245321166384117
140169207178116246215122000806097206
075066019002199223122254004435184506
149054242235064005155230000804846906
073026164179138091022070004434091806
135243069107205066041108004432634506
140169207157116246215071004434566406
021202243243116246215121004435549106
075091212214237042073107000801858806
073027217212237042073104004431328206
105083209005192182211138000253832106
087089066014192182182202091870808017
213173027120205251200174004432792506
213175253244244248042018004435029706
253102008178202030213233001235220217
102077101198212030146127576010688106
016235207065016032171211355420008006
131130029053205033004013000800198506
109213022244215162048224004436047906
093049188002215161045120600130677017
131174243019237042073100004436544206
153071177220199152015182004432387906
002002132227212197209023004435153006
149164124170240063017174004432637306
075067215173202030119022004434982006
148068184013199177087134004430736906
143234087238194043126007000804946406
044090247096205236237226004435108306
062197166154205239062157004434393606
134164178101237042073096004436275606
141236063126135079171191000532928517
050084201162205139035254000805587406
235232184084138145209018075171860606
016207067052116247217103000000000001
213173027170244248167186052225048306
218225205113064005155245004435917906
047032016048237042073106004432971406
123188123208138152125013004435137006
247003207044139218241077000802545306
237042071042237042073093004431745006
148091246202202118035093000805242706
231148133072194207241090004435343106
125145253127064005155244004436332206
213173043236212227179066052224334606
073150244034192030091078000235481906
109242045204199204075050418424359717
122058139248199153050205000000000050
044073194009131115160062004435856906
076084085018205250244146092120930917
122030155112192029060143361343343517
123188126153205098029167004430694106
097133082094231225123090000532710717
062202013213139136059147056724917106
021120111005207022026079004435173206
101138091059202029111184630560899906
047001138179194038091115004433755206
253102008178205211051069001230012317
244014071021244067209230004436205306
105240212120199177190158527695452206
210011239196202031031171317525151317
044201196116064005155209004436375806
109141047232194017231177000805864106
093123090035244003007245646710899906
238020104106205251202085004435158906
064005212182116246215160499460905006
131134146233202030153097001233454917
197043153107237042073096367640008006
044000201196237042073107004434913406
131099083144205066063008000535865117
063147010240215004235206081000117917
072011211057231225123078000530748217
245061068130050062046165485941940817
213179055127244001199058052224303406
237042071046237042073107004433760206
047124176161205184032065093390275717
140075251107244022196218000535543417
232055088192138030255233004436543017
245098082143251000164149336230800006
202119204194199170068172178570005317
114242108220199208062121000804916106
076177103197212227179009004434562406
097235126097192030096009346115238806
253102008178212034245088001233947317
204096127014138091022086004435653706
030214175186192167127183004436540306
008069236032050253158154000805627306
110169255012212232237246146043485317
213175202219050254095245052224869106
047081199054244038133045004435988406
136053123146205126032234000805606506
155165204130050123083059000253935406
239213192230116246215083004435127906
022194213104116246215094004436137006
122199012192192030023072021875007006
197043153079237042073106000803467406
044000133249237042073093004436128406
213187202255139152086154004435362806
116247237205064005155167431480905006
237042071048237042073106004434448606
047119177027116246215068004434323206
073155112254215019232002004433730306
097133087114231225123095000531047617
253218175240139096108158093060650517
148091246200202118035093000805236906
044024100210064005155209004435301006
070058056166212230173063004432629506
044008073250139096108159000800138606
210061112146215177154200004432670817
153053194191244031075011034780506017
140169199212064005155201004435889106
047100144058237042073099004432885206
157180064128207183081212261941584217
044003052230194038091067004433252606
247003118201215106045108000803476906
195073188234202118035010572500808006
127107225023231225123074000535873817
130004046117192182041057000254964206
036136150043205239048141004455685106
062232029149199171096146081105165906
196043026097231225123092000531019817
030214172187192182178147004434985806
214018221224135079171164584880044506
141186045158064005155201004435776806
231148133054139005144013004434940206
127168149027193065050066070794921606
097133087114194114081175000533970017
070215232164205218014134373104348806
081175111182231225123075000533608317
213184192016244248165126052224571406
062196047072237042073098000804975806
213173043234139143181009004432704306
070051033093050065196013523440044506
044025079037237042073097004433009206
057184217043202027012006001613621606
084127195192050065216114280070044506
021120124167207022024194004434955206
079121155115198243136036329880002306
251227156210205251202236004434991706
085130191079050065143214575080044506
147088086166131026013235510220044506
105089070043192182159074594396088606
062212078195192022169231004432666906
050084201034205033005181152254915506
058109001110240235017214230760102617
131190120055139143018199004433400206
237241130097202024016057004432534206
239213060003244001196133004432665706
076084179115192030047042080643934306
030132160200073165105101025180044506
097202026226199169195222164821401317
016012080209237042073092004435837006
213175201182205183042017052225462906
016012080235237042073101000800261206
213175195122205139035178004435301506
021120108127205212182066004435105306
116069050254198254094250004435142706
073155096019199152014229004432426806
134134130181237042073107004435042406
047044131087237042073098409940008006
238204248176205113201146004435593806
034080172020207022031057419020002206
130004046202192182150212000253848806
075091213026237042073100000803120606
251103156004116246215218019355948806
021098062154192022161201004432845106
097133087114231225123079000532079517
030201072186199170064190271974831917
044042047223138152125061004434607606
245098123243073165064205398680002506
070243078216251073189082000803832306
008074106097205125068213435944988306
055233073167237042073105000801242006
041144006215237042073094000801529206
131134146233192182027096001232836317
044072143045205032018174004435433206
223007030181237042073103004434162806
231148133002205219216058004434926406
148113124073205113215221000805241306
062247021110205250089102040105875817
037146090237073165080160492290044506
196054235111244248205094004435469806
197143138162251196145051004435868106
044060112092244212230245004436085706
044084128024050056130221004433461006
044028201225207001003128004434166306
253102008178199208159141001230012317
193253220039116246215053516740008006
041144006215237042073100000803654606
044089091220237042073095000000000001
050084201149205251202012294684580306
096167009207205239062157629435285917
062196047072237042073102000802366806
044000007196237042073104004433899606
218225159044064005155201004434856606
016058102234016048144184000000000001
196177033039205187184009004435039406
201143188066198209152026241166097506
076177099136212195089178052224459606
247003134093193065007118004435790006
047011154200050122167218004435095506
044222125003199177255062000805707606
075010177249202029139040611925138117
249158180126116246215084004435544206
041144006215237042073096000805280406
076084059206192030021140019355238006
073155112250192167239171004434202106
213173033193139219136247052224585606
041144006215237042073102000802235606
213184219088205216060225004434885306
062197230053135079171175004431571706
047100067038237042073094004433389606
218225236073064005155210004434140706
047034214121237042073093004432374006
150167180122202024005161004432908906
148067222062212196232135000535424017
054062046189194017231077004434863106
197122065205192167123098004430260006
137251134138139212113089206936077006
044001146208237042073093004432787606
097001105226215163166189000000000001
047160107078205236255194004430187006
223007030181237042073092004435523406
210030029151251224117119004436320806
218225236113116246215092004435837906
213175202106205203003040004435482106
062253047100135079171167004436225806
030015071107199169218088004432791706
212232066207205251202161276660163006
201248056170192182193067333960012317
197043153090237042073099000806420606
044030191094251190074060000531623217
047119043043215163164006004435857506
237047156103122195111160391050044306
244014070013199177189126004435285606
210005041010116246215082004435735206
093068192194207012138117267796460617
062229034054244212229171004435604706
243054196224205166255173004433347406
044002114207237042073092004434494806
049224097033073165080203443170044506
100208217209231225123080000534327917
047048099100205212238081004433166306
134194243115202024005231019352058506
047230055048231225123076000530862017
247003134093202031152214004435040906
077164027004073165081185547060044506
218225090007116246215086004434741306
063167208035212171082222004433430506
231148130193205218072142004434944306
016012080214237042073102004433647806
044048105223212030093185004434088506
134220053062205098232184004436348406
143238249247198243181183004436203306
122144057075205148017045082924530006
131208004233205125077084000805000406
062226008084192132002208000804633606
048213131186202024007174080012516106
237241130097202030074064004435379106
100208217209231225123081000533422217
238041238143215162107074000253371317
044220069169237042073099000802482606
149158111009194043121252000805116406
079121155115192133024002382930002306
213173043236205112188193052225300406
097133087114231225123091000530387517
047168186061237042073099004432782006
122143159112198247224048001100416606
115053057076205113206123393680012317
030015068060205218074002004430213906
218225090007064005155210004436338606
213173043247138091022105052224506706
047100153006244158083125004432640906
044219185118202024006243000803262606
044208002117135079171185000801478806
243054081008231225123090000532109717
193253252148116246215026320650008006
100197034179199177248208004434561306
044207095222135079171158004432824606
073167154215251215115082004434544206
016253001004116246215051343740008006
253102008178202031048128001233813617
245011115114073165172074598990044506
062198248185139096099204004431786006
103008035084207183152092068810688117
196052037242207009053023151530409717
114078186108202118026061363311333306
075019096141192022160221055004925006
148067222062198255172230000534326917
142067236044050121229098000530457017
245098105003205180116120393790637906
197003183099199171104070000806385506
044008073250244158005055000802745606
092017151082138147091113186174138417
057184217040050056130173001612934106
047004018043205251075014004432853706
098110221083251100166047004455664906
153173169044215163166241000805208906
076177103220205139035106004434047006
070243078216199177248179000000000001
158050142065244031124025010244538617
237042071039237042073105281420044306
113105139021050255212205010252064917
047004086105237042073093000804215806
030211150174205180050239065800688117
044084123017199169214218004436117906
057184217040207020022141001610577806
044001001217064005155180004435904106
053207243096073165073162517830044506
136068142047135079171175000805292306
044004032108215007140213004430169206
114073191157198254094250040294454217
223003174028194078251127080805730506
044068128199237042073100004434434006
073155112248192167232014004434264206
130004046202192030074211000255164306
127198129018199169211156069910012317
073155112250205185134087004436050306
140065118193064005155232004435492306
213176048019205066251191004432661306
195161204200202024005236010251929717
075247165185116246215244371930148517
197113184206073165107249040560044506
102033018131198209152169452964050017
129048091127135079171141000530590417
149158111124205250090098088976083906
058024019187244031075061004434990906
002136099082251224032205000805332206
213176048167207183082125004434650106
073027099015237042073096004431917806
135072013063219092051205407152731306
062251074085215163103222000805012206
140169207166116246215092004435607106
136053100104202029153013004433711706
131094172240205148018173004435030906
127254177083231225123090000535253017
201211226220240063113219000803044306
075249190070064005155133000803849006
213175202106207183082085004433430606
002098239042199169202224038470044506
223047225084207012129086004435093906
044000007196237042073096004431426806
044206133192192166215182004432693206
030015068059205218074045004434287606
206157043068244158083125004433635706
141183211149202030122170004434271306
070243078224198193188208000805263506
096065245171207012143020107261281517
148094169017202030121113004434259006
016215200125205183122073004432677106
025206094170131026013189579380044506
088210141161251224230185173133151417
202217215109198209143102572750322006
077074237142240235017148579432730217
147129053081231225123079000531329417
002099126057131026048239590610044506
250025126186231225123072000534138517
044059181000135079171145004434922906
218225159012064005155202004435829506
062197166154205239049238004435492706
034040144240116246215095004433570906
218225236112064005155210004435194506
218225090007116246215086004434745706
093022195085212171082154514135152406
109210154245198192207099392850909006
112081188215215006142185080682633506
197115078063205251200120004434861206
109255131081194043179199412430002306
213173038243198231050179052224821906
195021029064192029095201153605869517
016215046027244248213093004432765106
213173027127212227179009052223542406
109110043203205167059219349953150617
253102008178205164117222001230012317
062200062138237042073095004434568606
044058231250207183017005004435719606
113187009216215163006231136620102417
034108125191199224098189474480312806
197043153077237042073102119920008006
151198129011205180122220526440190017
231148133033199152014237004432273606
123188126162244001198245004435668806
109195228007205251200174628800102917
130004046202192182213033000254355306
044003062111237042073096004435978806
069113048141198240074024616371893917
048162041082199224098189457210312806
025066062205202031094000334785730217
124044067215251073162224232806548917
119132120174205249000069004435272006
044007004233237042073104004433815806
105004185054116246215075118914148306
041149159087202030065158099983782606
044024098189116246215084004435059306
253102008178202031135191001235655617
193253233023116246215010511420008006
213179055018244031011164052225448206
044005076192237042073102004434808606
237042066200237042073094192220044306
055233073152237042073103337740008006
213187199247215176003254052225262506
072011141009231225123078000532417517
082029151080198252033090632731419517
075091213019237042073106004435821206
103243102233199169197049524742834417
044094104138244003240053000800215206
135148178212194031028188000805719606
208070209162205127099026004434709806
062196047072237042073098000804979406
076177099152212195084217004430314706
131134146233192182227240001235230617
124045100137131115052078386413343517
218225090099116246215086000806316606
131208002241205071020124614565027517
075091210215237042073102004435343006
141236062106231225123095000530695317
070243079122205218157013000804503106
064018064169202030130242248746234817
016012080227237042073107004431389806
070032085113215007205051588150002206
125101146021205164097045004434981406
047004226077205166063097004435688606
134164179074237042073094025156231006
062253109247116246215071004436019506
128087134242192182151222004655177606
231148130181202024016168000802355806
016043038163116246215220383880008006
044001110112237042073106004433418606
047100128011199208059190004434378106
140255108222064005155234004434333106
040244214121207020027208500025769906
062242247246215176003171000802680406
044000015180237042073092004435756206
047108161067215160157075093395697106
148094169017205251200208004435609906
135079189216135079171079004430237506
225126171221202030151009171185425106
247003137108215163112221000805095706
047101064034237042073099004432094806
021084065148064005155132004434406706
070243078224215161079110000800414806
067057251219205239062002004432683606
202217215109192030095110572754111006
198140007065116246215027353840044306
112078144100207008082059622791671717
085187250115205180040210000255184706
098138179011192022160239370252660006
044068144080207180188197004434759206
148003126154116246215084000806457106
128171105013073165073204417090044506
044029024136207001174138004436516906
195222041194202024007111000804295706
047048122229205183043196081002069517
044028107245198229191115004432622506
224053004248215106054021580790002306
047123025074244248213082093394835117
197042128219205113207089000254478606
044008111084116246215068004434827506
213179055112244029213005052225023506
097133087114231225123078000530232417
100255035243199169022142219496072806
100208217209231225123072000534022517
041146213220194043185036000803417106
073155112248252248203050004433877206
047049222157192132094024093392756406
141183211149199153111009004435172306
101221032162073165073179527050044506
223014026255215106052163004433655806
016012080207237042073104004434337006
042095062212199152081107051334943317
044003127078237042073106004430422006
044057247150194207240017004434697206
149054242168064005155230000803471006
080202025220199204084059651656312617
016215146074240235108140004433912006
134194243123193065049141019353989706
213175201190198231052169052226224906
213173043232205187184146052224581106
141186047215205032017210004435955106
062251213225251224229127004433766306
131003246171244031200100004436098306
062208134165205166052084004435177406
119132120170215007140213004434005706
063165237186215013112214004430508806
002177067103073165110036568970044506
141236058234231225123090000535552317
022213224091237042073093004434484606
099170112188205236255242566463123306
047080031158116246215082004435760306
213179055031050254092220004434958206
223003085117199169195068011944649317
016012080235237042073105004434733006
146014001122212194090031161321522906
075091212215237042073094004434307606
016242056115231225123092000532963217
251103139035064005155107004435348206
047011196103194038091109004434985706
062206185093199177091200004433882706
088055174143199138218164392763414717
097136005089202031163070010256136506
044027105057237042073106004435533606
047049190187240235109109093393892617
047049076187212227153064093394198006
077181253029199224151090000000000001
122024254211064005155156000803754306
231148131200138152125045004435396606
147221131062205236083089513580339006
221082247052192182239076004435480406
041145043214207001003129000804927206
135084107064237042073096000801811806
073155112248205180010233004432662906
104051168221244205077128139050232306
201248056170192182193067182970012317
109050012042248200033193004432647606
135211169116205238171124000802171706
155192209052251224119206556450002206
047045062031244001198242093393371917
223007030181237042073102004433705806
070243078230192166238235040075442906
208070209165131115180167052224701506
062197057040237042073100004435403006
243054009053231225123080000535001017
153184142044192029060169646602806606
131192122227237042073097004433692806
213176048144205185134087004434570706
098018186086205239062153204960102417
062192142166199137226188004433334506
135084107064237042073094000803910406
047119182032205126033100004435622906
008068107158199169201208004436052506
102207146090199137224033270326415106
053044225070198209183025000000000001
073155112250205212182066004435372106
158047253118050121085105611820338906
152001058119192182211120004434191906
047186180086116246215070004434239306
245043250124139061178030030080700106
044025045054237042073104004432964006
047056014001207022045110004433967306
047081124095237042073107004434787006
044068198003237042073105004436031406
002193102227050121229061572434343617
047011074112237042073105004432447006
247003137108202167047011000806414306
249158180126116246215076004434841506
097132228080231225123078000534144417
044027098096199169001210004433959906
097133087114231225123073000535002617
049017039242212195128205140944617717
196093065108231225123091000533233817
048165037068050122107031039995112917
251103139188116246215071004435044106
235253068246251190163116632322677117
213187199245240235108141004432702706
044006157000237042073101004433118806
044027179127237042073107004436369806
237042071031237042073102004433193006
231148133201205218156034004435007006
015157226217199221117214175915032117
030015090201198255186198000000000001
237042070084237042073101414180008006
100185040135116246215161000000000001
044207065140135079171207004435984806
073138248089199153111101000805545006
044022093045116246215084004434949606
149144117095231225123074000531285517
206091050060244158139225394090104117
062252225159116246215071004435453606
044025110009215022057081004434917606
197041165199199204099076000801682406
057184217037202025215102001612809206
049066141010073165059061654290044506
202217215109050254093001572753222006
044025250041237042073097004430212606
070243078224215161079110000800414206
047063072191205239058215004435670706
135069149250202024007029000806126806
200124200090192182193067568310012317
075010143078231225123075000534378517
104103132092212195130182514130808017
047036202241215162050050000802685506
002140243219251190074029000235227406
119132120164192167234243004430895706
047084229098237042073095000802614206
237241146012215007140142004430250406
076177103227240223023122004435468806
102065033100192030028106495336288606
021120124171139093090226004435222506
098172227221205126032071555612903406
044005210019244067235032004434992906
212143024179116246215243604130904317
213173038231198231049105052221295806
140169207177116246215079000804097106
016040071242064005155134004436510106
047113011130207008087070087653880917
201206197097073165111103549620044506
131003246171205184077255000804049506
037011067052207020019036000805451806
202217215109199153108035572750977706
211247139085202024006057000802559006
131134146233219092009000001233816317
030015080192205166210129004435217606
069207012058199224098189589160312806
131000232124050120061121080965489206
047033146254237042073095004433297006
083109037198073165172242273720044506
097113108121193065070237000256204206
040219222077207183151219017634368306
217166051016116246215038577480044306
237042118041237042073104004435950206
103143137042205236092073212074227317
044026206013237042073102004433579006
213175253255215177176005052224628506
044059229148064005155235004435506406
047038204016199224155225000803550506
016012080226237042073092004431234606
044203203031194043191018004435141906
132005035233016233092142023130044306
149042099213198240170209092170930917
213179055109244248165093052226072306
062194119127205250090026004434088906
218225236112064005155210004435525806
062226241244205218035016004434974206
231148130138198255211045004434925506
091177248076192182193067147020012317
076177099148205139035089052223041906
050075028226202028247136081010151706
063150146075064005155229004435788806
141236062053231225123073000534913017
218225196096116246215093004435672506
070243079058202024007104000804213706
197106117178231225123077000534759817
114077099176215106210142004432666206
237042071024237042073107000805469406
215061082170231225123076000531594917
153190242153199168152226010913949517
130150037145231225123091000531377017
141198115219016048144184000000000001
253102008178251000115138001235898317
135084107093237042073105000800572606
244199147040205236255034160002434506
213176055230244248167053052225609606
219247249173202026155135537870172306
080201163172192182177204141581256317
016215208159237042073099000804430006
073025125076198231050050000804416706
048180136105252248025120434720012317
073155112248205112117053004431188106
101101115241199208049195559893980717
080205077065198255185126369250693117
047101070053199137233138080804995406
130004046202205180042094000253618606
047081231144237042073099004433875606
104160174088231225123080000534725617
253102008178202028206007001233459917
131184001166135079171068000532330517
135108087122116246215022118913697706
086108173017192029094254542220312806
063163161117198192205049004433704506
119132120165194038157181004435370506
196041222251251215115082004434794006
062211252060205236086098004435718706
130004046201192182151143000254662306
016012080225237042073103004434886406
124210159117199169001210004434979406
016253001175116246215115542960044306
075091210218237042073099000806170006
202217215109138145243067572750188006
088094064240251073188194562436367717
131003246171050122167218004434957806
016212249119205195208152004435133806
213175201166205055203066004431898206
140173240241205200173004004432688306
196154009237205230156108080002633106
047100158133237042073092004432710206
114091154037199152122177260022959706
073155112250212064082250004435372706
044084086012205033006215004435072906
016012080213237042073100000802022406
192044165083050253169183492161275617
047168186061237042073102004430528806
113011152118073165073243629030044506
135084107064237042073100000804947206
249070079099199152015191001233074117
213175202147199168152226004434380406
047169002024205203039119004434900006
062196110204212195089178004432644806
124029251082199152105211005876021806
249149130217116246215094004435670106
016212184140215006255133004435671906
133236196034205249003219277153153417
195077044180207180015058000802902506
151198129011199137233104323890190017
049058189134199137227109164953190717
048167030099194102241172080005188017
201248056170192182193067023920012317
148083148054193065087238000536195817
093054122151205230155165068894681417
097132228080231225123081000531603017
131003246171244022110207000803769506
078029199054073165073010558670044506
078169071149205219218041015751917617
124050093149194114091210004432362706
044007208032237042073101004434167406
075091212241237042073107647260008006
075091212226237042073101000806546606
238041143078212202150023070750213817
212235205018212030093150000802632806
021112097091205071021031004436227406
213176048201205251202106052225787706
032135215089192132030066518680307417
047109144143237042073097004435526206
044025168013237042073098004434279406
042004145109073165091024560440044506
044036104204205218011244000802158406
239213054076244158083069004433491006
049057107173199169197049511102834417
080207151149251190163116225680108517
135148201219207001175153004435946606
243054196138205032029192000803909906
129023209110205055130213004435891706
016002133244202030116185028214630617
034040180012202028053248004434940706
032171105033202029191159099983560506
112081189113202167002161001233455717
097133082094215163164251000531258317
130004046202192182047075000254844006
112081188215205113245226080685630306
100153046002207022044115000802903906
033241125155116246215075004433854506
047114141117205211031039004434114806
141236059189237042073107000534846317
096189156067202024007030000803639506
130004046201199136069208000254940406
075091213053237042073100004431869606
074144043075205166122254248840104317
197042128219205113207089000254478806
131134146233199171098062001235323517
034080172020207180049211121650002206
194187210001202031155250332895702117
218225013198064005155139118915083906
032191132217194100126166004435253006
110101180248205218244149514135150917
073024225211237042073105004435935406
041150227122205203003162052223234506
075058168247064005155174000805680506
239213234139215161115025052224225606
075067185251205066249060000805298106
131190069250139143018000000000000001
055233058034205249058184531476542617
070243078224215161079110000800414706
044011218249244248143100004436144406
008075075200192166172185000805064406
141199044185202029062224000805177506
030214173035199137227017000802585806
070096209030244031075061312242817806
231120120239135079171145004432384206
251000215031205142148175060432735906
044207186172205184032065004434076606
032025125047237042073106000535427017
147093116242073165105244645590044506
062208129255116246215076000805902306
197097071095202030214037004431551106
220019115106050252039173280141222817
057024163089050123065241364586010517
063163011150192022160173004432647906
141236063126135079171194000531682817
008075075222199136085097004435083206
231128055195199224101249579860547506
215167200011244248024143190481487517
197113078103205249010089420683387717
213175202101205139035106052225728306
016003076165194102251049654696020217
202217215109199170075009572750866606
195102044180073165059050543590044506
094106220179202030144018597860002306
143092032221199168158039209690044506
196014049171231225123094000532194517
047185187116116246215076000805045606
114242108221199177244149000805682306
103207019105192166225106233600044506
140200069052116246215082094825153906
062205062223212197179178004435247906
103215131170135079171071004435474206
134009120193198033105216000535250917
070243079058192182180171004434530006
030015090232198255186198000000000001
125096142066215177154201004433099506
047169209171237042073094004434911406
016033214035194017228038000000000001
135243069076219092051160004433977806
047161043039198253202026420320005317
081181081030215167140115000805772506
044026009006237042073104004434569406
213184192008212227179154004432680906
200113022212199224099045000894105706
213187199245205055204018004433804106
213184192005244031011015004430164406
047100111125207183081095004433548906
122028054253135079171142000802046906
021120111002199224154086004435195106
101133007044198247228194422850102817
136227068188192166169231469060002206
123188126106198253197115004433147706
057184217043202030122195001611390506
141236059059231225123073000535221017
249070079098199152014231001232425417
062215199131199208048165000805093306
099210079250050065196174550370044506
073155098048240183007107004432640706
204006035141219092009140446055828906
044000200246240235109082004436006406
032135252225205184032103545804789517
013026198063202030063109000803378606
073027217212237042073097004430648406
008075075233215106052163004434268506
044051151013199177248241004432719306
098112192192207020027130242391705006
208017183084240223181066579062827506
096043113054207001189054547905709106
044205094011202167044253004435041806
111069029246199153039094017735456317
073164070223215161044148095005788417
116116100118251108224001085835001406
013156057212202024016248004432947706
072011141009231225123076000531715317
105204008069199169197049219982834417
119132120165240223012237004434206406
049196096156193065011026004432743206
231023054051240063017178000000000050
070063221109199169023136233851795817
195163055188202030176089341422938417
002019043159199169214086142255155117
208178086224205213185182000805841706
247003065126215177109245004432743306
112097142046073165173054599820044506
116069050234199221119004000805665206
202217215109199137132003572750711106
015063035018205113194110108190197417
158208204013138091031073303500002306
076177102216192133030215000805093706
143232121191215177154200051902652006
087062241185202024006037004434116506
099146232189205212179113454210102617
149054242235064005155233000806308406
153194114164215004019210033896237906
119128008123193065008218004435314406
064004255129231225123072000535013617
033245008083116246215095118915079406
136227068188192166171255365850002206
044006237119138091020250004435083806
016202245111138091084040000805171206
044003127078237042073106004434436606
141199230179192182234227000806209406
128087134242205180104016004655551306
134249009026116246215075004434736906
108254005184244089100199558571384017
197033197058205125076201000000000050
044011250227050122062059004430669706
153078198219073165081086627600044506
248126185139016228003084000000000001
047032049199116246215084004436261406
063160129203240235109061004432337806
193253193245116246215053539380008006
044050020177251224228022004434204806
097133082094231225123090000534389917
044011005009244038133045004432095206
087129105016202029129109521500002306
237042064210237042073100605860008006
193253209022016198230169596070044306
223014026201205184066005004435190806
062213217141244248205102004433426106
075091213024237042073093000804336406
016236184137251224034235004435910906
048157163128205250088182000800767606
134073042179116246215079000804327106
048180136105252248025120240790012317
030214173058205202229081004435241806
197043153085237042073093000803601206
044026206013237042073102004432344406
030015091113205151251147034785650617
131134146233205180013167001234721517
096189201108202024167032004430337106
016098134090244038204221255652715406
213175201167240223029005052224623906
196093065108231225123076000532417117
016012080232237042073106004435844406
092016236085202029211177396934712017
213173027170244001169077004433354606
047109074180135079171158004435463406
022175186086192031161222000805717006
105044179141202031156197112246032506
047091230164199168152106004433326906
131210252196139218240189000804948006
044095249250199224218058004434005606
033245221193064005155100000805751406
159094001246205239114065202100143306
135084107064237042073099000800270006
135079164148215162057118304930044306
030015068059205218074002004435091206
119046101194202031149177099984823906
213179055019050121196210052224646806
213173027111207023144002004434245506
016242056115231225123075000531007817
073155112250205212178158004434011306
047160113040237042073102004432834006
150243019196192182150151000255787306
075222131111116246215213000805166406
044026234095237042073092004432667206
047034214121237042073107004436163006
133241186102199177248209260856108306
058121102216205218157149537050651917
135210009099205071032134070424944606
062196047072237042073104000805581006
140065118193064005155137004433670306
140229104121215022210153004435096006
135059223009194207240253004436477606
016215075130199224153006004436132106
131175084198231225123094000534349417
044020046034205139035178004435950306
070053167122205184043220000805234706
101036153208202024005159531773368317
044029000113215006172165004433294406
237042091025237042073096433340008006
213173027183199169001210004435376606
047037137229212230042093093392721317
036172087009215163007171038005288617
201248056168244038132216655180002206
131151065185251190010041000532524817
074053186173202031138220490972398817
105106152194244038133045561154212217
237042094131237042073105418880008006
063166040176116246215076000805506606
034108101082205250088182501320808006
134134130179237042073102004432038406
109210188163050065189226053040044506
208070209176205216060219052224592206
084093122027205180113033000000000001
002136157053202030143044004434938606
244057135103244157133060000535087817
002002130255215163175060004435742406
253102008178199223106063001230012317
229019247000205212182066068810688117
122016143082240235108140000804891606
044021183059199169021135004435696806
047034025237205251206141004432673006
044008232044205187184126004431292406
036223184112244127141129506860808006
156243028209202024017243004436293406
196092076191116246215069000804100306
223003156047064005155064004435675306
040244170154199152014238004432040006
021084065137116246215013004434682206
062207232201244205130196050005619106
243054009032231225123076000536387717
016195143026231225123076000535353417
047063119186202167044253004432662406
104217225054193065104061439212942717
213175253244215177154198052222763406
194187210001202031007170332894117117
022194213104116246215094004435542306
074250100059215027088161093060930617
032076241103194041035158000804839106
049225178186116246215077004436003906
113175002229205216067105162600533806
213187199237202167000007052223539606
127058087120215163115082004436089106
146143067153116247217133000000000001
131188254013251224032194000535977817
213173027177205164191038052224326406
042088036254202029011210560756273117
141236062225231225123091000531824217
063150146075064005155229004435654306
131170083102231225123076000533858017
089229113075205217086024033896297406
044006206031212195126032000803448606
062198118118131114051101010034878006
158031014221073165081021532590044506
062204122010205066157018000803992106
213173043248251190083003004434142306
196093065108231225123092000533246417
073138248089199223125150000802634006
139169064229116246215069004433432606
136053110212248200243059000802645006
239213054011131115180171052222754906
016253001100198241202211560720044306
105098205216199208049150556260104406
073027047107237042073092004432890206
131190122018139143018216004432002006
036222018152194041046019017930808006
044021049223199171206181004432935506
140076018202207008087057004430210906
044008188162205195208156004435919906
197043153088237042073092000805479406
223007030181237042073093004431319606
112096067220207001054096579612583206
007239235054116246215082004434590906
218225090007116246215086000803522506
100235222134050065212138641470044506
034125161139205251205173000894380806
047001178251198193177007004436065206
042090149075202031051004010725950906
035216142066244158005052580516334117
117064146248215027184232068812750706
044033255023194031082111004435011006
136227068188192166172012597750002206
075067173181215176018236004434705306
159090048090244029242026329170002206
044027081128237042073101004434386806
123104254166212197179133228382961417
113174230028073165064072500640044506
211247019141205218157098030001656706
064004255129231225123073000533675017
044207204250192022173005000804322406
058203183212205239081071000803889706
233036027238207009245120262760002306
251103139018064005155230004433574706
223007030181237042073093004433418406
196040118092064005155101415480905006
077007174171199136076000427430590006
127242060189199137226209004434323006
243054196141139061080241004435167406
213173027170205216060231004433062506
201211053156205164112224000530584817
131192122245237042073104004434979406
042092171134205251202108457070563006
016242056115231225123091000533349717
048165161210202024006116080802349106
136227068188192166170131523910002206
203203204161215167248170000000000001
251103139043064005155244004434226006
070243079058202024006217000805765306
206019124226205098234026030616172517
131174242045237042073105004432131606
247003207032205071047151000802094706
103105010219205200031217279364831517
016215208159237042073092000804697206
013192054038251224032205004435955806
124101052210135079171187004435480106
047100054199244001196021004435875706
218225205094064005155200004435069706
055233073176237042073105299900008006
047168222099205098236131004433730506
075230124150192132001171004435029006
069051230236073165059054241960044506
048167068202205185133080004433918106
093228044090231225123072000536371817
134140065116192166212029000531806017
213173014179212227183197052225234906
135238147118205127001070080804940106
119142160247205251200208004434383606
140169199220064005155195004434677106
093119054206212194042121547160899906
231148130036240183050076004432743906
044057140180198231050132004432023206
244199180007193065008086000801616406
101235247108192182158234004433351106
197086015014194100118235380781121117
116086068180199224156213009932628606
044085150012205251202072004436108706
156245189123207008082059164560103317
249158180126116246215084004435481006
140066161136064005155234004435884306
101081106099215018244002004434501706
076177099144205195120057004433703906
204124074102205218244149046983264017
064004255129231225123072000534967017
008072209240251190010105004435311606
213179055027050251189121004436045206
146252234053244089149057623455686006
135084107093237042073094000800870606
213128095202073165109166589880044506
032181035137192029082218059380760906
104243182242199168233108000805090406
204096127014207001186130004433734706
076084179115205200225228080024247706
015043158080205126137133000532878217
134134130249237042073097004430435606
048181106054016230168186384450008006
197109216213237042073097004434189606
218225090099116246215093000804989406
047080054090207008086202080803722706
076177103241050056130221004433987106
047081091076237042073100000802026806
089114251068194017228119420250005317
206089105137199137227109165403187217
121199002162202031165238010240688117
041133116238240183048041000800005317
141236063004215177154217000534660917
047038016058199137231132093395785917
044007185019205066043130004434085306
101081106104198253042195080805930906
129066131083205180045194005873994206
224115233227199208057079004435806006
047081085032237042073097004432243006
075063140019244067209242000805265906
237135159176251073188229000804949406
086172226214212232224058444314677806
021120125253199224149005004430793706
050094067110244031009235514132882917
223007030181237042073099004434369206
002075171030073165089183446010008006
146074221204205200024135132022636406
047110181203237042073103004434724606
251103139224198033143040000806408806
007234225066231225123076000535476117
200162226036194043181019029642274106
137181043099050123171147000800188506
243054251118231225123077000532830317
044024116039237042073093004433282806
103201016249073165108197572290044506
047044131087237042073098410080008006
050031231058205164096177000000000001
137175044241199135043150123740044506
149016108056205126033101004435122006
218225090099064005155210004435540606
047169079216237042073097004432171806
244200030051199171101120000804585406
140169207126116246215013435360005317
002120212067199153108018000805067406
016012080228237042073095004435791206
076177103197192029209114004434252006
213175201169205187184085052222659206
016012080211237042073106000805897806
108238247142202024005031059385821506
047080031222205166055169004432628206
253102008178202028165217001233542417
030015080227202029174134004435689606
047001144014205149045247004435196306
021068197203199152008017004432842806
007232054221194038152203000000000001
016012080229237042073101004435717206
075091210244237042073099064360008006
125228248220194017229143000806012206
072011005097016238145171000000000001
042180104024212195028084119270688117
253102008178205236157059001234035917
151004010244205203251237092823879006
044006237119205230090210000801147406
151165114232122195111160431350044306
047081024140237042073093004434800006
005085003217050065250222485500044506
089053066211205184032225422963033417
103245145203139061080223363263678917
047034165105198192203202004433889806
121098229242205239062009069015156706
044010171122205066248118004431240906
059170230227202030197249184340044506
204124085094215027184217448324696417
096014186066251190011162004432149706
044006059187219092051205004432890906
075091209196237042073095312300044306
062200033114212195071109004432662206
131190122023139143018216004433491606
231128055195199192032164579860548406
042204060041205218156066070084521417
209059240192205249007202521510002306
080201250049202030254056274655917317
237042093051237042073107004432976806
198140109072116246215223625030008006
044000190172237042073101004430698606
196093217167116246215019505100905006
072011141010231225123081000531516117
075067053019205251205181000802821506
146017019058231225123090000532559117
103245144024199224102173391743672517
195125255168215018246212134176405206
044032024246139219143054004435811306
197143138162215106210078004435815206
148022087016064005155183004434662206
211247076191215004018237000803882406
213175201180244031010020004435745706
062196208051135079171142004431458706
253102008178202024005250001236188517
044040218090205112188097004436076906
123190098116205148026065018535277417
044009173213199222142091066035577806
044004081143237042073104030004436806
213175253245050123201124004434931406
141198057159194086010234004432778306
132218171121073165173218635090044506
002111124066050123065253001235381017
123083237092205071033105000250444806
253102008178199153108121001234148117
223239026122199223121193004436110906
049030243059192167122201050003771306
213175202216205218011031004435097106
079121155115198247248037589290002306
142237118225193065072202626912041906
103173169171198193188208000805485406
086106031062016228003084000000000001
214001222007202031214014140360008106
078048183066251224005137619294418417
245098056077202024016144004432079206
140075193213205218015130004435115206
228209116130207001013216071725024106
047109074180135079171185004430402406
221082247052205218156121004433931506
099194128222073165108120269410044506
210030029151212064083082004435893806
110098053029073165104097598060044506
213184192016205137108128052224941006
213184192019240235108139000802633206
047094088193198231048022004434980306
013193195161251190083010004434852106
147088099114050065249186589660044506
016195143020231225123080000532429517
131192122227237042073106004435559406
073026208156205236237230004435074506
064048178122212196048209068812766017
223080186056192030055245000805494806
013193132107138056077082000805804606
225197118025116246215050000803860406
047034190173237042073104004431713806
064004255129231225123080000530865017
063166035225205216062153004435049806
047108192095198253203197000802702706
204096127004194114091133004435492806
021120125188205212182117004436095006
070053247201073165054182521850044506
044073103042205055201232004433823906
044222083208205199050024004433707806
103119018236194017228064000225571006
197043153096237042073106000802991006
253102008178207012135233001230012317
047003241138205236237202004434505106
131148087034231225123079000531668317
231148131114215163115082004433550406
056034230111199153108248000805894006
239213192230116246215073004433321306
099216147206205251207021207225155706
223007030181237042073100004436062406
016195143020231225123076000535580617
201163019156205251200174503211094917
137114125013138147089032000804310206
062205196134237042073098004432417406
141183195240116246215034118916385406
044062069217205113216251004434586906
223007030182193241061248004435207806
136053123146199169003191000803608906
073137241110202030127210000805615406
206157212119205249010089012003387717
141186045158064005155201004435769606
119046101194202024166245099983729906
135243069076194102243112004435130806
249237255146249237189018418493346717
075062217254199136071154004433473706
062212076190205166055177004435239006
021091196016116246215070004435443806
196013196222199170235109004433986606
050075135239202028005010140010114406
016012080217237042073096004430592206
044004017070199152013243004432978306
213179055117212230182140052225260306
072011211057231225123078000534667617
042093232149202029232092010542140017
044068100254237042073102004430804206
081210117018199169194038236230008006
218225090017116246215087004436031306
057184217040198247245091001613185206
030129206212205184032205490200281617
016012080226237042073092004436481406
016012080208237042073095000805398406
152155087015064005155158004435041806
202217215229138145209165539510401006
239213224161240235108141004435161706
233103166110122195111160352570044306
213179055000199169012197004430152906
152098017020205250089173004435211806
206157043135198247242179004433735306
218225090099116246215093004433703906
133212189208138152125061320632048017
111224184170199192043054004435183106
047007020118205212224049004432625206
044026241102237042073093004432313406
074224228095215176008157068816401717
196183007045212030198220000802778806
050029012141199204087011000803534106
075029136044198192035230118914512206
112105072213198193130094602564224617
203123124019205125127041369155805217
213179055007138091022105004434228706
047168103175237042073102004433436006
047123106021205212228110093395290217
124244081067231225123078000531865817
016173149032244212230125514724362406
073164076196194038159111000804961906
143170228218240183051067004435067006
204088224129192132030066030740307417
070243079058202024006114000803655406
044037012077215013072176000806130906
135243027105138091022002052224952606
111002174088199153047033000802833806
016003076028212195130077650755854717
044212119171199152014229004432440606
021120126061207022028249004434996506
044204163070207183092076004432715006
138218113064016229023074511640044306
048181106054016230168186477140008006
112081173155244212136175004430271706
100197036129202024007249004436400106
222081143156198193176046384840312806
044001009033237042073100004436277006
127107225023231225123078000534077317
194015114207244038132152528530330606
047105077004202024006169004430794906
048166074155193065086210250005566906
077007203166131026013050524060044506
047100179217237042073106004434255206
149042099213215018163134092120211917
044030138037138091022086000803936906
196092076149064005155233000806020406
070243078214194102246101000000000001
075255020083064005155193004435166006
129178050153231225123074000531900617
228202120167202028184088004434915606
047119188021116246215068004434620006
057029215237205217248042234140102417
213176048249244001198242052224265906
223012237037199221119051333925830417
096205010180202028225081128464050017
041150227104205250011153052226531006
202217215109205217246064572750199906
016012080219237042073094004435940006
217165197040016233090226512490044306
048167222100202030183118092100910117
141183211149202030192072000804038906
213179051207205185136195052225463106
096036045253244003243202004434496306
119129188142198220156125004435295506
123188126253205127099097004431536206
044072156175215177177189004435120006
064004255129231225123078000531258217
214006028069202030253064010440718606
070243078230212196221138040072867306
133039236015116246215223363850008006
047032016048237042073097004430857406
119132120169199223121206004435224906
073027151207237042073101004435898406
148067220032192182129132000534137017
146120138251231225123080000531062617
080210148016202028165128010244360017
103110085017016198229165607560044306
016012080215237042073099004433202006
044019048138138152126178004432676506
239213192230116246215083004434595706
220205092146202029226183441763491417
134254130131064005155189004434485606
213179055004192029209198004435277706
044010186222251224228015004435789306
140076018202199153035243000805334306
073155098048199224107060004432789306
021120096196205212182125004432807306
213179055015199168158174052224844406
064004255129205218026097000533134917
141183211149215167114013000801357806
079121155115198228177211343170002306
070243078228199168152226000805194706
136053123146202024006009000806251006
088046086162205071041006086333895406
204163239016202024016004068815501306
100208217209231225123093000536434517
156120202048207020027073485272083317
223007030181237042073097004432688206
131190122249139143018199004435230006
050210105204073165110221617820044506
157000183101202024005221186676376317
140169207145116246215122000806511006
106215144157050123083011004653747306
070243079058202030058004000804570306
047011160052237042073103004433720206
231148130191198222247057004435029406
206240164247131115161164059385055006
141236063224231225123090000535153717
044068123008237042073102004433148406
040216112090122195111160024540044306
047100097008237042073094004434929606
002164213021251215117094602280338906
062193226142116246215079004436085906
044204116024251108156219004435204006
146230062102205212224015601112644906
237042071046237042073107004435361806
070243079058202024006051000803174906
131145176158198192217013000532156117
007239235054116246215082004435684906
044010056200215018244002090015021906
127235039189205164112020004434809206
138147081040139136059148000536136717
197078133198231225123078000532427517
249114062039116246215079004434324906
158077227211122195111160398000044306
231128055195215007207051579860548006
044068054122237042073096004432081406
101018233026207012129086066723039617
148092183116205126121221027035027906
131001129220215161105085083606328306
203212246206192182233123265131124717
016242056115231225123095000533947317
138179167131050123066175136604607117
213187199230205066255159004434962406
203042172189073165110142623560044506
034080172020207180054137328250002206
044002050077199153034015000805131306
044074136130202029109178004434429006
251000215066194017011181639030103217
016049112217116246215079004436076906
070047115094202028116104645274984706
237042071044237042073105116500008006
072011211074231225123091000534597917
248199026015199208057153004455138806
197152136247205212182178077776338506
116069050205138030202104004436085006
119131066060215004018002004435366206
197202025100202031160194004436461006
147111165194073165079226034290044506
124090028220202024017070000804534606
218225090096116246215086004435584506
007237234144116247217066363470148417
196075019122205126168137579576522306
044000190172237042073105004431770606
136227068188192166170208336340002206
073024033038207183082230004436002406
223010192225251100097202000800311206
210062159148207000086197380802644006
140078028109244157135234532280905006
204096127022205066245181004435402106
089179117233240063017146451965216406
047109129137215163164218004432849406
044211229095231225123095000531406017
247003137108138152126077000802741706
055229045125073165080003571180044506
153071177216199169195096004436439506
075091209225237042073106000801856006
008075075222192022160239004434837806
210008073105050255048254000803488506
135243069250244022109018004434446506
130180197013205216066184334650103017
075091213014237042073107004431311406
044024100210064005155209004435618006
141183211149202024005122000803285906
214016094175073165054006579520044506
220253073085116246215043267920008006
131170083102212034247249000534357017
007107237045050065214004535420044506
203028166134202029027055522890688106
134164179074237042073092025156445406
131184042150215018244002001230016517
153216046202205251205198111115723717
213179051238202167002018004430332406
021068193032199177241029004435452106
044043164055212194054215081061018117
055243248096073165107247499620044506
063167011166215161115255000805005606
202217215109192030042126000000000001
106134009142199177255201171483622017
100197034182202024016219004434933106
140169207146116246215085004435023106
109192113033199153096024600450808006
134194243123193065085094019355674106
213173043234202167002161000805944806
206220037170073165109171611270044506
134164179074237042073105025151350606
070086179082050065172100586360044506
034076077230199221126006204825032117
239213054067205139035089004434193206
013158179067212197211064004434259806
231148130254205251075018000803135006
253102008178251073160120001230012317
082137077099050065172170358740044506
075010192210194031028174092103759517
231148132015205149042243004430238106
210030029139194043116026000805801106
041155124115199224153242004435778706
213175253227205203001070004432351906
239213060022199168224251004435748906
227003192033240183007175082606002306
119132120168199169192096004433561706
237047019073122195111160470710044306
206048207188215013072176271104995417
143238250212240183051070004435378206
047081091076237042073096000803438006
152148062241199169196198009934120106
248199192080205148029021000804324306
148073085144064005155189000804705806
136053123146202024007000000801292006
044196090249202024016040004433633406
243054009052231225123076000534711417
044006252250064005155229004433282206
243054081004199224100174000535640117
007171163221202031155234599614506406
044021182125205211062047004431837706
134134130177237042073098004434950806
073155112254205212231213004434652706
116247141241116246215080004435848906
002164215075194086001216004435832406
062209207040215177108164004435678406
136053123146205200226116000802803706
235180223188205251202236004435132106
202217215109199169208078572750877006
044002105251237042073098004430906406
076084179115252248203201080645098206
213176048175205113206118004432167006
047012126068199171102063004432724206
090218213151199169013075562050338906
213176048255244212230125052224281806
136178218064207020019036000805272506
047081091076237042073102000801259806
075091223098237042073092207020044306
099141148220244020056039341990148517
119132120170199136087127004435759906
047119009209244001199058004432846806
244200013172139072053034000802804506
208070209176205071139253004432815306
125016175025116246215045118914195606
044084132251244158005052000805382306
119132120158207012136226004435176506
196154009237192029095216080000925306
230203221195202024007232045001869917
044035155029116246215071004434409806
108043053024202024017117004435966406
044007138236215255200013000805585006
227003020082212227179009004432713906
243054081003231225123072000534445817
062249252056215163004045004432835306
021120125186215018244002004434969606
070243079058212232088112000804922106
195162187241198247235138601240103117
237042091035237042073101000802257206
244200013172139072053034000802853606
231148131124205186003204004432956106
047169175164237042073093004430876806
044007208032237042073092004430623206
127242036006064005155132004433582406
129046210160194207242139139360312806
113177229111199137227109408483190717
008069239058205126138024000805324506
159090048090244067208175374780002206
106018086209194042039073080806444806
213175201177192132094026052225050006
002002130255215163175060004435742306
239213224176198231050045004432586506
041144228080237042073100004431059606
131080109092075202188178000000000001
074234253149122195111160445330044306
199245167098199152014036602413037517
062253015041205249058133004434923306
218225162181116246215156354460904317
044220090192116246215057000804327106
213175202232198231051221052224905106
124142109077192182210167000255979606
237042080196237042073101623780008006
213176055205205216103144004434422906
147003207148193065090114009934643206
044062144189212227176016004434519506
204134246048215027221062423140105617
140169207178116246215122004434176106
209114231040138091029162533674217117
130146030028207180053046270320102417
085062152035198241224200199830113517
050237022207244089083195594046337506
152227208237202030244048499660008006
080210253061212230228186000000000001
077164027004050065170204617950044506
079011210023194017229141000805461506
135084107064237042073096000804455006
237042071037237042073106004435772406
044085248041205211052163004434988706
149054242228064005155247000804274006
223007030181237042073098004432194006
058176253209194102244093550285349206
044085129029205112188173004433648006
149054242231064005155230000805560106
204122018036207183081211001235438317
016012080230237042073100000804004206
047091000043215167112210093394435117
070112080202198032153176317720002306
140173240231205239087212004435984606
042204053233205187246226070082012617
203087169134199208051139387720002206
044005105069064005155209004436262506
049026072071198241200243023380044306
080118110245192182249226250802759417
102083198130192182190021648185954917
196085143202073165091222581570044506
218225162156116246215241458730904217
075091213053237042073092004432084806
127168149027202030113106070795010106
097133087114231225123075000530203317
113175002229205216067105237260513206
042094123243205230082162174090104717
131190122249139143018199004431867006
041155068095198253220164000534005517
096252065194231225123074000000000001
075017061244205070214017004432701006
237241128221205098029237004433351606
070071044246219092051197000531124317
213184192012192031160133052224564906
218225090094116246215071004436032806
200162104072073165105054634600044506
134009120193198033105216000531498417
135168156189116246215019000804847006
050024112081212064144218559916259906
136227068188192166172022427320002206
237241146012138152126190004435355106
044009180131215019148157004433019806
239213054085215177242182052222651706
047177122180192029185131052235056006
213175202226131115180130004430209306
047109144143237042073096004431813606
108127195161205126120223423555086717
047101009038237042073098004432274006
044039091190138152126186000804680906
139169064229116246215069004433439006
016195252251064005155064000804325606
121149058199219092207095331821296517
050075028226193065086210081016083606
047034190173237042073107004435587606
047160222006135079171198004433235106
196093217241064005155150428500905006
075009250066202024006245004433891506
047185187116116246215076000805104606
047034096136237042073102004434298006
135084107093237042073107000803100806
077124002203207001131121105035386606
239213054069050062034042004436012006
073165225141135079171175009995335506
044023054135138091022122004436082606
062239149092205164190013081065720717
044068040039237042073100004435653606
218225091111231225123091000534759817
053157155178194042201154150970307417
007204031002207012139009004452783306
013216124139199152011094242002676517
114047135166192182089041000235261006
131026052175135079171063332990044306
200222118227205251205198000803953606
062233203244205139035190081106418306
235201085147139180033116134225644917
047169209171237042073100004432468806
070032085113205239099012588150002206
243054200202198241227019000805723706
244200076123202118047013004436190806
239197201212199152015189111182541706
218225090099116246215086004436354506
063161163089192031165214004433720506
157228050036240063114060479500008006
119050177043192182151208000253811006
213184192017207022045085052225698006
096036045250199177248061004432631806
213175253242244001169077052220313406
044027167065064005155209004436278206
044000015180237042073093004435305406
062207024238205071139022594055442806
047034184031237042073102004431846206
139107246157240183051067355501886417
035080204051215018161191632770002306
076177103226205112188079052225784306
021120096193205071036076004435479406
044007138236205127099004000802718906
124045222037199171104070177716288417
080203092046202031132068543122487417
098136222208073165173243630960044506
197043152169237042073248020010200117
016234096160251215113218000803932106
201137035050194042197214000000000001
099141148210205211122024407800148517
062197064083116246215082004434106306
124117015038135079171145000803291706
131058204210199135037222086665111006
111022178108244205077097397364125417
064004255129231225123093000531712817
062201090226199177082125004432626606
073024217069237042073095004431323606
196043026097231225123073000531045817
044222086156116246215073000805412006
197043153080237042073100000800341406
149042099213212195125024092170176517
131000189077215176008197004430342706
062213233204244248140235097223866106
062241047139205127099002000802625506
056021221124244003240063004430259206
223007030181237042073105004431594606
030214173073205055130078000802971206
131134146233202030161086001234331617
105150095190205032024094339431444317
197043152173237042073093000803090006
044062073194251224088150004434955906
041056070045205239090127392170002306
127107225023231225123079000536489717
140169199136064005155230004434958106
041005207006199220209131000233341006
103240064219135079171071004435890406
047084229098237042073102000804807606
022196058073212195127170081005965217
047108167236116246215080004433814206
044000007196237042073105004434662206
209198085022199224099045000864894906
112081152162202118044118004435711606
047169075075237042073093004436314006
105198032014231225123073000531169117
113182070225215163101212125320220106
141236063149231225123080000535009617
062205145019116246215079004435339706
062205030183207008085229525840055506
146107156081205164124029004435356906
049205130242199223127128618985320706
109116108081205180093007389115135806
093047222206202029185196000805538806
213173027125207000086021004435265706
159103124121198209170027270320102417
193140252170016230160237000000000001
103113186060194017228064000225887206
008069236032192132029219000802633606
075011030163139212123098050021075406
237241141013198255186198000000000001
108095092199207008082059510775204317
021084065136116246215013004433670606
044054125220192167127138004433333006
085133027239073165079102575960044506
237042091021237042073096004433172806
223007030181237042073094004431774606
218225236210116246215156605840904217
213179055089050254103162052220275506
135243069107199222142015004435181806
250015106214193065038029181243783117
225197112107139061188035004434570706
003144073121205251202119004435231206
016012080219237042073094004432775806
244057123250244031008188001192725306
016195071142205211049102000804920206
128199008194231225123075000535969517
091093235145073165034017511370044506
096064152175193065040069270326539117
044205142157207000086134004434548406
047081024140237042073092004433469406
016041179056138091077168004435561106
079001012082205230082162552985626417
214135242196199153054217618282683306
134134130180237042073107004431473206
231148133100138145208171004432675006
138141063133202028178175476525973217
070046093069199169214054143500111417
196115250017064005155247004434077706
103119185198194017228064000225583806
050075167145205212225253000802703806
055233073153237042073095000803350406
197202025112215006068177004436320506
044084123155199169214218004431757106
048167185211193065012152000000000001
135240062190199153045103004435314506
044069043077064005155229004435932006
016253003096064005155028447260905006
062194058225237042073101004430508206
062198055092198192203202004435147306
016012080210237042073095004431345606
197043153098237042073097004430760006
044222003113237042073104004430670606
033252135035064005155100000804239106
044002161222237042073107004433869606
231148131135244022031183004431122006
114091155251251000115138260020725606
119132120173199138218125004435038206
124045100169205213165046385983344117
030214172209212171014189000801939406
237042076015237042073099202460008006
119132120180192182178180004434665806
007170004163215018244002168001409717
127242060234199137227063004432730306
249157228007194086008058590610338906
136053047100244205008122302324796717
076177103213215163115082004435604206
044006044041237042073107004433771806
130004046201205180111086000254341306
044025110009215022057081004434917306
070243078228212227179182000805163706
062245204133237042073097004432023006
075091213059237042073103259200044306
044210177005205071036105004435434706
058136077086199169206186514130110217
197202025100202118054182004435368906
213184192017192029187018004434117306
213173038228212227179002052224800306
152244036005139136059148000532893917
213184192000205187184146004430153306
135072013122205164119185386366160717
037041041123073165172141107600044506
021068184067207020027239021955356006
047011074112237042073105004435371006
129023209110205125104005004436034206
075164199157198231053138004434602406
044033018148251224005137004435539406
213176048048207183081231004434644206
044003062111237042073101004434059006
122163211201205032024141004433941106
021120111003139180044054004433093006
202217215109198192200202572752888006
101093040089205035005091608682837117
075091222060237042073099278740008006
044085112022251215115082004435256606
149054242159064005155233000804538706
016059051253064005155136004434320606
042055118074073165073009123680044506
030135011108073165107227336180044506
044095242042231225123075000535302617
223239026122205238171128004430341406
131003252231198241163250596230002506
062210141094205166055169004435370006
070234163045212171168138000804821006
111229100242050065172235551240044506
067024252213215163006224068826498906
025206091112073165173124601280044506
075063248032202029183229099980362206
047173126100205203032197004435154106
086015198080207012134080375136380417
109079159230205066140148590640202206
016012080204237042073106000800862206
088230069123251100099199309291357517
034212058106073165079093309940044506
063147085210237042073092004433008606
131055051112116246215220357450008006
044084123202199169214223004431120206
016253001125198241202211344100044306
134194243115202030144146019355345906
002002130239251073192255004435186206
135084107064237042073093000806519806
044051123119199224149004004433509506
210011239066244067211093361632549906
076177102195215163006250052223732706
096236094065199137232025004435209906
249237189051249237189018000000000001
048165150071073165089204510320044506
153118082103205249011198037444667917
148083149186139212119173005141170306
016003076170205200146090652994064317
047044170137199224159176000802669206
106124006223215004233051273224232717
141236058236231225123093000536486017
070243078242205187184009000804731206
098087224069192182095243004435235706
149054241130064005155233004433349406
076122115002205071047208486685338806
070243078228212232224058000805143006
079121155115192167123241558490002306
213175253255192029209115004430360106
124050093144205184073173004434394706
092155180102202031164227000000000001
044219233132202024006106000805208806
044211191208244031008101004434882206
047081231144237042073102004431329606
016035125081205148025181000536113917
130150088061073165054137502330044506
131148087034251190010037000535383717
106070201247251224005229265031960506
002188210227202031149091265976187706
223007030181237042073104004431044006
124117015038135079171128004432987206
016012080220237042073100004434727206
047034184031237042073107004434299806
044001110112237042073093004436003806
113175002229207180015129212870514406
254216025226135079171198004435616306
131190122018139143018216004432001206
101142042180198209131073455302384017
140200069215064005155181004435173606
223007030181237042073102004432369606
119132120165244003024051004432653206
047123196149212227153064093394173417
113175002229205216067105284650518306
131210253092199171095038000805366006
093243133213138091077182274750555506
008072209240198255178072004435804806
086038186216207022024166537565969517
047101246214237042073107004432485006
202217215109212232088194572754999006
107035090131205113193046047115289306
033228141050205212224049004432640306
140169207206116246215080000806018006
047081124095237042073107004430212206
044222230099237042073093004432126006
218225196048116246215093004436343706
044086145011205066242095004432684806
147223098129116247217133000000000001
210013229086205185136200004432709606
016012080227237042073104004431325606
047100158133237042073099004434920406
016012080215237042073093004435493206
244199224088205139085042000805146606
237042091037237042073092128080008006
237042065010237042073097479520044306
223014026205215167248205004434946206
057184217042207001182023001612053806
243054196209192029092193000803593506
231120120239135079171145004432002206
213179055008215176003216004431563306
067024252213194017229137068820344017
016243054221199224148145000000000001
044049176034199153106130000804963206
119132120173199177255248004435597406
075011030163139212123098050025060806
075067180034205071033122080655954306
075063248032202029191092099980174806
125020145094064005155139000806234606
044007060143237042073100004431743406
044050193233205236086098004435942306
044196061181202031109211004434679706
075222131114064005155100000806169306
044220123209116246215008000806070806
127107225023231225123081000530320917
195083109233192182060024000254077406
044094033101116246215070004435321506
044039227007205230090198004431130606
245098099152202031242248423940044306
064240136207215004016173068895511617
047125140222199153110233093395571017
119132120187251190162121000805059506
110244181023251100165137447176139006
062247045083215177111166004433285506
062226058212215163164234004435602506
113103246207215013072176297290832217
218225091067231225123073000535435717
158051075035215161111253626645632417
073165061176193065012186004456002906
013156057212251073188094004436009306
077191221175205187184009221235028217
109060085018199137231132000805711906
249070079098199169223194001230012317
055233073172237042073102000805103606
124101048218244158005198004434953006
129161061229205249014187193104643017
062200101139237042073100000801158806
119132120187192167239065004435149306
073027230128215177178030004435028406
016195143024231225123090000533608817
044220061135237042073103000804685806
197155091172192132094150000805455706
231128055195205239084248579860547506
007163201102205212181001389210102717
062196102009237042073092004435318206
073131016228199170073103080004938106
143089160213205212179110004431414106
063146181106199153107030000803741106
047028012016244248165149004430389406
213179055121205139035178000804505906
063175189236064005155209004436548006
119132120164215013073248004435847606
196088223164116246215242363060904317
034080172020207022031078492790002206
044220069169237042073093000801132606
196093217211064005155122331820905006
044004213176237042073097004435443006
152200233220205251200179000804189706
105168200062199169022007387854974506
016012080216237042073105004436033606
070243079058205180089222000803863806
047108127139237042073101004433692406
041147216036205213166229004435747906
237042071035237042073104004435190406
209198085026205098239253080953777906
050094065216199168159065000000000001
044202082088215177165018000802641006
139107158131199177245230571942917917
073027217212237042073102004436291006
044060109196207022026047004436504206
155186006127116246215012000000000001
044059006248205236089133004435509406
092017228169202024005171004456013806
196177114159207008084225004435620106
044023114161205200149026000802672206
201139057034199177255195516775709706
135243027125207000086042052220737506
032082083136193065012186004456333806
075164196083199204114080004434223106
080047234160244022242049209680002306
042088255152205218245013250474320317
100153109005198243139090000805045206
130004046201205125121224000254782306
221050231194248240123169000000000001
050075028226193065086210081013689406
224215193162198032147030354920002306
076084179115050123053192080024290506
206157040179205239062205004434839906
213175253197240223181253004435999406
140075193213240223181066004430491606
044000133249237042073096004432021406
096066100002202028174090540601403706
196013202062205180052128004435031206
113131175147202030125195577165024217
062215040221207001170180081066446717
093143018089205184032120050431966217
076084179115212030126023080023853906
096036045250194086001059004435837506
016007254153202024016248000801356706
044027154132050120176206000804413306
044201196116064005155209004435280406
224115233227202024006042004433765406
016215096138240235109034004435940406
140242176195064005155132004433550506
044008180063212064070159004436191706
200161070227215161031064219573490917
111252087015205251200174129343675006
002097032072122195111160019780044306
249237197138237042073103000000000001
047169156224205236228101004434886906
247003121221215255060037000803992406
027136162186205112190128011192718806
089230008051205250082070572106447717
210030025218192166170041004433992306
196042225150192030007087000000000001
218225090096116246215093004436029806
062245253009199153052118093395149506
109204097010202028133024586435083417
197209039117198192207075551310909006
249070079098212195084205001230012417
159090011074244157134150645300002206
135248085023205032017210004435886306
108061137064205113240244514133373917
054124184015199223123028272790162006
044202024127135079171145000802757706
150135053247231225123074000532060717
136053123146202024017175000803753006
113109125214202030156027010323912917
125210243139064005155195004435210906
119132120169131115048011004435708006
097045224073207022031073544820044506
223007030178244003251036004435186306
075062217254192029170002000805173606
111024154161202029177162000000000001
129254218165215163115082100250189706
080118049095198209155228253155454917
109210154149198255185204637190014306
044084032182244158229022004435365706
149032048199205180090105001235335617
244199180007202118117035000804939706
079051057098240063113219498060008006
148137206218205212178193004433799006
069226221221231225123094000531390017
044002105251237042073101004432633606
109216014051192030096009514134920606
143234200059199224151090004454984806
062254178032205239062137004434309706
048167245043202024006113211002955806
048166070169202028125021286225655906
206146193217073165108028536570044506
033252135015064005155101000803743906
062195075108212197179178000535723717
136112156121205202230240004456192606
124101048141205249005161004430404706
124045222169205236228027004435443106
134164179104237042073101025154957006
146005189206073165054041219520044506
237241146012198247239017004435076606
016242056115240202061090000532106517
149042137132202118028245004430604206
097251035254138075186107466620002306
149158096184199152001200077802633006
196115250017116246215121004433818506
196092076142116246215069004436364806
063164113249205127099193004433185306
030214173127199137227017000802585906
148067222062205236089072000534985317
099141080151116246215163454740148517
204073124067202031019242004433361606
076177103232199168238028004432655606
200124151238231225123078000534732817
213187203121192132002216052222685206
111234250192215027214046004433959406
030015071110199177251097004434998206
197210006237202118044098554705323606
138009177148205250088032000805168306
113181014228207009053128132621264817
106209157192199169214029216276206317
021114183013240063103187004435976206
067027119026202031186235591005176017
103211029157205230153033004436080206
047110160103237042073093004435493206
044068050068237042073107004430382806
063166040176116246215094000806542106
197207242232198192210198382560002206
223007030181237042073093004431213406
047048122229205199060234081025366606
213173033194215162050050004432662606
099205123104212194042228229105587706
047101025201237042073093004430986206
030214172133199224155225004434444406
044068100254237042073097004433213406
073027006102237042073102004431950006
016012080213237042073097004431013806
047081231144237042073100004430884806
041243110182192135208023000804948506
080207241113205071047208590045210417
223007030181237042073099004431905606
245209093137199224155125082230338906
021091199204116246215070004433680306
123188126243251108086196004433173806
245208181004205211062032004432777806
054062046189192167232143004434978806
197103110008231225123090000532068417
149042099213205167104037092120107417
070042048176205184032120199611966217
217227189000244157132105358700312806
213173038250212034078216052221548906
245098106074205249041066532240175506
050084215093198243161200268402737306
129114075074194038091253000225935306
204241097140205180061084225205014406
117158001163212202151081514131592717
218225237063116246215092000803713806
086108163254192029094254550080312806
044003062111237042073102004434690406
223007030181237042073106004435868006
122013122213215167248205004434944206
197155091173193065034165004434008106
030214173006205216060217004434775706
099035121236205212182066069076435106
075222131066207001165075000806295506
247003137108202031036135000805589406
245058156044205127001030070063574006
085247217031207012140113070084482506
048167030099202024007161080001515617
135243027104205187186093004432639006
127029207011192182133104000801214706
030211133208138145209018369581860606
223007030181237042073104004430419806
216038116124139180042039000530195417
237042071035237042073101004430732806
226154176178205184077111004436032406
115198088076205127141078562742344417
202217215109202167001131572751777006
134014051239205203039104000532488217
197222188038205070212194016580338906
218225159022064005155100000805475406
086173021130050123066010044490338906
090054150177192030048230122831005317
047160107078116246215085004433829806
097132228080231225123078000535063417
197214228084202024005233430590639317
016195143026231225123090000534788917
016242056115231225123093000533445817
196043026097231225123078000532503017
067030166224244158004102378822964717
013159000182138152125013004435863906
044072067124194114091138004435553806
044199107108207001004216052235157006
016195143026231225123080000535493017
055233073177237042073097521280044306
084115077024050065172193528970044506
097133082161231225123090000534099217
047108234002205194217230004434782806
213187251106116246215076004435184406
097162040068139180038212520190782317
112081188215194078246185080683918606
047049038241198229031202093395388406
213176048055194043176017004432625806
080203240230139061080170004455176106
044025045054237042073099004433360606
044004213176237042073102004433123406
123187184210231225123094000534601917
131042027158231225123073000530402717
218225159046064005155201004436262706
073155112254139218240254004434712706
202217215109199152119243572750199906
105210111004198247243077000535458917
072011211072192029095044000535228917
076177102205212227179105004433288706
239213054075199168155069052223694306
044084123225138152254177004434002306
203027195019215019203029012872737017
079202079118199153104000000800821617
050027116165202030166060328875207817
130203070093073165104189605090044506
062215213025198254094250004436100006
044022111157139096108157004432623706
129066131083192182215039005874829606
135219031209139096099204004434433006
195019243207199153100130270325534406
213187202242138091022026004433738106
048166082097205186046200520450104117
047081231144237042073101004435073406
237042071026237042073092056840008006
223011093129202031017091004435833306
016012252178192022173005083445222706
245098018073202030116042092100910117
073155112250251224032205004434836206
044002143043244248213093004436518306
062194073195064005155209004435529006
124045222041199137227095177714276917
044007103049237042073100004434225406
207116022094199170068172519860005317
073026250112212171081016004430229106
218042008052207008086202257245557217
116116069151199170075218093385094406
047045155105215177108219040172849806
030015072246198255186198000000000001
059170169203215177138239571853261717
213175201160205139035237004434265606
213187199247244001196166052224147006
097132228080231225123077000530798517
100197036128202024007100004431684306
149158111009205180090075000806203706
213187202242212197085236004435777506
100124113083202030133253004434977406
044069144230199224155162004430828406
197039058226073165107103595130044506
088046174163139180035006651180044306
047080018130212195084201004434416006
213173027181205166051243052223449906
135211169115251224035017004436024906
047080037033205126032066004433609406
123188126245199169210176004434298706
034248238078202029010044248650002306
213182131010215177154200100015881117
119132120169215007140142004430170106
063172048152064005155181000806030406
243054081008139218240252000535938317
149158109240194017237237080884684506
085009216013207000067229563915299306
085194227087198255169079492980002206
131176096152244248142106052235021406
245098031172202030122170000804074906
044039111040205032024129004436293406
044095096205205138232075004433305306
101086216098215013073148004434637106
213176048077131115182082004435176106
101128028157219092051184079340714717
197016034252192028108218004433642006
238204142132207020253153021534006517
200136073042194114055217110355396606
204003218218199137224033270320143617
044022147169131115163106004434045406
213176055236205216101041004430248006
103231168215073165065148540380044506
044004151051192029184226004435418906
253102008178205211044087001230012317
047170140165237042073107004435497206
200124200090252248025120468920012317
077049040080205239062025174990365917
062242068165205186046038000805006406
131210218147205218158241004435067206
063175069033064005155209004435636606
044007043033251100167076000804363306
119132120169205239049229004435190906
092004055175244003026016493224763717
044069043077064005155229004435345106
127168139154251224034108000800302506
027136162186207012138165011192943706
044006226094237042073101004434521406
223007030183207180012010004434198506
141236059239139136059143000532416117
047008241088237042073100000000000001
047028252119192029170002004434285706
062193052218199152014224004432665106
044084086223199177082106004430258206
054127154171050065249082345890044506
070243079058202028184157000804638806
137015039173202030059162004434975806
047033146254237042073097004434521206
047119188021116246215082004436350206
223011225149231225123073000000000001
097132228080231225123081000532736517
103113194181194017228064000224124706
128087134238205126138170009953340206
047187087155251196218162004435927106
044004213176237042073103004430919606
140247021213231225123072000530572317
196043026209231225123077000530513117
204096127004205032030183004434180806
237042067062237042073107540180008006
137067190155073165228154642590044506
213175201163202167002161004435426106
221197133038231225123072000532140017
223239026122193241061248004435899606
146251004113251224004088059385442106
126119164176244127021028153800102417
103211142168192029092010335132669017
142073049132194017239252131180038917
076084207101199138217177001105657006
127242060210050057211081004432782506
047168195101205216100023080055496106
157134099125198243139000000000000001
073146003222139212104149004435846606
247003143071202118047114004435082306
050084201221205239062133235383509806
121159166203199153097254000805735006
218252155094199169205019080086433406
131208002217192182071019030740307417
096189177194202118035010536040808006
103236154086073165065105537360044506
016179000126116246215086004434671806
070032085113215019186095588150002206
240158020044199224155051004434999606
062200101139237042073097000804664006
103034057172207183152092068810688117
062253214049205211031033000805531206
134134130179237042073098004434910806
041144006215237042073102000802215406
152031088241199169198037000531422917
140065118193064005155209004436354606
148067220032192182220098000532704117
131184042150215018246137001230012317
113182039229215004018236492616292306
197222188038219092126216150620338906
213175202242240235109089004434433506
223239026122251215234030004434978106
217242145051199152014227000802851906
062193109008116246215070004434799406
044057247150194207240017004435936706
002002129245202028218075004434193406
044016055188237042073101004430246006
103119185071194017228064000225442706
044011002071244029050098004432625406
099162020233122195111160548140044306
049224096058202024016087153101873917
047169009129199171104081004434875306
070112246128073165110184593450044506
062203139120251190081028004435642806
133237158009139212101245200282852517
214020243086240235109089000000000001
131208004233194031037189000805213806
210030029151194039034209004431552106
223044129146207001008033151534915517
103229103078231225123093000534951717
044007103049237042073097004431994606
015043163106192167232014000804226706
016179000114064005155235004434937006
122027138117198193184118100865360806
041055119110205250244146575990200517
089049175071205071029117033890305206
021068196216207001013094004435964206
016242056115231225123076000536430017
114242107248202029079178004434934106
237042083121237042073097550980044306
062197064083116246215034004434875306
139130177162116246215223511880008006
120200178051205113195104414850102417
044000083182237042073098004431540206
032039165221192030034055000256066506
070096222048138056034226068814435317
044202024127135079171079004433433606
008105070005231225123092000531986517
103221004190244248213085234004915706
101016040070207009054023000000000001
202217215229244248230164539510402406
149042099213215019203029092120930917
133032152094205217247056164935529617
249158180110116246215084004436512706
044028073056135079171156000804335106
127168149027193224216089070795608406
239213054020244001196166052224822806
044025089096199168152106004435468206
036218200065199153055033383620002206
140065118193064005155209000803528006
099035121242202024004125069075967506
075067237030215019148157004435647206
129090144128205032029216004432694006
140065118211064005155209004435537206
021120096242251215113218004433220806
099141148220199170078234341990148517
053000051101073165109023604380044506
044035155029116246215083004434350606
109025218031215019149204374756236906
073155112248192182251060004433815506
047229068105199137227029455002048606
044005076192237042073104004433682006
149042099213199220220040092120930917
070243078216244212108143000000000001
213179055082194043182094052223607506
237042076015237042073105560620008006
124093170147231225123075000532953917
062194119127207022045057004432580306
044003062111237042073103004435137406
073155112250199204112163004433524206
073155112250212232088058004433764706
055233073153237042073102004434310406
044028149146212230060008004435813906
139169064229116246215069004433434006
072088048058215167140223150001406717
047160006137237042073092004432773406
050065247026193065050114004455691006
218225159098116246215080004436099506
003130126202199204078097000533073917
021120126070205212180030004430269106
206110035246198243068205000232658517
131003106088205033005181093393500106
016036124173064005155231004434190606
196092076159116246215068004436479706
147116178164131026013095633570044506
044209181179251100165146000806069506
119132120168192166170041004433309406
197016034000192182140217004434365906
237042093049237042073096303920044306
016012080210237042073095004435761806
102174125089073165228025477140044306
044222229012138091023141004432087406
097206022143205032028230652715836606
041144006215237042073092000804918406
070067115001202024167248000803433906
075067227025205139035042004433896606
218225091066231225123074000531974917
007239136089016045106040000000000001
047033146254237042073093004432574806
074164165205199152012215228882392717
016012080216237042073102004431463406
062200101139237042073094000804660006
002056031214231225123094000534714217
202217215109205066241024572750855506
249157228007194086012151592510338906
130004046202192182150232000256091806
032210039024192022167077497962643906
100124154071212064145050000804798906
224134233062212232224034004434930406
047123048087207012134015093394675217
148067220032207183081227000534960717
047038074042244248041112093394462717
047030174080244157168169004433778606
015063032047244031200112116174234917
147202253096207183128138000255961006
062224137042192029214237004432630406
057184217037202030233083001613145706
196043026097231225123078000534982917
016251209255116246215077004434778506
047171060008135079171207004430634506
021091197012116246215070004434380006
150223183022205236124169267933708917
015012014177202026247134184820002306
097133087114231225123078000532204017
131099069243202024005070004432606706
033038140231116246215082004434173506
047063119186202167044253004435079906
099140174108064005155150000806002206
218225131056116246215092094824809206
123190098122199223125061018536543717
047026073040212195069135004432407606
056186124056244038204221617252113417
211038057053116246215071004435025806
213179055127202167001239052222690706
119132120170192182178180004435284206
202217215109192182230121572753444006
078254033084199169194038425350008006
221197115086205239062009004435760306
213175253253212227179002004435089506
223007030181237042073092004435759006
047123044133205218074002004434059506
047081219017237042073092004434365606
102209143094202031141158566510497606
013192054104251224032197004435061306
213176048088205113211154052224917506
197143138162199177087044004430890706
134134130177237042073095004433962606
235194212245205236237165356600002206
089105020198244003007227633506134806
131208002244207012129086614563039517
213173139056207180188225000806434406
050084201082205126132098250984922806
202217215109244029086185572750311006
137252183202251196147123000000000001
210030029151244157132061004435054906
141236063150231225123081000531330217
197050069114244022141053596372682717
141236063111231225123079000531206917
196092076194116246215069004434492706
127168149027139212098002070794934806
122028054253135079171142000802048906
062206164043064005155149004434480606
239213060005138091022122004434402406
213173027166192132094173052224636606
016034250209205251206254004435062206
131134146233202030024194001235368817
213175202214244127158123052225712006
035097058004251073188066000000000017
218225236112064005155210000805689406
062205196134237042073097004434981406
030015071078205126033100034783668617
213175202229215176003254004435313906
016012080205237042073093000802431206
127254177245135079171106000531147917
044214210046212064083038000805139906
016224253213064005155183000805340406
131112111218116246215223651690008006
196092076149116246215074000803948406
217242175216205239087212320054592206
049097072145205200240152566960008206
131208002213212195128205030740346317
135243069076205032023046004432763506
089027107234205211034018512590808006
140255108189064005155219004434407506
062200062195205187184009004434122006
149054254233205239062099004435237906
249157228007194086008245590220338906
047091109113205066159124004434245306
016012080222237042073102000805713806
137118059109198220149151270505498317
041144006215237042073103000801431606
239213054010212227179009052223363906
044007049164237042073097004430386006
090208238199202030068132024100379417
213184192021244001199058004430195106
096242188196194100126165593146232106
148067222062244158083115000535718717
202217215109050056159202572756222006
088162067185202031194007351450044506
062194089059199169020080100016102117
077024003150215019073027652646468306
131175084198231225123074000533008317
027136158090202028000210037245443306
013025211188202024016091000803181006
044069006114237042073092004432788206
047187139074215167114172004433510006
075091223109237042073101140200044306
075091212222237042073102000802402206
218225090096116246215086004435738106
075255020090064005155193000804612406
062205196134237042073107004435973206
218225091067231225123073000533141117
119132120169194207240046004433356906
044025010021237042073102004431638806
135168078147064005155228004434463906
058001002202212194186229004434970906
236146203229205066043130004434741306
054174221189193065117210520495542117
139227165112116246215071004434650306
086106119001073165069218653250044506
146017019058231225123094000532932417
195147082183122195111160425460044306
073155112250139180038212004430398706
049043024098073165081229278140044506
090250143181198247233070000254210306
016240254224064005155189000803617406
129023133226205211056089059384716906
096189177194202118035010388700808006
062196047072237042073100000801609006
047101000113116246215070004433818106
062201012208215013072176055140696517
016012252178192166238235080462761606
112081188215199177255242080681936706
070243078224205195122236000805203306
058157168132194207242160004451515306
119132120167207020026190000800211306
199096214000198247251165331130105317
044037160143205184040007004435447106
236146136233192030038169000805283706
047168186061237042073101004431021606
003130126202199204078097000533073517
127168139154251224034108000800303506
042204053160050121229061060086178217
140078232171244022199004004432884306
047122024055212194054222052236477906
093177078036199137238074020904819217
044024116039237042073107004436047406
044057070128207012129189004432699006
125021118166231225123095000534262817
125020145082064005155139000805816406
196115231210116246215015474790005317
090084219068212195124252087761843917
151198129011194039043140323890190017
086243088252073165090210584430044506
223007030181237042073102004433709606
097132071229116246215093004436197806
044056189209205139034077004430219806
044002105251237042073092004431410006
119132120165198229189128004432831106
049112173096205126037192408845773817
125024113200064005155209094824790006
127242060189198209155228004435496506
044027253156237042073105004435283206
048181084137205149041163004434891106
070081050082198253220164000000000001
149042099213205186003250092120930917
073155098048205071027094004434657106
016012080214237042073096004435111406
054096251193192022161102000804196006
056022130141231225123075000531294217
062202173206064005155182004433330206
141183211189202024017109004436346806
030214173091205218033042080806132606
127168149027202029001131070794939706
154167070096205239072073133313025517
047081219017237042073101004433960806
037000226219073165064039520250044506
119132120180205212176034004434994406
249158180126116246215084004435527606
245209093130205218024116385940701306
140242176189064005155132004436201906
097186130090199169206186161560110417
102219142022199208152216134985926617
141236062061231225123095000534872517
135243027104205139035089052223964606
237042094136237042073092416700008006
049240242002244031072102150243945717
076177099153244248205116004436136706
238174075078207020026244101212639506
131058204210138152127052086664545406
218042010043215018095077378282681617
044214006085194102253241004434961006
211210163195215022057105080615462606
152227239141199170229205524762608506
044026009006237042073100004433318206
062242173051237042073095004435287606
222081098109194086007113200002644406
237042077080237042073096277840008006
047101025201237042073097004434410006
197043153103237042073105004432655006
119132120164207180051002004434789706
076177103238215004235142052222647906
114242107091207020255023000800170206
213176048077138091022122000806030306
089250066060207180051185159100808017
150179171128116247217133000000000001
100204190053050065214030514040044506
062248049090237042073095000802520006
103113246165194017228064000224969506
139130164254116246215017653090044306
050084201114199169195232140065014706
127068208231193065057173004431276506
134164178089237042073096059040008006
047100144058237042073101004432649606
047001247255244029213005004431288006
047176245120199169008018081064516917
122144003077215162059203081950819506
104053132176116246215052004434678606
237241146012205251205181004434393906
204136073184199169198062623170038917
218225090007116246215086000803438106
063160129203050056082031004433970606
133237152178138071027189000000000050
058037050035202167077049000000000001
148083148054199177251097000535328017
249157228007194086012013591670338906
119132120180251196218152004430550806
016012086151237042073102081804266606
131051240215139128098015088014099317
092181182015205071021003089994489617
239213224176207183083191004434993406
076177103247138152153249052224232706
103245145081205184078118157295787417
044027179127237042073103004435865406
049097072145192135130234566960008206
049255025088064005155228000000000001
075091213056237042073094004430885806
141236062224205211123154000536143017
067016065211202030242063010355651517
013158192064194038152133052234599606
195141005192199152010019099992516706
047109136094199177094151004434972406
204186188138199204086144337146035917
096014154220251073188194000802880006
084122181061073165109218630340044506
105217234104199204112061337601836217
027136159168202030252000037245366806
047123140131205219218169004435066406
050067189144192030029036004434561406
196094090045064005155180000805977106
016043068171064005155139375680148517
131174242045237042073101004435553206
062193014192237042073100004432579406
131174242045237042073107004431494006
134215142023202029114201000533891617
213173027111251190083166052226000406
110017254052199170237070308123049617
097119013002073165079234626930044506
044000007196237042073096004434334406
044000007196237042073093004435268406
044203029060205139035069004432452706
088046101160205239058027086214547206
153173165053050251141001000802711406
047108192095198253203197000802267006
034080172094205199063114105580002206
047009053121237042073101080513948406
016173094073202030112248000806233506
044024116039237042073098004431673606
213187199250240235109118052223995706
047123137096198254091182093393532317
044068128199237042073106004433422006
044074166203202024017177004431088806
075091210207237042073248020010200117
116246150160064005155156004434005806
237042091043237042073095004434155606
105243109253240183004138408195241006
047091229173240235108141000804084206
047050034188212195071205093394637406
127168149027202030124123070764402606
063166040176116246215076000805464806
119132120158192030125060004434866106
047044161144244248213093004432631306
037167012151198228176162014206291506
126064150162064005155132118913440806
112081189113192133030245001233759517
231148133003205167130002004432656606
122193199176116246215082004435066306
237241146012202028221026004435698306
062196047072237042073095000804257406
062198118118131115160077010034048406
013217229131194017229143004435798406
133047049027131026048100585070044306
092245244183050062034037004456481206
016012080213237042073107004434903606
062241111231205032024129000806306706
062243198239116246215068004436415006
129107151058192182226085254614845006
124090015013231225123095000535420917
197045127145231225123072000531256317
148022218139064005155211004434811606
102222160039192029094050068815073106
218225094005139180042039004435064906
206240092254064005155149000804853006
218225236254116246215092004434607906
124101052203135079171146004431115506
218225159027116246215051526400008006
073024239137135079171185004434404306
016012080233237042073093004432492006
208070209162205183043180052224255606
047107224188240235109085081184376117
070222218148198247245249594231022717
194223183042205236227244554390291306
122027112158205239062061000805696806
226154176178219092207092004431605406
075091211154237042073104375280008006
047185187116116246215076000804916006
075062217254199168156082000806058706
075091210209237042073099000800875806
152155084109199204117193574222676817
073027146097237042073100004436542206
109129144153192029080140523161782317
213176055230207183081119004434297006
108060220108205216066184547900103117
196093065108231225123074000531434817
047169086024135079171207004430546506
070116130134202118002229000000000001
073150130048050062034037004456111306
047123057205212202219030093392490617
213179055115205127099009004432668906
053036057169251224005253595673818317
062241119183205213165212004433745406
047100179217237042073104004430860006
016058102148064005155137004436056506
016012080213237042073097000806274206
016012080216237042073100372060008006
196093064099231225123076000533774517
076177103203212227179108052222748006
213179055083131115008130004430226106
141236063131231225123095000533839817
117112239160205112115008093060102517
134134130182237042073096004436054206
025133048134205139035130084274944206
042204053184248200034121070080639017
047124052064202167044253004434807406
044035000030199153046202004436513506
141183211149202030193187004434650606
231148132070244001169249004436234706
047100122012237042073102004432435806
210061072135215177154200004432661206
238193044217073165054172447870044506
231148131087205071138198004435643606
213175202231198209059209000801461106
195042185219050065170045492310044506
250149190088202030092127050040119517
032210018071199169206186550601443306
134164179074237042073102025152386606
202217215109205125187180572750966006
131121155099138056034181004435032606
047101246214237042073094004434821206
047123172000199208063006093393830717
153173186040212227179006059385001606
110017254052199170237070000000000017
140169207157116246215085004433701806
075091209196237042073103004430572006
047123144001205194242118004434854706
253102008178205211060004001230012317
197043152173237042073104410200008006
016012248154244003007143069761940017
197061129195198241224047092170930917
113180028110202167044253496285274406
097214096063205218245024494141381517
057184217042202025024143001616099806
136053123146240235109073000805025806
201248056170192182193067268860012317
201196050095073165104037645630044506
213176048048244248167178004432923606
223010192209244003097182270185367617
122027138121244003005178000804259406
047004169119064005155149004435213806
112038171252073165228253605430044506
140065118211064005155137000804342506
210016012163251215115082004432190306
112132238030192022167203114994916017
249070079099207012133212001230012317
200172157082240063113219000801702806
008075075233205250090114004434611706
100222234167202118022029004455078506
112097142249205251206248623480111217
124101052194135079171187004432259306
047033000027199224156061004432547906
075091211153237042073094348360008006
047049213071205194243043093395586517
079001067127202030131127548356341517
158159250212073165228067493400044506
053151236069212194146194213912686506
044008189140116246215073004434759606
152001058225207183147210004432730506
143232076048205126037089004434915506
044001009033237042073101004431684206
034080172020207180055074644010002206
223007030181237042073094004435024406
218225091066231225123073000534429517
108123162142202029162059158404424017
104160174090231225123076000535083917
047033211166244248143178004435030006
245098031172205239062170000804177106
228202120167202028198130000804917006
124102076167199152014231110283135917
041166031197199224101042000802674206
135214201043244089083060000803547906
080209119043244003243106636934032106
140200069095116246215120118915154406
253102008178240223115162001230012317
062212076190205213166038004435708906
112182043203212195125025004432627606
069226221207231225123093000531622517
016253183059215255018226000805002006
100197034179131115180173004434498806
197222188038138071022050419290605006
153073162119192182010253000254632506
048181106054016230168186415550008006
131134146233217010237036001230215617
044027179127237042073094004431529406
075091213014237042073107004430230206
113132019178199223123197219580124017
062206164043064005155181004434472206
113114211104139218240154073380899917
223007030181237042073106004434511206
124244081067231225123072000534610917
099016244183073165172098511320044506
200124200090252248025120392130012317
226154176178251000115135052223892806
044021013055116246215076000805423406
047034184031237042073092004431829406
044206009025139143180157004432700706
148067222062215007246013000535654317
119132120165198229189128004432830706
192009236223205164097206000804922206
053111040066199169206186160910110217
213175202197240223181066052223926506
140169207178116246215122000806090006
130150037145231225123078000531210317
047187049073205032021147004434367506
131099186140237042073098004431071406
015133240227050065189091482650044506
062206226178199224110070093394507906
053034027045219092009093278113562217
131174243019237042073102004431707006
044060048184215176003207004435583406
139169064229116246215092004434996206
062211126071205187185093000804462806
047101025201237042073106004432141806
096189099128202024016025000804908706
070243078224215161079110000800415406
130017205134202118019090000533136617
047081124095237042073102004434564806
141236063131199153055033000535634317
119052245035199169194038565200008006
047050155222194102242156093395551606
218225090099116246215093004436437106
195163014021073165090055623100044506
091233142060073165081152609050044506
002150154030205098232229089994215306
122022107133205071137179004435004306
044201147249244248213093004434272006
062255094173205239053217004434127706
197209039117194038155109550600983406
130004046201192182039202000253797406
047001170170212197179178004435789406
124057180101199204103066000806176806
062208084238240223015144004435141206
081037120166073165091246611900044506
047169209171237042073105004430581006
047012196014139128098174000806335806
133252163225192167126179499073598406
062208129255116246215094000803976706
044060235083244029212089004432638106
076121018219199169002204416250002306
007234225066231225123080000532009717
113212142134193241063237491790365817
196054246141205184032017004430387806
133038115244202031165238584030688106
076084179115202024167004080646335506
237241141012198255186198000000000001
058205011120205113245226000804982106
112010113068073165081212558040044506
058201167075073165105114635520044506
049142161230205071047208357815210417
044002105251237042073093004435536806
062196184068205055134202004435808406
047176249050205250093059004430230506
112175016061244248205083513194397306
047028065238215177242075004430254706
140169199206064005155210004435101706
106038206101237042073096000804390806
044000073176205066245193004434971406
125145253090064005155244004433579206
204124133129207180051185473890808017
210030025218205249057248000802723106
016040071242116246215082004434071306
156135156222050062046165588356133606
079121155115198193184254347780002306
042204057159244003027226070064203706
047048006077199171103020093392930617
114119214098240063113219601880008006
015063016017251108224098651305032106
124210139185199204113086004435160006
044196090249192254112078004435727506
112106211071205125079015514174623917
076182010074202118028029004435197006
223007030181237042073097004435705806
127254177245135079171130000532515917
044222120041205183121207004432794706
013157142126205194222003030005946706
196093065108231225123095000533295117
153173186041199192040128059384917006
047028144194207183082085004435774606
103113186033194017228064000226097006
013005045075202024017139000801659506
044003094174064005155219004434246506
203203204161212030198220000000000001
084119152229135079171203589380044506
112096067220207001051187562593725106
213179058177215004234001052223626006
119173208199016230168059533300001717
092004058246073165090126306410044506
135084107093237042073097000801671806
148080010116244029051250050720506017
047028155139251196218162000802822906
058158215171199221119051250725830417
066139251027139180032120004436407106
251000215102207180190093552170008006
062196168036205166055197004431232206
063161009208205239087212090010232706
044002014134237042073103004430534206
090126036066244038134057207580808006
237042064224237042073105480900008006
016198086042116247217119600920905006
062199170154205217250149004432749606
062209078099205167104037004434644406
100208217209231225123090000535543717
016012080234237042073099000806079806
131021240152016229025061000000000001
119124197245199153102081548120044306
044073119251205199061093004433252206
057184217040194038095229001614183906
096040022021050062034042514130575217
131210253054215019148157004430850106
015043163106192167232014000804226806
062196249246205251202236000805470706
203026247041138145203016178560044306
044002151104205249051081004432624006
193182224241016230172219000000000001
131192122245237042073097004435043206
005020032221215007246013000000000001
237042067063237042073097512140008006
097133087114231225123094000533752017
030015072222198255186198000000000001
097133087114231225123095000534717117
025085074229199136070072004434513606
196212005253240223213202000230355506
237241146014202030101145004433737906
044085208169050057213169000806047006
057184217039205166049164001614109506
016012080218237042073105004435363006
136053123146202029209098000804058506
044001009033237042073107004431970006
047081116200237042073106004434126206
035213040194205185134067068820688217
047045155105205251075045040175466706
152157244218205113202081000804380206
062197111021212227179066004436386106
044025136189050252039173004432836206
159206017055205239050045393720002306
218225159021064005155102004434442806
134164179107237042073106025150787606
013025210167205167107181004435893706
076084220066205236239027000802797406
044222019235064005155189000803445906
213175202205212227179058000804364106
075067208166244089237199000805110806
073024225211237042073095004432621606
131003246171205187185082004436027406
050094093111231225123077000531883817
141236059208231225123093000532863917
244200013172139072053034000802853306
237042067013237042073093157700008006
070067115001193065082042000804796406
047101070053205250089047080805223506
073027099015237042073095004431828406
237042071025237042073097004434438606
025207188201073165069035544140044506
044009181229205066156232004435527806
104220089150231225123077000536160517
203086155021207180048193000530946617
132222127254205066245231000000000001
119205220077193065070237000256207606
196115083026064005155245004433938806
153182225055199169206186513950110217
041144006215237042073093000803902206
114228166056198247224113504992859917
044025061213050252039173004432845306
228202120167205212178193004433885506
041144142078205239062103004435270706
218225090099064005155134004434097906
124101052204135079171142004434050906
021098062156199224149005004430798806
131170083102231225123075000534611217
058107171196202030062012623080365817
044055167049198229189171000802800006
047124071190205218074002004435298306
044026206013237042073103004431135606
041144006215237042073101000801737406
073024154208199177093138000805174306
049097072145244001023087566960008206
098127237089194114091045000000000050
002140192163202030124099183682608517
237241130097252248201176004432526906
042094039160073165034085614310044506
197155091167205212176230000805922906
232188026003205249003054004435095006
109210154012138071020208444880826806
103111013131231225123090000535505117
204125171145050065196046608060044506
135079185169135079171063084340044306
062209202049205166253012093392630717
134164179071237042073094015141168806
119132120170251224032205004434936006
002136110002202031141085004435173706
016212144015205164190029000804974406
002075176065199223115075579864568217
041241186250205055135140000803717706
148068184009207180012013004435457206
016012094080237042073094081800530606
062254125250194017237242004434494506
044002177031215163102042004431366806
044024159098194114091140004433878306
044021105181050251219228004430159306
152157244218205125083233082450909406
137113192219073165110129070320044506
213179055025050254095245004435030706
223239026122199152012128004430437706
249157228007194086008089590950338906
141236062245237042073107000532953317
044197086042199169008083052234084806
136053123146205219172253000804161806
047012122044251190083166004434959106
096099106056122195111160387240044306
013157131199205249052005000802695506
044025194127135079171207004430938406
016049112217116246215079004436079306
007234225066231225123092000532374417
136151113169202024016244004431978706
044210237082138152125118004434445606
119197246186240235016164009934015506
047034096136237042073094004430532606
197109216211237042073104000804869606
062208226054240183051067004430116806
074226120038198243031003030742677817
027161038239205071020216589482254817
047091049084207183081002004435491206
220111123223138075178232548040143306
037043073124073165111009568630044506
044005214128138091022026004436282906
150167180122205125074118004434504206
206206137120073165110140040750044506
253102008178192031065197001230012317
152099187253138071026125004435999206
136053123146244038133045000804002506
047081024140237042073098004432320206
147250120000205230090218004433995506
044000201196237042073094004434580606
206089105119199224156213547805717717
140075193213244157168176000806316406
213173014181205055201102052223496306
093047217184064005155180000805489306
130004046201205183043067000254588306
131190120054139143018199004433440206
151048017000122195111160490370044306
126035067085202027075043010110002306
101089233062231225123093000535773217
103229100175205239062137000804918706
129177127010244212049217004430496306
102032207073050123066195511592784517
080210114212212202075077017316248217
125221175240192029170165000530102817
047100068026237042073098004432119606
069113017037073165105169528640044506
070243078242192029060083000805280506
237042084201237042073097081160008006
142208122053199152113244000000000001
123188126212251100165221004435417706
047111041154237042073101004433626406
204170113201202028035037068810688117
008075075157212064082101004434948306
210061102133215177154200004434608917
062242158043244158005050004434032906
197180130123205216067063512680002506
044003245085205138232186004435870106
225208091169205186046038068816120217
044009208074116246215082004434972506
223007030181237042073099004433480406
076084085018050251002013092124366617
101081106105199152082250004432660806
109092160018205249010057247012771917
218225090099116246215086004435344506
213176048080244031008006052224287506
092019200247202029111184010680899917
127107225022231225123077000530600917
016235207065016032168210587120008006
062210093043199177083095004432677206
076177103195212227179009052224281406
193130130241251224119233092120930917
016012094080237042073107081806298206
047081219017237042073102004433765406
213182131057205251200212100034621017
213175253212240235108141004433764706
047030158153116246215076004434904006
239213054093198231049133052225074606
047165200000205098029167094436092006
016206189189116246215229424380905006
016173086205116246215092004433767006
119132120171199152015185004432720706
044072199058237042073099004431152606
152145204093244031008132000803440306
197143138162192167239206004435046606
044207100003244248165126000801458506
034080172020207180049216479010002206
210030017245192182082139004436431506
237042064210237042073102627920044306
077150047046244158006093023323777017
136053123146202118040005000803532506
062210247232198231048022004436383706
106131112088194039043197000535508017
219247249169192167236231346960330606
213179058178194114089117052225523106
086172226227198255177173394775916206
133241062021135079171154491780143306
146017019058231225123080000535583117
126052098190205249005220071724999606
062247057227050122167218004435013306
211038057053116246215071004436134706
198140022162016230169090580500044306
195117219228205126138091514155276306
248231140250192030071021000254762906
213176048047205127096009004435976306
044219136249202024016214004436180306
016215208159237042073093000802111006
047032110241237042073106004431126606
133212244231207022025150613540105117
195189084006202030145004391271252506
044007208032237042073104004436096006
134009116161231225123093000533413517
213175253248215163006135004434657306
253242081029237042073100044364230006
141236058236231225123095000531550817
149174193191194039043197004435179506
249157228007194086012116592900338906
231128055195244022254002579860546706
243054028212205125180070000805862706
139208084087016238144169655140044306
073027199013237042073092004433834006
047100179217237042073096004432514206
075019108050207183093146092120930917
103245145247212194089204584570102717
062254205106205183123112004435450706
090248181201251224034235000224067006
112038194113050065216162158450044506
079228063110116246215210000000000001
047108192095198253203197000801499006
213175201167138091020124004432629406
044084080033194114091138004433685206
122024159010064005155244118914990706
070211172085116246215032000805350206
073027110110237042073096004436357606
049155028039205213166035565213692806
015043163116240063130056000804989306
081062199178073165073040285210044506
112081188215199137239073080684636706
059176149124207001164180115801812417
044016207029215177111151081143093117
141183211149202029053054004434484906
210011218139202029049043449584929006
044056151190205194243235004434981006
122027138103199137141213100862622406
204166140161138056076139639395102806
044025045054237042073105004435651206
253102008178205098029246001233529917
218225236226116246215071004436448806
149158106089135079171175000800890906
143234090077244031075061000805315406
084026251098050065170030543710044506
223007030181237042073106004432901206
062199166086231225123077000530564317
070209071061073165080196033920044506
213179055002215255218145004434505106
127168149027202024007005070791623806
116078050118199153050205000000000050
114080015078199204071193004436247606
032010208069135079171128000803838806
237042071042237042073100004430903206
073155112250138154105125004435979406
041150227112205251206247052225584306
108248084095194100113178209883698117
131143133229251190010041000534094617
097132228080231225123095000535045517
119142160188240063017189004434516606
139130167064016229044160590290008006
131174242045237042073103004436538006
047100153006212227179009004431673406
047101064034237042073107004430336606
076177103244205195121029004433806706
044000015180237042073092004434497406
148097085068194017229034000535277817
105158221128205249051081312850645717
208191048013205185131013000533586117
211247139085215167248157000806544306
101082127216240235108140004434200306
042052225181050065172213086780044506
147014045182050062046165068865072017
143232064225199137237089000806078306
249157228007194086012141593180338906
030214172133199224155225004435373406
053061142057116246215223423970008006
002205156000212195128205445195643117
140169207178116246215122000806074006
131175091035016238144189000000000001
098123123070240235017023497570002306
008069236032212232224021000802697406
007207110057215007140050312580944417
107033183172138152125118080880460906
148137206131199136087127004435359006
002141184124207001005078000234734306
016242057048207020029039000000000001
063162198213207183082178004435939306
135084107064237042073094000800976006
096189099129202024006229000802507406
237241138097198255186198000000000001
092019103091192182045142005875332806
152229198194192030020051077795330506
197061129195212171014189092122513017
213175201185050254094253052222740406
002250068068205212176230457095893217
249157228007194086009234593770338906
044092027170135079171056003895904806
041187113012205166054175532815173517
054083198240202026106187213250002306
146239094146215027215042610540106717
146058081055116247217133000000000001
076084179115050255212237080643355506
197033011189207001175253000805464706
057184217040202024018156001611741106
027221029197139180032249371982732217
224020246226122195111160056270044306
048181106054016230168186531500008006
016215208159237042073092000804672406
047049008024205194242151093392977617
076084179115244089100214080644129906
218225091066231225123093000532702717
112115224023215004019210033894958806
197143138162205251202112004435403606
200095139228202030123205010000100017
047168077133199171109132004435427506
044002105251237042073092004431425806
113114030187205212224015133882624117
120184196105215162059126499160044306
086231005168199220223161485220002306
044033056034199171098170004435876506
044040206090116246215074004435555306
135243069107199208061189004435728206
049121106231205112117059590312724917
213173043229205127098104004431166106
062193233156212197209176004432755806
143011220062064005155182000534363217
195207078046240063017146541416274217
159109078094205194247022305880002306
243054200204194102247132000803771306
025073133053205250090093465362717417
044028070012212227179009004434585306
085253102034244003007245589740899906
047008147015205203039119004434765106
016195143026231225123076000530188117
250015215049244205242094487702776917
073155112248205250089072004435789906
193070200161016230167039196910044306
213187199240212202218052004432839606
093168136191199224099045000863927606
218225009060116246215120004434801806
210056093042215007246013630766103917
090054150148073165091218185400044506
202217215109192132094220572750177006
047168199239205216061058004435100306
213176048219205216060033004435251606
016237093060116246215082004434126306
239213060011205127098135052224993106
193253252150116246215223076200008006
247003207060202024016183000800890706
086106106225135079171003547310044506
109040106144231225123091000530650017
101081106049199152012217080802536006
128132105065193065022125504412703217
044027170124237042073099004433816406
140075251127231225123076000531572017
251103139043064005155246004434920206
030211133032251224088150482570175806
213175202113205216098129004434606706
112086120125138075190050004435893106
089149114253073165091082563510044506
197043153079237042073107000802970606
131003246171199204116198004434977506
048213171007205187184009080015713806
103211028150244038204221260025367306
097161096059207001001127197895566617
044036221139192022164098004432721606
067023199203202024166253068833241117
140169207205116246215069004433713406
122028053122135079171207004433708206
242136231019192030127156004436110706
089071097250199169206186393440434306
106047168021073165173233652820044506
075091213057237042073105004435510206
016253002192064005155055586980905006
044024116039237042073096004436259206
201072135153231225123074000530540917
223007030181237042073106004433902806
253102008178244212048230001230012317
136053123146198240050089000805056406
200162214027073165173071052430044506
197143138162212195243044004430153006
112081188215138146061224080685020506
044004098210237042073107004433879406
047123236105138152126178004435068606
073128133012215005139143004455022906
195222041230202024017215000806094806
151248200189192029080205296130338906
073155112248240063017189004432723506
147162117121050065196217115740044506
047170001253237042073094004434635406
047085193119198253196013041005830617
007234225066231225123078000532493917
140066195199202029223222004434039706
047169094069237042073103004436116006
125019054100205249051187000000000001
016012080209237042073102004433356006
007238035004198255180242004436294706
075091212242237042073097004431350806
016012080221237042073094000802069806
044068123008237042073105004434463206
044219076000202024007039052234842906
149158111124199169223195086074264806
008250063252199204085035000804959506
155192209043198255185226464480002206
195222041230202024007217000800327906
044200000012231225123077000534228817
016012080226237042073094000805093006
117231246176244089100219228953343017
016012080195237042073105000803781606
044048180141192022166204004432639306
197043152179237042073100004434807406
148003126058116246215074000805453906
096067131140207022026115475340002306
146094052144231225123092000533589317
213175195115215177242187004433953606
213173043230207001186130052223047606
077026058047073165104086618850044506
047111131231237042073097004432283606
135084107093237042073095000804432806
131094165032251108224019000800350506
008075075174199221126103000805202206
213186016042207001186130004432796006
085129096116205180095175617200044506
231148133151202028230045004434220606
131208002254199137129214614565734417
131134146233202031156026001235853617
021068197202199152014239004432268706
134211121097251100210164004455322106
243054081001231225123092000534935917
073131094074199204119098000805196606
042204063195205035005005060063441706
237042091038237042073092004435153406
033228029059202118053122004434928606
077022112105207001049239562773725106
218225236133116246215069000804116206
073026208006139096098164004434568706
237042071032237042073104004435571806
197003183099199171104070000806371606
002205003172073165073224620120044506
210061167157240063017189004430625006
077087143179215013072176405670832217
086106156118212030198150000803709206
101045054042205212176228514133127617
213176048248205166055169004435084806
231148133069192182156230000805395506
041145050077199208049106004434408706
044025046023251100165037004435170906
075062217254244089149057004434047406
134164178087237042073092048580044306
050029195014073165065100542210044506
213184192020205216103220004432688506
106133005107240063112003492320005317
135214201046202030168026000804715206
069051212131073165107059090350044506
050084201090215177242138310106101806
210001151253215019012178031013576606
047185117018205250011196000804243906
036223184150205211034018185770808006
047111191200240223012134004436062806
060212044109198241226236244200038917
078021140167202028064234056350102417
122199012173192182090031537371250017
057184217040202031128181001611147706
044008077238244001169077000804148306
070243078228192029095214000805014406
148088062114231225123092000536366417
013192054077251224032205004435956606
047081228173135079171167004431360406
076177099129199169021123004435566606
044068054122237042073104004431056806
044206042074135079171198004435326606
111234251132192182241043004435391306
247003044181193065000237004436525306
226154176178199152011002004433725506
030015095044212030198157004432782006
228079155143205249003219004432668906
044011084029205212236045004434062206
223047225084199177248026004434331606
016246230111139072048231000000000001
070053079250050065235202542490044506
218225196096064005155134004433367406
197222188038219092126183172830338906
044008180063244001169077004434985906
008075075142212030198085000805251406
237042064208237042073102495720008006
081248154098212230042118650002691817
062198058130064005155209004434730606
044203179240215007237089000805541706
213179055088139219136060052224920706
223007030181237042073101004435210606
218225090003116246215071004436171306
044007208032237042073102004431862406
116069050254202024006083000801977506
196043026097231225123075000534344117
196093065108231225123076000535804317
044056253228205126033102004431964906
096189195254202031137181004435186506
226154176178205164127197004435536306
002168150203073165065211638080044506
085135214059073165228201553400044506
218225236132064005155132004435669006
136078076150050123082085005874307506
101251232117064005155228000000000001
072011018149215019148157000804042206
047122151167199208059180093394896106
213176048244244248205127004430837906
047124049093198253201122093391888817
075241157252116246215087004434420206
141183211149202024017128004433343106
122027138109192182189115000803516606
044222083231116246215071004434828206
249157228007194086012137593120338906
247003110196199224099094092122646117
044002237020237042073096004435004406
134233149244244003007227216000387117
196115057044064005155181004435939006
140066161136064005155234004435862106
047028023028205098236006004433302206
249158180126116246215076004434846706
133092042236073165064122497230044506
119132120170251215113218004435854106
075249164094064005155150000805881806
044221053253237042073105004434589206
077026244023131026048002644620044506
140169207049116246215040000804752206
044060234054116246215076000806166906
100197036129198247250163004436290106
226154176178244089100202004432429606
063198015084016238145171449500044306
141183211149050253170234004434719506
134164179074237042073102025152385206
055248037127202118049018072396381717
016036124160064005155232004434030806
047081085032237042073096004435571406
049196074180205071016066080883512806
044084086053244248167053000802198006
007232071042116246215156571150904317
044039227007139005144013004435984606
136151110106215163203153000802779306
245098098186138145196006429954780806
152157244219202031134140000805568506
098161094186138056035229004435383406
062196168036198229190239004432924406
119132120173199136090183004435881206
047049110010205251205243004432633006
016012080229237042073107004435701206
111234250192205184078154004432892806
122028053032135079171207004433454906
100085041065073165105098532070044506
103201017044073165073161402290044506
044201192247064005155209004434129006
007239235054116246215082004435982506
233115187202202024005149004452236206
093047217184064005155180000805489706
016003076169199153097129654666002717
148092183118198253195243027035020006
016012080230237042073100004434123006
195211208244139180038212116444120617
070243079058205200149185000803478206
064004255129231225123081000533370917
064004255129231225123076000536308217
072011250203212195071122000802899306
034064248020205098239253329490808006
119136142088205212179194004434211206
044001001217064005155180004435815706
140200069162064005155064000803390906
057184217039198032217137001613023206
195120095083139180034162315193327617
202017083254205239079024050600522817
194112240001244038133045109995440906
044069043077064005155229004436014806
044060106008205239062170004435243506
237042093044237042073100004431947406
070071045185205217086147000805396806
231148133202205194216164004435360806
097117115024244003243142004435697906
105182253227194078251192068890102417
146124208146073165172254565380044506
016012080213237042073096004432027406
148080009168205239062133050600123317
021137022219064005155202004433282406
197043153084237042073104000801136806
137172081175073165069065639510044506
197045014103198231048050498080002506
213173038224240063017146004432689106
104083135149073165089225192920044506
084124025253073165109178571220044506
106161032149199153109183000803789506
048166059154205187184146004430525106
016253001138198241202211528060044306
158050255224194043111048201702792406
047001169218207001000234004435068406
016012080217237042073095000800340006
059173104109202024005082068824160217
016195252198064005155107000806398806
047100056104237042073099004436087606
135238185058199153098096084280945706
135148178212205180094057004432770706
008075075159199138218122004436235706
096014154220251073188194000802880206
247003245124251224005137004432331806
075011030163139212123098441561500106
200174065113202029054083213814779417
044027144165237042073103004434515806
027196146164199221119051543265830417
197043153104237042073098000802555006
047090060071244001022010000805737206
075062217254193241060205004434235106
047124151089205251205173093395453117
213173027117244212229038052220782006
076084179115212030145206080025088406
211210206017205249181236004435209206
213173191121205217247019004430727306
202217215229205217085064539510401306
196043026097231225123077000533934017
002164213021205218043106579900338906
058226202210244089100230051563042217
153039112164198193191109199920171706
116247053099116246215074000804074206
047084229098237042073107000800517006
016012080220237042073095004434428806
119132120180194042195193004435727806
133092191002073165172147557170044506
146017089188073165172151590850044506
044000133249237042073107004434671206
047081085032237042073102004432310806
193253230163116246215063560930008006
223010192226192022160221000800200006
047084229098237042073103000805759406
016206164215205183035020000805298406
047110134021207001174138643463087506
063165192194244248140249004436349306
034064248020205251200219318815328106
030013000029215027088065203860102517
016012080206237042073106004430646006
083162022096215167149193235424831906
244200030149205218153015000000000001
085104069206202030022235397220899917
008074003110199138218125004435001306
249157228007194086012101592280338906
070119061025202029011210059594936606
044026181255237042073104004432393606
193253220039116246215053516700008006
141172028039231225123090000533793717
044004081143237042073099030003653206
021068196216207001013094004435953206
213173038228205251206084004435263706
044059208175251224090093004432683006
064004255129231225123074000531345617
238041090103240223014193080814983906
131235023082244067211092004435232606
131252052031194017238157000803943406
116247053068064005155193004434656206
048237242035122195111160371160044306
049079229105139136059144080804371006
204022072120215163041078286634390617
044084086052205066245099000801688406
016195143026231225123094000533000017
123188126170192182178180004435930706
213187194076050056130221004435161306
047081091076237042073095000805141406
140200069215064005155064000806277306
213175253207050254094253004432807806
050084201005205071040024155504086806
147145124223244158005053117796394917
130004046201205180041247000254116106
096100187169139061080232004430197906
197043152171237042073102000800670206
141236058236231225123078000535318017
108229200224194031047101553712485706
113141216102073165080131514940044506
197016034234199153110073004435145806
116247054077064005155100000804246406
245098066203207001189230000805023706
196012170044199224151090004456457106
062242173051237042073092004433501606
152157254217205216101089000802705906
231128055195244031127200579860546106
129117087084192030070004000254796806
044068198003237042073102004431344606
223007030181237042073103004430786406
218225090131116246215009480690008006
044025254018251224090094000805588406
196093065108231225123074000531901517
062253198192205249050016004435868406
103091098154205032026108202960005317
239213054008240235109089004435608706
195005231131205071033176154700141217
016227153240116246215085004435054606
239213054010212227177106004435293306
056021221149199153048019004435381406
113164037061199153041109438860298917
210004157118244157132117004434693406
021120126059205098234026004435984706
102157052106199223127128619985343306
210030029220192182089157000806277806
140169199187116246215081004434468306
047051059159138056033185093390223517
140255108189064005155234004435789806
073131087147205212176012070203132406
047123188096248200252010004435106906
062206164043064005155181004434472006
007229024212194114087062595743830517
064031252096207020029040409620905006
237042080198237042073100004431528006
070243078245205187185093000805552006
134134130182237042073101004431122806
002207196229205164120083492520044506
139044150245231225123075000530754017
076196035171205032018120068813378617
115025230122207020027062628982438517
044085208043205211055142000802729906
218225196132064005155175000805706006
100247146074199208159124622402685117
128213093093194043181019176870109406
131131200251016230109045000000000001
058024018112139105124085000534509017
075222131109116246215057000806371506
047169189014199137226239004435302806
044008033006205216063165004434980006
044039004103251073163136004431125306
103113186074194017228064000224111706
070243078216205218072087000000000001
073024239137135079171145004430397106
213175201184240235109089000804347406
008068107156219092205199004435273206
062241111231199224155225004433944506
041144093050205216060199004435342706
044004154111198231053138004435541206
047038204016205218008153000802835106
155194098189138145213173263394512717
249158180126116246215084004435547606
101241011021244248141210599763978217
150167180122205125074118004434504906
067016109185205203003077125030230717
034064248020205251202136372335328106
062201100089194038091109004436091806
153071177227205184041237004430434906
016003076165199137226238650345174017
113175002229205216067105557420513606
044084080228138091022105004435229706
213173014179207183082085052224787706
140126025066231225123094000535883017
044077132191202024017062004431684806
101160237152138056079004589870190017
035163163098205194214138093060930617
076084179115192132095119080645884206
148091246202202118035093000805244206
140243011210192022164164004433529706
122016143106202030050028000805028006
064031252128064005155029453180905006
016012080195237042073102000801181806
062243112112135079171175004436307006
134005199216215163183114000804690206
239213051201205187186221052223929706
249070079098205180139218001230011917
141236063249231225123093000535562017
070243079058205212176051000803701306
044200160245205166058159000806353406
218225090007116246215086004436233806
197043152149237042073104004436466006
047049029018205138232079093394044206
244200066045205113245002040013079306
015043163114205251200208000806350706
030015093018198255186198000000000001
123188126212139096109012004430483506
099136185042073165079181597520044506
047185187116116246215094000804300606
047124210247212202218061093392745317
016191027173199136067118000800262306
213173027164251190083176004434929006
213175202229240235108140004434706706
047080125211205126032066004435549306
207196206037199153100181211252437017
047062104010244038035117000805932406
074144240077139072053034190052128317
044001110112237042073107004432323606
213179055106207001130247004435697206
152148099157198255165130000804928706
200202182059198255188055338010143306
213176048238205218010175052225094006
203083148233212034078144414190002306
148242083179231225123094000532245017
155038086115202024006001000803800706
044048002021116246215120004436446806
002230023191073165080091644780044506
128158105077139128098174004434196006
137099198181050065138240553100044506
048181084192205167104037000804681706
069207011085199224098189343780312806
201206045197073165109244216350044506
016242056115231225123073000535112017
016215208159237042073093000801853806
062228175108205212238209004432672206
130004046202192182054168000254029906
016242056045207020027130000536300117
204011086125073165111068593150044506
204159155098202030153143517415003417
218225090010116246215071004435764906
146124016162199220223189059384976406
016012080235237042073102004430418806
136053123146199153107029000804639206
047160184017237042073095004436054606
092017129211205125074043004655358406
047111146101244003006239004435629806
111234250192207180012223004433908006
210185181215205167059219627163150606
047049200204244205136039004435472306
047084229098237042073102000804829206
084193216035205180043178000254702106
103113186062194017228064000225696906
199182052185205249048051514341061206
245251025053192182090041521295123417
147159022247205211123154350560002306
047011160052237042073101004434493406
016212031087212227179105000804684706
135079087194192182128053513724662217
044022237179116246215120004435459806
097133082094231225123081000531390417
153199242099215004019210033895259006
021068196218205212231155004435923606
063166140253215177109147004432902606
077023208110199220214205199925846106
080202164202194043191034212145615717
035120140207122195111160491140044306
070211255152202024017006004431432306
050075028226202030000177081014733106
196040118221116246215183475560905006
049097072145199221125101566960008206
213175202203244205227176004434007506
111092046218251100096119508241046817
075067180034205184032153080650394006
218225090024064005155132000804877006
223010192228194078253140000806212806
213175201176207000086197004432637306
213184192003207000086105004432720006
106208097164193065070237000256206006
197061129195199152003073092122646117
213175202218244067235119004435042306
007036099060205166054175594125728317
062215240218138152125118000805002306
124101052210135079171167004435894106
034073138047198255172230000803306606
194129081202205216063244552215942017
047112098182202167044253055014920717
148094169017199168156132004436067206
042090146239073165080124632300044506
213179058178139143182018052222640006
048166059184251215113218004431024006
224026058018073165109146595210044506
044202024127135079171128000800439306
141183211149202024016054004432500106
063150146075064005155209004436299006
131174243019237042073105004432875406
076177103199194043180052052224074306
135215063182116246215068000805132406
044004047208212064141071000805932306
075011030163139212123098440841500106
151143005158116247217133000000000001
224134233062199170233054004430217006
062199080201135079171207004430356506
016012080210237042073094000802071006
021120126064244003240037004430281606
076084179115050120114001080025959706
047169247192244067234048004433335006
041145084022237042073094004430628406
044002105251237042073101004431582006
049097072145205201029251566960008206
063160173157138152126109090014979606
033239237020205164118084004432741506
062212004000212064143155004434649306
047081124095237042073101004431728406
096189198224205139169073339660808006
195161144044219092051188594235117917
104160174088231225123090000534777217
223007030181237042073098004431243406
136151110093202030111095004434384506
030214173011244003024022000805053306
096161159234202118062080004455391406
091200043065240183048041489330005317
243054101162231225123074000532231317
048166035223202024017200000800232906
075246093217116246215082402980905006
131020167111202024006174144266238906
062196031086205066242095004432691806
075009012086193065001002600590008006
047031097169199153099086000805847306
094106220179202030144018598870002306
062204039108251100167078004916515306
122195147091192182080153009935018806
236210173035215018089013364520106017
108074092097073165228025041910044306
106080214096244029212052586620002306
223007030183205212176159004432675806
098013081175139218240154136195449917
124101048214198254091141004435343206
053097118180073165111017601320044506
141236059211231225123094000532793917
148094169014215255019061004433453006
149042099213050122165250092120930917
044086220045205236227163004435595506
047109173158237042073096004435326606
131210253092205184037003004434952506
044084085165199171104084000805795406
134090064033199208147021004434455406
047160161102116246215084004435810506
239213224184240235108141052222707506
072067228145192182220113361225591717
105035246029215167152245004434996006
192044165083050253169183564071277217
057104127189199152015237233860038917
124142109083198209142174000253420206
002183070096205033029239000805665306
239213060018205251202140052222670806
218225090003064005155133004435443706
044026181255237042073103004435444006
062214181135205251200208589750808006
096036045095199169197163004434774906
239213054085205187244225052226043406
041150227113244212229149004433450106
134164178093237042073100418120008006
022246087050205239062133364720167117
016036124160116246215122000804816606
140065118193064005155209004435138206
137181043113050123171147000800185306
030015080208198255186198000000000001
104247186166192182209119000254420306
131134146233199192044213001234344417
016179000041064005155137004434304806
047032234134205055132144004430382506
103110068134231225123075000534301417
140169199212064005155210004435992406
140215073072199137234010004433943806
152200233128192182187208000805456906
088046216001205217244123543603945917
124149120038194038095050004432431406
015043163116205217148041000800525706
131176117029016230175027000000000001
033245039193116246215093004436138506
015068141022205218157155000000000017
044025061213050252039173004432844906
213179055082215005010199004433344006
044068047245237042073099004433845806
062226044227251224004061004433697606
087062241185202024006065004435262306
047081091076237042073104000805186406
069124013096050065188170645060044506
080210130080251073188242012850753917
075091210205237042073104536040008006
062254125250212195125028000800304906
239170051080207020027127270325830217
119132120174199136087127004435759106
047114229111116246215082004435027106
249157228007194086012071592260338906
127242060234199137232028004430173606
218225036163116246215071004435037406
110047228114205098029246359832673617
209101055033202024005144582754322517
195222041230212171043218000805540806
070243079058139143183070004434956206
202217215109198231048024572755333006
044087220032198253192149198660008006
237241146012202024006135004434956606
135177070024192030007219000000000017
109216032217192030045017587235348417
221082247052205212176243004434662206
223007030181237042073104004433902806
202217215109199224099111572753999006
044201028016251215115082004431218606
075055191028215176008153000804978006
134194243110139212117182000805955206
044094077212205035005035004432501606
124142109083050123082132000254793706
249248021024116246215077000803391306
213129084104198209155185093335241406
152082018172212195128205130220751117
042204059170138145209075060080120417
016242056115231225123079000536324217
108206060174192167127033000531042817
114114113030116247217234000000000001
044192030134131115180170004435065706
148067222062205113207083000533523117
196054128084199168152226068612141606
127168149027139212113121070765278506
044054022018240235109061004434991306
123188126160205066248160004435065406
102174125099073165228025308600044306
210048075187202024166101004431414406
075227179136064005155066633380148517
213179055075212227179051052224914706
149054242164064005155230004435704106
008074003071138030201215000806033906
223007030181237042073096004434792206
064018071170202029048051531403938817
062215213005215019148157004435612106
049209034064073165065037434040044506
015098195042193226251095518560044506
070193039090244003005017000000000001
124145217170116246215076000806048006
076177103249131115010091052223841106
047108167236116246215080004433655406
134009124177231225123080000533677917
044196135251205180006237004436051106
103218076036199223117202000805923506
213175253232194043182197004433288306
247093037093139180034162004435593306
197061129192251224004066092170930917
231148133183202029199018000804661706
016035125047199169198037000530639117
223007030181237042073104004432899206
070243078216202024006105000801526206
131151065185231225123081000531367317
044222197038205236227163004431046606
044072143045205032018174004435432906
206157043064205212228137004433995006
126003239195251215117072258260005317
047123056104207183082205093391481217
114242108244202030144091000804916606
053180214115205251205129651956509406
073171090160194100118122000806025106
047187087155205236085007004435537706
044024100210064005155209004436385406
047061105114205099154012004435150006
218225090096116246215086004433843606
044039101189205183041046090004934906
092019103091205125075128005874930206
249200183052202029108008511131050617
197061164098205251200208004435958306
218252000019205219025150457140808006
063166093087237042073103004433120406
131190122252139143018199004432623806
104103207151215162057070333680809206
122016151149205251202114004432660206
047101060046199153103049000802633706
223003018222199192040165080251459106
047045155105205099158197040175295306
210061102030240063017189004435165017
084215068102202024166176519913343817
210061167017205251200177004435383917
049221074081192030021131267370109117
016012080234237042073100004434252806
117038104222138091065014155535141317
135168078078064005155200004435352106
226132045038215004019210033896408206
044027246247198247227150099336034306
082137097106205180045078000254334706
107108084152207180053046270322654417
097168201190139212122146164430232306
044094026219199224099128004434262406
062253045105212196233107093394451806
076084253010205251205213004435804506
116082028159202031051245004434976506
047080018130212195084217004430163506
016012080223237042073100004430618406
089048019070199169214066000000000001
072011211076231225123076000530678617
044222123163064005155132004435869806
146017019058231225123090000530710717
127198184157199177248203068812981917
213173027101205187184126004432226706
044005076192237042073102004433195406
135214201048202028053059004435116406
048166061178193065002141004436149406
204073182038244212229253224330338906
196043026097231225123077000531655817
223208143086202031051231000800428706
223007030181237042073102004435297206
113125180134205167059219357583150606
149070107233192182159074261686088606
218225090017116246215069004436352106
130165161028205251205198623024745417
093125107250199171102239000000000001
122199012137192182090031004431235506
196085110087202030118165485775806817
044000250202212230037228004436155206
153173175006205126032162059384916906
253102008178202030104133001235614417
047090057084212171080064004434755006
154053087175207008085229503215116506
113110247234199169027093068815464306
080044014183199224148032436080044306
102059160034194041038066219332788606
103214202237116246215008000804925006
113056137006073165059083050500044506
073027151207237042073106004431713406
152041050141251000115141004433959606
027242027206199169197049569492834417
049112121031192029095201625895443917
016012080230237042073097000804599806
213179055092205195120125052224086206
150181005033237042073100000800240206
131026053112135079171071044553254706
218225090096116246215086004435140506
062245204133237042073094004435170406
223007030181237042073098004435098206
127242060234199137232028004430917306
096013168127139130006120301753594117
076177102197050251189121004431668406
016215203112205164099210004435614006
044000201196237042073097004431803806
204153147177192182190021596504081506
127168149027193065057253070762243206
062255210240237042073094004435622206
213175202236139143183086004435176606
073155112250199136085066004435481406
062215102209139128098172004432027906
050029193067244003007245359890899917
223239026122192167232133004436208406
109237120218194102243062618932713006
047177142046205066247050004435782806
227003044075194017013053000255107506
249157228007194086012214593470338906
076083247096205239062137000804605906
126050033062199137227031004430305206
196115231136064005155235004436274606
086051046174231225123076000532942717
213128095202073165109166590390044506
200113118076139218240252004435860806
197061107068202118031218538410708806
223010192237244038133045000802282706
076084179115215006143189080025249406
016012080210237042073095004430362406
195102044180050065235151508610044506
007238181109116246215156610970904217
213175202112205112190040052222907906
131148087034192133087116000533865317
069226221207231225123093000530713117
133207131160205249014218196332648006
097133082094231225123078000532218517
044002153141237042073102000804741206
086036142069207001005195010345529517
131003246189131115224170004431830506
112192134025244038134106093062671017
080204211058215163175017359014369717
213175202147205166055177004435614106
195077011010199152014033000000000001
153173183074202118047089004435486906
041147019180237042073099004435022606
254216107121205250008064150055636617
195003062187073165090181499610044506
127107225023231225123074000530966117
211210184133251196145117193424945506
016012080210237042073094004435604606
206236209170131026013216549240044506
131000232124198247235245080383724906
070243079058202024006001000805850406
040244206040138145205029554800002206
140169207146116246215085004435480506
044068083070215007140205004436049506
075091222060237042073097427520044306
049121104075205212176147157705356717
044025010021237042073098004432371206
015230250086205219173232411950410006
047161201205198231048022004434986606
075091222060237042073107026140044306
243054026198116246215012000000000001
103236203096192182043008000254024406
076177103211050056130221052222931506
047084229098237042073102000804811806
047111131232237042073094004436116806
133212244082207001001127195975566517
099157188208199224155227004454983506
047032016048237042073103004435014606
089137133025116246215221000000000001
247003207036205249011146000804446306
048166099229202024016055000805210206
070243079058202024007200000800733806
050086190228193065079005009936255106
076084179115205126032064080644335606
237042067052237042073100490400008006
007234225066231225123091000536046017
105000059180205066245181114316031106
211084030038205035002063081490002306
073027177001237042073101004430305406
153071177226205098232213004435054506
021120125180205071047193004433450906
196055019163212195084193004435391606
218225197229064005155192004433292506
146100211220199224102173032073672506
058063084250050065212026637070044506
153039118189215106052203055001330906
047100097008237042073103004434203806
196092076104116246215079004435231906
036223184079199224098189160040312806
047111131234237042073101004435708006
050075028226202030065129081015095906
030015090211202029174134004433479506
218225090007116246215086004434734906
021120124193205164097081004434926206
048166099229207009247110000804567706
127168149027193065102214070795577406
101159251140205249048051508321061217
047101246214237042073093004430223606
207231103152139010250114025500044306
016012080234237042073106000801370006
047048064110244158083125093392659917
149158096184199177247124061035360606
073167155200202024005004004430497206
131209141146064005155219004434396106
047081085032237042073101004434771406
203087218085207001132215000000000001
124045222161205236228027004435071906
136053096006205126037147080855007206
124101052208135079171175004433912606
044002114207237042073103004431427606
213179055105131115009082052223714406
047177171245205194213226004435216006
097181253106131115053042485635312606
196040118195064005155156381620905006
192249250207205066063145080005273306
047170248188237042073103004436017206
131134146233202030136029001234445917
044007132085251224090094000804694606
016228204179064005155149000805574806
201200111236131026048066293260044506
108236166233073165111033054570044506
213184192026199169015149052225447306
048167185211202025241185000000000001
047044131087237042073104478200044306
062199082095116246215070004434471706
114242107033139218240251000805245806
044007208032237042073101004430303406
106178002000073165173135154180044506
134134130249237042073094004436017406
103119004169240183048223000804994706
110126034030202031095095000235554906
044020166111199171104067004435984206
047105077004202024017075004432332306
237042094173237042073107004432807206
096014248204231225123075000530906417
157237212009207000071110100000910117
213173043242205071139021004432635606
058122177137050123066195253482784517
047033166239205112188193000804799906
076177103218244127158126004433362906
062243112112135079171167004435455806
106006044180139105112189188622419417
140065118211064005155209000805442206
062209207040215177111191004432866706
096096145004131026013174151430044506
048167185211202025069237000000000001
131134146233202029185157001234268517
152200233196199152010019004432122506
070096163109205217254254297801874306
016012080229237042073101004432554606
047044186191116246215068004435360906
016003076058199169207056650814296817
101229123088205199052180000252776806
044026181255237042073097004431590206
134194243076193065012210019355222706
208018041176244031075061017502918006
047160078126199169021191004434379906
042204052222131115160236070083559617
008072209240198243179168004431705806
134164179107237042073106025150769606
153049066206237042073099004431801206
016012080211237042073093000805399806
124045236128199136087127328063343517
047124252145212195071106004431800706
197036117160139093084005000534169117
200241243085212230042123507620268206
084068210248202031021240552965628606
073165029231202118035093004455059806
123126223247205211049098205082807717
097133082094231225123079000532880517
003144073121199204091178004436348406
016242056115231225123094000533616717
238162093100050122121006078330002306
071011169007205126037192654465773806
044026127111199153101017000804791406
223010192237205211057180000804963106
123188126105244003240063004430251106
047229075188198240074216020956049906
106166250016064005155200004435639006
062194053204205236231154004430369406
003130126205192182163016000533866417
073155112250205239062149004435271106
214018036074050065188170576080044506
149140053084194017228041118915681606
140065118211064005155209004434183006
218225196132064005155066000804131006
088232155241193065075131504842020717
044051090052199224110098000805639306
243054196193212232224050000805706306
237241130097199169218088004433804106
044050020177207012129086004434230506
133088211250215167248091221113425317
114218008145050065216205525500044506
063167206024205212227237004434977506
047170254249237042073093004435879606
131205136068244212048047400932392317
121102114080199221119039510000338906
016242056115231225123078000534885117
075091212220237042073102483540008006
075091212213237042073093156780008006
126161098005199152088029004434488606
073155112250244205008017004434712906
032181072076205212182178000252783806
070243078224215161079110000800415506
044004112121237042073102004431519806
016212185024139096108229004435645206
076177102205192132094124004433609406
016012080235237042073099004431924006
021068186104207020027207021955358506
073167152215199153059197004433564206
112072097204215163006231588055140006
050250146162199177248062513201743006
044221059024244248167053000802197306
050075028226202029150245081013723306
197210006237205217247190603220775117
152173134097192030029048004456489706
062195076065251196147040033065432206
204096127004138091022086004433690006
213175253245205203039053004433886906
096036045253199177255182004433004806
062252153120135079171145004431601206
044002237020237042073097004432483606
044009074188198209059200004433552406
246027230242194041038066010553619417
044222186152205250089045000803632406
135243072077205202142002004434803706
213173033210244248042030004434654706
197016111193212030203212611376437306
124101052204135079171205004431652506
016012080194237042073094000801584006
044002237020237042073094004431268206
044068253214207001186130000804439906
129023133237205249003028059384919606
100208038211116246215086004435293506
135197164035193065093058004435409906
040244221208207012130245547730002206
210026029158231225123080000530920917
081011142196199224155194514130742017
249237189161249237208041020005849217
044196090249202024006217004432030306
032142086145202025023013632340002306
044193163089205071137142004435494006
113174230028050065235226602900044506
218225090034116246215092004436041206
047032016048237042073094004435822206
109028114002205113207253173325990506
194223197022202029013031405014050017
062212076190205066043088004430537306
047119064056192022173005004433816306
197043119098205212176066001230570517
047170001253237042073103004433733206
033228168007205236091124000805233606
196115057108064005155174004435542806
223007030181237042073099004430845006
044027253156237042073093004431466206
044024248059237042073106004430342606
048167030099215255062089080005188017
016242056211251190081059000532059517
040110061151139180032249571092732206
044025052213237042073106004431801406
076071154006193241061248514133373417
196093065108231225123094000530292817
036071069173073165104041648450044506
044025079037237042073107004430830406
077017085061073165064051566750044506
016012080212237042073097004431568806
075205198026064005155229004434604906
076177103206205066247137052224886606
131003249210198231050078019355130806
030214172136251100166226000806205806
213173027101207022044021004434602706
073024217069237042073102004433681606
030015072101198255186198000000000001
113175002229205218156250447800508406
044037126247251190083010000804426606
114087195229202028202188068815013506
134164179107237042073093025151838606
196085001142202030099010482584147717
105242154042202030150024606325032117
030015068059205218074002004432679706
136151102220202167077105100060165506
058019148015231225123095000533985317
002187040142193065050214266050012317
088046077038244001020026086114766806
131134146233139180035196001234013517
133212255193192182038220577470102717
239213192230116246215086004433423106
133241130145207001052096005875175606
237042071030237042073094004432206006
044085125112205219222015004432684606
152200233208205185134087004436156806
062196047072237042073093000803182606
062205196134237042073100004430911206
147163197230116247217133000000000001
044005076192237042073107004435793006
076084179115138152125118080025575206
073155112254215022058137004434011106
062202147249205164099200004433803006
204096127014205138232078004435734406
044032096022231225123076000532286317
027242115017050122228221089990102417
091112247143073165108113572220044506
070073061079207001010054068813383106
047037140067198222246098093394218817
103214230044231225123076000533827917
226237086136064005155174000805922706
016249028068116246215021000805525106
206220224042050065189081514430044506
153037083185139061080232004430189906
074226188201199223123028299730162117
140065118211064005155209004435530806
231148131087212171082222004434550906
016012080223237042073098000801949006
241010201254215162057047572560044206
044222227076116246215070000804960706
044056083217237042073102004431913006
044007060143237042073093004433054806
032223079087073165091253514750044506
037114181159207012140111400340143306
016175180068207180048013000225434406
047090172033231225123094000536126217
075165067002199223126015004432665106
121152235089194017231094004435206406
208181140212135079171167000805106306
077075207006202029005141036580365817
047170001253237042073093004433628806
075091209224237042073099000801665406
073155112248251190010010004435350406
136128079050198243139000000000000001
135084107064237042073107000801278006
140043223139064005155190000803312506
047100179217237042073095004435381806
047108127139237042073094004436404606
137214057036073165228136628620044506
083159206246202030081251623485915606
044058137181205066251229004434046606
213176048213198231053138004433747306
119142179191215177154200052285781906
044063034155212227179002004433802706
021120125185205126039009004435087406
036223184098205098239253131110808006
251103139024116246215081004436032706
073024000006215255118018004434996806
134164179106237042073102025154248206
101081106079205251205037080805020506
041144006215237042073101000801757406
035155250248050254092220388806236306
158178010161122195111160430180044306
070243078168217010236235000804974406
202217215109205187247153572754555506
070045167192199169214089120334659706
044192095106205148026133004430270406
016012080234237042073106004436490406
080033227244193065107214244110143306
231148133038199171206115004432847806
086100104039192029094254403100312806
218225090096116246215086004434024706
149158111218198193183080093755861806
047004072206192166215103004432672606
147138176092244038133045312295703206
125145081235251224032197000805907606
047160184017237042073093004431740006
212143025094116246215156552760904317
136053123146202029145115000804822406
195068237199215176008130140322601917
130117032109202167076184473830103817
135229106058139061080202080105841806
218225091066231225123074000530901117
079047123111205249055152265764778306
223007030181237042073095004431805006
134134130182237042073100004435431206
093041047086205180109110004654488106
075110010119199208061189004455248406
231148133202199177082124004432975406
213175201188205166059069052225790606
044005151003064005155219004433735206
057104127189251196144199385440038917
116069050227205249004129004435059306
146251004119199153062201059384841606
149158111009207001011012000806270906
055249139035205211056089359180038917
097186240201192029186081446250002306
155038086116205167107229000805525506
070243078228205184077254000805622006
207056112047199153103206103253612817
033038140217116246215076004436392906
237042071031237042073102004431081206
030204157006199137232103503081740917
073027099015237042073092004430601606
096019190018139061080218362813492217
047100042199205071139108004433904306
146017186184050251141178408302190417
237042093042237042073248020010200117
249070079099050255155187001230012317
088102023215231225123075000532979117
062243240079237042073098000805903806
016012080221237042073103004433928406
096066100209205199051210459400105117
047032234134205055132144004430398406
135238162118244158004033093325222306
196055183065198254094122039994365317
100197036129205218041116004434559806
047033050175198231053138004434982206
057184217039202028188245001610099506
159098228134205200027178165675969917
021091197012116246215070004433557506
088222162162207001132215000000000001
044053070163198193185104004434934706
047168186061237042073092004431256006
005242196010212195071106253531021817
050227004045251224032194343176400606
062208094022244001022004000805091506
206157043064205194245005004432759906
097245239138199204097114072280103206
063165236074244020058069081110180306
075225035185064005155193000805897706
197043152148237042073106417860008006
135035227137205148029021004434196606
074224003220202029212020130884539817
119046101194202031017153099986059806
044048187036194114090130004430396306
197202026111205250090042004435049206
153112152132073165109085553030044506
201136076146073165109098602860044506
226025145070244003004165254615874706
158011054002122195111160083200044306
103245145238251073188194581593953117
127235037021199153102135004435025906
044048077041205236089072004435278606
016012080214237042073092004430360406
016212199238131115160074004430503006
062202173206064005155148004433418806
047032110241237042073092004431489206
196043026097231225123093000535973417
197086015014016230173229341901121117
016012080222237042073103000801062606
070243078230202028202141040064916206
131192122228237042073103004434776006
124045222043199169217072004433622706
250041056153237042073105000000000001
124016105040207008082249000224247906
251103139061116246215092004436176906
044027081128237042073097004435186406
137093044240073165034226514760044506
044049221017205194242228004430783106
109209061048231225123090000532334317
153037090204205211047074004435618006
223007030181237042073094004433593006
016236072229064005155192004433943606
016012080234237042073099000806051206
226102049193135079171063324400044306
030007214253215027187202469762645417
218225196048116246215086004436495406
044204033251192022173005004433063206
135084107093237042073099000800743006
021098062007064005155201004435995006
069196107219207020019036000804724706
124045100202202031159005376733344117
100197034182202024007022004433464006
158053234209205071019004000802795306
044004052172050254094252004433753706
070243079058205218157173004434794206
047187224249215106045108004433639306
197016034242244020059015000800172806
044001110112237042073095004434412406
141186045158064005155201004435783206
223042065162139093087064005873893106
226154176178193107084197004430343106
112143226184240235108140183583271417
142155080087116246215076004435623006
047034147207205126032064000806459106
033245039192116246215093004435604606
119034060159215162059127566400044306
030135024087207012138117177316460617
097081243146205126037192598205773806
049152098252131115224148258256050117
231148131195202031146074000803690206
105233012123205211049098616302807717
136053123146215163167099000804063506
047091075213199171099206093395781717
204096127022205066250111004432737306
140066161005116246215081004434602506
149078063148194031028220085204762206
070243078224215161079110000800413106
213175202101212230180141004435055906
100208228237138145213189000804921606
044005173058215160157143000800501606
035097058004251073188066396884611417
212235198127199192043024000804581906
124045100204212034079145376273344617
092044126037205251205076556800111106
128087134243205180044109004654579406
228079231241205199050005001824916906
047100122012237042073093004434838606
047110181203237042073106004434269206
249157228007194086008123590870338906
007234225066231225123075000531743417
224115019221205032019194004431622806
237241143102198255186198000000000001
113111175115219092207093213450222506
033171121036116246215058118915893906
194013211235244038134107050600506017
088094149103116246215241525860904317
152148105234205211029097086425115706
073146222074205166145152004435270906
016012080226237042073100000805308206
218225246070116246215252000805126206
056187079030199177245201004435030606
251103139018064005155192004433596306
047028181190207001130205004430244506
127107225023231225123092000533393717
099205123104251108156219229106068906
223007030181237042073099004434535206
213176048144194043181213004435690506
016242056115231225123078000533633517
016173094069202024006189004436553506
135243118083244020056201020962622706
140066159091212030146065000805106406
016030124015231225123074000532636017
083016037176231225123073000533699617
034108090061205251200219464055328106
076122139087207009053128395400102617
044049108107240235109089004435918306
064030059132116246215030578270005317
016012080222237042073097004433650406
047039014191205184032163093393429606
076084179115199169009030080024249606
197043152161237042073099000805183606
042093174184207001013012069146006717
076177103214215004234113004435120406
064103131095199153055036593820005317
070231208183237042073105469660008006
146017173237202024005070492506520417
073155112250215167112210004434131606
101188009126202030158085019504971506
021091199192116246215077004433498306
033245039229116246215080004435438806
050250145017192022164213000000000001
044037206168116246215085004434662206
114049170117205098225230265255188806
002002132177202029021225004435015006
119039226250205035073041004435107006
044005076192237042073099004434396006
063161037133212064071053004435042306
213175201162215177242038052225611806
047081091076237042073104000805153606
131210218147205250241053004435928306
044021182125205211053088004435145006
213187199228199169015090004435119306
016012080224237042073092000802472406
044004108117116246215077004436426606
016215208159237042073101000806246606
122153104013215007140142517960314117
210061167103240063017146004433735217
016012080214237042073102004430468806
096067114188202024166253545982538606
044001136159064005155229004434895506
016012080223237042073093004436092006
127092234089205180071223000805184106
047123063087240223015137093395238017
193253252136016230108026273610044306
139247113010016230174112525790044306
112141029195194038155067502894075117
047110181203237042073093004435990206
197097031015073165080021593740044506
047028018220205239062099004435091806
100208217209231225123073000535019217
047004086105237042073093000804274406
044059160114138152125013004434996806
209101046071199208062201423940645617
047008241059237042073106000000000001
044058225090139005144066004435604406
044084128103244158005055004433695106
077007165052073165111141595320044506
137189086238202030075157000000000001
192044165083050253169183562381276117
195035038165199136086054614881936206
231148131148202024006011000801028706
075009216204215018244002000801295006
114069194219240235017165351651881017
119132120170139128098174004430227706
044027170124237042073098004431893406
121158061231193065070237000256202706
109063101164073165081198544790044506
027136153090199169193248037245992006
129117087084205125120082000255362406
192044165083050253169183611871276017
013024177149202024007246000802087106
148003126058116246215074004434015706
044076070039207020023222000804958506
119046101194202030170112099983794206
234121246018199137235246270365444817
197155091167244158005241004435059106
047045155105205250094072040176064906
244200013172139072053034000800985206
237042071027237042073098004430373006
109210154012050123083077444880824806
149210180175198253194250004433351606
047004086105237042073103000800412206
016012080204237042073106004435353006
237042067059237042073096004430500406
007234225066231225123092000535967117
136151110106202024016020000802857406
077186143164202024005207004434161006
058159026204205250010168550646504106
035052247081199224098189515480312806
135243069076050062047057004433642706
113097233109199152013237180852577017
247003207046138145213189000804859906
044006226094237042073099004432832006
134134130181237042073096004435498806
041241095130207001005118004434915106
141183211149202118021050004435016906
218225091067231225123072000533206717
084093127148073165173105477930044506
044022191161212197176171004433739106
124101052197135079171198004435991706
193253252146116246215223502310008006
197042087177205166055177097072449817
148137194057064005155190004434908506
119132120174205167105174004435005706
213184192000244248024143004434963206
002136100025215022049056080885956606
044007016245237042073099004432134606
225244055251122195111160642050044306
062200101139237042073101000802824006
062194119127205055128226004435382306
044003159019237042073100004430835606
096194024140244031010013361732751906
148094035236050056157094000802008506
070243078230199171111085040074969406
044201171167215177242138004433011206
148137011112064005155202004434615806
113187248139199224156157626726452417
194223252140198209155185419115241417
087196223091199168152226038004341717
235195047178199153050191452625058806
044085251130205219217231004432640106
153198027122205167130007000534837417
048166099229194078246169000803693806
030007240147205071138104648332965517
030015090245198255186198000000000001
214135150169199223126076644564950806
062241119183205211049250004430607806
106162017096199177087204131012572906
204160161255215177138239539596188706
044033018148194038093242004434456906
152148062241212194042017009936392506
129107151103198254091153000805228106
124117015038135079171185000805083206
047081231144237042073102004434065206
223007030181237042073104004434322206
228079014116205183043001337750104906
052135059139116246215111446650044306
021068198046199169214066004433434906
044206010052237042073093004432211806
070243078228240183051085000800206206
040110091063199221119027000000000001
044068198245207180189166000805962806
135211169121212195128205004435414806
209101063078202029231130431265544617
223080086188199223124043000805016606
016012080223237042073096000806142806
007233018248199224148145000000000001
113141199047199221117068606910002506
253102008178192031070044001230012317
231148132095212230173215004435772406
016036188174050062046165000802726906
135079118091199223125094001431968106
106082231042244248041067647074893817
073155098049192166212163004434961806
054096251193205212182122000803172406
223002129077231225123074000531095317
226025000026205126037146400004946506
149158111121251215148158083393666406
206045004166205213166035445443692817
044009248033116246215084004436325706
064004255129231225123074000535373617
230249006147231225123074000532248017
218225090096116246215093000804630706
070243079058202024016162000805949706
148068184013198228176178004434373106
044193189061212064080004052233831806
108043053024199204069194004436442506
213175253232212227179009004434109406
146075041170139218240252493700808006
047185158207237042073102004430910406
016225161120064005155053471180905006
213176048002205164190034004435612506
131041037093251196147123598776403806
047091075213207183082238093393782717
210096204147244158004102402982964706
218252110008252248203222588680808006
152157254217212194040244000805084106
073027006102237042073095004433199606
044069006114237042073094004433688606
062192133148192167125081000803912906
116091252150116246215030345410005317
091157142062192135130167045005896417
012130135119205201093217000535382017
035058087236202167046018070234355017
146124208146073165172253566690044506
213173027111240235109045052223316606
129048033066131115160077000803234106
047124135219207012141062093392638706
070243078228202029061227000805008306
131151065185231225123095000532197117
113175002229207180015129590830516106
044084086034215007237074004433188206
244200013172139072053034000802847506
047091074046205187247077093391892306
124101052197135079171142004434128406
084239041037220021117071061490143306
077167085065207180051185601100808017
206240162234202024166171059386550106
240083027006192182039102005874955806
013216123059050255049085004433203306
050075136190202024006110000800297306
044175140194207020021072000802669806
050094106031138056079018004450987106
135243069076215163175047004435429206
021098062000064005155201004433725806
149054242234064005155247000804436706
044008147088199168155059004434957806
044095171046199224104093072752675806
041187113012205166054175532815085517
088046086184192029095208086224703506
002109058130122195111160093310044306
047027042243016238145171000000000001
196092076142116246215069000804829806
002002132227240223115182004435490006
140169207164116246215083004434631406
044084086140205033005181004436072406
093047254103202118048186004434581206
108120195062205071032190623480113817
148083149186139212119173005141170406
159095247227205166255202000254330306
032127077251231225123073000535755717
213184192023205216101210004431099006
047109144143237042073098004433856006
131134146233194207242219001235075917
245209093149205166210072234550338906
030015071079202024017090004431965006
141236059042198253220165000534820917
050084215093199169002109268406448106
070243078242205200026032000805129706
210028117038139212124060088883931117
049039060051212227153184556850102406
002002130239202029238125004436223806
223007030181237042073106004434457206
034104066165231225123079000530948017
136053123146205218157093000804236306
037041041123073165172142106670044506
195222041194202024006015000801972706
135243069076215177242186004432632006
226154176178212030198220004432678306
098092210141215018162009000000000001
134164179107237042073100025155588806
197033011189207001175253000805465106
112081145042231225123080000000000001
131019022105139212124060080802887806
084119152229073165172046595430044506
064004255129139072048234000536361717
044200179157205032024225004435738706
062206019150205251202239000805068006
096247065127207183152242270322703217
070068186254212194041172221264038217
239213051223207023231116004434378206
237042090148237042073098032900008006
134134130182237042073094004436498206
143165187112073165090153552250044506
131197068199016229033132000000000001
050016059035251196145100338022092506
131003246189207009190023004434928506
076084179115202024005053080024728206
076084085018244001168186092120930917
057184217039199208148140001610476106
223007030181237042073101004431778806
044072199058237042073097004431192606
202217215109205066251044572750966006
047036131091131115160062004435860506
042094069237205249055152356004778317
197163155038073165111092515510044506
138044206190205251202072587262637317
198253240195205251202111584526443106
210011249116251224088150292325350306
158053209129192029095208000803595406
097132228080231225123094000531649717
131031158078194017229143004433285406
213175201170205211030189052222653706
093221209186139061080220010350112917
044002014134237042073096004433757406
200010188149202031137135565603799406
016098134156205071047198255654946606
133246111062073165172214165130044506
123144191017199221125255136830259317
149164124023205251200174004434959806
126042139082192182233076005875642706
197150168044199204102255173444327317
141236058163231225123095000536316017
044092027170135079171079003890951906
129066131083192030101234005875927406
116247169148207001132216436280905006
135079160238215162057114327800044306
047177074097205239062133000802823206
122024119017192167233103004432240306
053038177139192030073078000253294706
113055144120131026013093530870044506
047109177040237042073098004432148006
134052166188116246215080004436165006
047048018082192132001001004430309506
016012080220237042073104000804196606
193253252139116246215053460920008006
062210093043205138232162004434319306
088094067083202031157139633303474106
072011017059205217164221000803711506
119132120180202167077043004435228706
231148131138205071138198004434979706
072011141000231225123077000531949917
077079219216199153034081626072816606
097133082094231225123079000535371917
048167185211198033159081000000000001
147152254004073165069060529300044306
116061224093205113201176514133987506
044206010052237042073097004433611806
073024000006215255119129004434491306
210018044056199220223224392420005317
083109040248122195111160297760044306
044039227007212230042086004435005606
097133087114231225123093000532565117
075091213030237042073099000801848806
062211252060205167107229004433679006
016215037126205236227163004430402006
129107151099244067210237004435818806
044199209042116246215082004434561406
113165019069194100115016467914464417
074226039068205203028130583924050006
016195143024231225123090000530170517
016195143031231225123080000531279417
151085017140215161104122036960002106
030048252248205032024094536981444317
202018097218116246215043118780008006
253102008178205249052107001230012317
204195180123198247232227143213713517
200162105212073165065091577960044506
158029041125205032024003004654849006
127242060213212171149159004435301506
249158180126116246215084004434570806
201072135153231225123081000534352717
114255019085199153047033438204219917
044001159232237042073093004436191806
021077234187205211056041004432690006
092030162205202030122013275174997306
133207134184219092051205325875363406
148027137033205113252247000000000001
072011141009231225123081000534299017
030214173103251190074029080805405106
200175194142202031094000000000000001
153071177196199152015187004432991206
223007030181237042073097004433269206
197106117178231225123079000533401617
050226247096212195069049198403909706
058226197028244089100220051564993117
086039245032202031030130506095032106
113098017095135079171128343070443306
213179055110215160090111052223306706
223007030181237042073107004430359206
016012080217237042073101000806542206
134134130179237042073100004434658806
083179215026073165109161527300044506
044032108080251190074029052235790406
213173038225215177242038004432767006
224002100241252248201171623560366617
123188126212192132000213004435523306
083183051236135079171056605700044506
016012080223237042073098004432684006
047160161102116246215093004433420506
224115233227194043109093004435618606
223007030178205166123152004435051506
044007208032237042073105004430879806
096016143220205166126205610672645417
152055090073116247217133000000000001
141186045158064005155201004435774206
050074119126231225123095000535358217
136042051031212196235094455160008006
129101176100205183034225004430278406
203147015253205126174001167620102617
148022218139064005155211004433921606
134194241010193065012210000805241806
033228034012198255170093004435229006
201143059010251190163139442702464306
197043153104237042073095004434879006
133244129170073165054195554360044506
195188120101202025107211045760002306
122065244229199169198037000532137017
062196024241205166055177004434472106
113011054011073165090181551890044506
016012080209237042073106000806419006
062212177126215013074209004434037606
206240167114050056145002059381996906
044004112121237042073097004432492006
002192040175202029119024494265307917
148083149213193065006185005140472906
062206064030215160157065004432732506
237042094134237042073100400260008006
245098102003202031125247531780312806
047185086061192022169148004432778806
048181106054016230168186445480008006
124045222037244158139166177710102617
122137255058231225123113500126278617
123188126134205183121187004430720706
225172218070192030096009296215239006
016195143024231225123076000533300117
119132120165212195130228004436443606
112182043203139005144224004435137606
217242045043205126034223033893966506
135211169116207183136181004434179506
148094169014205251200208004435610706
032199205238192135130187068892983817
062225209070192166214228004432706406
062206107207192135136013000804453806
148094169017135079171071000804746906
239213224176192133029114004436433606
237042064226237042073095004436302806
085103211137202029055072275695867917
131003246189202028219045004435244206
096176178246207012141030163920232306
013216218173199153035028240203223617
218225237063116246215076004434424706
016036124150116246215073004435872406
148067222062244029048153000534630617
239213060016205112188069004431298606
130004046202192182018162000254130306
058024020007205184077093000805599206
196093217242116246215180502980905006
058095004041240235108140495594700606
044003061204116246215080004434999506
048181106054016230168186512860008006
211247125213139005144090567720829206
146017019058231225123076000532543017
148094034038231225123092000532000817
200109040171199224099045000923734506
213176048057205055201036052223454606
100208217209231225123091000533502117
047045155105194038093226040175023106
218225236073064005155210004435154206
030203080200205212227013348440338906
131174243013205236237157004435427106
131174243019237042073106004433812006
116156195095116246215068004434942606
213184192006138091022086052223799506
047027210174192029211077093395019606
213176048018205195127188052225216706
119132120173199223118186004435289906
130150039206231225123072000534877217
253102008178205194214138001235008017
096047115231215177139175393710116717
007142245080202028141036387493732117
239213054009215177242054004430520206
253102008178205098232213001235056717
213173038228215176003249052222029806
197003124106240063017189567420235606
033228029059192022161217004436358906
205131052206205249053052611883830506
231148132155244205153036004430359206
151074038130231225123077000533031717
030015088172205098029237004433959306
218225090150116246215019000803353606
072044199193135079171017568760044506
044027144165237042073101004433088206
070243079122202024006087000802721106
196043026097231225123080000531624517
047051015164205139035230093392667817
073026196048131115183005004434199106
062215029060199177248178004432869206
044001159232237042073099004434910806
106200093242202028017174490013731617
016012080210237042073102004431926606
099035122033199171090167069025666706
192255043117016230160068016370044306
099026181104050065235252632250044506
044037160143240235109061000803314806
193253252139116246215053483660008006
025110004176194038158151091603779917
131003249069205113255098004435718706
047187080168205035005040004430629206
044026241102237042073100004432429006
122058140068116246215069000806080106
141183211149202031157046004435411006
200124200090192182193067374180012317
218225162216116246215242388170904317
070243079058192182053149000804562906
112182043203244158137208004434320206
109172056150215167248141544621784917
086125239131073165104142630270044506
213176048093205194213161052221035806
032016144242205126032065514131432817
056021221138215027047003004436131306
140169199221064005155235004435010206
041145049018251215115082004435257706
082074103119212195130027052225541906
153053194191202118095157034783402917
044000083182237042073104004433764406
223208143086198193191094000804753706
124210139070205125077229004432665706
236194033239205217251232248204538506
134164179105237042073106025151015806
140255108180064005155219004433422806
097133087114231225123079000535259517
016012080210237042073105004433074006
047123044045205187188124093393817117
223239036184205251200174004435153406
091217135243198032156197391100002306
044054146028050254095245004434178706
096161139086193065094229004455305906
044002014134237042073101004433536006
213173043246205066245181004430388306
016242056115205184067003000536449117
220019181027202030068154497532382206
108206062215192167127033000534110817
127242036016064005155193004435334706
047081231144237042073096004435084806
206205132151205113192143308544360917
044020211213205138232189004434083506
122016143106202028019006000805091206
141236058253231225123080000530390917
040219157003202028017181012533934917
047168186061237042073092004430441406
213179058177212034247118004433868106
075091212231237042073106458740008006
063174054092199168159113004436512006
133150048165198240074190295982685317
025189233026205200149026116752668006
114079252042139093092160000536369617
062199025053139096099204004435425206
021137021052116246215036004434800406
235235034033192182138011345610102417
200222118227205251205198000804983806
016179000127064005155203004435091106
044001110112237042073100004432378206
238178120003207001003217503120002206
062205145019116246215079004433755606
134009116161231225123074000535542717
070243079058202024006027000802626306
085038178018199204127014068811843317
047100054199244001196021004435892906
149140044165064005155245004433964506
062196047072237042073106000801738206
218225236073064005155210004434825706
108125019066205070223092598773391117
210018047249202024007244000805642206
152148062241199137231134009935162206
044007060143237042073104004432279406
047084229098237042073106000805791806
204240237198215013072176523181498806
213173038248240223037058052224896106
237241143096198255186198000000000001
032140146247202031021120501993189617
213175202121244067235177052224907506
075091211150237042073095004435330206
206240150168207012143020513881281517
206112248111073165034154514970044506
016012090101237042073102362840008006
135243069231212030023206004435229406
073155112248205071027211004434343806
074101049197215027186160103041671417
110127050137205138232164089990113517
062200071067231225123075000531617717
058038028078205218158048087340161717
141236062042231225123075000535613617
213173027179205066245181004434180106
146145157228050065234205578810044506
131235023091212230183048000805298106
047090125155240235109034004431916606
044202126092215167112202004436090106
062194058225237042073103004434818006
044084132165199177082106004430349806
249157228007194086008040590980338906
124149120038215163175060004435216906
204193031099050065170157592300044506
002156120173205249010089276293387717
197043153084237042073097000803061606
146255134111192022167077511162639106
193253233023116246215010511480008006
075067180034205098239114080665748506
223239038041207012143151004432990106
251103139043064005155135004434513906
088193162154193065008045100460910017
140173240249205187184126004433859106
244014071021199136085114004434972106
047124002207207012138192093392733617
223007030181237042073099004431900806
135238182035138152126165000800239306
096189195254202031137181004435186806
016012080212237042073103004432816606
002002130255194042041052004435683406
098122003059073165080148577790044506
114242109231205032030154000803276606
153173183073202028052227059384916806
087062241185212232088058004435698206
148092183114205126121221027035125806
058158106244199136086047599575344917
128214000062202028196067046275821917
229012121070205035005042491844319706
025247195166122195111160454350044306
098020150018073165091254229740044506
062209227044251108009225004435435106
062200101139237042073099000804516606
135084107064237042073092000805557606
047034214121237042073105004436489206
204029227140205249003119146362818017
193253220039116246215223517300008006
073155112248194042036122004434799206
239213060012244248024143004433907606
047119224123251196144149004435288406
213176048088199169012057004434917806
223007030181237042073096004432916806
141183211149202024006155004434850106
099035121241202024004125069055956706
122016151151205126033101004432681706
202217215109244157135004572754888006
210178091032199208059184514135314717
134251135076215022057036000000000001
036218200065199169086071467860002206
044085112060205185133080000806303906
063166040176116246215076000805465806
198140095123116246215062592480008006
047050158096050056082031004430708406
140065118193064005155245004436417306
063166040176116246215094000803402806
223080186056199135042121000805045906
239213054089199168155030004435623806
049097072145050123186005566960008206
103237040187192182060091005873408306
140053222051237042073106030002606006
254100233111194017228117049190593917
223007030181237042073093004433623206
251103139188116246215070004435984706
088133069164050122105077000804804106
057184217041205250088146001616336206
131252180123231225123076000532034217
238063074219192166170053413460002206
147250115180192182160049000805378906
147154156210073165091170647650044506
057184217039193065032244001614670606
218225205093064005155133004436096506
213175202240215163006218052225215406
062214087185205126038226093395736017
223003055197194038095228575000002506
103111048090122193092242025840002306
116116069151194031030099094181066806
210043100214064005155181000804075806
131208004233199204117167000805351406
141198253060064005155200094824992306
149054242161064005155247004435122206
048165037068199177255225059990280217
032200221084193224218103000804965906
030048167096073165080032591250044506
135084107064237042073095000803659206
218042024043252248203203354435873217
053173086002202030240105377675312117
129101176100205183034225004430254306
086125239131073165104142629870044506
135148178212194031028188004435720006
237042071040237042073104004430333606
007170199000202030145055270322703217
100222095027220245006058004434876306
072044243070073165065029388260044506
070243079058205249049161000802663606
081131210113202029247243260486369906
124101052202135079171142004433208006
237042070094237042073101617860044306
044024176172064005155209004435352306
135223106038198255185126000803824406
196052037242215162165138151535017917
047123063170199177255213093392687506
239213054022205203039026004434245306
151235035153202027126160590440002306
007238020209205126032236000535588417
226154176178199153111147004436188606
149210190010198253194226004435857106
044200014053205187184146004430329406
235194215230198209189202533370044506
249158180126116246215084004435658406
047030158193116246215068004433621806
053197253133073165089079554990044506
213175201165192031160220052224769906
203203204161199177248061000000000001
213176048139205213189184004435533606
193227067194016233080118172290008006
048167185211193065023065000000000001
223007030181237042073092004434902206
062200101139237042073093000803614606
033239237031205151251253004433342506
016242056115231225123091000533704317
047168186061237042073098004430677006
042090251051199170226007615025133517
205143122036016238145171548290044306
086128242172198254094146000533970217
044200211025244158005050004435759406
149210181180205236237054004433364806
156183092131212195125024004430290106
134134130182237042073099004432809206
218225090094116246215071004435290706
076084179115244067133125080646340006
140169207166116246215092004434846106
070251197001205236085045084866097217
041055119110205126137115575991290117
044048100137244158083125000800190106
016225186040064005155139395810148517
103119184217194017228064000225740506
233037093075205251202072184422637317
044004211002212196232090004435436106
044084085116205218029126000801387206
076086009019244003004211004436200706
244200013172139072053034000800982806
064004255129194043191104000535776717
239213224179199169003080004434979706
253102008178215019014029001230012317
097200055193050065249139560240044506
211210165186205218026115001435220306
213175202107050254095210052225639206
057189155189202029098232501770688117
077007165052073165105062595630044506
140169207156116246215094004434623306
249157228007194086012009591740338906
062245058127116246215093004433341206
137113227019131026013039017650044506
243192241109251224228010260856471006
062202067021192132000186093394637006
136053123146199177083019000803732906
048181106054016230168186418020008006
131134146233205184037210001233907117
044000083182237042073096004436387006
081126185123199224099008261420044506
228184131001064005155209000536143617
194232142042215027186254503213256917
213175253199192166213079004430341106
200162005147073165091075518130044506
101039159082205071047204342583729217
251103139024116246215084004434090506
062193226142116246215079004436290706
114244047035219092009137239602168417
224134046157205166127066004435639406
034080172020207180054157446610002206
055233073159237042073102004430789406
134134130249237042073105004432992606
141236059241231225123072000536532417
044008077238251100097205000805308306
072011211083231225123072000535509817
213175253248207000086042004433655606
135148178212192167239206000805862006
087137037092199204111063595300002306
048181106054016230168186435040008006
154030049123198243068123323270002306
237241146012050062046170004435406006
148090226138205180045170000255852906
122022107133205071137179004435004206
213179055019212230173009052224268406
122028053239135079171158004435600606
140173240249205187184126004433859506
143238252137202024016080000803615406
143082069197231225123079000533451917
044027253156237042073105004434582006
049210248152194017013171000253557206
089224009041205139169073527430808006
102254154132199221119051443465830417
126047086005199223125061082006543817
131210218147199170229216004430437906
237241138247198255186198000000000001
200124200090252248025120278250012317
119136137162192182056195004431746806
193046098037016238146130000000000001
041145049244205211059109004433649806
210061167069240063017174004434124106
016039191164064005155183000806163406
139169064229116246215092004435003006
086036154242205127000221367763004117
237042077080237042073106244600008006
195222041192202028155156004435391806
130150037145231225123079000531322217
016012080205237042073096000800213406
067005072080202031165238523840688106
032035074010205180019104513224927606
140065118193064005155209004434202606
079047123111205249055152615474778317
070243078107202024016091000803288806
218192220238138152126210004435553606
148083148055193065119141000536450517
089230114033198253219214485650143306
213173033198205187184005052220330006
047101246214237042073095004435651006
036223184150205211034018639760808006
063166173173116246215069004433662206
075061128250212230042115092102625317
044222131031237042073092000800943006
083180178250073165110173644160044506
114067031007116247217234000000000001
245098110101202025032158517260008006
196040118176064005155028383800905006
044008073250139096108159000800138406
237241138214198255186198000000000001
131208002252199137132015614560102417
237042080199237042073097327020008006
223007030181237042073101004430763606
152200233128205200225212004435126706
044001110112237042073097004435350806
057184217042193232161080001612264306
210030029151205236086098004435316606
196085001142202030162027482584078517
005079117015205239062170145420686917
141186046108205098238212004435253906
122028053059135079171175004436064006
016253001125198241202211354680044306
124210139065192030018228004434786606
016012080221237042073105004432658006
088133069164194042204147000805991106
237042071036237042073099004432075006
059182037232202118024061013202440017
070197010157202118026206485081963317
016197003238205211057143004435220006
112101080029050065170192095950044506
237042091036237042073098004436248606
044017008154237042073101004436312006
016036190116116247217132621180905006
238063111209205098029173000805612506
135084107064237042073106000806314206
119132120170205213166229004435748606
153152216008205113203155000000000050
213173043237215177242038004435858006
213176048080192029209119004434062206
201001039183215013072176000211969006
044025188102207001175242066045208506
127043091250202024017121000801988506
013005197030202030103133000805615706
070118218237251224117111334144103917
073027040006237042073107004433229606
062249044035237042073099000800985006
016049112217116246215079004434217306
223007030181237042073107004434119606
248106226166199171110073333201201106
130150037145231225123092000535078017
047001168029205066252236000803505206
119132120169199171095038004435031006
119132120165215018134156004433883406
035205125107192182124089472480002306
008075075200192166172185000805064306
044204051246139219142030004430651306
213175253225205071139022052226060606
044001185036207001175041004434963706
127058076165064005155226555821164017
146124193109073165105221613880044506
062245204133237042073096004433803406
122028053032135079171207004433106606
119132120169205239049229004435191106
021098062180064005155203004435986906
076177102193205055205187052224817606
079121155115198243139201593600002306
244057174147205166057062004436085006
239213054068244248042061004434498106
101158071019205217165074248840441617
047032110241237042073101004434537006
063163216025116246215068004435143706
148005146205138152126165000000000001
073155112250215019068211004433744306
148092232200192030074227004433469006
222081019117199169194038550500008006
030162039081198247246106004435210706
200124200090252248025120469500012317
085037217245207009053090246380102717
013192167013192167127138004435921806
044007243054116246215094004436409506
116152239232205139220096000800531606
249157228007194086012081592110338906
218225090010116246215077000803371406
136160139102202029165171348573983717
210011053059205066251181004432797906
044074173040202024016017000803121406
149042099213212202150014092170252617
103113186109194017228064000224928706
122016244044192030010155014335083106
239213054029205251072209004430970306
109210154012199136070252444880823606
041144194196205113216085004434910006
210008168211215177138096004434684006
223035116061194043109015632793101106
053051065076205180018059000000000001
202217215109205217181035572750333006
073027217212237042073107004434376206
075091213027237042073093004432218806
016011124170199177248017650985946117
042090098107199136084198267966280417
047048012249205203039119081184620617
237241135071198255186198000000000001
148094169017199224149005004432687106
213173033200244127158221052224411206
090054057026215163004084256575218306
073155098048205212178158004434361706
090048193155073165069244602470044506
200124200090192182193067051080012317
021120110120199224155060004435941006
110091096024199169214181514136306417
044085125253205219223045004432675506
109205244145202118092066068815017806
206240166131205239062149059385001306
153137114082205098232139004432005006
149158111124251190160007082262769506
210022110204198241226021009932604606
103138142001199137227109191041444006
047004156051064005155148004435187806
218225159110064005155201000806079806
103210118219205066136005375704922706
016195252248064005155064000803776306
114242108221202024004074000805822106
226147206246050065249065646390044506
197043153080237042073104000803938206
047125137020199177248251093392641806
049017059045205211002109325925348306
131190122249139143018199004431953006
062220036008050253159045004435919406
130004046202205183043139000255155606
080205186008138030202231373515722106
206191172135199153100130109910102417
082137097106192182234214000254164306
134164178109237042073099000803796206
062254125250139096098253004433723506
016012080218237042073103004436476806
015063039242202118031125073600590217
021137021052116246215048004434072206
197155091172244158083125004434963006
016195143026231225123080000532421717
149054242161064005155230000805003406
122039017218215167248138510115213806
213175253248198231235191052223500806
244200161183244248213085000803900406
251103139024064005155235004434384806
210008097026199152012216000802519406
152148105234199222139061092425342906
016012080235237042073104000805526606
202119204207199170068172450530005317
111014128186073165228096577630044506
097133082094231225123078000533700317
080074116058240063113219004430943306
208070209176205183124130052224858406
070243079058205239062146000802637906
021120111084207020027128004435030606
044035101080202167001065004432735206
076084036044202031094115366366076117
106215144152192030035214004654162106
114064210086116247217234000000000001
016173166086205071018244000532738617
099141080150116246215232503460148517
070067091091202029053031127740899906
044034004119198254091085004435965806
047160014096050254103162011193032806
135079173032135079171185004432206406
106123167120215106055127030743836717
226154176178205236095117004434867606
223007030181237042073104004435411006
213175201180131115010050004430358406
047048015047205218033001093395139506
040047032179073165108170559480044506
047001213122215161084164004434037406
044056237107207001000185004434918106
130028141204205032025168599594611006
044023152125215163101190004436034306
197210102205244089100220051564948217
141236059120198193184093000531518517
197155091167202118049018004434936106
070243078222244212230246000804944306
241249236100194041032254004655162206
062242119018215163007110180035769206
044087070105192167127138000805166506
047111131232237042073098004430646806
210024100068139180034162476263327617
085124203008199171096197270485542817
044003094174064005155132004434139506
062204109093199208052175055123939417
131184001166231225123072000531102617
073155010066193065050114000000000001
148064201177202030125050270176173117
044084086132251224032205004436119506
091231199056205230155012080802658706
042094074148202167077046351481129317
044201154111116246215093000805767306
135079164032135079171158004433056506
044025250041237042073103004432839606
196094099188064005155245004434802006
219103116141073165064166532830044506
112148076128244001170072577390002306
016173094069205195211079000805188906
013216092177215004234159004436487706
196012098007192030048219004430794106
015076043098202030194212459993629717
105217171096199223126165137814469617
062210008114199153033170081180134517
044039227007244001169249004436234606
062206164043064005155149004434494606
223003039002202030076065011940102417
249070079098205211051069001230012317
237241141149198255186198000000000001
075062217224199223121234000805393106
016012080235237042073103000806485406
044201200254244248024143004436482306
136053101161198193179110000805086706
015230250086205251206146434620411506
148064201177202029153011270175685017
044090251017244248042022004435252206
044010074133205166058242004432660206
044201028016244001169249004436465306
156102120110244157223171092233400206
239213192230116246215083004435106506
230123000233205211057201415225341317
124101052213135079171167004433264506
148019228065207001131073004435222706
148083149241194115213194005142280406
044051048050215163006121004434149106
231120103118135079171198004433619906
131010188163138152126074000804041406
030214173025215177176029080805981706
135243069202193065010053004435158406
246083148232202030056231074796423817
195192156061198254091182000805038906
007237023146244003173037004436060306
062192142166199137231135004435364206
115142092101244031075061004435267906
237241146050215106210138004435014906
075062217254244067211058000805645106
223007030181237042073095004430825406
049157255247073165173153528590044506
151008222114131115011249469045029806
135214201045193065061109000801744906
106178002014073165034149608060044506
243054009038231225123091000535860517
048163150241215019232024000804260106
244199050031202031136174033445232506
075097087082231225123079000530237917
042090055055205218157093000000000001
148068184009192182008190000804679606
016246252173205164112224000000000001
047119044094205239061008000802714906
044002171124237042073093004433785806
016012080224237042073248020010200117
057184217043202026106169001613912606
080209085070050255049114114582751317
247003110041202024005086004430478006
079121155115198241225018543270002306
044043042002205166055169000803956006
139130182253016230108026495910044306
200124200090192182193067312020012317
128107021092064005155156004433728206
213186016042215177242041004430164006
134134130181237042073101004433596606
224234106101202028097057046625066306
210018043145138145203049305400044306
203119162116244089100199593204597506
113175002229207180015129546230515906
047038149193050254095210093391056206
044002163164237042073096004433007006
223007030181237042073098004431986606
049042125100244067210236558980243017
008072209240199137227236004435109006
034080172094205213164002209270002206
113175002229205216067105279930510806
075062217254215176181044000802631306
140065118211064005155209004433376206
197202025096202028087189004434994206
209041060005199137227017579211043617
134009119017231225123095000532636217
047119181031199224107255004430401706
136227068188192166170250383050002206
044210060034135079171128004430839306
016212253225138091022109004436272106
016012094106237042073097044432336406
218225246100116246215056000804504606
097137229107202029248185010266330917
044037005127207022045040000805903806
153071177240205249003219004433813506
062193226142116246215070004433890106
025206144103073165109059271240044506
213176048252207001131114004431646806
249157228007194086012104592860338906
149042099213199153105129092120930917
044094204103212197084227004434478806
030015095160198255186198000000000001
044007049164237042073107004433243206
021137021052116246215046004434950806
153158082219251224090061000534518817
049100187021073165064252648490044506
053090062052194038095026208180452017
200162097048073165064090162050044506
047177096038199168153189004435240906
121210168158199137227028030741532917
091097189130192022167203440464916017
044087123014237042073093004434205206
213187250182116246215092004434572406
047124252044116246215070004435674006
021120109089207008085106004435199106
225018101106240063114060080813283406
113105034060202118039133214324983506
213173027188240183033115004435050606
047001168029205066252236000803505006
159006010238205124102012131970002306
044002161222237042073094004433379006
098138179011215022058227170255046906
221147094007199169214223004431138006
213173027108215163103208052225524706
059018203223240063017115298820002206
146217049076199152111155612335500706
142094099221231225123077000530547617
203203204161199136069016000000000001
141236058236199153055033000535556117
044039128183215018163189004430381806
064004255129231225123080000534833317
203027190239205219058255013873674917
041144237072237042073092000805193006
213173027182139143181101052225915706
058098248236122195111160127010044306
213173038234205112188074004432757406
021120124193205212182061004435019206
008075075174199221126103000805202306
119132120168205239062157004435926306
154178040177116246215008000806523406
213187251107116246215092000803833106
097175248143131026048000549620044506
064004255129231225123090000531440417
002164213021199153097125561040338906
047039014191199171105155093395830006
247003110196240223037058092170930917
114076206078205218035056000255069806
073027110110237042073101004431493406
213173027182199168153189052220489406
044200000013231225123075000532892317
117103194223199136087070515231948117
121102114080205250012237520460338906
129047143049194102251082004432661806
135238182035138152126165000800240106
124050093147205184032144004430243406
044003062111237042073096004431042406
213175253196205112190169052220201706
070028006124205249054191620130002206
094031105004199171099206539183708617
213176048215138091016160052223071306
213175253234215004234194052225240406
032152018166205071021003329334489617
218225125241231225123081000533475617
249157228007194086008021591340338906
104099071208199177188018467482811717
134087218251198253188226472160005317
062205143044207001133117000805289406
245212148086050122231189507892693606
218225159021064005155101004435025106
089229213247205217086024033896295906
070243079058202024017238000804380806
203111118130205139220066072260143306
096009240054139061080170004455218006
044002161222237042073093004430715406
016012080212237042073094004435240006
073167072076139061080170004456321706
047049082194199177245230093392892906
044200062123231225123094000536255317
151198129011139001140200559100190017
076177099137202167002161004433479006
008107007128199153050042000800481106
047034184031237042073102004433683606
007234225066231225123074000531038617
124029100251231225123079000534487917
062205196134237042073100004433570006
133044232040202030056231545305404617
198140109072116246215223625120008006
047101064034237042073099004432093006
090031234137199221117147222231554217
016195143025231225123080000533778317
062214203082205218013139081023702606
070243078228202029091194000805099806
016236072154116246215086004434254806
103201017044073165073162402510044506
083126245085050065189127503260044506
016253002082116247217134476360905006
033182062111064005155230000806257706
021068198047205251205243004435582506
105228231048193241061248068810688117
206113191030050065214128605410044506
237042124167237042073098253540044306
093041021235073165107087564550044506
047045211102138091017061093390581917
044079190185251196146128000805505006
153158099156139212124082000536149317
193253220039116246215053518970008006
123188126104205217254171004435093306
140169207157116246215068004435177906
070053181007073165089208499660044506
134164179205237042073099019106489006
129071157199050065234029569600044506
062255195027244038195045004435665806
223014026255251224032205000805196706
097132101087205166127066000805927706
076084179115205071032134080025021706
130150037145231225123075000532900717
113136108183116247217234000000000001
092123242061240063113019497260447206
232188026003205185134087004436164806
218252199254194114091137004433395006
047160161102116246215093004435686606
213179055087194038094202004433376906
217167058199016230174112594070044306
132221138006073165104219599740044506
146069224218199177241169000806306306
041162168185202031171188001436202706
047034184031237042073103004430364606
047045155105205164190058040173022006
201076174131205239061140108502967417
044058080161198254094250081004454217
128116066098192167122040005875285006
044024116039237042073098004432267606
213175195123205137108227052226040206
223007030181237042073093004431212006
103245144003139061080223199583678917
078173175252050065214067526700044506
050050236045198243031141001230012317
044000067086212230037228004436158806
224244117239202028097057017554953406
213184192020212034246219052224136406
047108234002199224110098004430164306
218225090099116246215093004433661106
063165132178219092207095004432580406
047081091076237042073101000803721606
244052012253198247249098503210688917
210024201220248200034120000802034506
058125181177207001167087333470002306
053207242232199135046151642080044506
226025032163215013072176320050776006
200175057082202031094000478895730217
204139018074202118035010527570808006
047160214089199137227016004433147406
243054196203198254092049000805427306
030015095010198255186198000000000001
097133082161212230042078000533669417
142215082130199169214219004433795106
062206064030212230042094004432888506
073138247041207180053046000802664406
237042071048237042073092004432336806
075091211154237042073105000802185006
044222083240064005155156000803874506
213175253202205216103180004430194006
131134146233139180038012001233408917
148091245182198033051197080816487106
048111024206199223127236331910114617
233035191230202031130249589471686917
146100061008215004019210033975635706
044000201196237042073101004436551006
140169207178116246215092000803544406
008072209240202031147075004435563506
213175253228244022242180052224774706
101132134016244158083125223692796217
044001159232237042073092004432683606
077204127111192182190021570174079406
032171105033202030093015099984332306
075066019002199170234214004435008106
044023048236199208062059090014610706
146020130161231225123073000530680817
044002171124237042073106004434413606
073027146097237042073096004432655006
204073100224050122229067080884559306
141190069121205236095025000805041206
147231079075073165065087273920044506
077180108082215177176058001105292306
044005173058205239062060000800566706
213179055023207183081070004433878906
137113217159073165173110449410044506
131175084198231225123078000534887317
044206076159205195127232004434488806
107208069137073165059251081960044506
142248183077231225123073000536407017
016012080223237042073107000803967206
072011211076231225123075000532273217
239213054090205185134126004430644306
212129169215135079171145004434159906
131058204210244029241023086665072606
148094169017202024007225004435092806
076084179115205236081046080643507906
135035224130050255049114195000270606
083086233128194086004245018631912517
050094174017231225123075000530485217
223007030181237042073104004436459606
152009169085205180043043000254709306
044068041155237042073097004434956206
047050033108251100143082040074918306
249070079098240063017153001230001417
108127105068240063017146592060155817
053216128219138145199253202842734817
050075028226202024005185081013292606
148083149212202118042170005142157906
112038075186073165090224633090044506
245209093137202030249058552500338906
021084065137116246215058004433916906
212143024172116246215156544110904317
040005211020205032025040000806208906
016212255141237042073102004431841206
244199180007202031060099000804997306
092019184027192030091034000256007406
196092076204116246215069000803908606
149054242147064005155230000806512106
116086068180205071021164009934612706
152175001221231225123079000531619817
240183212073231225123074000000000001
075091211161237042073102000804750406
213176048168207183082178004431077006
249149130217116246215094004433994806
013216161037199169020051004434986606
119132120165205212176066004436028506
070243078224215161079110000800417206
135084107093237042073096000803213206
135214115110205125115082004435380806
098139056101205151253021004434986506
075000118029192022161152004433934306
047119207040116246215087004435827706
094223238192205251070019435540905906
044073119251205199061093004436087506
016215208159237042073100000801162406
073024002081207001170186004434888606
135084107064237042073102000804903006
140169207157116246215068004435293906
213175201161207000086021052222642406
092078222111073165064209536830044506
072011141009231225123076000532833817
198140039017116246215017509060008006
131192122227237042073093004432450806
213129100092205185134074466493013517
053183140232215004032201182236257417
044069069048205236124146004430766906
116255061152116246215076094823997106
213173038254205187184126052226040706
199247048045205250089082266002084606
044062134071207022024194004435223206
076177103205251190083176004435956306
218225090017116246215076004435491306
218225236254116246215087004433440006
251103139024116246215084004435961506
135210206145231225123072000530497017
103240064219135079171198004430612906
109089169098199153055035073880005317
113166099112138152126233539925608817
097132228080231225123093000536546917
030015095039198255186198000000000001
110166230087205166055032042870038917
008075075200205032022242004435387506
062216072248212195089178004435462006
207149154165205250094132368762768417
131151065185207009052093000532661117
030211130100215006172176360296528206
007234225066231225123081000531488817
064004005091064005155189000804767206
218225159085116246215120004433462506
153049066219237042073107004430988806
075205198012116246215074004434590006
072012006235212196048209068822766017
123188126106198253197115004433146606
153046164142073165108234473290044506
050236036098073165065218043860044506
223007030181237042073093004432141606
203203182002199153055033000533375217
146206149075207001011165004432757906
218225091066231225123093000531395517
062196047072237042073102000802364606
116152239233050123066145000806190606
048167185211202118214015000000000001
030015091118199152011063537303595017
193253233023116246215010511380008006
116246198149064005155066563560148517
135214201051193065093058000805166606
096243152076219092051188124825117917
119137092192199138218125004435000006
134164179104237042073092025151296406
214014242158050065212070617570044506
231148133084199138218125000803990706
016003076153050122184226651315709417
122027118195205200026080004434883006
044208178082215255202178052234154006
073155112250205195118204004435808506
096164133058251190163139400251144906
223007030181237042073103004432269406
213173027188199169004236004434362406
075067163003198209059209040046225006
223007030181237042073092004430867206
223003024131252248051085004432629206
213173043234215255200002052224488106
203203182002198253172174000535088017
070123153206050065214177543360044506
062196119218064005155209004435867206
083183052043050065189205639390044506
022194084073237042073101004431876806
119131066060215161045226004434719506
064031253168064005155175004434789406
044001073042251196145147004434256106
218225236115116246215087004435892006
157228050036244127141129509570808006
100217062096205250036250004433948606
032181035157244157134141059383072006
254181141030135079171185004435183806
072011033112219092051197000533660917
232195096229240063113219004431931706
137113245115244031126205268054696917
223007030181237042073107004434547606
072011141008231225123093000532939817
101205188126205139168159573660005306
042094077247202029236203064653342606
243054190091215019012232004435759906
143232082219207012135204004434960006
245098100228202027072218575513456706
047045155105199169002146040175131006
063147114187199153042157004435103806
002192117094138075188036498693604706
206240162230199177087073059383389906
073027006102237042073105004433424406
070243079122202024007197000801581806
008069239058207020156019000804856006
131058204210205184035196090205895206
224232242106215022038214000000000001
047101041171116246215084004435052006
091234067253215019235078477092220517
066137095032199224155038000255092106
076090068054215006075093589104329417
050084215093251108156187138504938706
112081189113205166050227001232769617
044039153133116246215082004434489706
137181043112205200226118000802654206
021120126066192022160204004430231306
196093065109231225123091000534031217
193253147203016229023026059220044306
210030029151199168158058004434796106
047048218102050251219080000804166006
016012080209237042073106004432874206
044049128038194207240173004434888706
123188126162252248201185000800923406
113205086079205212182122000000000017
131210253013205249003152004431065706
237042071028237042073098004432375606
099214232144138030205130127855155117
085018121157205217247056515325529606
147225207229199224099104338840002106
130017098238231225123093000533828817
100248106160207008080015134895483106
034199248127244003007245611700899906
220146032214205249015076216015267006
070202169214050065196228497390044506
076084236255202167077051080705035406
213173027113215006005170052222668106
109024127042199169214080271314176917
199244060087199177248203292020246317
117027110204252248203051247064596917
048166059154244003173177004432667806
044222022222135079171142004430726706
070106010185073165228125654230044506
097133082094231225123095000535801017
131134146233217010236074001230218317
133042136169215167112218465354640417
141236062215231225123079000531595217
135072013018244067209230416983365817
197002104012192030039121030745494506
008069239058205071138104000803976406
044039128183215018163189004430385706
044016185060135079171142004433658306
030214173105199171096213080805346406
125024113233116246215094094825056906
047006082068215177176066004434654206
097162174160198247241124030740102417
062194013183139096108228000805941706
152148099157205239087212000804671306
231148131009192182069112004435647006
249157228007194086012045591710338906
108206063247202029211127004435245106
008107007128199152014228082452384706
027216203071192030038001105582418217
097133082094231225123079000532363317
016011104228199177248201654224860217
141204003237202024017041000800290806
044201099158205187185093004435205006
159219039086194115200029274110002306
016012080229237042073092004434292606
053038177139192182054071000254498206
044222125125237042073102000806089006
134130250170202024007047004432038006
218225072142064005155134004433452706
047030158193116246215082004434124406
089229128007215022049043130302126906
044011181059198222247154000802631106
148067220032198255172230000535911117
044055072216205236231090004435737506
148152007175202031017091004435813406
044003214238237042073095004431226206
210052088234205219154165009930823806
101024021054207180051187319256280306
030211066069205239062013649565741717
044211046226215018244002004436027206
197016034086192167232189000805713406
047101025201237042073099004430554806
106158221073073165079160653960044506
088193162154193065008045100460910117
147131192203192029095201588425405517
062204124157215022059129004436138306
211210167021198247251223082804986306
147155171079193065040157059380116106
044026234095237042073107004434335606
134220150184192030127243000805762706
096189177194202118035010602730808006
047045024110199152008184093393541317
130150035194198033143059612550905006
197034154103215018244002004435414106
114067079096139136059148000532878917
104216059229122195111160062100044306
090046218112220021119250000234865306
037001201005192030028240215925378617
141236063101231225123094000536361917
197022184185202031170119000233954906
047107184153205126037089004430180506
114076206078244029213102000254943606
044011175249205194243087004432349906
113046183062199224102173533683672517
007172003247199224155125529642166917
127107225023231225123079000532734417
077125079160205200149026396422657106
062211252060212227179006004433724506
113021127039205251206038352510103517
131252054248215013074115514134966517
097133087174231225123078000532263517
149158111009215027088006000806465806
047170254249237042073099004430977806
223007030181237042073096004431100206
223007030181237042073092004435663006
249157228007194086008049590580338906
097133080177231225123075000535559117
070243079058244127159230000805089606
063174184033064005155202000804077806
126209139133116246215070004434333906
062241208042192022173005000802721106
129023209110192182168043004434621506
130004046201207183129195000255426706
135219031209139096099204004431607506
100208217209231225123080000534789117
041146223064139005150157059993774517
075091210211237042073102115400008006
021120111083198193176013004434950206
050050183076205218153000004434967706
112081188215199168238079080685218306
194244033096212195004146339576104917
131134146233215163173002001235688717
127107225022231225123073000533133017
044074095186202024007238004435653306
063161235131135079171175004432542206
063167050192064005155235004435866806
101205237162116246215094004434399406
200163197222073165065063069010044506
047045203160244003007086004436480006
044214106042248200069055052232651306
047160226181215007143046004435467206
250015194089202029006014638932167317
124101052195135079171146004436141906
113175002229205216067105048450511706
078171026255194102244093068825350306
044196090249202029224214004434756006
080056203141205139169073381240808006
199124188133202029221161217634211906
083130115178135079171169546710044506
044000133249237042073101004432638006
097132228080231225123074000531950117
200124200090252248025120144410012317
218225036242116246215071004435722806
083016036112138145213051000800201506
044005076192237042073107004430295206
202217215109194114011181572750599006
055233073166237042073096517520008006
210108173170205249006064000000000001
149078063148212232238108085884919006
223007030181237042073105004431355406
072011211052231225123092000534665117
076084179115205164112020080024764906
140075251101212194146199000531214617
064004255129231225123081000534348217
047049038241205239062149093394698606
106006101197194114125240653610808006
073155112250205212178158004435770806
073024250052116246215070004434443506
016012080223237042073100004431563606
091194244167205239062099000000000001
097174072085073165090001562720044506
044035087122205126033100004435501506
141236063125231225123075000533155517
075095166011244031072074330006278217
047033146254237042073094004432437806
084241159175193065010046071710002306
237042094131237042073102000804862406
088088016232205201185101001235059817
198140016028116246215223625760008006
047062069159207001003010004435697806
076102091254244029048153089995318006
058047002066050065172078212720044506
218225090010116246215071004435917906
047109144143237042073099004435382406
047160019129237042073093004430625806
111078205141050062034042068890575217
070061210016202031160004517140899917
214012090147244248165093544360867406
079055202004240063114060571320008006
047090211168205071047209004430917006
085054087179240183145067619132674417
015043163115199177190058000805664206
220017058046199208048165004456016306
049196070034196041005123000220008006
073164076242244248042018000804677306
146119207072215007206182068816343306
146198229168198254094226019820388506
114077099176244067209218004435152206
044026075184116246215084004434325806
137095239002193241061248068814916217
148083149241194115213194005142280706
047011154200205066158143004432721806
131000232124194100113185080945119906
253102008178193065104146001236462517
063165076061244031010029090016168506
047100158133237042073105004431020606
044004213176237042073095004430357606
047048049253205098232239004430548706
091029124200244022196149000800444006
112138012105199169005172269810445417
105246055002198231049058002590025917
197222188038219092126187579780338906
253102008178202028165116001233361917
196013202062205180052128004435030006
228202120167205200027193000805233706
062255137098199224156157004436222206
148067222062244029048153000532523417
218254240053215162059126088300044306
213173038224244038192222004432693606
146251004119193065007058059385753006
062196119218064005155229004433991706
196093065108231225123075000533619417
007141237186205125187076123085216206
224134218154207001003110004430450006
087240116140205187184126535966088306
213175202238244127158069052224722606
027249152187205127001250345230127917
213179055010205066255026004430170506
197043152153237042073095000804563406
090218213151199171109103563520338906
044199180076199204067245004434853406
237241150054193065008109004436302406
086117192184251224005137591414947217
114079163113198231073137446820800806
096116245186131026048078648040044506
127235037021050121119077004436180206
075225035185064005155229000804070406
253102008178194115167032001230012317
073155112250192167235033004434788506
119046101194193065000178099984417506
152148101101207180012010085165026706
136068142047135079171175000805292906
140169207157116246215085004434851006
073027099015237042073105004431841006
081170231144199177085100112320002306
021120109080199224154086004430364206
062197064083116246215080004433829406
044085116058251215113218004431003406
195215046042212195130182347880808017
134014055113231225123090000531661717
049196046050138145213069004430174106
097133082094231225123079000535019617
044087123014237042073102004432123206
196093065108231225123074000532596117
197043153098237042073092000801787606
141236063126135079171154000530200417
047009013100237042073099080022971606
015078051115205184032057089994151606
197043153102237042073094000803256006
196043026097231225123081000536485317
073026183141139096108242004435801206
044039034217205211053233004434634006
218225159099064005155201004434609606
110048069143251224088150514130102417
047011174045237042073106004434111606
251000214132244029240023244553976717
253102008178205211047135001230012317
135214201046202030168026000804715606
152001058119205249050012004435327206
219103116034016233092142523040044306
021120109085207012143181004432668306
218225162187116246215241386120904317
126055167112202024016179000233153417
044048002021064005155235004436277006
135243069076194038145078004435279806
002130154130073165108061587870044506
070243078224215006143051000802786306
237042091046237042073097576860008006
016043068168116246215232469960148517
013217250067116246215082004435901106
148083148054202118020093000536534317
105097038175244089149057514133777617
218225150101196041005239380906553506
237241146012202024007187004430789606
044037017006116246215084004434132906
151198129011205236159180313850190017
062246212213212196232090004435808806
237042093034237042073105000805373806
249070079099199152014230001232943217
070243078228205138232161000804940806
237241146012205251205243004432854906
057184217041138030243077001613770006
016032017174064005155189000803721406
062224169184215167112210004433733206
218225090099116246215086004434440306
100150117154244029212080533900102517
106223176012192030009060241464233417
197143138162205127001123004432284006
134249009015064005155202004436307406
213173038235212034247112004434957006
044086095207251100166226000804942806
016012080204237042073102191440008006
133240141233205071025212590470143306
073024239137135079171079004435844606
233047155070199224144115535110232306
210030029151192182228151004434994406
097132228176231225123092000530802317
223046010040205125114130004432252506
119034045134202030214066008080337906
094089018113199208153210244690688117
198140117025016198230169510450044306
064031252121205113252249647880905006
044009208074116246215068004434934006
057184217040193065044197001614048606
140066195199193065036170004434365206
047100038064237042073101004431914006
049013020059192166178108546226039817
044001071031199152004167004436407406
099035114109198247232098069025257606
108232058098073165064254547400044506
218225090003116246215077000804761906
044002171124237042073106004430334006
243054101162139072051021000530455617
135084107093237042073096000803049606
044004081143237042073097030002121606
226154176178199152011002004433725706
063162120133207009051022000804141606
223007030181237042073099004433873006
196042231233205230095205000803283606
021068197202199152008035004435682306
070243078224131115083018000805006506
253102008178205200027049001236356017
239213054013199168152226004435871906
197178212132135079171198004430324706
042204053160205071021217060081168217
228079217254244001020026000804991606
075011079107198033135135070014673506
059178061245207001003192507112881506
044027144165237042073092004433768206
135214201034212064144218000805670206
022195193035199171100223000803697306
030054086185207180015129512130457206
016012080211237042073095004434027606
047050047250199137227234093394582117
059183152198202024004032010274101317
210008050202212171137188004432645306
213179055007215177242182004431310206
093041038052202028119083096961601006
044003061204116246215080004434822306
155038086114199136103031000803485906
149042099213199221126005092170930917
153233112122135079171128000804068806
047107000064194114091140004435386606
047081254101237042073100004435913806
075203149036205249041233004435754006
016043068171244020056039375680148517
030015077025244022111234004435824606
008075075202205249003054004435096606
223007030181237042073102004432963806
030054086185207180015129513790452606
087199240199207001051085010272696817
135084107093237042073099000805166806
044009055180116246215074000805383606
140155168226231225123075000534131717
131235023150192182175234004432646206
253102008178252248201169001235461117
149042116181205185134086255650213706
199089017083205180073171339163036317
237042077089237042073102468340008006
253102008178194039038153001235508717
042005035032205164190013368610732317
226154176178194086012024004434629806
141236063175231225123079000530901617
133212240182205249063049493301008817
016012080219237042073097004435577406
057184217039219092126016001613166206
148137139137116246215093118915169006
076177103212215013082114052224377706
099158164219212230042069648541714817
077187222192073165090064632800044506
124045222037205071029193177716512417
075067180034199192043056080424025906
047032110241237042073104004434683606
097133087114231225123091000531135017
137234065157237042073100542120008006
044063034155199171206084004436078806
021120110123205212183176004435278206
100197034181202024006233004433915206
106173252183202028027145181096269117
104160174088231225123080000530466017
016003076173192182221166653212628417
220161164134202024017042000803763006
048166074155193065086210250005566706
119132120166207180052208004432846706
112140214096251190163116633142677117
044203255032205138232068004434941206
134164178107237042073095418260008006
025001152066073165073221505660044506
044000083182237042073106004433189806
147199013021193065085094000805378006
073155112250199137225031004434472106
032191132223205216060002004434978906
231148133202205071138237004435170806
022246017140205194242174004430790006
197091195202199224099045004433400506
047038020032205251072219093395011417
091023023010064005155228000000000001
096189132250202028129061004435537506
127107225023231225123093000530235717
149210190012205113192064004434456306
073155112250251215148159004432654806
062217037078116246215079004435630206
063164241115215177165029004430221206
152200233235215007238223000802760506
016012080194237042073097000801388606
034230243184050056082029241092725406
044085116176205185133080004436356406
067180091140139180033116068815644917
042204060035205213162073070080718617
050084215093205199060242268405850606
131208002212205239062170030740959317
212143024172116246215157544110904317
044058122107207022029076004433838906
047100067038237042073107004435037406
195084012113050122228221531085695317
044024116039237042073096004436315806
150130047220199177255165461081361417
200164142090244029048153569934858106
218225159077116246215087004436493506
200016042243207001175253004435796206
213176055205131115010013052223647406
153052124209194038153122000536245417
149140044193064005155219004433283706
073024200079199168226130004435820806
131190122252139143018199004435691606
229015188188199153035181435250103717
062209244081199153054024004435014106
135079160210215162057112357640044306
057184217037198032231029001610243106
075067180034205148091006080424925106
097133087114231225123080000533145117
141186047157212171014050004435705806
140065118193064005155137004435478706
096017088091244022199216627450102817
070243079033202024017194000805853406
002002132227215022050173004430497806
116246070153064005155029517700905006
249157228007194086012200593620338906
223007030183207180012010004434198706
073027099015237042073092004434638006
005050105079205218246037611371843317
044085125031205219222128004433679106
047101135250139219142030004430653406
016012080220237042073098004430722206
208067117037192030056176469543344017
102056193219240063017189530080122006
113175002229207020027241581820514006
213176048219198231053138004436200006
218225091066231225123077000531194017
200127104211240063113219000802592406
063175123252251215113218004435422006
047028181190215161115146004432114606
197016034029244038061086004432036906
050094137098194017230011000804534106
070243079076199153096110000804916806
091234108156202118062080004456269606
239213054067050057213164004435341906
005010007041251108224025067810143306
016012080206237042073105000803098206
131208002253192182140199614565073417
016012080230237042073092004434954606
044209252167215163201238004432661106
119132120165251224032205004434937006
206116051016199153096024606940118317
072075182030215019109064080814818506
127249137006139010250131641740008006
021120110038215162115028004435356106
096253196077202030165059000000000001
135084107064237042073099000801702806
083027243195205217161002062422819017
047045130116212227179051093393899417
044025252155205194216066004436526406
044039004103199224156213004432658406
114116227109215007246013080003672206
044085129029205112188079004432852506
206163133099194038089094581160312806
047012192172199137234190004435981706
047109074090237042073095004432494406
140169207158116246215075004436403706
140169207145116246215082000806070106
047101064034237042073103004431410606
218225236225116246215070004434020906
012058023045116246215086000804382206
134164179107237042073098025150425806
244199180007193065060201000800871306
016003076164194017237222650053733617
206218135031205032024094601371452017
044026158093116246215120004433805706
080010201073207001128036226990044306
228202120167205149043183004434915606
127242060189244003243244004432779406
254178058222139010250151384040005317
213175202142215177242173052222678306
146123138089138056034209285036162917
062241215150135079171079004435434006
105204017027215177165018000000000001
244199008252237042073105000802368606
218225037016116246215092004436472406
237042064211237042073099000805782806
044000153120116246215082004434577806
223007030181237042073092004433546006
062200101139237042073102000800353806
134164179075237042073102025154823006
007219084225207001052181015390338906
047026168085205055205102081065650417
044026009006237042073093004431815806
206193111147215161031064639773490917
218252199254240202184163004430267006
114242108221202024005034000803375806
210030029220139130006023004435560906
044061050104194086011189004434418806
196092076193116246215074000804894706
114247049139207001170186267512411106
062229139169212230060001004433339806
218252107136244089100197080810474906
218088123211231225123092000531510117
105059168024050123083091005874173706
213179055068205139035230052224181306
148112067135192182150147000255330306
047125131189205184032218004430267306
147008042217016229045160549034402206
223007030181237042073093004435499206
136053096205240063113219004432144806
072011250203050122228221000803734606
082102205245193241063241000000000001
119136142033064005155210000804175706
213175201164205216103131052222850906
213176048088050254094248004435259606
082121177153122195111160209080044306
245212151248215004235023592703944617
075062217254192166238235000801190806
083058096235192029094254539640312806
047169075075237042073092004435761806
030214173035199137227017000802589906
218225236129116246215243628890904217
136053123146212227179051000804943206
101160237152050123136248153780190017
016012252178205203242009080024506506
044002186238135079171071000804009806
218225090007116246215093004435875906
133250109139138056034157167622785217
044004247143237042073102004432751606
037011067052207020019036000805452206
125084123176215177139144000253438106
047123237027116246215083004434494506
047056007114205032026106000803171706
016237093223116246215082004434864206
204215126004207180013084562033119917
002249117079231225011189418001127006
136053123146244067135023000800534806
213175201184205127099253004433032206
102103136255192182190021496385954917
062198058130064005155209004434675606
157227116029199169194038646880008006
048181106054016230168186626350008006
050084201157131114050104128142849006
195204179142240063017146128010204917
037011067052207020019036000805452506
131151065185207009052093000531550817
218225159151116246215051483200008006
016035125046135079171194000534743317
097133082094231225123079000532645917
053106042180194043109015012183101117
195077011026205185133026059384993106
047090004186205199053099004435477406
016242056115231225123079000536282217
058091080232194017229130000805117306
104051158222205200173086537396059206
213175253213205164099220004431977306
016012080233237042073098000804949006
244052170144073165110145562650044506
044084085163050251142002000804601206
069095021000131115160221580793365106
016247216146205166062098000000000001
123188126168207020027134004433836906
042150195252193065013138000222658606
021120111082199169205213004434934406
223080104012198209141105004655253106
070016083026207001165065000803576806
015073002029050065250089499860044506
101084146113073165089163544530044506
231120120239135079171198004430923306
076084179115192029085245080021048906
151024184110240223012214522150102717
047111041154237042073099004432562206
218225091111231225123091000536046717
124101048194207180015003019354955506
062200101139237042073106000804520606
016012080213237042073099004435032406
044093082004194017231115004435154706
197015102164205184077012000805224306
030214172218219092011204080802808206
213184192026240235109042004433844506
076084179115205216065234080025025506
227010076155116246215092004433355506
044000067086212230037228004436155506
140065118193064005155209004434971006
244014071021205148018183004434945506
149158111009199152089081240000514006
030024025033205138232131052225583106
016215104010198192205018004432716506
221197133038231225123072000532297717
122016151097244248042022004434986406
091127164186050065172015617460044506
146140235015116247217133000000000001
088094068194202024005121642916281906
113175002229199137226253287310514306
076177103249198209059209004435522306
044048134199116246215084004435433406
204197152050073165107103605480044506
073138248067050062034042516736179317
097119092035073165173144533590044506
075091212216237042073100000803979806
107036246075139180038212294370782317
137215032181073165065151645080044506
128121247014212230042126004436042406
033245039238116246215092004433440606
206217174018198247235138306036175106
096133245188138030194182020240338906
231120120239135079171145004432003406
251000215025207180190091132970044306
231148133094202028138237004433982706
044007016245237042073094004430387606
138099245192244031072071399434614517
033182062115064005155231004433849706
208191045247198229190083004432821706
202217215109205112004236572750266606
075091212229237042073104000804413806
110127085132205112188198547604616317
131210218147251100097010004434157406
062194013183205217180050000805326906
047021124048237042073098080011494406
072011141003231225123095000533214117
241249255205231225123073000000000001
062211216210131115009201093392675717
052135059182116246215115494800044306
016151120189205032016189484510005317
243054190091205167104037000802631406
140075193191205200240018004433817206
249070079099199152012214001233197917
035203053111199153102059517575818706
213175202233131115181022052221375506
079102188073198033104135000533766217
213175253234240223181066004435343006
047081091076237042073099000805062806
034080172094205166209185430650002206
016242056115231225123073000534093417
131192122245237042073095004432782606
130004046202192182210043000254353706
104220091116205250094238547812202206
044003127078237042073101004430304206
200124200090252248025120459770012317
086038150220198247235138279162177217
030214173103199224155225000805804906
139169064229116246215092004435001206
240083010162192182010251005874622206
147250115180198241226028000802041306
135210206145231225123073000533141817
084093122027205180114033000000000001
047124252044116246215083004435997906
044201096094202167000141000802800406
245098102003198032148153507000312806
044221050114205195209075004434276706
211038050137116246215094004435225306
021098062002064005155218004434779206
063162013020205164190013080805905106
223036223039207009053164059385668517
136066149083202030173240000000000001
249070079099215027089236001230012317
073155098048050255048254004434693506
123188126160212064145037000802656306
044014219099237042073092004433867806
123188126106199169214223004431625006
044037081051205139035125004434998406
075062217254207000064009000805505806
119039062160194207240002004435236106
146242044027202118035010589560808006
119039226250205126033098000800365906
103119187181194017228064000224812906
033037049144215162057212004435201206
116118134065251000115141004434828506
134052166188116246215069004433609106
047168253102237042073094004435486606
156194059125244038134057000913590406
200222118166215163007099000805603806
195189202153202030145004610535612217
114074173227194017228107031450005317
195021246026199171090167341610688117
054098149235205184066210184235465906
141236063126135079171140000533511717
032076208108192030071215000802701806
105065159058198247255011552495522417
076068177122244212230125506705949206
044068084118131115160069004432724806
047084229098237042073095000802645606
062200101139237042073100000801157606
070243078228194017014243000800402406
062197057040237042073096004435154606
116246191059116246215085004435719906
196092076190116246215074000806287406
080201104136212195130234258065621106
041149159087202030147050099983476206
033228149152244022186202004436354206
135084107064237042073100000803343406
150167180106215167022209004430173506
114078188210202118026061351800630006
073155112250192030105022004434410306
062255061038116246215074004435007106
108061250173194017230094004432706006
136060171168244089100197000804090106
097117115030205239052248080952656006
237042071024237042073098004432775606
062226109063199208059180000803691006
016215091034212230042121004433654406
159090048090244067208135115090002206
223007030181237042073097004430725206
047044186191116246215082004434969406
134233127038202118053111004435087606
111234250101192166171157004653706506
238174092028219092011204100202806517
016012080214237042073092004431075406
131099069079064005155189000804489706
097182129043073165080125538650044506
244199180007193065095010000805674206
100124117058194031030186004436016606
047122059144207001015235093392688106
233101011132116246215073004434717406
099113245225192022160239230261340217
195222041194202024017056000805251806
196043026097231225123079000534566617
016215208159237042073100000801144406
228202120167205139168173004434918506
047087225244199169001133093395159006
073155098048244089194112004435682406
050067189144207008191123004434978306
044071163026202024166252004435381706
044039048196205251075038004430201306
044006157000237042073102004431142606
196093217015116246215160543160905006
062255028096205219223041004434534406
070243079058202031076166000805995206
218225091066231225123074000533306317
047005063162050062035243004436484406
044011045144205066245181004430301106
063161108000205239062170004434131606
247003114212199177251097000803341206
131210219147215027223166004430129406
070254182048205184047251150003393706
203123250225198247255011066035522417
123190109103207183158128082004739617
075110153165205066143086543212303317
047101025201237042073092004435211606
013217097017244029048171000804338606
112041088165064005155228000000000001
103119022252194017228064000225161906
096236131047192030097243068810688117
119136137148205098234052004431923406
044003214238237042073106004431313006
063162093021251108156018004435001806
002061077164138056079018004450978006
130228006047139212124060000804915506
197202025100193065009058004435290506
070243079058215255201009004433318006
236202072045073165064074573740044506
008072209240199169021240000804731806
150103143168212197255043231785575117
253102008178138075184200001230012317
237042124154237042073101330400008006
044025052213237042073095004432767806
248199105000139219142162000805040506
122144003051192135136013082925770406
131130025235202024166098004433448406
072011141167231225123093000535581317
213187199253205218008149000805143206
251103139035064005155066004435472406
044221037159244248213085004435136006
201106047197198032042037492730232306
213173043229240235109170052225702906
131092242153194017238073050634995306
041144221036205183121207004432797306
102223159115198254091122595005805306
013216085009244205139197240401104017
047109074090237042073094004431473406
237042065010237042073102123000044306
021120125185215018247123004433390706
082074103119198255177098052224508206
211254228218199204069109004456347406
141183211149244020130170004435949106
070213069045202030141146562191688106
101135115213192182177204194821256317
134014050209231225123078000530798517
044203255032131115180209004434103506
076084236255199223103119080794358006
213179055031138091022105052224084406
112118222072139072053034486492106217
016195143025231225123076000532141817
085012021109073165089001522780044506
131099069245202030104253004435112806
062194182206244248213082000805245006
044050159212205218015055004436005406
062210213128116246215084004435141106
223007030181237042073101004434235206
063175189236064005155209004435461906
218225196048116246215086004435293606
073027177001237042073099004430338406
141236062037231225123090000530106917
213176048243205112188198052225946206
200014114089202030022235327060899917
137214063042205217162079587850044506
044001009033237042073098004435605806
044027081128237042073098004434161606
213175253202198231053138004432012506
127107225023231225123074000531308317
073167154222199153059197004432441606
132043086048073165228192563570044506
034104066176205185131013000535286217
197134100137205126137100453692577317
075091159074050056157045000000000001
197095110132240063017146180190116817
149158111124192030075020088972623006
201196224114073165059025556790044506
208070209166199169025011052224654406
238063074219192166170121542900002206
125149134083207020029041000803570106
249157228007194086012076592810338906
131058204210198220156229090204876306
022197001171194102246029081100113117
044002105251237042073102004432778006
063170042025244001169249004436460606
139169064229116246215092004434998406
044039227007212230042086004435005906
141236058153231225123079000534370617
119132120180205218244149004436241506
135084107093237042073101000801536406
218225159023064005155102004435920206
044008033006205216063165004434979906
062199082095116246215070004433808806
007171123080202030116094514135299017
198140109072116246215223624780008006
197043153085237042073102562680008006
213173038231212227179058052226068406
086250155223215013072176438361621306
062204122010205203005090000806076906
044000190172237042073099004431544206
073027099015237042073106004433102806
044027144165237042073102004431556606
131000153234198032015110586750812906
062195087162198193176013004434930906
112090016249073165107073509810044506
002174102142122195111160016980044306
135079191082135079171063061250044306
047080010073244029213005004431186006
091177248076192182193067426280012317
079045020170073165069104270060044506
047123095182207012138134093395945406
249157228007194086008047590900338906
132220065099073165059111232010044506
044036180099212230042084004432652506
119132120180192030050146000805053706
062202173206064005155150004436422206
112191016153138056032176090102405817
113175002229199137226253619050511406
044025045054237042073097004435306006
021091197012116246215070004433964306
109156009192199168152210068816294017
091030003146244031072025439710143306
062225255224199168153253004435125706
130150033099116246215066541240008006
042054127160050065196020083840044506
007168203144244003024194010262560417
016012080224237042073096000802791406
044001110112237042073103004436353006
197070150212251224007073000532013217
016195143026231225123090000532624217
096189099130207023230164000804582106
048167185211193232172130000000000001
130004046202192182050139000254192006
016012080217237042073107004431694406
062227049146215005009053004430400206
109141063198205035075026001233474917
062196047072237042073101000801594006
120037192103199153101201552470103517
107219184104192030047244068810102417
100222069210240063017174004434188006
108206111082199153107130044434919706
091030088036192029094254464780312806
073027047107237042073093004435271006
016012080221237042073103004434432006
016227205096139105112086004434040406
192255043117016229036233016220044306
016012080229237042073107000803820006
142152160113194100115016482034464417
070243079058205185136203000804315506
206163133099194042198115581160312806
157000051111202027084122048350044506
239213224181192029209114004436330406
044024116039237042073098004433700006
052122102117205251200174004433803106
103245145125205184078118287105787417
068115067172215167248081068891817517
206127146043199137237103000805123806
119132120168207001003110004430474506
048181106054016230168186354860008006
135214201053202030015085000805921306
044002114207237042073093004431349406
002164213021139093088251562550338906
090051029223252248025120530190012317
089224009041199169194038528340008006
048167249217202024006243000803609106
113175002229205216067105629760513906
047049059032207001007191093394493017
126052248006139061080255000805645906
097133082094231225123077000533111617
218225159046064005155245004433561906
062196047072237042073094000805735206
119132120168205164121007004431913406
075066199196131248239114004435690206
047119220149244001021226004435227706
249158180126116246215084004435505006
135243072017240223181066000805428306
131175184159199152014229004432444806
210011053059202028122067004435023506
127168149027202029089114070764924506
211002035186205070220141004435268106
044068078155116246215084004435664906
090209095077205249003229637660044506
072002066132199152011093000800268606
050074105087231225123092000531732017
227110010000192182046186060014963806
197143138162192022173005004435295606
197222188038205236240094419290339206
247003134090205098232140455605463606
124045100187050062046165386423343517
088222162162205211122023000000000001
119163139054240223013199099105158717
228209209038205126033096320054985906
070026124131073165034183645670044506
113175002229205216067105172850510306
231128239025199168152226004435227506
025004183192073165034014591750044506
096036045176205185134071004432652406
111164203214192133087153528890338906
133212212050205251202108118370814617
107038196219073165089059345290044506
213175201163199168152106052224586506
201248056170252248025120160400012317
088046033130198247233099150004254506
062242068165207180189166000801163606
044026009006237042073105004433616806
007234225066231225123073000534653917
237241146012202118063109004435313506
213173043233205216101133004432983706
213175202124244029212118004430441206
016196003042016048144184000000000001
073146245008064005155100004434810106
196055130174199152012215004432019306
239213054090192166212223004434487906
126123079237215018247066617156464917
237042080225237042073102403060044306
047119224185192167125125004435070106
097132071164116246215094642970005317
104098161066205187188205459382145617
047108234002199208053124004434072706
062229034054194043180204004434068906
116069050224198255189166004435046306
140169199212116246215086004435144506
047107000071116246215083004434772806
096161152044202118062080004455650206
213176048168205187184126004434447606
213176048120205195124060004435275606
030015070227202024016226004432889606
197043152164237042073103004432469406
196093217015064005155053405720905006
016188008182199153061038000000000001
047111122036237042073101004433182006
121158058127198033104134000534243017
137124030038192030021173617541542806
047161005038215013072176000806134406
213179055000205164190013004435166606
044026234095237042073095004431341006
213176048107205216103180004434271006
212143024173116246215242436170904217
044024098189116246215084004433967606
076177103242215255219149004432737606
204008213136199153109210010324244317
076177099129194043179200004430133706
102177059250199136086054578561936217
223044129146198241225014151534915417
049211154083199153097007001235733217
148097151140251224088082005876449206
076084087163192182061089557455804117
047108127139237042073102004433868606
097133087114231225123081000536005217
007205028221198247235138137095930706
217242007040199153107181087662704506
148137206218138145199250004435108606
016012080223237042073092000801504006
044036124211205139035178004434532506
086229045115193065103166212285561806
042204060035198228177145060082664817
136227068188192166168091563010002206
223007030181237042073105004431541206
223003094013212194186166000802676606
047045155105205055129249040175708706
106121039096116246215161000000000001
047186099120205218013123004434660706
130004046201192182047213000256047406
027136153000202028022104037244973706
047169175211205194208036004436438006
209154182106050120061122285925694606
112173020212207020027062101980105117
223007030181237042073101004431753606
008075075218207012129161004433672906
149164124168215177155242004434832206
218225236226116246215071004436247106
016175038146192030218203050565253217
070243079033202024006213000803016506
070243079033202024007124000805761506
197106117178231225123072000534538817
135084107064237042073098000805559806
073137197046202024016245000805688406
013219025234199168153189004435241006
114218001185073165059047654510044506
044039190187199208063037004434547106
016012252178192166234024080465087506
193253219241116246215063276570008006
013192054095205249041076004432671906
107107019107073165111182552500044506
015076036214192030029134581064050006
197122065207215004019129004432611806
041144006215237042073099000806517806
127168149027202118016158070794305706
044063136230205098232229004432004406
044010234147199208049044004435027306
251103139024064005155246004433298706
148067222062205236085039000535254117
125228248192205212180125100862792006
047049151181131115162073004436046606
124101048221192167239169004432747806
248199102183237042073099000800946806
132249001233205251205198636954745406
088055050070240063114060389280008006
197030217108202024004142004436061006
044074021013116246215077004433484406
211240192225199170068172564100005317
062242136113050123200213004431822906
002224026153073165090234548130044506
126060227004205212178253000253818906
102174124018073165228025492310044306
127088253060205071033162340793343717
105015228121139113197189309010002306
211160066002139218241077000000000001
249157228007194086008061591220338906
070255076203205202229098644573748206
206127246250205250089098000802846506
197061131164205180071223100301217717
002199113242205239062025267884954717
224005114202219092011204509691969817
044087123014237042073093004431813406
113105038016251190074029000234002106
047169094069237042073100004436041206
098173073149215163004187030740102417
042204053175205126032234070082696617
075067050190199138219247004434153506
047081024140237042073095004430269806
208070209181244248205109004434075906
207199042168244038133045146064970917
047111122036237042073093004434590206
044001179238135079171142004433029106
034036109060122195111160599500044306
073027199013237042073093004432254006
080032069114202030183233343671800106
016215208159237042073092000804693406
053030237065215106210091606880930617
070243079058202024006046000804805106
206125089207212197255200552410102517
050084201114207001131121140065018006
200223240249205164126246606423976706
104160174131116246215198019353754806
016025015024193065050114004455335606
197241184117212171016034150770232306
204104075121205167104077089995200717
119046101194202030134065099985481606
223007030181237042073103004435747006
226154176178199177083230004436029406
156178224208138145203187206780044306
158050247185202031022105452614626817
047049140163244248205084093394468517
044006096245135079171158004431378406
195249060109073165228220630620044506
016012080216237042073103004434824006
070018138168215106046044516301141106
007234225066231225123075000534218617
044002217229237042073100004432373806
091229035094207001003108263605332906
141199044185202029062224000805177706
062205196134237042073107004433801006
075063248032202030169188099980226706
237042077120237042073106336480044306
206163133099199153048188581160312806
127168149027193065080185070760139106
109210154009198247237189557200013906
206133236026073165109028638000044506
243054009052231225123091000530671817
030214173012192030029134080804980106
197016123183073165107190152970044506
112076145084205239062157514726359717
044007208032237042073103004431892606
196043026097231225123094000534838917
016206189200205098239105483920905006
044024098189116246215079004433321406
146072142199207001054070004654815006
237042070085237042073102550020008006
197043153092237042073100188420008006
143011220062064005155106000533980217
047090227114212230180141004434702506
119033048104192182213137005874132806
130150037145231225123094000532030017
087150059012192029094254435930312806
044086028070231225123091000531170617
021016176134207001004140004436394406
062193227239138091022086004435614006
062240148102135079171167004431479506
148003126058116246215069004435446106
215018220157205249051081333035080117
044222227076116246215070004436367906
073146222074205166145152004435271006
044026121187237042073096004432621206
131190120055139143018199004431212206
016012080218237042073107004431967406
135079191085135079171063370090044306
075051019177205071016178330006444206
047032016048237042073100004430588406
152157244218199152100112000805639106
133065237167192182088114621026264606
075201187069199169086053000000000001
218225237121116246215036000805469006
016010002168205200243192050024928506
044035070253194017237056000806041706
044092026136199177242048314540008006
129214018178193065061188004434940406
213107184216240183048189595105413117
218225196096064005155134004435931406
213175202107205139034077004430240006
016215208159237042073107000801761206
047034214121237042073098004432684606
227003145126193065000178004434958306
098151122129251000115139594022124517
103207066178073165065052562130044506
107033183172244003243109080885644506
072011141001231225123092000535367317
140255108188050123137175004433562006
197228082006215013072176155254995417
005011094055122195111160585980044306
044006226094237042073104004435635206
016012080230237042073101004435146606
097133082094231225123094000531603017
213179055073244158083125004435060706
080187013014199170235154269585022617
125206040146064005155244004435149006
070243078242050062046170000800413706
070211172085116246215032000805350606
141186045193194038158193004430298006
110122195176073165105135538500044506
204107119087244029048170548571990617
159026037035205218245018619332812717
238174009080205239062025174990365917
044016007120016238145171000000000001
218225091067231225123073000536403117
149030079025198255189124004433361706
064004255032231225123091000531788017
049196093194202024017181000804905106
096189055102207001129237092170930917
196055172072198247251061080004575417
131000192059193065060201080801871106
047028220237212034246045004433975706
237042067015237042073100434180008006
226169198188244067210235004434775606
127242060237199204120158004435779906
073155112248198209142210004435899506
044068041155237042073093004431126406
055233073171237042073104000802841406
005241017031199224100174000530869517
149078063148205236155016085865172806
203203204161215006253059000000000001
218225196086205211122024000804868006
213179055064199169004164004435341706
036138045107205126120223642135086706
044057018242215019148157004430159006
025251090174199136076083366970002306
206240165029199136090163004430586606
206244017197207001051187000254068106
073024163146212230181143004433817206
072011211062192029095044000534696617
134009122175116246215228000534126417
136053101161202024016102000802025906
044004112121237042073106004430826006
062215225132116246215069004433509406
223007030181237042073093004435500206
097133082094231225123081000535123017
251103139024064005155246004435818006
099140136194199153061038000000000001
218225054151116246215105610970044306
062216131026194017228118266010005317
044000007196237042073098004435181806
103231050001205032024038163555292106
044002219041212230182157004435345206
059175096131202167046207527100688117
093041038052205180058008497170090206
231148131066205167107181004435879506
058060142117199152013237496422571817
121117163094199153061038000000000001
238041127162212195130175080815419306
237042071028237042073104004432673006
202119204203199170068172358220005317
218225205122064005155245004434812706
197242218102207180015150582940590006
128251149158194039040229004434896606
034108125072244038134057391890808006
042204053233139180040143070066092706
231148133001139218243210004435351306
141236059007205195120151000536337217
062211131119205217248184004436416506
025000193235202031142232161435109406
012130003168207001013203004435541617
130150037145231225123072000531873617
213176048160205251205046004435024606
248199075244202024006047000804950506
125006135017205238230214030742732217
044020035179194102251147004435390006
211253200204139130007194592996275417
218225236252116246215087000805781506
140169207177064005155139000804983306
114230254146240063113221192260338906
134134130180237042073105004432151806
149158096184199152015185060603127506
213187199252251190082058004434295806
231148133210205194243104000805627106
016012094101237042073100044443974606
130018164255116246215075000805304206
044003214238237042073103004436149006
044026213167205032251043070652633106
223007030181237042073096004434791206
016012080235237042073105004432918606
249070079099050122184254001232618417
085133135109073165034046474250044506
013159082209212197179215052235440906
048167178066202024017117000800961106
044203215203205218013183000804559906
213175202112240223037058004433454806
080210217033202030092208000000000001
057184217039244038059104001612789706
200163179103207022045110000000000001
249157228007194086012024591660338906
089085078233064005155183000804636206
159200115115205249003096179945476017
133038232194205113200070325500360706
047091118049192132094024000806054206
092016116218202118034226571574045906
044035219045212195126063004430180406
196183226066244022242188000803715006
231148133123207001190114004433755606
197043153096237042073094000801647806
231148132095202031002183000804023306
094136129054207183080198115133877717
096100187159050123081200000256082506
076177103242205099159057052222697506
049046026111073165228025600090044306
238063212202240183048095595030812906
044036205122244157168176004432669506
062205196134237042073093004433581806
103113186160194017228064000223716406
218225159161064005155210004434266206
147146249039231225123094000534596617
048157163128205250088182000801714306
044084085116205218029126000801387006
238041127238050121119139000805027606
223080043100135079171162000536487017
213187199236244158083125004430199506
063175189236064005155209004434386306
066018045057251190163139514130174817
148067222062215162057234000536185917
033024236165199220209131000235724606
114086060120116247217234000000000001
008074003158192182067052004433756306
100197036137202024017168004430289206
133075158002073165107113613110044506
073027217212237042073101004435490406
104220091151016230172181574210555506
062249122238244038133045004434748006
204123205197073165073034567040044506
072011211076231225123075000532784517
075093144108205164099200040701358706
151045153003199153102059284370115117
134005199216215163183114000804690106
100197034181202024007047004436243706
218225159023064005155102004435704406
231148133215205126109206004435465506
237042067022237042073095000803559006
150251175114231225123074000533914417
055224120122073165059065600220044506
239197039084194017230201000806215406
007169040130202028168237223110102417
114093019222073165034080603590044506
197241237050194078254006497815338506
062205145019116246215084004434657706
044033104167237042073097004435422406
133001141173131026048100579350044306
245212150145205139034180000805909806
143093225088199177082124645610422106
091029124200244001019047000800737706
047122232042131115182085093392644117
088054132217240063114060540540008006
062197230053135079171158004436105406
223080046030135079171164000535940417
135210009099205098236075093065297506
091195132122205195120203004452865006
103119004169205230090162000805166406
237241130074193065063109004435632606
070032085113207020253053588150002206
016036124186116246215122004435550806
128174239220199220210230594191618217
016012080219237042073093000800971206
232188068255205167204002000802701106
134164179106237042073095025150233206
218252110008252248203011588680003106
146083133039215004019210033896224006
111248158183192030028106500311895617
116069050236193065042213004434857906
207116022073199170068172284230005317
033228141007194031045214004435046506
044048105223199224099045004432669406
070032085113207020027230588150002206
048166070169202029084023286224939606
070243078168215004018002000803637106
075009186254202030145254081016320306
047033066165237042073093004436185006
097133087172205071034224000531221517
079121155115199137228184562230002306
198061018140116246215059505300008006
062217135002199224159046004432649006
146094052144231225123075000532535817
137089086185202024166239502034955206
244057146215202024166246004434415506
073027110110237042073097004434654806
091001024075212194041241000000000001
197027003063073165089240627400044506
140065118193064005155137004435285106
238041163174202029052248050015249517
044037160143205187184126000800261106
106162043116192167126179613733598406
196094254201194017228041554540905006
195135006201212194144247547415625717
156183092131192029092193004430218306
156228214220194115213194394960338906
218252053227139218240061208906033717
063161004001138091025230090016004406
064004255129231225123079000533613117
140173240245205218043071004434358506
233023055088192182250234000232694206
047112044225198229185253004432797006
077015174217212195127170177535841117
137188009081202030194223004434472406
016008235053139180041136570690999906
206157043064192167027132004436459906
044210030251198222247207004435863306
112148147033244248165093343180854517
114242109010240235109082000803539206
196093217185016048144163543020905006
044000007196237042073095004431725806
088089053211139218240252031230808006
204160039111202030125195636315298517
202217215109198209188104572752111106
076177103232215163006253004436346706
221082247052205218156121004433931406
021091196008116246215077004433682806
075062217254207000086197000804808906
115053057076199137226177439570012317
054112046161215167112210610143916117
213173033198205251205218052224726006
148067222062244029048153000534602917
047101005226251224229117000804935606
044201196116064005155229004434763506
237042067055237042073098400180044306
223045058192212196232090080304977306
076084179115202024006015080641471106
127101028082215177139062638956199117
124101052205135079171132004433688706
140066195199192167123040004434956106
044072096002240223181066004433222406
063147013072135079171142004435007706
047170001253237042073094004435665406
223007030181237042073098004436390206
122016151151205126033101004432697406
195222041230202024007171000804679406
211038129096240063017146004433394217
016012080207237042073095004431457006
041150227112205099158030004434963806
032157223220199208158240623464847006
057184217039199171097145001614512906
002075171148215007140213004430196906
047119189171212197209036004434880006
149042099213199192038180092170930917
197085153095073165105054514380590006
044008180063199137224016004435351906
047049167169244248204037093392960617
062253026148207180189166040014160306
047174187044199208051072004435178906
136162048191192029083017487592653417
226154176178205218244149004435255206
222069115138215162059075579400044306
058201174155215176180156388962970017
049087221195244003007245000000000001
085050032180205166059108100112732306
077200131084205180090071270326145806
079116076187199170068172497100005317
090218213151199220223214567300338906
106006098181212194147232526766240506
129023133212199177082113059384962606
063165141208205098232149004434003006
237241130105199137227108004430784206
204088075090198255185126410925240817
126064150185116246215076094824057506
057184217037202027216225001610312706
158159158192202030147076399810002306
062207024087205251205145004435371306
119033047068192030057071005876054106
248126214187192030101172084754469017
212143025083116246215241507040904317
119132120180205125075153004434984206
116156195095116246215068004434934606
016242056211207020027130000535822617
047011196102215007140237004436081706
044006155040237042073101004436007806
231148130251194031089211004435092606
148137206208199224155225004435108206
055237111085016229032072000000000001
243054196137192167239213000803930506
047169175164237042073098004434439406
044039227007198231054074004435854706
099146210061205164116190010681257517
213187199251205139035254052224629506
047169094069237042073095004431898006
213175201181205216060201052223858406
253102008178194115166170001230012317
131121155099205098234052004431923106
201248056170192182193067076550012317
070243079033202024017035000802288606
204096127014199177086032004433758306
131190120054139143018199004431736206
101088249058212230063158004436534106
249157228007194086012191593360338906
230123000236199177245132451325341317
247003207028202024016121000800475706
015155144083207022024153000533295917
213173033200244212229069052222842206
109076138014050065212018524700044506
218225197229116246215076004435597906
202217215109192135136155572750411106
116247054242064005155064000805335306
135187224183202031135107009935783606
063160068092205138232170004434947706
111095171190207008082059435780103317
237042071029237042073098596640044306
215180093109198247225039223925314206
016012080204237042073100004432298406
041054193192205199056164000250470306
048180136105192182193067149390012317
047169209171237042073103004431169006
247003110196244205079016092170930917
103204128044050252039173004435641406
076084179115212030147097080025202206
021098063103199152014239004432264506
134134152081215019149194000805628106
085133066160073165111065501980044506
047161051234116246215071004434067306
235201107094205180073171136533036317
044001001217064005155189004434636106
150166085056202031125076034781440017
027052033056212195069012642990420417
044006155040237042073095004431580806
016173086204116246215087000803613106
206157040179205112188193004432785406
231148132108205148093230004434952306
016212015240215176003198004431584706
085048209052199170235146567290789117
223007030181237042073105004434681806
213187199255205099158096004435477906
047027064019215163112217093394528417
075091213012237042073100000802228606
037010159066215019148157000802703506
084090204047202028138125360130002306
140065118193064005155209004434957406
213179051254251190082073052224402406
044026142195237042073093004430908006
098161023006073165080165542400044506
202217215229199169215033539510400806
062211001000244001198242130212369106
200162104255073165069001645490044506
044000247093116246215082004436521906
205130074222205211050065267316179117
119132120166192167232026004435723706
206157043134244158005052004435652306
075091213052237042073098103860044306
197043153090237042073098161760008006
091185071162202030242133535770005317
093047114045073165104129020860044506
063174000058207001131073004435146606
201141089108050123066145000805120406
116069050208244031008088004432656106
210099187228202031157139106393474117
213175253240215177242021052220251006
076177099153205216103144052224342906
158048243062202029011210249604936617
130017205010202118019090000532993617
082028140124198033144017488220044306
047100179217237042073093004434488006
210061167105215177155134004435341217
044027081128237042073104004433681206
238063074219192166174056597840002206
075091213021237042073102004430548806
148003126154116246215074000803365206
152009169171198255165236000253327006
016195143025231225123094000530586817
047028060099199171105239004433707106
099141148218198192035231429190148517
204073124240212202150023070750216917
088094077135198247245249356321022717
203224096082016228003084000000000001
197143138162199171095047004435287706
141236058029231225123090000534254117
042086146235198063097113336780008006
243054196194199177248024004435377206
237241146012202029247187004435301406
048180136105192182193067495020012317
221197096168192167235219004435815406
237042094173237042073104064780008006
047124231125212195089178093394863817
141236062042231225123078000534117117
104160174090231225123090000533808517
122028054253135079171142000806300206
002212165113193241063168237553355617
226154176178251000115139004436182506
055233073156237042073093000800585606
042204053233244248204037070060303806
139185148133192182151211005873675906
127168149027193065015057070790626306
218225090007116246215093004434378806
130150037145231225123091000531808617
113175002229205216067105572090535006
193253252156016229023010587340044306
245098055074199171110099004433705706
033241125041064005155233004435856906
044002114207237042073100004435800206
239213054074202167002161004436427906
073025015120198193176013000802843806
131068107081016233089210000000000001
210061102103205251200208004436036817
030007090057240235108140607143271417
055251084037198240050023000000000001
223239026122199169217065004435003006
156183092131205236085022004433954306
016012080206237042073105000803098606
016253002225064005155100380320905006
127045164129198255211045004435008406
129115119046050065234089612110044506
141236058236231225123090000533799917
122028054253135079171142000806302606
070243079058212202075077000803644106
114230254146240063112097192340338906
044006252250064005155209004434668606
197043153083237042073098004435929206
213175201182205195122053052225650606
047059142049202024016127004430156806
015068141022205218157155513790113517
149210133165205070215146004436319606
047038204016199224155225000803550406
072200234154193065038133078010002506
021098062156207001001220004435894406
140065118193064005155137004435478306
022195187086205219223041081023447817
243054200223050253202095080061421806
124210159104199169012178004434035606
097132071171116246215080004433718106
044221062134207009048017004433611506
073027199013237042073102004430290806
021137021052116246215036004434889206
134009120193198033105216000533717617
134164179104237042073094025155017206
104232024192192029095201004435583006
044025250041237042073094004432055806
112148181046199137227088033892468606
137113228021073165080182570300044506
106006141089244038057118584620369006
050075028226202028087221081014930406
013159150234202029109166080906101817
097133087114231225123090000535283817
025001220232231225123090000530896217
197143138162212171014178004434992606
218225196048116246215093004436451706
141236058027231225123095000531918617
198238185085240183051040011020474117
044000190172237042073106004435319006
218225246101116246215036000804220006
237042118019237042073094378340008006
062193186244050122165206004435254506
044204082126116246215093004435352506
016012080226237042073105000802723806
127168149027202118054182070796143706
204097169209205187184126119553401717
070065005115073165107054374940044506
109237120218198247241155604862713006
044028015042231225123095000535852517
152227208237205239053003369340008006
044028201221116246215094004435441306
213179055099240063017146052222712306
021120110120207022029227004436368006
148067222062212196232090000533922817
044087079131199171109161004436116906
218225091067231225123092000535505417
044002050077194038093089004435134006
062245127138207001006072004435744506
044025010021237042073092004435013206
047011160052237042073107004431542606
092018240198192182172213215860102906
070243078228192182172077000805582906
075010177186215007236204564722980617
202217215110016230168194524380277506
140169207211116246215086004433599406
049239098145050065234007607460044506
044000153120116246215082004434584006
041151084089215176003251004435661906
073131085061198243029023080805540406
152001058146192182084043004435499606
113108119225212194054228174336121817
079121155115198252033118536270002306
047119211146215005010198004431296606
213173033212244031008005052224301706
070243079033202024017213000802923406
040110051155205071020216514132254817
106177061101202118025026402335591706
194176182146202031041184552313107217
131082226199199153048250000805103206
044201192247064005155229004435268406
103215131170135079171071004435474406
075063248032202031054214099985269406
126052077236205033006131004435550606
122030155112192029093100361163344317
253102008178205230056015001235393117
213176048131205185136205004433866906
147212145145050065212041620500044506
151091189149050255049114000803986406
146047100082244022254242068890175417
223007030181237042073096004431151806
062199091058194207240046004433779906
047061025076207001009016004433318106
016012080229237042073094000806213006
135240062191205239093141004431796406
106042042100205212179110583546325117
016012080215237042073106004430854606
127165136137064005155136118913966206
075099097153212230042069602451714817
141216162174198231235089000805038606
016012080217237042073096004433950606
076084179115205211060230080023815306
127035083135202024016129004433957606
218225246057064005155133004435389806
110165072040194031030112412770973706
213187199229050254095210052224941606
197206130114224134174031019940044306
047038233202050121196096093393769017
044060234054116246215094000805674306
124101052200135079171142004433333206
034180201103251100166226000233512506
063174215194064005155229004436339806
106215144138199152104146000254475306
202217215109194031037028000000000001
196093064047237042073106000532281717
197043152155237042073097000800977006
109030020169215007140213460920102417
119132120180192182178112004435824206
059185109214202030092208254010592706
104009158114244089100234190262462506
237042091050237042073100000802292206
097132071238116246215079004435995306
119132120171205250036146004430631706
073025086066198231050050000802106206
148067222062215007246013000533299917
008075075234199177085066004432677106
218225196114116246215094004434026806
016215073198207183022242004433560806
213175253251212227179051052225304806
200124200090192182193067459770012317
044004223178116246215084004434051506
231128055195205066063255579860546706
073026229126205183046120004432710706
136053123146202024007018000800502106
155038086108202024016170000800612506
208229082224212194052028108955390717
033245221226116246215215000804261706
044001001217064005155175004434497406
047043061077205066140154004435530806
049052091192116246215161000000000001
148064000019192182062041000254015006
200089124005207001005078000000000001
086106156118215027187240000804419806
013217245214199177251097240305433017
197043153100237042073107000803598806
253102008178202029108098001234005317
044027081128237042073093004434012006
141183211149202024007097004435216706
062212064080138152126050000805976106
107138027105073165079184603010044506
127242060237199169214026004434567106
153158082219231225123090000532890617
127168149027202024017196070794285006
070034244040050254103162000803564206
213179055117199169012173052225726506
016145222019194043149148493194994717
076177103234244205129235004436001806
129048012017199222142241000804600306
218225037016116246215087004434330406
244200013172139072053034000800982706
044000007196237042073097004434824606
047046084155231225123075000534724517
213173033203240235108141004436080906
042054127160050065196021083680044506
101214198254215177154201247822687017
197061129192205251206139092172646117
044201160146198192203202004434692006
062211246136207001175125004431172806
016012080219237042073106004431160006
253102008178199208153042001230012317
047081231144237042073107004436492606
044002177031205066244125004433831906
210030029151192182174016004432651706
079229160077192029094254525670312806
218225159109116246215120004435264106
022196173151116246215076004433632306
044008001145116246215082004436541006
131190120054139143018199004431713606
222244081114073165080110573780044506
047100144058237042073093004433085006
244199180007202118031141000805192406
041155105116202118049018004434930406
044004081143237042073093030003223606
140169207146116246215068004433870606
016212008172207001000234004435066306
127242060221205180074077004435282006
206157062246205218008153050583804417
227194174023192182151250005875063806
152041050153251000115141004433907106
073138248089215006004166000805020206
063172048152064005155181000806029606
055233169163215018162120583645887117
047084229098237042073102000804821406
044222125076064005155183000803956006
044024116039237042073099004432519606
131176096155212171171010004435313306
072011141162207022024153000534543417
213187203116207001184242000805687006
044060049224205211031184004435905406
213179055069138091022066052223928506
141236059096231225123077000536531917
021120110125198193185065004435754506
223007030181237042073107004435481806
044049197162199224105201086070196606
021120126074205032022197004430517306
213175253228215255200002004435684906
013025129209193065022125004433279806
002181183019205236085045150075720617
044001253224050120195113004435492906
134164179107237042073093025151844206
047109074090237042073099004435424406
198140013149064005155186645660008006
214019088031205218158241622595271317
210061072135215177154200004432661606
062196168036244248213082004434933906
245212150145205166041190000805909106
016012080230237042073101000805760806
197143138162205218244149004435908506
206187178235199169193248140561697006
246030179145205250088192359865141317
044000239139205216098235004434490406
218225234211064005155229004435790706
208070209166240235109013004435530406
062228018017116246215221000000000001
041150227104205137110081004434736406
237042091023237042073103455780044306
193253187203116246215026499800008006
238041252107244029035213000804990606
055233073158237042073100004434990006
196093065108231225123072000534837717
244199174250202024167061091912631206
149054242226064005155230004433686506
064004255129231225123093000531644117
218225090096116246215093004436102606
034185022136050056082029645561673317
063162018058199171100110180884840906
073171192226205148030157004436143806
044086051160199137232239004432279406
213175202101212197085190000804346706
047036199183215163103222004435828306
141236063049231225123095000535807117
196093064211139072051021000530863317
226102049056135079171128004431738806
055235161211138091022109388913761906
050084201114199137234143209725517006
030208188223073165228025590310044306
200183061253202024007031004435270106
149054242245064005155230004434468106
228209162153198240075009004434307706
048154001085199135037104004435283206
140169207166116246215094004434448606
226102048113251190074150004456140806
070243079033202024016063000802943306
113175002229205216067105284060510806
085063049137050065172078584900044506
013025129209193065063044080806062106
041145055087205203032193004434457406
237042077117237042073102582520044306
238174121177194038149128100510165917
213176048207240235108140052223809706
047081085032237042073100004430837606
213175201186131115181049052224492506
075067208166244089237199000805110606
044003061204116246215080004434845106
119132120169050123065223004433453506
047011147048237042073095004433539806
122139039152199192042212004435840406
032171105033202030161048099984988506
122028053057135079171142000803408406
148003126058116246215074000805439106
085129048040202024052010304910002306
140065118193064005155137004435334606
044000083182237042073103004431538406
223239026122215019232002004435121906
008075075233205098238212004434450406
016215101026199153047024004433566606
208022023035202031094227089996032717
047101099240237042073104004432065206
113175002229207180015129071530514606
016012080210237042073096000805479406
223007030181237042073104004431876006
034080172020207180053229474310002206
047119131177215161085128004430295206
112081197019205217181130004435406406
152115222021207183158128004434737906
044032240052205139035089004432772106
254181141030135079171185004435183406
003144072198212232224034004432723506
016195252090016048144166340881164017
223007030181237042073104004432272806
248199201210205194223162000805140806
044008233235207001006009004435980406
213175202236205187184126052226060306
202217215109199137129121572750722006
139185148133192182044167000254794206
130004046201194017013058000255418006
047160238065237042073099004433913806
041145082173237042073093000801711006
013024177149202024017002000806206506
069078130066205203028025391000115617
218225205114064005155245004433975906
219117230111198209152169613534050017
008074003030207183136242004435087606
119132120168205125187069000805268106
073155098049205126033101004435074906
057184217043139219137013001610704606
015043163117199136103060000802635906
226154176178198243031006004435585706
044000048038139010250113048350044306
131210218147193241062111004434168306
103229102138199204078165004434946106
249157228007194086012148592980338906
231148133149194041039100004435307506
230123009139194017236107004435695506
016012080228237042073092004430960606
047168115089198247227219004433648206
102104053022205180014195557876084317
047038218199251190082084093395050006
151206143188064005155228000000000001
073024250052116246215079004436181306
210004148214215162057047642480044306
200174080220202024005178592724751506
016012080230237042073103004434751806
047008152249192132094025004436343206
044004098210237042073098004436261206
090245190006205194213058004433279606
085024160116199137236003650090338906
237131242083116246215094000804413906
201205192252073165091206636100044506
124117015038135079171185000805082806
135072013088215022006218543854630717
030015071078205126032236034782666417
044005193186205251075006004433828606
068082220150064005155149000803939006
054062046189199153054006004435296306
237241146012202118054182004435276506
044005076192237042073098004433281606
206177009023205249051081147304956306
213179055112138091031085052222447106
213173038251244205128121004435150006
044027253156237042073101004433253006
223007030181237042073104004430253606
117117028169205239062170500735866206
075091212224237042073094000802370206
070243079058202024017024000804597606
119132120165240063101160004430151506
044068041184237042073106004435975206
146124016176205250088195059384916506
097133087174231225123074000532023417
141236058017231225123092000534607917
243054196139212195125025000800176306
077023208110205251202232199920410006
070193192149202029227215000000000001
196092076115116246215122000803824006
044007182046244029213101004435904106
103164191240202030153042650304482206
047183075086199137234143052233094506
133212235210215177165018296295859117
048181080127205218013052068684184006
049097072145199221125098566960008206
025129019096202030115171052424482006
075247165186064005155174635040148517
083070128219212202075077604234028117
213175253247215013081096052223790906
092004067085073165228115128650044506
124045100187205066141189386423343517
047032110241237042073098004432604206
080200203181202029230117096951167006
078079113165202030119107004435412406
042094224151192022167203106964916017
047045155105199153104030040175288806
044033018148244212229070004430448206
073155112250205218245040004432646417
044146158229139010250151565420005317
072011033008016228003084000000000001
008109233080192182222207004435360306
032207174011215161029125371662569717
213173027190244248167053052224933806
238020106185205184032011004435590006
151098121208122195111160508980044306
047062092242207020027069004432704106
086106156118205216101040000806460006
204136073184138071031181463590038917
036218219048244127141129333520808006
149246106206205217249106190005096917
075010113057193065038164492340044306
153170052214215163006231038440899917
070201065178205218158048415330257517
214017234202073165069221534530044506
047125158100138152126109093396536306
123188126142251073189082004433845806
021120111082199177245242004432823206
122028054253135079171142000806300406
135183130165205219154043000000000001
105089020039192030025007000805310606
196093217083064005155121464780905006
044022237179116246215120004435471806
032181128083192182091017080012881806
147020010216215177154219483943197217
249157228007194086012215593580338906
138119022012202031065137226202150117
147221131002205218157121559290339206
109019129148202029127046651754410506
136227068188192166172058578170002206
062199163217050255049114000802642306
249158180126116246215076004434847906
131192122227237042073106004433837406
135084107093237042073105000805231806
242029031010237042073100000805756406
113160042123192022167203272494916017
206157043133198231053138004436065706
148067220251192182228193000534139517
016196006246116246215228432820905006
202217215109198193182253000000000001
090024160119198254091122514135891506
044068040242237042073107004436514406
230203220040198247252058045006099117
088046043205138147089186100005278406
103143170098050122231189529936284117
075028215046199153044089399971043317
123120188254198254090022068810104117
125020145082064005155228000803724606
091130140210199169194038566820008006
105243019102202031149091313332426517
213175202210205139035089052223389406
007207110057215007140050312586365306
044068194088215177243203000805498806
036092144179199177248024018843511906
044025052213237042073096004430466406
223007030181237042073105004432516406
127092234054205180042175005873543806
088094067122050123065241512410836317
030015080192251073189029004432804106
047122022124194207240231004434954706
113174230028131026013056527020044506
137114028013073165111133534720044506
062224235119215022056248004433687506
044206028002205184046209004433314106
079045241194073165064243536410044506
034108125233205194212091360580808006
049135025167244038133045434192916117
044060228090205033030144004431594006
002136100025192031164167080884076606
097132070069064005155190000805914906
147008107162192029095218156163779117
223007030181237042073097004430578206
044222020108244038133045004432521006
076177103241205180139218052220179406
105174099092050065188224287130044506
047168103175237042073094004431119206
016201030156251215115082004434923506
063174215194064005155209004435488006
213176048238205066249230004435784806
055233073168237042073107555800008006
044207119163212227179141004434868006
196054231017248200252010004432626806
044021133140199224156213004434104706
075242095161212230061007000000000001
215018008141016238144169128110044306
076177102193205183046103052224440206
103228170092240223014074064840117117
013217245016199171106145240403704617
206187094025198228176162136402941517
249114062039116246215079004434319706
134164179075237042073106025156462406
143001001053205066252043000802704406
223007030181237042073103004435344206
213179055031212227177171052224601006
044077054057202024016188000802653806
062211226226205126033101093392672317
148067222062212196233192000534316417
102099079017192182224042571172845717
119132123082199221119091004434665706
213175202245205185134096052220227606
123188126250205066060230004436476206
204194255153135079171061557670044506
213179055088205216060199004435398706
135072013244244067210254443635610506
141236058236205211048021000533276417
070056229098251100046231000000000001
047168171093237042073095004431296606
245098098186202026180145440894780806
131192122228237042073100004433282206
016242056209205211005157000536150917
047168237241244001199058004433620706
223186007074116246215008000805852806
237007165197202029084078001234489517
047081231144237042073094004433074406
208070209182244001199058052222728306
218225196096116246215093004434871506
213184192007205216060084052222798206
016232234186116246215069000805571206
070243079058202118092066000805050706
196085037170202030089117321401134217
149042203186231225123093000535426717
213179055030212034246126004432696106
134074137139207001164200000533479117
044039227007244029048170004435115906
015043163104199137141116000803342006
044007004233237042073106004431427806
099032192003199204069194603966477406
156177079243199169194038567910008006
047100067038237042073107004434216206
016012080215237042073105004432185006
094223224203205187188205120993082517
213175253200244248167082052225197006
082242143174139218240252000814873606
016012080230237042073098004431091206
101155189170207020027130505003905506
134194241215193065009210000806417906
196042210156198033143048000000000001
223007030181237042073095004430992806
135243027122205112188173004433222806
210187145027212202151081083470879117
131170083102231225123076000532108917
047168171093237042073103004431141406
047027168163207001175153004436236906
206053138148252248201171560270372806
197016034242205035005105000803226406
135059219180237042073107004434616006
021091199192116246215077004434075506
044218070036202030193029000804240906
047168171093237042073103004432981606
195004087194050062034042202351295317
127168149027193065050106070790706706
213179055125251190082073052225531806
016012080208237042073105000801967006
047033012021205139169214000804978206
016012080221237042073105004432653806
141183211149202029019092004434526306
044002114207237042073107004433899806
210255186130205113200070448410273606
141236062107231225123091000533609717
237241146012205066142002004435657806
149054242173064005155247000804273506
143234087238205218029022004432829706
047005225011244248165126004432622506
072011178190194042196070004435096106
106162029154205166046156000223877806
021112097091205212176147004432698806
081014023148207008086202157702819217
200163184054205180019250367170044506
108206047243244248041009004455647706
062198079231205098239114004434151206
030214172133199224155225004434444506
242254028096139128098013000801299206
200124200090252248025120435820012317
119132120167199137227019004431641106
044003214238237042073093004432712606
048165223234193065094038525490008006
062211102164205236089095093395535217
086108164186139218240252593960808006
047164162205199137233223077265716806
062211135057198231053138004434536706
047160184017237042073101004435903006
049252103254251196146116004435600506
044048247244064005155228000000000001
213175202207215255201250004433851706
250015243221240183051067193891309017
231148131024205212176066004434992706
076177103211205164190013052220263306
108104218170217010236162587606333917
044024116039237042073096004434182806
134134130177237042073098004431479606
231232160167205184032120521661966206
044213186149199208061190052234411206
076177103218050251189121004436274506
044049198030207001190242004435160806
135084107064237042073097000800525806
122013118052138091018165004433932506
146086029109073165073086651030044506
157161192214205139169073461850808006
148067222062244029051089000533550717
217166071168016229018059505780044306
213173043251198231052169004432708406
030054086185207180015129516640457606
064031187151016045106041000000000001
041135147083205250090042545865062406
063166039097215177242038088902926306
147178209060050065249026491550044506
062196185181205138232073004433415706
217242221095199153101192000804939006
062195087162198193176013004434936306
141186047157212171014050004435705706
214134086013050123200251654053940406
105038132242073165107004184090044506
036223184112192029092226081860808006
124117015038135079171167000806213606
047026126098050251189121093394543817
135072013126205250094013424552830006
070231208183237042073098393880008006
021137021052116246215048004434070806
197093036035244031075008080805673206
213175202112212227179051052223409406
218225091066231225123074000530183017
047119197213116246215068004434750306
060212044109193241060127250730038917
062197057040237042073106004432774806
218225090007116246215086004434737506
097132228080231225123081000533533017
064004255129194038152203000530271017
076177102192205066242203052225348406
063171212119116246215074004435975906
002080106207215161105165004456154006
075008085044116246215033004436502706
048157163128205250088182000800830806
158158197250251224164234432290555506
106208097164193065070237000256173906
016035125209237042073107000534148217
058124253158073165107018216710044506
044002245008207001001223004436344806
141204003182205187184126004435365206
087223144002215027187085527370143306
047160238065237042073095004432626406
079107069011193065062210023634007917
140169207146116246215085004435518706
149158106089135079171207000802857906
044020082086205239087221004431146906
131143133229205219222009000533743017
064004255129231225123081000530766617
030015072241138154105125034785452717
120230101077205187186006547445170606
237042066200237042073101356600044306
070107000167199221127016000000000001
197013122179073165172165648270044506
044026121187237042073102004435948606
016098134156194041037212255654955806
064005212150199153061041362980905006
070243079033202024016045000802926606
134134130182237042073102004431294606
113175002229207180015129072860517606
047160238065237042073100004432777606
237042064225237042073107247160008006
213175253202244212230246004432765306
040244221208138145222052477190002206
049211245099192182039041005874904306
101221207005050065249083400270044506
136053123146198192209130000802750806
223044129146050249221058151515719217
044026121187237042073092004430686206
016036124150116246215076004434854006
198140042047116246215053544140008006
016051197244205166062098000000000001
075214012125064005155189000805455106
148091246202202118035093000805246106
147180213226131026048005515340044506
204090126099202028195010543791968817
030214173006205239049229080803280806
062248225118215005011138000804538006
112191112067192029211134100852650906
044005034003215163115082070652734706
016215046027244248213093004432765306
204189218210207183152092068810688117
141236059167231225123080000534527417
119132120170199136087127004435760106
149054242249064005155233000805752906
248199197157202024017158000800637906
249070079098199152012214001232730117
213179055002198231053138004431554406
140065118211064005155209004433684006
044048210226244001023209004433802006
237042118038237042073105004435090406
202217215109205250091241000000000001
044049128127199168152210000804546106
074225128250215167114130639451146117
156183092131205126032236004433788406
021098062156192135136210004435145106
047081024140237042073095004431496406
211253199031199137227090647390262717
105035246007138152147062004431074106
197083115050202024006103004432139106
073138248089205249063028000804957606
030015071107212195069027004435344406
131151065185244067135010000531863117
078232042054122195111160384320044306
222060063169064005155184377690008006
218225091066231225123095000535824017
073155112250205238169252004435453206
016012252178192166238235080462671206
141204003055215161041093000804620006
109035038003202029011210428954936617
223007030181237042073102004431966606
141236058251231225123092000530223917
196183226066198193130209000804956206
119132120170205212179110004432991306
007234225193231225123094000534377617
200052070180193065075131533922020717
119128107095064005155218004435839706
076177103244244212229069004435481106
128202212194215006072091649160450017
134134130177237042073101004432658006
015043163105207180012223000804651606
016002248216205200025083004431258117
143232077173199137230053004435341306
044059153197199152006176004432630806
050075028226202029162192081014998206
129131044147205126032065004431439906
063171212119116246215094004435934006
134194243086202029189012019356536606
070211172085116246215032000805349206
248199037074198240074205234970012317
086052117245198241225046483096364006
084083043078202030170188131721642617
119132123082199221119091004434592106
101130114241205112190062164995381706
070243078127212195125028000804669306
127168149027202028087220070794085706
050018135093199168153191016420104917
072103133177139061080223514133678917
091024213144139218240252372830808006
033241125189064005155233004433691706
021068195095205212176073004434997906
140200069174064005155102004434656206
134090064033199192042212004435774606
073155112248252248203240004434002706
062200173130244248167237004435086706
070109174030251108226013238856113717
016012080226237042073096000804909206
106122022153198243139106491991345217
075091210212237042073097521080008006
148067222062207008087057000530214817
007234225066231225123095000530508617
062206134223199171108006000806017606
116255061180064005155219094826545406
213173027179205066249126004434341506
103229102138199153102214000805205106
073027177001237042073093004433027406
044009163225116246215079004433547306
016032017205192030007090000000000001
057184217040193232167091001616368406
021120125186215018244002004434969306
047160238065237042073100004433171006
091207161091199224102173356073672517
049196070034016230172007000220008006
210024117097199137227109165701457406
196093217037139113197197467420905006
044003062111237042073097004433319406
044039235149205199051093004435130806
042207243122202028195010393061968817
119128008123205200173086004436425406
135168078130064005155231004433277406
203084027017205125080149198155941906
076084179115205126039009080644529706
149158122027215019012001004434945506
030015095000198255186198000000000001
047122082231198193177140093394617106
141204010199131115049141000000000001
206157043068199152005083004435576106
155192209170192022160254393320002206
117204026248139180033116598475644917
131052030178139180038212000000000001
224134046157205218244149004435147706
044073049136116246215085004435259506
213175201182205195124032052225448306
124011024251205126037194179501614517
209198252031251190163186000804954506
193253233023116246215010511490008006
086043130246205251202136080934395906
030015080252198255186198000000000001
047100068026237042073100004431977006
030054086185207180015129514080450706
042093130113193065033125353332727817
080203091028215167149005641845934017
090136077179199153097038036890143306
127107225022231225123072000532885717
237042071029237042073106004435182806
223036221013138056072112000000000001
114242108129202029153156004436481906
148068184013193107086074004432647306
108045246191073165073147351640044506
203123039080202030078114010264697717
044000024175237042073102004433581006
204026008140199137231134431340103517
008072209240194042039125004434380706
099156206002199224159048004455280906
124101052197135079171142004432285606
081232035074198247238020292060002306
218225091066231225123072000530199017
131000141189220021062234352520812906
047062069159199221119055004434524906
223239000156251215113218004431026506
202217215109212194184053572750933306
197160067178205032022205000800322906
016195252185064005155106000805558606
117176172248198241226238118980038917
195016195189073165109085588280044506
223038017133231225123075000533152417
223007030178251215115082004433872806
044039029201240223181066004431826406
127219013119215162059075062480044306
200172181184073165091194603380044506
211210206019050253235246004434238206
047026022085139136059141056675920306
044203246010116246215094004436270906
108126104050194031093109168815865906
147194043179073165059143614760044506
050084201042240183033096061085208906
075062146152138071024237024260242617
044006088177199171111039004432655506
015074037042073165108083572660044506
237241130097202024016075004431671806
197155091164205213165094004435745406
049027067228192135131125004435135606
202217215109205066143069000000000001
104192172041199224110034203814828917
016012080233237042073092004430634406
075067180034205184032166080652891706
125020145082064005155228000805256706
086038128161202031036067460294902117
087150071253192029094254541970312806
047185187116116246215094000804165806
129177127010244127159121004436104806
253102008178202030253231001235923317
047109173158237042073101004432865206
112078199018244022254242651010219606
116247100085064005155105455920905006
096065192087215163006231484260899917
194238220147202029053031115805103917
082175089200212194054215453901018117
057184217043202118185247001610141606
197222188038244127140071581700338906
213176048029215177242138004433015906
016010002185240063130041050025001106
087062132236202024006247000804616306
146092006098251224005137491414073617
223014026201192182000018000805974706
231148130086194017229143004435788306
033239237020251224228018004434939506
047081147145116246215071000806543206
073024200079205166055177004434460406
057011216162050255048254121032152217
204073083217192254112079000805134506
099251170167202029231062036580365817
206240092254064005155149000804853406
100208217209231225123077000533985617
246083136156244067235155538760044506
044054034073194114091194004435336706
044218042068202024007085000805094906
105131140118050065189254620270044506
155217006093207001128207235120044306
048166059184199224099045004432704606
213173038232199168153013004433385706
050070147243202028189238505452426517
213175202214240223023150000804110306
044003061204116246215082004433380706
141236063255231225123078000533407817
197086179132193065094038034230008006
044002114207237042073096004433105406
047084229098237042073106000805817006
197043153095237042073106000803519406
075091213026237042073092004435734406
212143024236116246215069004435707206
199115081237199153053006537490163917
062192093002194102244235605040554406
194115181131016198230169517400044306
141236058168231225123075000532082917
021068193037212195071109004435686506
096040055062192022167231444400206306
131130026181202029236043004435823606
130255243218116246215075004434894706
112182043203192182150196004435628306
079228090075016229039099520360002306
158029041173050123083058000255524106
044073078156212195125025004430571006
016237093015116246215082004434349606
113108096052205071139060000233583106
155216242121212171015081338200002206
244200161183244248213085000803900606
119132120183194038147227000800258106
211245203115199204078039471780119806
062194029002050122167031004435091806
007232184178199169214223004434864006
044001110112237042073102004431834006
042204060035240235109162070082210017
251103139043064005155244004434224806
140169199186064005155210004433558106
155253143182205126137163000531132217
243054009033205212176055000533784217
062208188092205167107197081025195306
140169207157116246215085004433792206
044062125176244212230125004434360806
206187001186116246215036000804463606
213173139057207180189166004436236406
073165044163193065050114004455618206
016012090103237042073094169760008006
148074155147244067209230004436507206
033239237020131115160069004435779806
044202153201116246215093004433556606
047025123228207001010061004430722506
134052166150116246215082004436071106
041150230253192029185100050561251017
131151065185139136059143000532607917
218225091066231225123095000531056317
063162008033215176003245004432137606
085239164023122195111160091510044306
196093065108231225123095000531927017
130150037145231225123076000533205117
104089068239205113245226088881624617
044007208032237042073103004430679206
125020145082064005155228000805916906
109246173128194017229040524430143306
249157228007194086008124590680338906
198215023057205250093172243232613917
135084107064237042073092000805835406
238041035019202030017045004434085906
213179055079212227179058052223595306
122140030206198033144049573860044306
044048083053205211050052004433954006
127254172083198209185085005873867806
238063123093212195125024000805084806
057184217039193065089131001613135306
225197118062116246215057000803981306
243054101162198033105216000531589217
075110154138207020022080000534527917
047081085249207022024221004435794106
089214213208192166172215388931444606
197122065205215019070200004431082906
148003126058116246215069000803608006
070053181093073165105098615540044506
016242056208205127140212000533023017
141236059074231225123091000531729317
064004255129231225123090000533587417
200162098154050065196155569460044506
044025250041237042073105004435076006
047026108114199152012217093392653217
053038177139205180045085000254975406
047034214121237042073100004431148206
105150121007205167204207603342117017
130063022021073165109016594090044506
075000118029199152010030004432479706
223003058061202031104217420380812906
101131093081073165228025343860044306
237241143081198255186198000000000001
016195143025231225123076000534174517
096176251071202028196138629091890817
207231074090192022161219254390307417
140043089205205194114056000000000001
044004213176237042073105004434899006
231148133177205201029005004430562506
213173033198207023228200004434758406
213184192019205203003040052222667306
044025045054237042073098004430246806
223003174028194038151181080725653906
131151065185192167239034000531266017
244200085022202024006053000804697306
047032016048237042073100004432803806
223007030181237042073105004432946206
113175002229205216067105174380515506
075091213025237042073103004431723406
237241141053198255186198000000000001
209154205077244248213085000804413806
107033183172192029088017080885246806
135084107064237042073094000800974806
056021221112205112119107004435582506
048160011239199169194038338300008006
131192122228237042073102004432172606
044026167200244158083125004434545306
153039112164205126032068199935199806
226102048113251190074150004456141906
223014026255199221115228004435858706
124101052205135079171187004432427406
149158098051212030147070004436440506
042092013078199137227018000000000001
075091211159237042073098591780008006
135148201219215163164234004434712406
148070002213205236095053573930005317
016012080223237042073101004433322606
016012080235237042073101004433855606
213173038240205187185093004432658006
041150227104192132000213052226053706
077159238159073165111244540720044506
226025128048240183048199220035612917
197042128252205239055162004435020606
047084229098237042073092000801308406
116086068205199224154086004430380106
044061036078199169012057004432850506
016179011103199153055033000000000001
050048096156244212230125514725044006
210061102218205251202087004435627717
197030218066198255186198000000000001
021020127210199152012049000802706806
047037227113251215113218000802220206
053040221018199169214062397484295206
044002114207237042073103004431429406
136053123146202029029042000805157706
197003183099251000164047000535762317
075011026105207180188197004432343006
016012080211237042073107004433999406
224115233227205125108070000805457606
134236212181205200175041000805259506
115141193122194031037248399900002306
053066057010215004018237270392942806
237042077124237042073094425120008006
134134130179237042073106004433470006
050065245110251100166047004454939606
146251004114194039040058059385001706
093119054206212194042121423280899917
016196002214016045106078439180905006
107100196089199169207118027106226717
047160019129237042073107004435557206
076177102195212227179066052225619506
044059200045215255119194081145352517
200016042213202024007228004431932906
048166079228205166058221481153410206
044202103207237042073096000802945806
201081035026073165059016525010044506
104203001132199168153045300410002206
047111122036237042073105004435623006
124244090226231225123080000534393617
050065245062205032017211004455736806
224199210190139010250102087360044317
047025002224205164190021004434313406
140065118211064005155137004434586906
229019116074202030054132068810688117
062192142166139096098173004433319006
218225090007116246215086004434739706
114078150230205251202071047353390406
047160006137237042073092004432782206
131174243000139105123151004434527006
139130172121116246215223529100008006
097229166233050065188100618580044506
206214131118207180012223580155838217
090023198085244127141129061930808006
087118114044205251202136610235328106
134223009074231225123076000536260617
080202075184212195029234010470116017
196040118076205236095025509280905006
196177100051205071044120000805410706
141183211166202028157216004434290306
193254117122016198225063324030044306
102156191065073165107192651390044506
132192162229199177248203484923504117
129211012050198255180242004436293406
119132120170199223112228004434931106
223003018160202024007101004430435406
076084179115244001168192080024251906
201200188140073165107059030340044506
007237234144207020029041363470148417
159090011074244205242048224780002206
042204056091205167104077070084894417
121102114080205126037093529060338906
075066153110205033006248000804935006
206237034064205218159072004435836806
073165008135192182238129004453697306
203203183253231225123081000533451117
104151011059205239062061010286098417
218225236113116246215087004434202906
218225253135198243030091004433727106
237042065008237042073095097200044306
202217215109205071037132572756444006
148067220032205218153006000535239817
134134130177237042073102004431052406
069125124184199169202100281481072106
247003120169199152006084000805023506
148080132013193065070237000256207906
048167185211202025071174000000000001
122024154218064005155230004434769406
105042150035212194090031241486214606
153069078036231225123077000536265717
213187199243205216060120004435150306
044003094174064005155139004435923006
213176048055207022045110052225401506
213179055110240223180250004433817306
149078063148199170071245085866375006
062193227125192029170165004435127406
073131074023244158005050004435037806
050075218215199169022238013375806306
047109144143237042073101004432223606
222069115138215162059075579520044306
097133087114231225123072000535608217
044048201113198229191174000800161106
100124209092212197255124004435196006
132011125026016238144033426360044306
033038140231116246215082004434171106
223007030181237042073106004435123206
044001136159064005155209004433445406
201143052202073165111213510650044506
116247237238116247217011569620905006
237042071029237042073093004430746806
239213054026244248167237052225321106
140169207210116246215094004435797406
198140087249116246215053544080008006
100197148193240223181066004435737306
034080172020207008086219394800002206
131192122245237042073106004433329406
114230254146240063103142192390338906
124050093147244022109013004430124306
197202027125199152014037000804239106
141204003055202024006010000802176806
203169252136244089081011312090103717
044210084061138152126218052234247706
210213100095199168152210068816294017
044007016245237042073093004430878606
237241143117205166210170004435870206
050084201157131114049130128144923106
049032060248050249221061514135032117
033245039192116246215093004436212606
044004199049237042073106004431017006
044002114207237042073096004435358006
044007004233237042073099004434616006
074225145154198228176162621712941517
249157228007194086008107590630338906
122022107138192133087172004435021206
213173033195050121196094052223138406
016215208159237042073104000805862606
136125212109198061061238000805716606
224005036196207000067229159040104117
097132228080231225123077000531390617
044004135163205033030144004433045306
213179055121205195123001004435369206
044000024175237042073096004432793006
127242036066064005155245004433587006
027136163085202028144095000806541006
021084065137116246215058004433921506
087062132236202024016065000804264706
213175202116205216103190052222534806
030216067178194114059022004455755806
088104211202194102244191636980002206
030015095021198255186198000000000001
213175202241205213189179004433464906
044063034155138152126082004435531406
096189047230207001130247000805203506
196092076104116246215069000803435006
047091081055215013072176093391124206
212143024236116246215069004435705606
016232234031116246215069004434033906
210011223039202031157160511051414217
225208077187194038091253000224877206
119046101194202028186060099984899206
159075152115205216065093004435460906
101081106071192182170117004435041706
211253197119194086007127556592716317
077024031023202029027055634700688117
213179055123205236103162052226241106
137107039178199137238002056180005317
047032016048237042073104004434434206
016173175001198247233140000805613006
148067222062207008087125000530490117
224232211168073165228166627360044506
062196185181205066250084004434622406
206125248242244038133045033904497517
112151083183064005155228000000000001
197121122182202024006165093392239406
148067222062244029051047000536310517
197116030159073165107084639130044506
213179055006202167000094052222822206
141204003237205112188198000804773306
047123136195199137231132093395796117
134134130249237042073104004431497806
073155028235231225123081000535439917
047109136094244089082158004436078606
116247129029064005155232004433749106
075147228106138152152245004432963206
044024116039237042073096004431617406
097132071140194078192149000000000001
044068123008237042073093004434138206
070201065146202028162003558531124617
112081006215194114011227004455652206
114152228216205239062133036584982817
141236058027231225123078000530301717
134007182059251215148150089920318206
109240156130050065235128587520044506
044025052213237042073103004431196606
047122167011131115180209093395764017
050023120027205249054121602050002206
223007030181237042073092004436295406
098129158211212195128205000000000001
044038124240199208051072004435133406
062209207040199137237097004434455406
034080172020207022031063109080002206
197122065205212034178202004430709606
015043163117205212176179000805451906
044011036132116246215092004433734106
218225159015064005155244004434977506
082028248116122195111160479860044306
130185178192205211062032004432166206
016242056210231225123093000534447817
073155112250192028053114004435472606
021120096193205071036076004435479206
016036124150116246215076004435634206
248199220233205236224226000804293406
062248169015205187186221000805261706
047160238065237042073102004433369606
062243198239116246215093004435702506
147108192006199170237189475743637517
119132120168194043116203004435752706
070243078107244067135010000801214206
062199205161244212229158004433525706
070030034230205212176066643590102417
021020015195050123065233000804668906
213176048123205185134100004432898906
141236058198198253220165000531088717
044203155249251196145165004435585306
044021203217192022160239004435990306
223007030181237042073106004430663406
197155091173205249003219004432650206
044024100210064005155209004433872306
139201198104231225123072000533207417
098013081175139218240154140235449917
070248153229215018090044237011885317
119136137217139093089118004432871406
021137022219116246215048004433370206
021116017231064005155195004436322906
041144236248240223029005000800268806
108104088158199152005043394836427706
092004084179131026048197225300044506
008075075233207008086205004433695106
050051143222139093089034177205321206
113103184091240063017189252570235617
209155120050073165080083637930044506
244199180007193065076138000804658906
119128010034199136069008000800806706
030214173111192029062010000803875106
226154176178205148030117004434364606
226025158073199153099215004434557606
135207186068205139032214000000000001
237042075073237042073248020010200117
047061251084199177092130004436012006
044207162119205066248037004435160106
214203246173073165079057630060044506
235185231066192022166008080802649506
053009212211192030022157010875032117
075067164097193107087178004430349106
206111142200240223181066004433387006
150167059049116247217133000000000001
062238028108050122062059052236051106
044068198003237042073096004431549206
125081239070202031150053000805232706
044059096034205236227163004434916006
218225205096064005155200004434430406
228202120167202030158170004435044206
212129169215135079171142004435069206
141236063126135079171191000536039917
216038077028050062046170000802738806
091121043233138071027253587070338906
044060081153205066245181004433706406
016012080227237042073095004430410406
008075075200212195132003004430581306
122042088060198247250046490203721506
016195143025231225123090000534383417
218252197191212227179051000233808517
044216057053202024005169004434863106
100197034183202024007100004436419506
047063099163207023229192000805271306
237042071032237042073100000804731806
146023085232073165089054597960044506
079073248158131114015036004432514906
062206164043064005155190004435999406
044059099157205183035062000805001706
240083009029192030035112004653967206
127242060210050057211081004432784206
193253147203016229023026286000044306
125228248198244038133045100860487706
197043153093237042073107000803245406
044021220136194038094069004435495206
044049128038251224228023004433386606
208170196041207180048013000225993606
047045158197192022173005093395521317
193192087109016229041194361150044306
016195143026231225123076000530776917
047100038064237042073098004434906006
022194213104116246215094004433736006
122028054253135079171142000802053306
122199016248212171168046021875434806
116247100086064005155030457840905006
057184217042215013073190001610730006
044072199058237042073104004430496606
036223184150244127141129367650808006
070243079058202030193029000803574306
197207242232198192211050448460002206
044011035087138152152245004434230106
135181233006116246215031004433613406
044205176085237042073107004436076006
047101246214237042073104004433393606
062197110008212030157188300003503006
075091209199237042073093145900008006
134164178100237042073105254300008006
153173179050207180012205059383097106
055233073158237042073094000805784406
047085202009212195089174004435526906
147250115028192029095205004434630606
140065118211064005155209004435509806
080118032104205112188081068813979217
047003254028205183123101551320005317
196055008002205203004084004436061206
075062217254205249040190000803539006
102177029164050121119148358033115617
247003137108202029096247000803702206
083027245208240063114060524380008006
041146009178199177248246004434320206
092214073024122195111160574220044306
143165142046131026048093584170044506
096036045250215004018237004435437706
148094169014202024167158004436345906
100233227135194043113076597612727806
197061129192199169214029092170260917
119132120180194102248050004435052006
032210104114205250089072004432622706
092004000173073165073208051110044506
030162244101205251205198000000000001
206155059021202024166009068954827106
137118037079205218042200000000000001
076084253010240063017174004433437206
254216105127207022025047000000000001
044021088152205187185082004435072206
016249228148205236095024650980148517
047110181203237042073101004432240606
131134146233194031037254001235768717
127089132237215167114013071722628806
016195143020231225123094000530517317
243192025006199153048236432980106617
111057099170215161111225642494932617
044027105057237042073098004434189006
097133082160231225123081000535744117
062196047072237042073093000803190006
008069239058205070215213000803335206
103231168215131026048182540650044506
098143045163240063113091000805608106
101160237152205249044202384980190017
044027144165237042073098004434829606
141183211081199170237031004435086406
053055092130199169214167567185823917
127168139154251224034108000800301606
213173038247207023228176052224720506
021120126066199224155125004435700706
114242108225207001122070000800585906
151240037124199177255252412064584917
064005212151207001132217345980905006
129066131083192182037110005875225506
047045187159215161115173093393153817
044004213176237042073102004431647206
197030218114198255186198000000000001
044007103049237042073093004434194406
110092056254205071032190636720114317
146145157228050065234205579130044506
044221170075116246215087004436501706
044020046034199171100223004435662406
223044129146205148029021151524915617
223239024084212195029238004435249706
148085199112205071024069000804958506
147137030131231225123073000534303917
137114125013212194146133000800681206
016012252178215106210142081984934006
210030029151050123066195004435114506
076177103249205164190013004432679606
215180093109205166055177222096060506
146094051016231225123081000531519817
021084065195064005155203004434373106
106172118006202031079148000000000001
044201196116064005155209004435104206
231148132094202024006019000806118706
070106039029199168158126000000000001
105249168140116246215017503880044306
103232186134199208048165004450688806
114080015078199204071193004436248006
233049222095244158005052538536334117
030015094020202028085170004435104806
238063074219192166170140570780002206
213175253212192132000229004433340806
047044023125212202218212080003945017
062205190036205055134172004436406306
124117015038135079171207000803725406
125229017165135079171106000535659017
146180088152131026013237515700044506
103173175076198193190036000802880706
062200033114212195071109004432661506
244199223155198255169093080215091406
115210000157199137227175450001143717
140075193191217010239083004434511306
044084086097194043191034004432783806
218224216039116246215223581810008006
092018131028202028028028345741454217
034231234253122195111160576220044306
131021132178064005155183000805431406
131031158013139180045002034784075617
196043026097231225123095000536485717
138112138074202031154050418535391217
057184217041198032093144001612948906
103229103078231225123075000534734317
053223215218194043118237516791986906
008104239022251000115141000533225717
062250037212205251202236000804262306
062205145019116246215070004435760806
238204228084205148030173099931813017
078028063076138071019170496090002306
123104241169193065055022010790688117
134134130179237042073097004434295806
231148131021205180110081000805137106
044069006114237042073104004433765406
075062217254240223037058000805808806
041144228080237042073102004433265006
096189169010205183043117425210104906
047186193003205164191196004430163106
119132120158215013072176004431092606
147226178212138147090093000804957406
122144003055215162059136081950819506
047028131057205184032175004432269206
016012086174237042073097044442307406
044039099208199171206213004432650606
119132120174205126137101004432725906
099244027145205071025208550720307417
021120101161205212228039004435824206
016195252090139113197193340881164017
073027099015237042073093004436054006
124145217223116246215092000804348306
007088218038205032024094525851452017
073155112250215013112221004432344506
130084241202073165228031522130044506
245212043050205167107229000534934817
140229104121199224156038004433529706
193253159041116246215026580980008006
149042099213050255212241092124470817
070243078107244127067106000804009806
044023072102205035076218004434370306
197002093136205184032103442914798417
090149016166244020130020066215056517
151198129011194043107013323890190017
129185202003073165110021537630044506
040244221208138145249064451900002206
231148131078202024007012000806345706
247003110196198192211201092175367717
224134219185116246215068004433376206
062215208155199168152210004434477706
044002237020237042073103004431987406
016012080216237042073096004433376006
196093064145231225123075000533240817
007234225066231225123095000535069717
047119081048116246215082004433446806
231128055195198193184218579860546406
197085153095073165105058514450590006
239213054025192029212018052223312906
044205004002199224098173004432627606
058226202214244089100230051563042117
223007030181237042073093004434778006
132017119188193107086064000256052006
082101058063251108224191430140002306
140075251111231225123092000534060317
123188126157205164190034004435271706
152005122137116247217133000000000001
002169057008205211056197472302713006
044060226126205098229084004435529606
016195143024231225123080000534700217
237042071037237042073104000805802406
193192186213016233087127514830044306
086117236245205139086234079121531317
087234038107192029094254491000312806
129115119046050065250140500040044506
114067117066205166057100034786309017
249070079098199169220056001230012317
123188126162244089100210000802220606
244057135103231225123094000534602417
044042012235199153098197000806144906
016241017230205211122026004436169306
047044023125205126032234080004461017
237042067018237042073093092760008006
044026097101116246215073004436315006
047038057110199177083019093390660606
244199065033199136086040001093678717
044016055188237042073099004434634006
055233073152237042073100000802097806
244057066008198033105217000532834617
218225091066231225123077000533743317
049196043207251224228013225566527006
130063026197073165173057622290044506
062209014095205032031205093395606317
217160022097016238145171160220044306
134009113047198243029005000535679517
210030025218205236087125000803819206
073024217069237042073095004431022606
152041050154198254094250004435664306
196093217231064005155157347000905006
044006122120237042073103004430471806
042054206011073165081129082010044506
062193079063207001186130000805844906
049142158137199223127236514136082306
075091212232237042073098000805623406
237042067059237042073096000800436206
064004255129231225123076000535363617
067031199024202118049109137795141317
044035116229202167002161004435255406
218225236073064005155210000804266106
134164179108237042073125507970016117
124050027079212230037172004432808306
055233073169237042073103000804735606
075091213053237042073095004432340006
218225196048116246215093000803296006
231148131033215162165117000805514106
022194084073237042073099004435480206
147129084109073165108230511370044506
242072010097212171014178583901251117
016147136236207001000128004435475106
044061058253207008086202004434944206
041146085061212227179009000805032106
213175201184205066250047052224377506
204096127022050255049114004430169306
021120109063207012133227004436526306
053173027205199137227109228733190717
041147013142205195120239004431671806
130150037145231225123094000533942917
047168053040198231053138004435106506
057184217043202024242193001611132306
116247169138064005155120353600905006
149042148153139212096090000536331317
116086068189205212183187004435503506
238071250024139180043007004432168606
130004046202192182213102000254951806
073027110110237042073093004430806806
243054009034205219154029000532694417
121152144086050120061111000805142006
070243078228205180033076000804956506
249158180126116246215094004436356506
124050093148212202151081004436459806
070243078224215161079110000800415906
047050153231199208059054093394446606
223007030181237042073106004432132006
208190224005231225123075000000000001
127101028050207183147109564186089817
249070079099205180139218001230006817
016012080235237042073105000801153206
147231079075073165065087273780044506
110005137102138145212069623575211017
213176048168205251204051052224680506
064004255129135079171134000534989217
044039128183215018163189004430381606
214136057242139061080239529012795717
152001058179194078242162004432861406
249158180126116246215084004434346806
002035046092202030171111068810688117
202217215109205218157079572750588806
047038196097199224099128004434253506
047005216190205127096250004432670106
134164178095237042073093049360008006
247003137108202029027063000805625806
044221059017244248213085004430914906
016012080211237042073095004433238406
096097223083207008085229433993913617
223003174028205071033109080784934906
062238208142205066245074081160102417
076177103211207183082125004432670806
104083035141237042073104000802379606
075241157230064005155192004434656706
013157099139237042073100004436524806
044070002056207008086202000805790506
099023255076192182116210175080002306
148067222062215007246013000534583717
213173038240240235109089004433757806
116069050253199169210176004435602706
215176139226016230170056561780008006
062249122238244003027071004435529506
096100187069212171015082000532594417
116246196066116246215144527180905006
103211029156202029232070260025581206
119132120165199169214219000801189706
238225156254073165080035614900044506
088193162154194031030222100000427117
016012080234237042073105004430893806
016253002238016045106087640820905006
106096110037198241226236058700038917
131121155099139096098205004435372806
104088017222198240075071273821100017
237241135079198255186198000000000001
141236063126135079171196000532554917
044002014134237042073098004431016206
237042093048237042073104444280044306
219247235082205180123145328750044506
141236063110237042073107000532367217
140065118193064005155209000803518606
224134235152240063103207004435082306
131208002242139180038212614560776917
040005007082194115203121000802633506
231148131098212197087040004435927306
070243079058192029063202004432915406
032171105033202029191159099984519806
223044129146205071044130151530409717
007239235096116246215082004433841006
033038140231116246215082004434310706
075063248032202029236237099980398106
110202206210199138218122623484754717
197002135057202028140102068810688117
092022091048073165172128111680044506
073146107158198231053187004434058406
044027081128237042073093004435825806
007232071056116246215242530680904317
044003105161205099154016004435448606
075091209203237042073101004435561406
217242028149138071027233011004979206
195186008033050123065253321324014517
226154176178199169207041004435615006
146107156166244020057253004435114306
047100019196199137227028030741533217
204219033081205249010141178612003506
155019013019205202231085000230439006
200016038022202029224235004433749106
206241017048215106055084198584617117
047122064087194043188207081082713517
128158105077139128098174004430606506
222225141130205187184009000802636806
073165001014205249003217004456410606
047168103175237042073103004434165206
089185201161244003005077503215817117
032223074022073165091178557540044506
116116069151212194202248093115703206
200163002061073165173021032500044506
058063099001198247228194279670102817
138018195118199224099094080800005317
123188126106244001196133000802809506
109172224070215167149193548392734217
231148133053199136068250004434968206
148067222062212195243105000530407017
204101177073215027187202274642645417
148082029093194038153122000535332917
044007060143237042073099004435117806
062198118118240223180061010035038006
108043053026199137227063004432934106
047045208246251100165095081045839706
063164084005192167123016004435157506
104098239142205126037195376415533917
044200000015231225123092000532923617
136151102220202024017036100066217406
021120125181199168153015004434947506
047033066165237042073095004435534006
157130118222202024006187000806380706
213173038240205139035237004434212006
098100117248199177255040616616180317
047049042011215018162171093394114017
149042099213244205136067092176389217
200222118251244038133045000806020306
209069007135244038133045235152669506
047160019129237042073098004436336206
035014188070116246215163549260148517
129107151099244067210237004435818506
096189201108202024167032004432017706
213187199250205139035254052225580006
047050036196251224004216004430993506
050019110114050065143088562060044506
075091212239237042073103260520044306
231148132098205203243053004432671606
245212153097215007228147328481010017
015230250086194038156198516816079606
243054081023231225123080000532340017
021091198024116246215077004434454106
047081231144237042073103004433748406
200042186147205251202207504224969317
050074105087231225123093000533161417
062203068179205138232075004434508706
111024132088202030170188082361642606
044085031016193065004022000804202206
137160069083205125073106004653376406
237042080226237042073101000801256806
198140057242116246215053495450008006
070243079058202024017129000803248306
058090179126215004019210033905041406
076084179115050056156021080025577506
047001136140205066230050004431984706
247003110196205202141248092120930917
149042148147198033052085000530766817
134194241211193065012210000805243106
123188126160215027090121004434978206
047169075075237042073099004431068006
209101112150205250091237583644736117
047177105170244157168176004435220106
213173027108205195125167004434968206
062208094022244001022004000804994706
213176048093207183082178052224783706
075091209225237042073107444180044306
032239097042215177165018010435062517
196043026097231225123080000531356917
062241038136207183082162000803842906
047062212090205239062149000804016606
131175184133212227177234093245706006
062197245173207008084011004435009206
075062217254199138218058000804926706
112080156068202028035184000805211406
016012080219237042073095000805321606
140173240224050123065208004434381906
119046101194202030153214099985373706
047112148107205032026066000804277506
062193227239251224229127004434869206
205016141152199223117202081960279617
224115233227194043117053004433402206
119132120173199224096196004432634506
213173038243244031010014004434202706
100227229096192166213131477456021006
253102008178205098232139001233427017
131208002247205184032003614565137617
149140044195064005155219004434928406
041155068095192030220125000536022417
044027105057237042073099004434790806
125020145082064005155139000803674406
077051103137205113251037000534119817
114078186207202118026061565430540006
109023004035240235108140324721459517
098124170068205239111253000000000001
195222041230202024017215000800449806
044002237020237042073093004430624006
213184192023205218072001004435317906
231148099249199221117135004435031106
243054200205194100116245000800185106
070243078228212195132003000804418706
223010197051202030090082004435981006
149131237121240063113219004432651306
044006226094237042073093004435805206
070047189204205219218041201271917617
135243069107202030184167004435823206
210030025218199136083116004432329806
047034148063251224228054093393610906
047045229183050122165153004434256606
124101052195135079171142004433945506
005075151037199169193248087201697006
198140109072116246215223624750008006
140075193255205098029167004432196406
062202237186205180139069004435408206
131021132178064005155183000805427206
053125087005205180045030000255901206
044000024175237042073106004434732606
196093217233016048144161577460905006
044007060143237042073104004432186206
139169064229116246215092004435002006
122016151097199152010025004432735306
210055059096199169195133001436180206
044068040039237042073105004431169406
153071177213215007246013004434918306
077079034248215013073071000534915317
208070209166244158083125004435509206
114067117067205218156117000804997306
135072013122205164122070389475103106
226154176178251000115139000801415606
223007030181237042073099004435935206
094254055172202028186008500526172317
149054242152064005155230000803533706
204073001091194039040082004431516406
062242004230215006255010004434666406
002184176247050123065253179274013217
073024250052116246215070004434439906
114078188210202118026061543930125606
110127065151202031027064399581174417
044004012033199177092252000803427706
127088174197116246215075004433396006
044003061204116246215084004433415106
050048112153212230062131023983414606
237042083122237042073105565520044306
213176048053205164190034052220374206
047045155105205251202140040175601106
127168149027202024166244070760892406
135243069253244031126037004430377306
044023211045215013074025004432785806
206132170082205211050020101985766917
140242176164064005155230004433982806
096197134014244067211018087824963717
125016175002116246215080094824814406
062245204133237042073098004433074006
222081095236199169196097004433291706
131114241033215106208071354765286906
062242177040199153041157004431065006
103211028144202024016087260026234806
249157228007194086008013591350338906
042204055065205218157165122800344517
016242056208135079171149000536416117
196093065108231225123072000530278317
016242252180116246215069000804233006
044029152161199208055101000803766406
086106156127050123171147000800197706
047011160052237042073096004433510006
147207213158205239087212620424925317
218225236115116246215076000804230906
047041051030244248167034000805832006
146085137101138146063225000533316117
231148130138192135208046004434936306
213184192008212227179105004436017906
016012080230237042073098004434261806
044222083067135079171128004431010806
139044150245231225123072000531474317
237042071033237042073104000803522206
048213171007215161114124080014580606
147142083185073165034021551940044506
072011211076231225123094000532100417
044218239160198255211077000803137106
203203071109205211052003295570002306
140066195199202029223222004434039606
197043152150237042073096351200008006
053187221034215106052240414591719906
044004199049237042073096004431893406
140173240243207001174217004434266906
137072067116205187185217244670891017
100237023056244029212076448260002306
048181080126212232224038004432896506
211253200219251224229119625274319317
141236059224135079171170000536022017
041155124043202024006124000074576906
141236058183237042073106000531848117
237042080225237042073096370660044306
129174199000202031149043059384916806
002141102051251108156178303443491417
016012080212237042073103000801238406
062199251045194114087042004433134906
141236059190231225123072000535238317
013024023032202024006057052234118606
204004036222050065196009516850044506
202217215109205184070238572750533306
135084107093237042073094000803143006
091207099199192135130167004435882806
070243078168205127001030000804630806
034080172020207180054154162480002206
057184217037202031170181001612361606
131143133229231225123074000530572017
044084088150215013072176004436019906
137015039172202029031197004435223106
114242108254198220158000000804916606
044026206013237042073092004436335206
047045155105199224110090040175031906
249070079099207012129092001230030217
044205081019205250088133004433206306
151198129011240235017156526440190017
063164019254207022024221004435087206
152123071086205250093085004435639406
097065136099050065250036029430044506
129048033243215022049004092175114317
231128055195199169217191579860546906
063171212119116246215094004435928806
218252120158198209153106543790055406
016212251037215163200103004435361606
077023208110205148029166199911000006
044204051246215018244002004431546706
062245204133237042073093004433163206
218225090007116246215093004436359606
044072199058237042073095004432549606
047091148178207000086197093392693706
114218002061205167204207483032117017
226154176178199152011002004433726306
047108047078116246215093004433323606
156183092131212171245168004432801706
210061071003205113198211004435421517
044073090134199153037226004432660106
125185137113205249058087303802760006
218252155168215255062193004436529506
218225047160202024017170000804052106
114242108220205249051081000804989406
249070079098215027091002001230012317
122028054253135079171142000802052506
217006055045251215113218002576188706
218095025218199153046045274195141306
091143146133199224151090004455123706
063165076061205236089190090010162006
062211113127205213185052093394233817
218225091067231225123078000533015317
063175189236064005155229004435094706
193253218161016198230169609040044306
025206002238073165034103259330044506
097254136162131026013216605170044506
213175202202212195084193052220286406
223007030181237042073105004436003006
030214175187207001003110004436028406
047169086024135079171104004431287206
076177103236139219136020052224657206
196218179039207180048013022224800806
202217215109192135208170572750122006
131134146233202029028181001234819817
056014186177205032017210004434611106
030056109103198254094106589466047406
044007049164237042073102004436382006
134164179075237042073103025156116806
016215029028194102249229004433477406
197043153088237042073095004431231406
140173240067215162057212004435743706
195220152190205200226152000534946817
064005212137016045106076474800905006
030216004131251108224098405005032117
027222077187199136090154599125650417
063150146075064005155229004434883406
140112110096231225123078000532173617
044204082126116246215093004435349906
119132120169205148018183004434946306
102023016225212195133137631180192717
050084215093199171096213268404972306
131134146233202024005077001231980617
218225159106116246215120004435613806
139169064229116246215092004435002606
049196096156193065011026004435168606
062240157100244248166237004433510106
202217215109199153035184572750211106
062197057040237042073107004433506206
205079157102199152012217578092724906
119142160017215177154198004435142417
218225236133116246215087000805093306
198140020194116246215223609030008006
062196047072237042073096000805595606
047026144203205200149245081060103417
201200188140073165107059544680044506
062213066205205138232190090015436006
016012080205237042073097000805619406
092016062137251190074029350153227517
063166051225116246215070004433849106
042024140088205200174025100330129117
075019096139192022160221055004971006
044086090027050251219067004430233906
044218027042202024006174004431915606
149042099213138152125118092124126717
103119186241194017228064000224177606
044068054122237042073106004432169806
044003159019237042073107004436236006
213176048197138091022122004434649706
047108192095198253203197000806283406
124247185127205164096210193026236417
098138180080215106052203077001544006
149158066082050122121098062301217017
213173014186205218013140004433719306
041245062072205125126057004435542706
087173139031122195111160369810044306
121102114080205035005050505940338906
223007030181237042073094004436426606
237042093046237042073094004435944206
249157228007194086012073592100338906
153115203075064005155190000803604706
131134146233199171103205001234203417
072044190009073165080149635210044506
075067180034205098232131080664051006
135084107093237042073096000804193606
016212055242205139035230004434595906
047081085032237042073107004431861006
149042099213202024005234092175819717
237042065008237042073095327660008006
197043153086237042073097401780008006
083125002125205035002247068890255017
253102008178198193190224001230012317
015043163110138056034209000803708006
047229108051198241200204500960008006
094010054060139212124083000000000001
139248018107251100096119629081046817
047100158133237042073103004432427006
112013063078205251205181565881690617
131000140128199169195068088935011906
090059142170199169214026070002752806
096189091109205070215146004455548406
016033078172244020056041000000000001
099159182026207180012223405015648717
232195096249192135131109000806014906
223007030181237042073102004431939606
148083061123192182181010000803985506
047123057205212171017133093394130517
047161129172198231048022004435397306
016012080215237042073102004432062806
041241142099116246215084004436540706
075225035185064005155193000805891106
044006226094237042073098004435385006
239213054000205251200212004433524006
131058204210212171014037085705611606
231148132187199224149005004435523206
131000247254199170229241004433905006
212194015201244038133045131381737717
253102008178202030169166001234636317
080212158103205032024081290130005317
030015069118198255186198000000000001
193253159041116246215010579560008006
053173069127244003007245405000899917
103111236028192135208170080824917806
070121082179194207242160000000000001
047123140131215007140142004430164906
213175202241205187184126004430175406
072011211074231225123090000531059817
110242170152192182190021492875092506
044072141188064005155065080885349306
062224235119215162051240004435114106
140169207145116246215122000806514606
141236063186231225123072000531052917
044026241102237042073095004436302206
213187199254205187184146004430211006
077069026197073165173004540990044506
073027040006237042073099004431579206
140255108222205216098017004432646306
119142160195215177155126004434707806
032181035135198254091170000800128506
213176048006251108156219052224631606
047090250250198241224113004435887406
044025010021237042073098004433292606
044206044074205249051081004435789006
114116227109215007246013080003670406
102172102095205071138250276883761006
096108079130205217247072433141445917
050027069225073165073214530350044506
113112120111194038155067496980124817
075091209192237042073096147880044306
088141149216202029062222301454602706
208070209168244001196021004434284206
210061167103240063017189004434720717
131208002246205125184128614566393217
070211172085116246215057000806111006
041144006215237042073101000801761006
016012080210237042073106000800805806
116118123162205239062013000804918306
119132120174207180012200004433098606
197091195202205251202232004433806506
249237197102086174030044000000000001
141236063176231225123095000531051917
072056217247139180046029026274587217
237241135103198255186198000000000001
195123093221205236089222020220044306
044001178208199208055109004430838006
197085153095073165105044514160590006
047090249134205216205127004435129306
247158245174199169214136171483495417
041155068095231225123079000535674917
140200069168116246215032118915078806
238063074219192166174066441500002206
223007030181237042073092004431031006
076084179115192132067048080022690306
034108125178244127141129347840808006
149042099213205166055177092120930917
244199180007202029255251000805209906
213187251105116246215095004436287006
115202194108199169214219004435375506
147100076214116246215082004436076306
036226172169122195111160495620044306
210005034202231225123072000533353617
016003076167192182191114651695861917
119132120180212171014178004434994506
130150037145231225123077000535518617
131134146233202028085044001234415817
021098062051064005155132004436152206
047063002131199137227085000801299006
245247053251192182224228004435935306
149210190012205066158143004435021706
109170031128205184032120279755633606
047170001253237042073096004430839206
213176048000244001169077052224333806
016242056115231225123080000533452117
137113235090212195005178634450688117
218225091067231225123074000532418117
119039226250212195004146004435807606
103221006076199224155038099974974806
122013116139212227179089004435189706
116252237082116246215092004435683606
148083149025202024005050005146144306
131092194054194017013028005875073606
080215119128050065138155507560044506
120122224153205216065165522126180706
030015071074205126032236583824807217
062210212154251190081014000805225406
097111092174205217245250457724928106
096189100090205184037003004434950106
044222191028116246215083004433585006
025191241012050062046170423294087317
138086099212215177155215261295188317
213179055105240235108140004435564506
223139214081237042073103000000000001
047124080003199137230180050075672706
083129197197205098239106000000000001
197143138162244212231050000805278906
075091210245237042073098464660008006
097133087045207001175090000533646217
155038086118205149040115000803466706
197016034242244157132149000804860406
128041247063198193176030151005408306
062211131119199177094130004432944906
016215208159237042073093000801855006
093047217184064005155180000805471306
124045028212064005155136386953343517
140169207157116246215085004434849206
111024143194202030214199539081510717
203123209154073165107136549430044506
130017205010202118019090000536514317
237042071044237042073248020010200117
200162132231050065212096442650044506
122016151154205126034186004432847706
044027133243192135131141004430148106
130150037145231225123078000532324817
073155112250050123066185004433049906
244199192143199224156101004435045106
086106156034205216101040000806460606
030015088157198255186198000000000001
226154176178207012129103004434988606
075091211149237042073098637720044306
070243079122205126033100000805630606
050075028226202024004209081015785806
047100056104237042073095004433905406
053038053219205249051073532815321306
200163173058073165073207149180044506
047100097008237042073103004436220406
194180144034205035078210303365587906
239213060018207022045118000802578706
047160077070131115163180040602656117
070213070036202024005121520105818517
238041196037202024006167000804384506
056021221110050123065236004433516706
134233147245215163007214565796367817
062199254016199224155225004435047606
097133082094231225123073000530158317
048181084137215019012001004434626706
030037228180199170237173397486011217
027033003242138030199047047476131306
238063074219192166169220569440002206
075091213017237042073095004434345806
146119207072050123083163069762048517
049026072079205113245220187880008006
113175002229205216067105082470515306
047036053113231225123093000532672117
047056010254205211029232004435658006
127254177082240063103082000536403706
058158106244199136086047599575196217
044024248059237042073103004432236806
231148131048205239062137000804791706
124210159101215007140194004432629406
140169199221064005155235004434597306
149054242233064005155247000805919406
044220061225237042073100004433703606
213176048047251190081014052223781006
131134146233207001003111001233671717
202217215109192182133238572750333006
002116144190073165105130323650044506
072011211072231225123091000531311617
237241138244198255186198000000000001
044054000221198231051131004430221106
073158140130205127141172292943002706
044002173140116246215087004435889606
249158180110116246215076004435032306
195033085129251190163139507400175117
063174000058207001131073004435147006
133212155177240223181253469155358406
058235053039215177165029317702389317
079106203106064005155228000000000001
127168149027202029167023070144446706
076084179115207180048125080025533006
032127146227215004019210033995932406
047050187087194207242051093396004606
090135016158116246215161000000000001
030054150164215004019210033896249106
130161078218207183151219089990688117
091177248076192182193067439960012317
042053240234073165110089598950044506
218225159023064005155202004434331606
127045103210116246215087004434660806
072011141001231225123081000533414917
047109074180135079171158004435415006
206030189009244003007162103181601017
047111131239237042073101004431909606
077013104056199221121052158025881117
044027187009116246215073004435764906
013147253052205211040133135252674717
213175195099198231233043000803808006
016012080205237042073098004432896606
146072194136215027223071004432775206
242238091027073165107073573450044506
047034096136237042073102004433713006
124101052209135079171205004432711706
088094090038244158005052531041890817
015043163106192167232014000804227006
129155093220073165108078329070044506
149158116057205180015029004434915506
044001001217064005155180004435903906
223239026122212232088061004434932406
196093065108194017237242000533441717
201023207108050065216153549880044506
244014071050198255187117004434343406
130004046201199222141138000255760906
016012080217237042073092000803878606
054060049198224134174210628510044306
131134146233251000115138001234645317
146072142199050123082242004654412606
134236212181205200175041000805259106
230203206000231225123079000534811917
044025052213237042073106004436521406
143234087238202167076221000800572906
076084059206192030021140019355234706
131210252196205217087209004436486406
047038099013205250090194093393760917
157240238194064005155228000000000001
044000073176205066245193004434971606
044222069179198247251182004435016906
197030218075198255186198000000000001
062241185230199171110005000803684906
044222122231237042073099000804597806
044202153201116246215068004434780806
101203215076073165081096620440044506
113182086193244248205108338494662217
143234096012205249003119006812818017
139107190037207012138096004435724506
218225205108064005155200004434691506
097132071237116246215075004435386306
213175201167205218010226052224008606
070110216081138146060070111363491417
044007043033251190082058000804064906
141236018176237042073107000000000001
136227068188192166168097347520002206
044024116039237042073097004434441606
047062069159251224004255004432000706
075091213016237042073248000000000001
131190120055139143018199004436244606
053153158145212030198157111700508117
130017205010202118019090000533196217
030015088161198255186198000000000001
196093065108231225123075000535448317
196093065108231225123080000530271117
127168132018202031017091004435830206
044063142186194102251201004435318306
113108023121193065104146599953026206
062245204133237042073093004432262806
047123188096248200252010004435107006
050084201109205180015178328282692506
135035226194138091022109320054095706
070248214251139072053044548310008006
140076018202207180012205004433175606
243035102177205211048021000535726517
070032085113205184038122588150002206
047111068033194038092206004432960206
213176048100244127158122052224313606
203108029204205199061143171422348917
044084128254205055128226004432652406
082122145178205183117063552070044506
101045040037199169214049160520071617
154244120144199169194038572230008006
153113069001192029095201581472773617
070243079058202028210068000803581806
016212018040244248213082004434061006
101205054149138056034242059384948606
218225196096116246215086004436154306
048166074155193065086210250005567906
245154138051202026036213366410232306
072011250203198254091141000805623706
136131006217073165065235082970044506
047043045143231225123081000531520017
197043152177237042073099000802549406
197222188038219092126246099800338906
044025062064237042073095004431780406
135079185176215162057106641430044306
196085140040073165073069533160044506
140180007156064005155134000805677006
016012080228237042073098004432548206
213187199246244158083125052220186806
047100056104237042073103004434352806
007239139252116246215093004434000206
194232012182205071132009429505524217
016003076146199204078068650823483217
197043153093237042073098004435711606
041147022193240223029005004434325806
135243069178244127199135000800236206
075062217254212195089174000804235406
050084201210199171109182303825494206
223007030181237042073104004431426006
153052124209194038153122000535049817
047111131225237042073105004431030406
134134130177237042073099004433975806
047049229189244158005050034806282906
135084107064237042073103000804451406
130004046202192182035124000256000306
114218005157073165172014577820044506
091177248076192182193067278910012317
140169207210116246215092004433673406
202217215109199221123012000000000001
044073235076194102244019004435528906
047109177040237042073102004435195406
099141080151116246215232454740148517
042094162195050062034042563752703206
073027146097237042073102004431003206
044068100254237042073092004431589406
044056044069198254091170004435095606
135035224175202030213125004433149706
044000125244212230042093004435421306
044004195130205212227237004434977606
143234087238207001003111004434915506
092018137230207001005195617405529517
210008027101199192033094082704959406
239213054005199168159046052223668606
122028054253135079171142000802056306
124101052207135079171132004435948606
135207186068192182102029000530284717
113175002229205216067105379770513806
116086068157194086007186004434865206
196043026097231225123072000535551217
149042099109198243029005004441172206
135084107064237042073098000800748006
140200069162064005155064000804286706
237042093027237042073103000804463006
116086068180205218074022009933372106
016242056115231225123078000530868917
058038067119212195130130519075064017
244200198110202031076080000804309706
223007030181237042073107004430387806
135072013122198243031006389475190706
016036124186116246215122004435536606
064004253207237042073106000535414417
201104088215122195111160542290044306
092104086045116246215241509300904217
064048147114207183132053026236237017
195011049079205218245038429935629817
073027110110237042073099004434296806
047160184017237042073104004435569806
044025079037237042073092004430230406
208070209181205251205243004434556806
129037189003205066247232647780338906
082123197021205218156147514134666717
213173027172212195084193004433664406
072011141160231225123078000534400717
213175201187194043180200004435182206
092019103091205180043189000254190106
119132120165207012129092004432939306
135243027105205216060033004434713406
062242067066215177109027004435067406
078079113146202024017050004431017106
101137243121215163006193514132713506
213173038250205203039187004435079306
062205196134237042073096004434716406
016012080235237042073104004435578006
076084236255192182081199080332081806
134057182197205250088090004433455606
127168130015207009054020316000102417
228209116130244038133045071726137606
044026064230050121196126004434920606
202119204200199170068172177940005317
131192122227237042073094004432771806
070243079058202031045222004433894006
041162176207198228176162004435590206
218225162157116246215240635650904217
044068050068237042073100004434120006
197043153096237042073095004430795806
215007060026199152012217625182163706
133240126047244158138099623420110906
133125065034205098232222638951531106
049196161223202031152104004435083006
235200163174202024007070365804212717
096189177194202118035010588160808006
136053123146244038034155000805229006
021120101157205151248123004435016606
218252090214050056145002000802685706
064005151085116246215022000804485806
148003126147116246215069000805116906
013005103223202024017163000802181506
213179055022205164190013052220470806
200223240249199221117239132014035606
127168149027202024166047070795892306
016000173246199153034218074480012317
064018109003205218245022329372663817
008069239058050249220041000805044006
203123006164205070220062544956020117
147250115180194207242009000805480506
100200208200199153038028123330102417
048220203087199137129066000000000001
076177102197205127099205004432739306
044062095160207001164181004434022006
140065118167064005155245004435637906
016012080214237042073103000801697806
113170105096192029084149306343642317
048213156120205035001136088410629506
223080169106231225123074000531530517
070243078228199224098138000806460806
048181106054016230168186617360008006
218225159169064005155245004434323006
016190105209064005155189004436353006
044028168252240235109118004436005306
111063078140199223118217399970002206
042204053175202167044253070083506317
047026097087215160090029004436130206
030182042105212227179137004435260206
152157244218050122063098000804117506
016249228150205236095025559090148417
218252110008252248201005588680003106
239213054068198231053189000804928906
136227068188192166172178448090002206
044002161222237042073093004433505406
138078028189199177247058000000000001
073024217069237042073096004434380206
047107007119205219223150000800386406
249018166140205066040206364452726317
148094169017198229187188004433754006
135211094129135079171104004433886706
025240045011199208063175573490002306
213179055073212202218032052225535106
092003193169199177091086010390143306
243054035015231225123092000534057017
044054132120215177241003004433781006
047056029150207001001145004433707606
042157070215122195111160152630044306
102220085004199137232025654712703206
197016034252215013072176004435692806
077105018216212227211046628135440817
116086068189194017229138004436043506
213187199251207023231079004435332806
135210232160205126037089444405755806
047107051174207001130149004435884306
105083155162073165054098574460044506
016012080207237042073101004431843806
128041247133138147089186031285277206
218225090096116246215086004434023506
073155112250199153039068004435586006
071082063105205239062153193935106817
027114093000205071020216299152254817
218225091066231225123077000530399217
047016238199205183112216180820008006
079117177253202024016116052223827506
237042093044237042073103000801132206
141204003182215162167253004435034106
047032016048237042073104004430832206
044024098189116246215079004434685106
063165195226212034079234004430676106
078140150022202031137135000000000001
130004046201192182032042000254486306
238174020059215027088109100735734406
148113030160215106046041004435082206
130028086188192182046061000254465606
149078063148199170073045080764945806
099141148210198192035231407800148517
213187199236212227179141004436083906
119132120164215167152245004432828106
066139251019207022024166004434628406
218225237166116246215058000805464206
047033066165237042073098004436473406
141236062152231225123081000531779117
218225237166116246215013000804701806
249158180126116246215084004434961606
239213224190205251202157052222733306
047091149163215163007189004435861506
074146164075205216065165180966211706
044008073250192029187116000802670806
130017247253050065234057616550044506
156178224204194017228059066160044306
015035026108205239072073096123025517
139203000229192182089006109516409906
101243252171199153054042603460103306
062210096197194207241047004435523906
119132120169244157132034004435472006
047028181190207001130205004430244306
124101052205135079171132004433322306
035087203004199224098189509240312806
198140029133116246215053508890008006
073148110051199224151090000000000001
076177103199199169022171052223337306
030013029107215176002060433224962706
156134232073212230042113268812775906
073155112250199223124117004435142406
081197116250205211122225595580143306
062245211073050255049114055121129517
070243079058050062046170004434176606
032085191055192182010241005873324406
016242056115231225123076000530116317
062192031013135079171142000804575406
134134130182237042073096004436016806
127198129018199137226177069910012317
044026066129116246215093004435733706
047048178180199153033068004435069506
057184217043202024145103001616482806
044058199092198241224164004434932806
247003110196205138232079092120930917
197155091164050253202075000804053606
034104066179231225123079000532278017
196055030194205199063210004434894406
213187203098215162050050004433512506
075091223093237042073096237480008006
114086061237016048144184000000000001
103240064219135079171198004430641306
047034165105198231054062004435862406
200124200090192182193067375040012317
088046086233198255177098086085589306
047045178111215160157143093390880317
044002237020237042073105004431856206
134164178092237042073099000800973206
013026216245194043100240004433450806
213176048015205216102189004434247706
032239097003205249005251105992897317
127099051014231225123095000535533017
055233075055237042073106004431545006
044021182125207001003105004433648806
149158111009215027088006000806465706
044070068194202024017232000802074106
021109008013116246215024000805989506
066151098140215018247066588980104517
050094051071215027215136000803930506
197222188038219092126132456100338906
218225205098064005155137004436100706
210056010031205098239114004432781706
035196106131199153102059122476392706
044095249250138152126210004435792906
048166059238205239049238000803674506
041150227118205183046186052225516506
195015230226202029220029450673364417
148067220032205113207083000532625017
044007060143237042073105004434662206
153071177196240063017153004436454206
076177099146205164191168052224477906
044048181042205139035125004435205306
062205196134237042073102004436295606
073027110110237042073103004433783006
116247237142064005155100599520905006
044058020201205239062170004434890406
070243078228050123065210000805129606
044193255010199136078240004432019306
098094026100198240073077509990688217
079121155115244038057067573540002306
057028014000199169214167089993509317
124207077091202118091070000805882806
193253209080116246215010567690008006
247003137108212227179051000805513606
081067203222199169002050109300002306
119132120180205211040107000805447506
091093224119073165172062593490044506
137122066005199152092132557170044506
087062241185202024007107004436140506
073167153195199177254140004435434906
047033066165237042073106004432982806
076084214083199168152226549734272417
016215038220205251202072004434234506
124101052212135079171132004430256406
119132120171194100126166004435191906
107027037085135079171128004436181606
058024019187199204065016004434339306
107212193215192030011064266950114217
047170248188237042073101004431033806
218225159168064005155245004436389306
248240218021064005155202118913576106
130004046202192182211064000253941006
027136153207194039043007037246381206
047011160052237042073100004434388206
247003110196205166009063092120102417
206051011062215013073202269052393017
116086068180199177255027009936047906
149054242148064005155233000803933206
050065221235205236103213004452218906
044200211025199224109070004432697106
149158096184198240074107071025024106
044094009063205218072001004432704206
102191227103199204093125396450310006
088193162154193065079010092100910017
002193066080198247228194606616137206
239213054013215176003248052225442306
016012086154237042073093081800491606
103225054198073165228185539920044506
050050051072202024016116088082835306
044025052213237042073100004430247006
213179055015207001182085004433733806
101203215077073165228093139330044506
141236063065231225123079000536483717
231128055195205032022086579860549106
027221159148199136065175068822540117
049152250127205066043130004435485306
016235207065016032170173559320008006
030015072226198255186198000000000001
131140186216016233080157000000000001
070243079033202024006089000800951106
249070079099205032022222001230043417
150095207215205071032025543515098306
007234225066231225123076000530591417
062242226248205066157190000802727006
200162101205073165110070600650044506
116246150157064005155158004436392106
096098240250192166238235297756449706
050051184214212171149168000225661206
074144069169194017012242494841645417
057049246032131026048206559910044506
082244016106138147091002073822814217
034108090032205098239253526390808006
044025127081237042073095004434717406
136157066206192030035050004655735106
197085153095073165105019514520590006
249070079099205032022202001230018517
030015090213198255186198000000000001
219122112045199224154086320052633906
124101052200135079171152004433499406
104091086100073165111145543960044506
044027167065064005155209004433948506
148073085144064005155150000805444406
153173186041205148080211059385163306
213176048025207022045121004432234806
082074103119251215118253052224152206
218225091067231225123077000535386617
044068054122237042073103004436093206
016196006229116246215183470540905006
124247185134240063017189052285334706
042204053160207022024194060086464417
223007030181237042073103004430724206
105035246089199153054241004435436106
213175201166212202218096052224254706
044050089196212195071109004435375706
063161004001244248042018090015695806
135079191199135079171185004431799006
103173169166198193188208000803818006
044006157000237042073105004432883806
007138255250050056083042089995915417
044068100254237042073097004434127206
083027114003199224099045080903756206
149054242228064005155233000803866106
108123240067202030071140089995587806
218225162156116246215240458730904317
203073147234207180055002000222543006
070221019021202029100134068811418317
218225036154116246215070004436497606
197209039117198192207159562780909006
124003041057207020028220004432346106
047101064034237042073106004431151006
047004156051064005155148004435149006
148067222062205113207083000530294017
044034180151205166047221004432779606
237042070084237042073105004433518206
237042093039237042073102000805860606
005196176086251108008245213130002206
116246034080064005155107630080905006
070243078240198228176197000804348006
251103139024064005155135004434384506
239213054004205218010114004434985406
102191091185192030125051148110102417
122027138103244127021218100862663106
073155112248205218074045004430704406
200223240249205251202072585323763906
244057206079198243031006001230012317
213179055012212034245238052224299606
015097207216205194246230469200002206
054126040236199137231134580050103517
044007208032237042073097004433514406
197115026006202031038220000805026706
016215208159237042073103000805620006
062213120083205184041043093396015017
048166059154251224005137004433318706
016012080194237042073093000804512406
047101000113116246215070004435703106
063173035243139096109012004434993506
057017077172138152125013505212780406
044007004233237042073093004432110606
218225196096116246215093004434334706
113104049053050123065241491506115406
044205103158205187184085000804943606
082190233209199153102059545190114917
239213054069215255200002052224555306
005064093064198247250046004456193306
140242209138016048144170118915047906
108225070008050065188131647320044506
044024248059237042073107004434670406
140215073215205148019013500005785006
044003214238237042073096004431649406
249157228007194086008007591450338906
083027245205240063114060403440008006
223007030181237042073107004436137006
044000015180237042073093004434265806
153052124209194038153122000530962017
114242110010198193183019000802722506
034080172094205166209181601970002206
239213054001205185134086004433561106
231148130229202024017184000802840306
108045071043215004019210033896419606
053099244213073165111052559170044506
093116166130202024166154407772567217
133092191002073165172147558210044506
013005196038202024006193000803646506
200124200090192182193067073480012317
044003035164205218074061000802735506
249157228007194086012206593610338906
219247248104192166238026396480090206
208191005172212227179051004435917806
021120110045205126037146004436425306
106047168021073165107175498980044506
044000015180237042073105004432976406
130150037145231225123075000532551717
099035121241205212182066069025081206
074238029106202029062222494584602706
103229103078231225123075000530115817
077015209030207012136247132932741806
106070166096050254094253544555452506
136227068188192166171144432580002206
213179055102192132028158052225190406
210030017245205216067155004435164406
233134116057131115106200000805256706
047081024140237042073100004434991006
139129045216116246215053499640008006
152098016181138030202153060750910317
047170001253237042073105004436493606
013146093021251190156074133494659217
104210017147212230228014514130120417
111065120170205113194110458860102417
044222190153205139035125000806092406
208031029192231225123075000533062217
063175189236064005155229004434769806
016215208159237042073105000806521406
253102008178194031030195001236022017
091232224188205071022086569405478206
016012080225237042073099004432603806
044039176134205066139233004435612106
113131146045198229188188306060179617
062216104181050121196161004432685506
047185187116116246215094000804197406
213173043238199169012173004435425906
062214113100244089083195081026337517
148067222062244029048153000533021517
050084201018205187184009212922728606
048167068121199177248015004435756706
213175253250212195084201052224248406
078029254255202030170188400395629317
040005211020205032024038000805248506
044000252231207001175253000805102506
113175002229207180015129607900515506
048214062025205219152045603090688117
021120109063207012133227004436526406
213186190142205139035237004432651506
044004052172199177243253000805972206
223002129244231225123074000532881417
202217215109205217087134572754111006
113078225041244003007227388466154006
209114107215050057213170068811708817
109075005054205203028130089990108117
062203092116199137227058522995254706
047123031143199168157185093393320517
149140044165064005155200004434315406
076177099139205112188193052222854206
140229104121199153044193004435104506
016215208159237042073107000801723006
196054217253231225123081000531358317
124101052213135079171146004434377706
074227181192050065172094266420044506
101018255089073165228025557700044306
044007103049237042073092004432878206
253102008178199220220128001234641517
044051117120205187188205004432743306
131184001166231225123095000534430917
104089151124231225123095000532938017
155038086108202024017058000805701206
047123050073205194243149093395394317
096236094065212195130080004435803106
213187199229215006255253052225907506
218225090096116246215093000803567106
047081231144237042073105004432082606
062202173206064005155150004436429806
062196122249199224104193004434954506
143090042084205125076118004435015006
044026009006237042073102004432917606
123188126162244001198245004435668906
109242153074050065214231556460044506
223007030181237042073106004436112006
148107197117064005155235004434645906
047171133226198247243248000805672906
047037187159205138232093004434800906
196085237028199169220096631592722706
016237093242116246215074004436279706
044068054122237042073098004435302206
114242107249198243182232004434842906
196093217092116246215197566320905006
114066046099244157132117004435086106
239213192230116246215083004434584106
096040174132207022025152428670002206
047101064034237042073101004432990406
141236062120231225123078000531324517
077013179182199224155194291245633106
097133082238231225123078000530999817
080204061004244031072095011204495217
016012080206237042073105004435818806
137234065155237042073095286940008006
233119053186205236242051025760002306
044006122120237042073101004434592206
007159252044194114081102475726362806
131210219147138152125013004435137406
030214173002207001175102004432625406
047011184196237042073100004431676006
044018154226212227179051004435023406
143089160213205212179110004433172006
050018030236205071020216591122254817
075062217254240235016189000804890506
044003062111237042073105004430250406
112188160237202030093060536642823117
034126072091231225123074000533923517
073155112248205071137203004432669306
047063099163207183016000000804060506
135211169115194042039246004434974106
135197164035193065093058004434948106
119132120165205212230006004435107006
016012080230237042073102000803851406
213173027120050254094252052223737406
047028246222192166212133004432886206
058024019186215018244002004435702606
148067222062205218074002000533531517
213175253213205112188162052223535206
075255020081064005155193004436506906
238063074219192166172030444440002206
131174243019237042073096004435261206
016098134156205213161207255654982606
140075251101231225123076000536499817
047185202182205138232140004435337706
085053109210073165110061628790044506
136053123190194100122241102015102717
133213049114244031075061516022081217
130150037145231225123079000532505817
102067190059194043182175629145873817
112081188215212197254030080685212706
063174215194064005155209004433329706
214025111007212034179201000230345206
134134130177237042073099004432984206
116247169160205211122025340480905006
130185214128016233092204255650008006
044025250041237042073103004433435006
127084191149192135131109000806012606
111205103228205250089082638095354617
097132228080231225123081000534452417
100208217209231225123092000534516417
016195143020231225123080000533863917
047100068026237042073105004433588806
047160113040237042073095004432990406
195208055156251224228000396665706617
047168186061237042073093004436119606
047190119050199208059185004434270606
139235035239116246215220190640008006
134164179106237042073101025155157606
047012007131231225123090000535200817
196054129240199177248207004434006706
101091233006215013072176107614995417
080074139101205098239253000805891706
016012094097237042073095081800868406
213176048249244212230125052224789506
134134130178237042073103004434107206
016242056115231225123076000531633817
138210052099064005155180000805673406
030015090211205098029237004434022106
141236058073231225123074000533545717
062255052164198247252206004435154106
141236063092205126032236000532984517
070243078228205055100063000806181206
210061102008205251200179004432623506
238063074219192166172012347340002206
008072209240205125083154004436023606
243054009040231225123093000536007217
076177103249212034247219004433915506
044094033101116246215070004434589306
122024154252064005155230004434050106
243054009045231225123092000534374417
062196047072237042073094000805729406
016012080217237042073097004431676806
245209093137199221119083526200338906
140169207145116246215122000806519206
131003234194131115162119004432864106
239000225090205249055152314454778317
002061124058205180085175541510016117
116069050237202028198154004435528506
008075075159199138218122004436235906
119136029144205113242210004435755106
076080115134199169005110089992871817
129100090001231225123076000532783617
211038129107240063017189004432792506
041241171125205055134149072750470706
131174242045237042073095004433990806
044206060109205219223061004434713306
213179055021244031010002004436282306
044025079037237042073096004432560006
047185086061194086003141004434179606
049026072077138145204075470040008006
128116112050050065235152654740044506
146146154001205167059073255040038917
206157040177199170071234004435837906
047043052113215163164237004432660506
213173033210244038195045004433308906
195082042166207020027127270320374417
100208217209231225123095000535617517
096201229221193065010050640785044506
072011211077231225123077000533963317
089057041250205239053028036574058817
213173134115016238145171000000000001
242037250049205071045040557550044306
044003078209205249050016000803754406
053162068242212232224018645772849006
249070079099199152015187001232438817
133151191210205211049098546812807717
103235112075073165065095204610044506
231148132192205127141072004436080506
016012080209237042073107004430860006
070201195161198247245249578221022706
047011074112237042073099004435416606
016012080228237042073096000803954406
044004098210237042073104004433637206
238204099219202024007248000806363306
073027006102237042073095004433696206
243054196195215167248110000804509506
047123025212212197035104093394386617
047108052006138152152245000802958506
113075029056202030157146247045006617
105145113218073165079076554610044506
208070209184212227183233004434726506
047032016048237042073103004433597006
231148131037205218041094004432559806
147059060115073165109228425180044506
047186082041199168152210004430194806
048166059188202024007230004433605206
033239237031050056145002004434074406
103143171137205236085045539015720606
040244221208199224149193355280002206
044001146208237042073100004432993006
044057160068116246215120004433482306
073155112250244067209230004432687506
119132120173199177082113004436238106
047119081048116246215068004436357106
248199243221207022027135000806002206
049088047176073165104062540320044506
062196102009237042073092004435670006
213173038231198231233035004436052606
238204145118205185134077001103711606
073158140130244248213082316962730606
016012080230237042073106004435749806
047011074112237042073106004433273206
007234225066231225123078000533961317
057184217039202118195160001612685306
047032110241237042073097004435294006
075255020109064005155193004433639206
087196027082073165073076513340044506
047101204167198247243213004433423506
100208217209205166047190000532249017
044039099208194043181151004436417006
044002217229237042073103004435882806
213187199228212195084217052223603506
106104064164251073160110615290102606
044002161222237042073105004432986606
251103139043064005155135004435506206
076084179115251190083217080645659006
197122065207240063100120004434981306
119046092001205032022205000800312806
146171122220073165105146228550044506
070053048234073165034250567770044506
228101229185205239049229411235478617
047044171087198241224169004435988406
252172172026212196232090068894041517
076084236255194043121121080735821606
135079185176135079171063582880044306
197143138162244003173037004436069906
226132059157215004019210033896196306
109077150198073165034207504800044506
016012080234237042073100000802620006
218225090099116246215086004435077006
149054242161064005155233000804312506
153039112233215106052203066001114706
132059159040244212048047327522392317
044026206013237042073101004435446006
022196213202205055205079000800260706
049043231165073165173010526810044506
047034082210205213161088636325351506
097119092035073165173144533340044506
044201192247064005155209004435069406
063150146075064005155209004433757006
193248159037016230171041603540008006
097205051242205184032205605010281617
119132120165205125075189004433976106
153039112164205167104077199925465706
027136163062202030096219004435171806
133212159147199137227017514130449417
139214074160016230171046635420008006
070032085113205200172172588150002206
058106066157202031038222093302173217
016242056115231225123078000535013117
044022093045116246215079004433767406
153173169042193065012186059386413006
085113176123215005008084412791777717
063164113249205127099193004433821206
044003094174064005155228004434108206
047176232036212202218000004431144806
075010113057193065038164492350044306
050075028226202030248053081015022906
002136240170139212098041004435019306
134052167068116246215069004433680006
036223184209244127141129528330808006
109056184092215163006193351172713217
075034000156202028156149089994311617
147241180158240063017189004432904506
153053194191205219172161034782692117
243054009034231225123080000530794017
044039173072244158005050000803500306
034163251126202030175185135024745617
208191063139138091017116004432780506
062248005017139010250113257360044306
195189239011202030129046531720688117
106188203116198229031181167742847617
124069193026215163115086000536100517
097133082094231225123077000530180117
237241138229198255186198000000000001
243054196148050056083139004433357506
050095180200212194251253304980005317
213173027103199168152226052225332306
085133066160073165172229567290044506
249158180126116246215076004434668906
197061129195199224110090092122049317
213175253228205187184085052224506206
208191063139215160157250004434335106
213173043236205218015166052224047306
062247196087198231050078004435168906
126123177144207020027130257134765406
073027177001237042073100004435864806
244199102218224134173121608140044306
016213019240244031010027004433182006
049253054023212195128205112394617717
070243078228050123065251000803928606
206014117076202167129004413183491417
100208217209231225123095000532599117
146111212089198255178226131025145606
008072209240202028170010004435320406
140076018204199224149004004432652806
047101041171116246215084004435083806
122136050237205212176012098634932106
062214061034205066156243004434309206
058001025043212230228186059386075306
154026179176198033166057252010232306
231148132019207020154047000805523206
090218213151199169193192559030338906
123192130187205184076088507530008006
062206113067116246215094004434971306
228079105182199169214223004431121606
044010231100205236095042004435181806
002136168004202024005051000801176406
090217121218202029116051143114918717
110154168159199168156166155425921106
058203183212194115193057000803719906
062209124182116246215069004434350006
021091196016116246215070004436306106
062255172140192022164197052220319506
208191007231205251206139004432703106
135243069253212230042094004435264306
047033146254237042073094004430927406
124050093148199170225077004434985206
075091210223237042073100004430461606
079121155115198252042116387030002306
211210178109198193185230118985612006
213184192001205070234085004436418006
249157228007194086008048590820338906
044095031048116246215083004436461006
224115233227194043109093004435618406
062201012229205249058250004435324806
104232114230116247217103000000000001
129093196187135079171145000804175106
074141129041138071027189000000000050
135243119114199171097082004433874306
076092169147199169086029068895834217
008072209240202024006083004436127006
049033113173073165173038012720044506
213175202254244248205091004435690706
013192054125205126137109004430226006
007219091169240063017189328810235617
047109173158237042073105004432409606
196043026097231225123072000534838217
044202247137199224149005000804693306
076177103220205187186038052224142106
136177245104205185130213612300044506
072067165041194031047101381062485717
213179055102244248167082052225179106
044023048236244205136069090014875506
114078186207202118026061408080600006
196093217241064005155192486900905006
213179055084205187188205004435786506
047084229098237042073104000804457606
204144163164198220148014514132727417
148003126058116246215069000806480906
140065118211064005155209004433913806
075091209201237042073107250680008006
141183211079193065012141000802779906
140066159133116247217171641440008006
223010192227205236085008000800337606
200124200090192182193067588240012317
213175253251215006005170004433703206
096100187109050123082201004655351806
088094078051217010236253502484031106
080211054223202030162124010621231017
070243079033202024007010000802007806
075110142162207180012013543211991117
034108101098244127141129179940808006
204078072003073165105097565590044506
109063101164073165081198544440044506
134187035136199153050217536460005306
047169075075237042073101004435084806
149210135112202031105178000805811806
073024225211237042073107004431177006
213173033216050123200238004431546506
075091222086237042073107202360044306
140200069215064005155064000805578206
211255039086199137238005364000012317
196154009237215167248071080003874306
197043153081237042073099004434222006
119132120165244038133045004432864106
047048233079237042073106004432473806
044073141154212202219216004431887906
204008207234073165109134610160044506
153173191109193065104118000804633606
044040181246198253196013081064487917
058108202041251224032197564322952717
113055144120131026013093574790044506
223007030181237042073097004434891606
075091222060237042073096177220044306
129029028174215004019210033895710106
237042093047237042073099004434375606
047100144058237042073096004432531206
034120099237231225123080000535779817
025202134074139180045015038004397517
224134217112198033144201004436106406
237042071050237042073103004430962806
213175201181251190081029052225899406
067003197143205139035106318716075806
101038053015192030021131089995040506
131210135121198240075081000530457017
123188126214199177248057000804925706
044068198003237042073100004435557606
002017058032205035005005578565589517
218192220238199153102075004431549506
044003245085212202218058004434969806
110063137154244158005051030740307417
047170001253237042073105004431829806
218225159168064005155101004433438806
053173106002202029044062514136381617
110101193019138091020046150026171317
016049112144116246215079004436498506
016012080214237042073107004436001406
122174106032215019148157491720761617
153071177221244067209210004435013206
070243078228205055100063000806181106
213179058176212227179051000803969106
044063034155199208053122004435016606
044039128183215018163189004430386006
044025062064237042073102004432852206
047006148224205112189210004432968606
047034190173237042073104004435993406
047054114103212202218040077815386217
068081232065199138218122313903334817
096189099130202024006183000801593906
097039042146138152125149000805768906
214024056033205194216249038002091217
250015230162202031033200554982803817
223007030181237042073103004432408806
130150037145231225123093000533215017
237042080227237042073097309420044306
044030198160212230060001004435327306
159090048090244003026123586410002206
100208217209231225123081000533501217
135084107064237042073092000804062406
037070116013205239062103017120008006
080201169243212197210013143421201817
047124146193205219223041093395534517
076084179115205071138055080020982106
044001146208237042073104004431672406
044211152146138152126186052235986606
133212140201215177242002250660994317
133001194129202028168184548924693006
062245048165199208049127004433532106
074053190189199168152226304835500317
016012080218237042073102000802639206
097162082132050056158046408043313817
153052124209194038153122000535912117
047030165120212227179141000805130206
137015039170202029074222004435341106
218225090010116246215077004433342406
092018241221202031142151101862176506
127183009045231225123094000531252217
105052172160205212182122408732409417
122024154066207001132216000803570606
044009105100231225123073000534617017
136066149083202025070065000000000001
047033211166215161087157004435214506
044095096205205138232150004433650106
076177099141215177242054004434009406
204128164052207183152092068810688117
231148130059240235108141004436425806
196115231136064005155203004435064106
119132120180194042207060004435120206
075091209193237042073103449040008006
079241187054212171138202116630359306
062196244174244205131225004434930306
231148130179202024007193000804828306
047034184031237042073094004435898606
062213064156199208059064099333590006
131143133229139072055189000531480917
036065081127073165069084502370044506
044219076144202024016127052233243706
044004063177064005155229004436286106
083230238163205218158237320613403317
073131165156205249014218561184866617
113098017095135079171185471510443306
244199096122194042036113000231171417
052135059139116246215115352790044306
135072013194193241061248384195616606
131134146233194031112237001235298217
044201195042064005155209004433367806
063172098071199177255188000805300806
072011211077231225123075000532535017
134005198130207008087044004435919106
047036132222205216103203000800377806
044008068193131115180171000804032306
223007030181237042073100004431843206
223239026122205251202002004435148106
044003159019237042073107004434137606
104099063155205071138094605475328106
119197075090199169197163004434778706
223239024084212195029238004435249506
122022037188139212117005000805517606
096067146147205071047208138915210417
096204096054139180038086562250002306
042052170007050065138135524420044506
124045100187215177155246385363344717
210011218139202029049043000000000001
076177099136205071139253052220546206
079046144005207180184225561490005317
016012080223237042073096000800957206
044019216009212230042084004434371906
047160113040237042073105004434938806
044094034196215007141040004432824706
013192054017251224032197004430156806
044026075184116246215084004434974506
048160172250199224098189368850312806
047038145153251190074029093395022817
077029002222202031139156422484137017
036218204167240063113219608890008006
140169207177116246215079004434387006
002177067172131026048177544900044506
197041166063192182023088111130409906
016012080221237042073098004434609806
131208002213199136086068030740307417
135223103147192182096179004436237006
021120124162205126034186004430158506
213176048137212202218026052224542106
007234225066231225123074000533725817
070039104125199224145205634532823517
088193162154193065079010092100910117
238020106089064005155228004436120706
214134232070205180215113421302683217
087091121236202030130156117363456417
122022101208205180012190000801923406
044068198003237042073106004435075006
070032085113205112004090588150002206
197222188038199224097237419290409006
228079014116205183043189336783866006
159230192226050240037201505620044506
136053101160202024016002000800182006
157225236034244029243026045000450017
213176048047215255063027052225792106
082199025244016228012198352420002306
248176087014064005155132004433849206
134176041012192182091224000802655006
016012086159237042073102044431149606
102058069242194017237222649556339706
064004005071064005155181000804373406
044002068163199208055101000804693706
213175201166240235109045004434141006
213175202209205187184009052223734606
231148132194194039037050000804989806
044038038054205166049094004436349506
044000196078207001175018004435408106
135084107064237042073095000800330206
097223233204212195128205612961616906
016195143024231225123076000536413717
050023037209073165064068307290044506
030015090244198255186198000000000001
119136137220207183147005000800626106
016012080220237042073104000805769006
218225090099064005155210004433961906
239213060022205166052252004435109906
047034096136237042073100004436270606
084211132179116246215221000000000001
249070079099207012130195001230012317
213175202243212195084193052223734606
223003018222205250038237080440153506
223007030181237042073097004430579006
112086120224199137135069052225583606
105035211042231225123094000531566217
132202089204073165034047649450044506
047028012084138152153166004433441506
069079086211198243139000000000000001
227003106225244003240049004430332706
062200074206207183082085004435108606
221197096168202024007239004431847006
123188126168205164190034000805154006
103115137040194017228064000225476206
042094069128244212136155136560688117
193166112237016229031166000000000001
201143185130194043109015269645618717
002002132232202024006164004435788206
077023208203215106052203055001299706
243054196145251196146018004434569706
232188026003205218157141004435019906
137104006044207020029039000000000001
223007030181237042073103004435752006
247003121223194086010237004432672406
254216181020135079171145000806003806
016173166086231225123077000535725517
079121155115199137234136333120002306
049169244060205212182061590194498217
104160174088231225123090000531563417
218252198027016238145171514260044306
240183075101193241060091323700038917
228079107201194031029198004431341306
002074010002240223012055575880506306
237042071039237042073099004433311606
197135179116205219173037000804196106
211038129007240063017189004435684117
044218007177050065214152535170044506
108012093221202118034226538064045917
135079185230215162059097335110044306
213175253207244205128043052225080106
062214232048199137235247004434026606
136053123168116246215086000803561706
138123166124192030106200547022602217
135243069076205071021101004435555306
097133087114231225123078000535433317
064034196179202029111184643160899917
204104052134212194251014257235389317
064102009086202167047085001230176417
152001058119192182211120004434192206
013216016097207012129161004434016006
047008157109198229190070004436050806
034080172020207022031070194510002206
073165167051199138219190071715287206
206218205026194042203190405113990617
194187210001202031150232332895353517
048164144071073165054096493910044506
192044118128199177255059141710899917
113175002229199137226250310290512706
249157228007194086008118590890338906
097254147151231225123080000533247517
213173038248205251206168052225867906
064004255129231225123078000534431817
044006157000237042073100004433672206
044219233132202024017159000801676806
090218213151199169013073562070338906
131151065185231225123080000530377017
218225162157116246215240000000000017
041150227098205164190013004435787406
245209093149199153038210321670338906
148003126058116246215080004434333606
101160237152205180122220452810190017
158058103200073165064114489570044506
239197039084194017230201000806215606
245212074040215162095108516950002306
084239108066198192225046436290143306
237042071036237042073097004432132006
044004247143237042073094004434316006
193253220039116246215223517220008006
048166085168215106045108080804561306
075091213060237042073101004435630006
072059147139205236092067570530044306
013005193246202024016061000800909606
097133082094231225123093000530126017
044001159232237042073101004434112806
044057107028139219143226004435429806
131208004246205125111116614560667217
223007030183205180123070004434923906
141203094192139061160077000000000050
221091243151215018133166041722826117
196092076195116246215074004433556806
198140003034116246215053515810008006
243054081014231225123078000535073217
044008068191215007238251004430202606
030015077047050121086045034783735717
063173041165198192205173004434487106
016012094103237042073097044430885206
210033221023138145213185000000000001
075063248032202028039051099980342206
231057147156202030174210170582874017
073024198130205203004141004435151706
200000013073244158005050004430182106
077123033094205183114171532623323517
243054190091198243029005004434917706
200069209120212195133101638080338906
119049252215205249004129004435059006
047122059144205216103220093396021606
127058087118244029051032000805998806
109120003013073165073106032670044506
148068184009207183150235004434342806
070032085113205217166255588150002206
195243050225205249011137480052708417
206211044229244248166237011945092017
049252103076194114087034004435413406
007020178242199169214080380114473417
128087134179192182035104004654825806
070243079058202024016165000803153406
101135122197251215148144151806003917
075222131114207001165074000804658406
070243078224215018163151000800246906
015043163105207180012223000804651706
044202153201116246215084004435259506
044072096045116246215084004435629306
085062112135199222136110495552107106
075063248032202029018159099980419206
097132070093064005155149000803435406
239213054002207001182104004433767506
153173191107193065087066004433737106
013156072148194043103225052235269306
075029050193205164112224000534445217
109053025111202028141036514133732117
044002105251237042073101004432558006
041055119110251224228019575995298517
201248056170252248025120579110012317
200163005121073165108228220670044506
055230146086231225123094000535339217
218225205112064005155231004436417806
136227068188192166170243447350002206
016012080220237042073105004433883806
141204003237202024007236000802798206
073128162181199224159048004454994306
073027047107237042073101004432731606
108238247142202031136113059385862106
044025188102139219142162329424940406
213175253254212034079146004434975106
223014026255205217245218004430313106
044073113161199224105091004432641106
075091210251237042073105004435814806
066136121174207180012223004435207406
213184192020215177154219004432843206
091119046170199208048165530832989017
044095242042231225123075000535445117
008075075233199220219029004434989606
136151110106240235108140000802626606
058246074213207012138117334015245406
101160237152251108224065632490190017
057028123250205239062099123086218417
075110152152205251200098000805321706
213175253208138152153184004432938306
212143024236116246215094004433670006
096070070075202030065098209584925917
105150137209212194146194354503705517
044025010021237042073097004433049606
041167162195139212101069000805010306
021120109091207180012223004435197706
246206025042231225123080000536362517
124247190128205251202012052285927206
047050013001244248042022093393973306
206157043133198254091149004434827006
091029116105212064069144376280002206
044202002242215163115082004434981906
200174030003073165228053569850044506
135079178159135079171063160940044306
047123210098212195089178093391628717
047124252044116246215070004435735706
044085208207205185134084000803576106
114075018246215177154201107532687017
047101061024215177111151068923093117
129048033243212195089174092172696517
008069236032192132029219000802634206
096050078051251000115140514133958706
253102008178139180032181001230012317
064030088189116246215075004433547706
251103139043064005155135004435509806
008075075202205249003054004435096506
223007030181237042073094004431775006
223042065162192182050225004653808906
113175002229207180015129068430511706
062248049090237042073092004434611206
056021221086240183051087004435019506
027196140130194042198121137655085017
228079152185050122229067000804915606
007237234147205098239108519870148517
213173043234205066230050004433141206
034108090061199169198149177690808006
047038138172205251200174093395187417
131003246171205218156121004434465106
149158111009207020027249000805517306
042094121115202028166251107405722017
237042071025237042073103000802437006
101142129153199136084112429826441806
016215208159237042073097000803278006
159230215208138152214158005873737306
064089111202244248043249045005632517
007071114228192167232251243521776217
033245008098116246215030118913441206
063175189236064005155229004434312706
047115125181202028124193000805386206
044004199049237042073100004431336406
223010192255202030065058000806149906
058001028210205113243038000804965906
125144005165116246215092004435508506
096189132250215167152253004435533606
002168099196207183146198005873385606
213187199240199168233221052225133506
063164070082212227179009004433626806
148070002223205236095053538850005317
146180124103073165081220058780044506
231148133116244212051200004432761106
197016034234205184041050004430525606
073025090225207001186130004432651706
148064201177202118088242270176213817
040005211020194102244082000805154106
140255108222205249009187000802639706
047119182057199171111039004432655406
213173043231215162120115004435081406
073138248067215018163219513550341217
055233073168237042073102000804050406
057184217042202031037140001616244606
250065234165202030153042559634482206
116069050201194114091138004433726406
015043163115199223121247000803663606
140065118193064005155137004435334106
223007030181237042073103004431357806
073165231214193065012186004456356306
113035178073205184038253456820107117
128132105134219092204046028580636917
075067180034205098234044080661033206
239213054073199168238022004433820206
033228141153205250012082004436448306
044201137132244001169249000803598806
033182062108064005155133000804724606
109099055180205167107197620570209717
123188126214205070234009004433024106
047172180176244158083125004432635506
140065118211064005155209004435532806
049196161218202118038013004435092406
223007030181237042073098004431427606
062200101139237042073098000806075406
116089216200050123066002000533114417
047186073080205166057002004433651706
200124200090252248025120268410012317
062193079063192132000229004435249006
047034162211207022024194004434957206
212143025094116246215157552760904317
047125182010205194216071093393654917
075062217254199221119250004435150306
218225090096116246215086004435737306
056099141086205032017210004435737906
072044255080131026048072497910044506
013157066193207183155040004433609506
159198198015205071019037000000000001
047160184017237042073094004433613406
062215216215139005144086000802773306
044085251161199153097188004436073606
047169175164237042073104004431428206
042038246127231225123072000530781617
141236063182231225123091000532438217
047168171093237042073107004433507206
016012080222237042073106000800464406
206157043133199137229231004433841606
092016226035205098029246204342655917
075230099107215013072176004435259906
030015080192138152253012004435117606
195077011029202030003210059385943106
076188230178138056035109634615135917
042206178198198243031240525633219806
146124016188215106211092059384967406
148068184014050123066195004432643606
044043000056244001021121081006226306
119132120165194086004119004434957106
121155232230202028215081074326281906
086089003221192167239169004434214406
099106236017240235109045030743450717
197143138162192167232189004435382706
047101246214237042073092004430745406
042006250078050065212213562610044506
237042067061237042073107000804196606
152009169085212227163031005870443506
049206243083131026048102531040044506
221050236046192166238235132693845117
044007197086205218008050004435859706
025066186143240235109089388145892217
196040118197194017228041354060905006
148068184015205113204126004434949606
097132101059205166127066000805927806
044072096045116246215084004435626306
111205213060205249010141566462003517
239213060025131115011249052224712806
238204111178205070215221000805151306
044222225124194207241066004432807606
122065244229198192227103000531519017
244200013172139072053034000800983106
047011147105135079171128004435559306
048167185211198032159000000000000001
021120101158205211054197004432931206
135244008101215167248185191325558917
044000133249237042073102004436121406
232188051070205216065000004433910506
086034082236199137141085080350109906
140065118211064005155209004435535206
129072107244193065094229284485561606
063167011166244029048170000805134206
193253172100016233082023586910044306
249034182021199169209036000000000001
139169064229116246215092004434998206
047081007197207022045016000803478306
116247099244116246215162513530148517
210024117114205249055152565744778306
034185017200219092207093020500688117
080192002112064005155228000000000001
091233153229202024166210354414084506
223080212043231225123090000530736117
213179055126205200149026052222688106
047011147105135079171207004431047806
119142054241139010250151433060005317
102032196242205032024094355241444317
124101052213135079171152004433178906
131174242045237042073099004432074006
127242060239207001000068004435171006
047124086122205138232186004433997406
146192243157073165108051368260044506
047187149193205203004084004435786106
044003153154135079171198004435592906
002015099024244038061086132792521717
097101102026073165080033603230044506
002136107194205126173016269150105517
131134146233244158004051001232077317
064004255033139072048235000536015017
192249013016205217148167080806455506
143209140206205071023135381540002306
148085196085231225123072000000000001
067000144085244158005051030740307417
197202027125205125074254004435911406
096189079173193065055162004436118006
106203216193131026048176521280044306
081143099040205213166215534540002306
070243079058199220215254000804347006
044002162165237042073098004433390406
103245144144205184078118148165787417
042204053233205218158048070084271117
044094033101116246215083004434897106
075233204210199224148145000000000001
112096067220207001054096497572583206
197106117178231225123077000531858117
222081081172205211061141581570002206
085134136214073165065067642500044506
153173097018207001052158009934151006
197202025100193065009058004435218306
200163004207073165065137065480044506
021120111081207180012223004436077106
213176048252244031009033004432713306
239213234139205166057100004434413506
131176096169205230156085052284517606
214025110022131026013168648170044506
213176048018240235109061004430858506
016012080233237042073098004432984206
055233073169237042073102479900008006
086106119001073165069219654320044506
149042099213205194208228092120930917
073171192226199204096244004435383206
119132120170212195128205004431272706
041150227118205187184009004433556206
033038140231116246215071004433463906
195208195143205151251253216220102417
053048171054205112117059391512724917
244200198110215167149193000802701506
008074003110199138218125004435001506
127235039146192030039021004435060306
047160238065237042073107004432632206
152009175061231225123077000532957917
213176048238215177242122052223909806
151231002001116247217133000000000001
075091213028237042073248000000000001
064004255129231225123076000535967217
044034004119198254091085004435965706
148064201169202030114209270186525517
156177079242192029094254499340312806
099140253169064005155228004435099306
057184217037138145225074001615703006
044039030157205183039112150002800806
227180072061205216065243503215334117
131003246171215167112202004432728906
196013196222199170235109004433980206
213175202236205113206056004434115306
044222069227192029185114004430270706
016012080212237042073097004430220606
201248056170252248025120424010012317
047167137093215167192199094434960906
224134211245251215115082000801959006
032030153214050062046165000804713906
101210032230205035002247000000000001
119132120170205164121007004431914006
206131238085202028020018000000000001
016215208159237042073102000803806606
130004046202192182234214000254722706
245255078137199153108104269916332006
044004199049237042073093004434262206
070039232044205098232173465793581206
048166059181138056035229004433909306
062208102060251100143073004431034106
151198129011205071028170313850190017
002227040027205236089222631470044306
047111131230237042073106004435615206
016215208159237042073104000805549006
079050235164199169194038646480008006
048167185211202025068236000000000001
109204059225212195004146318665423906
242037250152198241201194543610005317
213173033214205216103212004431185206
096189047230207001130247000805203306
135079177080135079171063233560044306
047160039218205164190018004434825306
044221094087207183083066004435523106
073165058241199208060112004455909906
083128082173073165089252554240044506
223239026122205126032203004430173006
131210135121205194246246000532850217
119132120166205098236017004433748306
102193052039205167130002436112117817
237241130105199224156157004436050506
097132228080231225123075000531535417
131143133229231225123093000535881517
110124203110205251202071000000000001
047119224123251196144149004435288706
097117113136135079171128004435109106
015153208052207001048135147312923717
112086120100198192208222000803289106
134194200177192182250182044475410117
096189132250202028129061004435541206
210061167003240063017174004434217406
044060234203244248205122004434540006
047041026176205236237062004430518706
245209093137193065085197016330338906
101132149072192030055222050122145117
146038227225073165108205634470044506
105196152113205239049229530446510906
007236106228244157135234000000000001
044026066129116246215093004433841006
076084179115205186003023080025241906
133094172249205180066111602402965606
007234225066231225123072000530248117
136053123146215162121057000804202806
129174199002139128098013059381326206
044003245085199208049150004435929506
196093065108231225123076000531232717
096253233186205113207089574560108006
194157202071193065075082068811537117
047101030234205066255254004434561906
075091213013237042073095000805011806
016012080210237042073102004431929806
044207204250192022173005000804322506
070043253245202030123077274470688106
044200084181192022173005004432760806
063150146075064005155229004435169806
200084129229064005155228000000000001
090046192060215162049211619695141317
013158130226207020024088094435773906
096189169010244029213188412003725106
127242036059064005155200004436237906
123188126157050123083072004432694806
091177248076192182193067053860012317
135243069069193065007250004431206006
016010006025205071026000000805699606
197015102164205184077009000805807606
044039184210240183051087004435020506
062214181135215163004203081045765906
036218073104244067210177583650044306
201206130066073165173255580310044506
147178209060050065249026491860044506
047100179217237042073097004433966006
044009208074116246215068004434863706
056046226033122195111160414650044306
109120165006073165034235607320044506
119132120164205184066250004432764206
131134146233199153049131001234523417
021137021017064005155132004434862606
100208217209231225123093000533966117
213176048255240235108141004433850506
226154177240050122123061004435214306
050075073147198255176121320055938506
073024225211237042073103004433589806
116152239235202029182083000805026806
153053194191193065011181034782548117
195222041230244020056201000802877806
149210180192207001131073004435138806
153067041007207001003192632581151806
250025176180135079171167004432350106
097234002103207020255000089990419917
141199230203198209180195000804965606
048167185211202025244179000000000001
063164168112205032023023004434987406
075062215062192029170002004434257206
131092242153199177176098060144953606
058001025037202030106125059385036506
047011074112237042073100004436124406
201200052146050065189215622560044506
016012080235237042073098004434031606
059182004061205113246205011686548717
133236049211205199060234514136154217
021084065144064005155132004434187506
213173043236244031008020052224902706
133147141001073165111060562880044506
002193042066199192037078030740307417
097231215048251224032197152955302917
136053123190205164112021100464810217
141236063239231225123075000531850417
030015071078205126037089034782639317
070243079058205180110171000803880706
050074105080198247224027004433970306
201164176226138152126190506691865517
238041122128050252039173080812644506
044222021123064005155183000806545806
048020179217122195111160457850044306
034080172020207180050006162140002206
197043153084237042073098000802980206
134194243123202118042050019356053206
146198035146199177084201230001639917
008072209240194031042002004435174106
062248005017139010250113269780044306
237241135157198255186198000000000001
074109063084244038061149293575374917
066014079098205166255169105764920206
247003110196212232237238092170112317
074227213169212194147232277326238306
063175024032199168152226004435179606
032120101045193065012186000000000001
124244084166231225123095000534991717
231148133026205199061093004435013606
135243069225198252027246004433599406
044085112077251215113218004434479806
016160248194240223012177643276098517
203171016051122195111160630650044306
047101064034237042073097004434895406
077171193144050057213170270421708817
223080127145205211053161000805524106
044010071214205098234026004436177806
084126200018205218159049335690002306
147250115180215019014211000803627806
158254120065202029173057111816240717
119132120169139218240061004435909406
047123237054199222143143004435117806
044008183114215007140237004432671906
135168078140064005155132004435437706
213175195122207022044105004430190506
218225090096064005155134004435514906
134176040004231225123095000536101917
044023054135138091022070004435090306
243054196226199224110182004434276806
131175184159215162038035004435049206
135148201219207001175153004436294906
249070079099199169223194001230012317
239213060017215255201182004430156406
050084201082207001014066156925475306
030193143156199208063134131005614206
197148231062205211123080035860002306
047100211036198231053138004435101706
136053114074050121086148080805613217
044002114207237042073092004430835206
239213054026251108009215004433414806
245098037236202024017180000803467506
064031252073116247217100372920905006
202217215109212171107169000000000001
206157043135205218035194004434439306
016012080214237042073106004430519806
197043152175237042073106000801691606
063163105024207012133114072755586906
213179058176199168152210052224464906
044208181144199208048165004433627206
103221255144138030196232000536283617
148083149020193065013058005140538706
048181080197199169214223004430870206
047101246214237042073099004433866006
070243079058199204102114000805618006
072011211077231225123076000532994017
021120110038205212225023004435449506
037126108045215162114126409020143306
047169209171237042073100004432716206
200016028034205236239027004432703506
224115233227205071138250000805726006
135084107064237042073093000805600206
076084179115205071032078080645361406
042131175040212202117096403210143306
073027217212237042073095004432997206
231148130034205071138046004436523906
140169199209064005155133004436433006
141236058236237042073107000531574717
206157040181215162050050004436165306
239213054002139143183032052222800206
021091199192116246215077004433499706
213179055074207183083039004435817906
127168149027202029115039070764925606
047100158133237042073107004432232806
096189177194202118035010388710808006
239114160228202030190069592660199417
136053123146192029185102000801199206
062253139073205239062137004435814806
075062217236205127001030000803945506
044221148128116246215068004436142306
223007030181237042073097004431220206
218225090010116246215071000805764806
062200071067231225123078000533966917
113067043022202030065098263424925917
124101052203135079171205004433274506
044068047245237042073103004431148006
131003246171194038155157004435075506
069113156066131026048089597860044506
218225236210116246215157605840904317
047123136232251190082073004434651406
237042080196237042073096000803511606
103119022251194017228064000225757506
218225236112064005155210000803327906
195032128032207000067229503210104117
118184231090205126037192476765249806
193253252154116246215223512000008006
218225090007116246215093004435905106
117253174042205184032120544011966206
237042071026237042073105000805684406
208067058192205125073234000803545906
044038038054207022044048004435039706
087014200155202024167114514135956817
141204003055212171168138000802645606
073165167050212197254063071714968506
077170229205131026048216589560044506
122013089051016198224000642190044306
218225236252116246215087004435843706
197136100165194038152045000800342406
131003246171205151251253000804268506
237241135102198255186198000000000001
223007030181237042073105004433718206
104073120039199224149004436111301617
237042093043237042073098004431846406
111252121015244248213085647336510217
093052068066202030047078396790002306
047111224029215007237074004433055306
197214128187202029247060000805148806
239213224162244038192222004432765706
044001110112237042073100004436538206
086098165149131095179041000000000001
129114204186207183019127562171051917
070243079122202024016249000804428506
047081007197198231049105004435100606
141236059041231225123093000535006317
047100068026237042073105004433583006
131134146233205201186235001235819517
202217215109212230060149000000000001
223208143086205166254001000804993706
200174035064138091022109517670318617
211240192228199170068172293080005317
075062217254205218157173004430159106
135084107064237042073103000805181806
044222082027205184047174004435207606
063163076111205216060231004431489906
076084179115215161077148080025435306
058010108110199171109185037245296206
030015068020192167127138004435012106
016098134039251196218162255655715806
044010231100205236095042004435181406
149042099141215161031191092174581017
237042071020237042073104004435476806
090051029223252248025120088830012317
034185018052244029024093020405867817
119046101194202029073119099984606606
070048059037205126137041000805918106
075091222060237042073099438960044306
104083135149073165089225192820044506
013024074201202030146205321001275417
016012080224237042073097004432604006
062246018047192029170002041003565717
076084236255205180074163080734557106
119046089041202118035010517750808006
016012080223237042073096000805793006
002176066199212195128205490014701417
149054242248064005155233000804258606
195204075095199136087219045602607606
101133043125205066245181214560112617
085054061046192030046115465390279406
086039210001205098232222354251531117
007172095062205138232089474870560317
224160117115205126037195027103720917
103091250083199153107123182610105717
228209167173207001003108004435005306
037148038137205203031243133030002306
070243078214139105124214000000000001
058001028131205113245226059384933506
076084179115192030220128080025034206
016012080222237042073102000802229206
128251179045199137231134333410103517
050084201018152098209045111320166006
096189177194202118035010396870808006
208067059094192182018216000803524606
147253192077202031052225230885702317
132059159037240063103161053536519817
030053055045215019148157439060491117
231148131066192132094126004430111906
021119169203116246215076004434647106
062196119218064005155229004435922506
034093183076205249053109112484916017
139208084045016229026147537570044306
070243078228192182165170000802641706
044000015180237042073098004435949406
016012080235237042073097004431647806
139169064229116246215069004433431806
005050197095138145203155506790044306
091029124200205212180086000803572506
140169207144116246215083004433646406
102066024191207012138117588786460617
047081091076237042073104000805181606
113182067044207009053128645341034806
052135059135116246215094004434354206
206089105044207180012013057390724917
016000173246199137238005592450012317
075091210251237042073102105200044306
243054196206212030198157004432708006
073155112254212196048209004433578606
070243079058202024007043000800452806
047125179231205184032045093394997706
047084229098237042073095000802618006
041144226218205211122070004433528806
127168149027193224218125070795028506
016195143015231225123076000536262917
077007035239073165059126613750044506
016228204187064005155189000803554706
213176048071240235109089004433588306
223007030181237042073098004431425006
077184084024205236227162000803896006
129179251203194102245234004435757617
077184189062231225123081000536156217
007238145006244020056041000000000001
044095027244212227179066004434278406
229019245250050065234163556570044506
237042091024237042073104000803358206
252171132210135079171142004434007406
062196047072237042073107000805137806
062202160041215018244002004434927506
110098057067205071022086582830146817
072208163149050065249084155240044506
213175202234192029209114004433218506
032093159108240235016053540980002306
201137195203050062034042010246041006
044025079037237042073100004431140206
222225141129205219220080000802640806
062205196134237042073101004434972606
047186089125205213185008004435697406
217227212065212034078083589870002306
049196031171050253235136000000000001
062242075111116246215085004433630906
047036153007251224005137004434304606
080037076161244003026246333466055306
218225009060064005155235004435935106
076084179115192182026052080024966706
213175202220199168159016052221665706
070243078230205180033076040074957206
090218213151199221119026564680338906
037023197002135079171173411510044506
063170207073205185136209000802667906
049026075083205251200232004435467206
027136162186244089194177011192767106
249158180126116246215084004434569806
210028117155192135131189000805442206
103236115210205180071130004435199206
197030217116202030083121004436048706
149182080143139010250131485420008006
047048049253199171109179004435474606
102023137103192029083172574740103317
033038140231116246215082004434218506
076177102195215177242182004432808506
134164179106237042073096025152697806
140180095020237042073097004436452606
141236062224231225123093000531032217
213175202208212202218037052223864606
100124021031202024017042000802822606
076084179115198255178000080644123206
044206154074139096098160000805491606
057184217040202026125154001610261106
219196083091198241226237000534763717
119132120170194038153041004435224706
158050247185202031149149452613636617
042204063195205218157141070065650406
044084080118240223037058004432857106
141236062014231225123091000533331817
044084080231240223184085000804969006
113120001242244003007245514130899917
136053096188202029109078004435911006
047111199130251100097010004434034106
016012080217237042073097000802613006
218225090048116246215080004434872906
083178067034192022167203633594916006
073155112250205180054158004435956317
196177100051199153043023000805137306
021120125250205211059247004435525606
082160070174050056081069088320002306
091114139216073165228018570060044506
075011030163139212123098441021500106
135211169115207020028220004430784706
062202167239135079171002486680044306
016008190166212227154179342540002306
116086068205207180012013004434495006
202217215109212194185192572750566606
213175201185138091022005052225788606
196093065108231225123077000534879117
127018009007205126032065000801400106
044068041184237042073098004432838606
062218079124198229189082004432790406
153071177244205236085015004433282006
213184192026244248042022052225725606
036223184150192029092226451500808006
044040061036244089149057004434916106
196040118136064005155023479040905006
152200233235244022140215004430172106
213173038234215177155229004432696206
237042071050237042073100004433827806
137175045106217010070077406981475106
041155068095199169198037000536159517
062199080201135079171207004430548706
213173043237205185136196052221047906
114242108221202031100039000806267006
109041151172199169206186203800110817
047112113240199171109184080004449417
213173027114205166055177052224716806
070042109064199169214181529451781517
085120088134202024016168000803606706
016249228148116246215071650980148517
137104070254199170237185167821468006
047123206230138091029028000804967106
238094251041116246215084000804895306
016215208159237042073101000806249606
194183118023207180055002000225327906
047049125210205185134087093394207917
204213225130205239062137014040442917
076084179115212202046243080642655606
042095217196198243068036514136173317
200222118166199169214223000806366406
103113181255194017228064000225478606
097132228080231225123080000530828717
231128055195205249009100579860547906
131192122245237042073098004431914606
248126117115202024007015000802139606
090248187200194102250144000254223606
218225090096064005155210004435220306
048167119231016229032072000000000001
078089178045202030248034013510338906
213173027108240183035172052225022406
213187251105116246215076004435828706
148083149210202118035093005141976706
141236059149231225123094000531750917
228209024095199153107001000803725006
044026121187237042073097004430783206
070122022022202030036055565840143306
100197034179202024017189004433188906
058001109053244003243105004435154106
150167180122202024005161004435997806
044026181255237042073101004436312606
106104124227198240075010046620464506
070238042039192182022082421273438217
013217042121244127156120076304040617
193253173233116246215223504290008006
044068041155237042073107004433981406
231148133137192030065147004435290706
047100179217237042073096004435688406
141218041217138056035251004436270906
091098021109244031009026156195397617
223003157055244248229162004435788706
135243069076199153102073004434949306
127168149027202024167125070794076806
204096127022199169005035004435422006
249158180126116246215084004435558006
080212158103199152003017228880005317
249237193064237042073099000000000001
044039187070205212235060004434057006
021122112180215161064004004435322006
115142149179202031037138068815032117
049156146069199136091120614733886206
135243069178205187184126000802667606
213173038232244031010027004434509706
112081188215198192214051080684948506
073155112248205032021088004432663606
050094174017231225123094000530465217
253243238148202024016222001233245717
213179055088207001131073052222699306
091232157201212194187157260855156306
044200110085207023228078004435053406
204049067012205113207213587725032106
213173038253205071139253004434606606
044207095222135079171158004432825106
243054004078205218244149004435801506
075000118029194039040084004432094206
047052107154194043180068004436054606
047122006007131115180167004435019706
124045222038212195128205177710886917
079121155115198253205076375910002306
134009113047198243029005000535029917
223007030181237042073098004434214006
106097052071198247249234000254027006
044222133003198247251248004436043706
042088155145194042039165573654157206
247003240082192167126125004436076406
070243079058139180040128000802740006
088133069164050122105077000805443706
016253002238116247217187455320905006
104099153000215004234233134920688117
092016230081202029112105015645502117
123066156223202024006088004435755806
013216016097207012129161004434016106
047170159178205239087221004436182206
047124189232244248213082093393616906
119142160247205251200208004434377017
044048102158240235109061004433377506
044068063152237042073103004430945006
131024048041205166054175000000000001
208070209174205200149026000805967406
016003076164194017237222650036082817
062255137098199224156157004436223206
096189099131202024017247000805531106
195150154146050122062057433493619017
218225196048064005155210000805341306
030015088182198255186198000000000001
135084107064237042073101000802829206
211253223037205125102216541275601517
141236059116231225123080000530529517
114242110010205098029253000804591806
042204053233240202062082060083723017
122139039152215006004001004433278906
077013252066199177255188522511361406
053055032185073165228168636920044506
213173027169212227179154004433542606
047011174045237042073100004432303606
224187232220244022253254270436429317
216038054075215177111199000802631406
044222068204205139035130004435212706
105184001203205166054175498245023317
131000210123193241062137033065703906
047100038064237042073101004435672206
044002011074205251200208430006344906
197016034018205167205173004435407406
047119207040116246215087004434558106
015230250086199169214220434625826406
237042067018237042073093378620008006
016215208159237042073100000801449406
073155112250212064082250004435372206
131031158013194043116154034785283117
123188126157212030203080000806243706
135243072017207000086197000805112206
140066249106205126137100004435138406
231148133019251190011114004432971406
149042099213244158005052092170930917
253235248123199204074001634460002306
040005211020199153098233000806548706
202217215109205098030052572750833306
104098198223205218157165568711586017
044071110093202024006016004433079206
073167154222251215115082004431406306
248126214163205125121140024533968706
044026241102237042073093004432539406
112157002175207183082162324675034517
042204057159199222137066060084032217
148067222062240223215108000531914817
030207053136199137227107068812715906
072011211059231225123079000532764017
237241130077205236095042004434610906
047034190173237042073105004432184406
049239054246251000115136089993645217
131190120055139143018199004431948406
140066180134205148025182118913347806
072011003047116246215221000000000001
135084107093237042073102000805238406
218225159020064005155200004435743306
109206152111215163006231105375030006
049097072145194038151230566960008206
245212148086205139034077526775604917
223007030181237042073093004435507406
034040179238064005155150004434688806
076084179115205195118254080025056406
021120111001199224153069004435071606
076084253010240063017174004433438306
116247100010116246215153518180905006
148003126058116246215074004434989306
047091064019244001196133093390263506
128108194077192182250234000230447506
044068047245237042073092004435129806
155253143182205180215253000533528517
218225236115116246215092004435214006
050065205146198241224173004435320206
218225236254116246215087004433436806
213179055026205251200208052225261206
016215208159237042073100000801167406
195143161183215177179086000804113506
148068184013199177087134004430736806
124037118253016229032072000000000001
044221094087207183083066004435522906
044004098210237042073102004435350406
089141025015192022166246270512849117
152148101101194017012044080124928206
047123226034244029048153093393729717
016010006058050122105077000805676506
104072160203202028210174520344879317
075009038209202024007002000803492506
059188144242202118049109015725141317
078078064062073165090088593490044506
225197118025116246215050000803859806
130004046201192182063130000253772606
112081162172215006175185004431074506
195109148020244157133118407555640217
197222188038205139168173585340338906
044025052213237042073102004432924606
021120101159205151251253004430399806
146255202211251224088150004434950506
016012080208237042073092004435718206
016012080227237042073100004434145406
075249190070064005155195000803947406
224237158038202029044062332576192906
223010192238192022160221000800200406
136157070216231225123079000532969817
044004247143237042073104004430572606
148083148055205218024002000530192917
213176048223212195084214004435876006
073155112248198209156237004431097706
131058204210215162050050085705109706
085202032165050122062058010245749617
128116066098192167122040004653525606
223043024009192030102221000255325706
119046101194202030160253099984178506
050067254114205180122202099875019317
047100038064237042073099004434705006
076177103249205127099025052225275606
016198086042064005155029562360905006
034107085234064005155228000000000001
063175018224116246215094004435896706
122173120058215007140142068820314117
196054236205205218074053004431121206
022246023049192166212184000804995206
237042064210237042073103000806031606
044068040242237042073101004432166006
047123162206212227179066004433217306
123207182183138030248186278845471006
016049112217116246215071004436161706
021068194223215163004047004434930206
195223248240231225123079000534662817
149158111124138145213185080062718606
077007174171194086011013458820590006
047187093007135079171175004430420806
016198086044064005155053538270905006
224160238165219092207084350002480006
066252041103116246215008000000000001
114078188210202118026061427740910006
097132071168116246215083004434709506
047037136053205250092216093390481317
239213054021212227179073052222179606
058226202247212195128205050563523417
143170229133244212230125514725037006
062196047072237042073095000804258406
226154176178205236095117004434867506
140075193213244038207195004435120606
148094169025199192127111000533695417
130150037145231225123076000534371717
197155091164244205139177004435177806
239213224163244029215072004432037606
041146223064215006172212059992849717
080206068122194102249026071411803917
129023209111138075190050004435893206
075029136019116246215070094823856606
097133082094231225123080000533042017
022196126022198231051131081044654817
204124089166215177154200122552729517
197003183099205167104077000533765917
123188126245194038094222004433251106
238204247126199208051072445731197517
098074219139198243028223348675425806
197061129192205218041087092173121717
047123040177205066136005093393546617
124045222041199171104070177713944717
073155098048240183007107004432640606
013156108158205127002001000805937506
034040187134016048144184000000000001
044039102251192031167041004430438206
047113216160205167104005000803716306
044068047245237042073098004436512006
152148105234199222139061000805358306
062212127141199153099164094450005317
197209037056207020027157511580338906
134172193176198253195242000535386217
223007030181237042073102004434887206
062194165110237042073106004433903606
044037160143205066230050000803093306
016195143026231225123080000535952517
047037140067205219223041093393387617
084115143027050065143088495890044506
104195116067205139035190000805711306
035192100134202118163077331400002306
130004046202192182212196000254732706
070096211183050120061057205822274506
101016107254231225123072000533166717
044005105069064005155209004433754506
044000201196237042073106004432275206
044006085094138091022109004435864706
124243178072240063103090000804423906
047053209174215167112202004432730306
141198057159199153108044004433669606
016012080224237042073099000803219606
047084229098237042073105000800808606
034080172020207001181176522700002206
047081219017237042073092004434368206
193253232026116246215223520080008006
099035121241202024004125069011299506
016179014117064005155148000804903406
047081231144237042073104004433848406
204163150148199168156166500965920106
088046077106244003242008086142631106
224017187158198253194217197210002306
140065118211064005155209004433379406
047122198133205236086082004435214706
099035124255244038133045069073524106
105129120169050123065215000803933006
119132120169251215115082004431408106
237042066201237042073093192800008006
148092183118199224156050027036016706
076177103250212227179141004436307706
091177248076252248025120147020012317
253102008178202031101004001234357517
044043191167205195112231200253386406
047160019129237042073099004435185806
153033091201199224156124004435340106
195255025117215004019210033895224706
196093065108231225123079000535461517
237042077078237042073100215540008006
075010113057193065038164492360044306
109118244018205200226114477830789117
122028053023135079171185004433175306
200000001236199170068172389100005317
047105175246202024006063000801573806
062199080201135079171175004433608606
204073062143205251205039455506457706
213176048119205195122022052223335706
050075028226193065083233081015881406
213173043251244067234184052224490106
134134130182237042073096004432665406
047024005204215007246013084435163406
103227026163116246215085004436151706
075019097167194038094202004433239306
036050137081205164118209334460667217
047091030193205071139108093395731506
075062217254212194088019004434057306
213184192012205139034077004430184406
224115233227192030056249004435046706
141198057156205139035106004436016106
016215208159237042073098000800327206
101213186181205200226102131330648017
119132120173205113205186004432787006
123188126168251100165137000804242006
135229197098192182097019400820002606
227003017060193065039062004435115606
044051120016199168236212004433703606
016012080215237042073094000804583606
044062128013215177154201004432734006
196093065047205098239105000536356017
135214201040202030154049000805026906
033239237031198247228021004435384106
021120111081199224154078004436015806
047037227113205199049218000805424106
049076058083205113250126268061937117
047109074180135079171158004435375806
030015080204198255186198000000000001
218225091066231225123079000532340717
103119022032194017228064000223543906
044051126113212034244097004433524306
091029124200215027187029000803401806
030214175187212030170230004436486406
140043222036116246215074004433615306
007088180022073165228025338030044306
016036124186116246215122000805724806
007205246204244205010227638052552417
223007030181237042073105004434325006
049196070034016233082120000220008006
070118153154205126037195209065533917
062253047100135079171167000801353306
248068066139244158229189000534417717
237042093047237042073097000804675606
047026022124231225123074000530520017
248199101004198209172128000805217806
047011025155205166055169093393289706
197043153097237042073100000802663606
131148087034205033005155000531742217
223003058031205212176230004435641606
073027199013237042073103004433602206
044039138017215106046121000805866406
062201161090205236232253004913483306
196043026097231225123074000533742917
137030089164198033154117595860005317
213179055030251100143082052225467906
135243069107207022045119004435912106
100124107234202024016232000806488106
021084065146064005155132004435992706
059211238234199224098189000805637506
002091050195199224156213491982750606
044026206013237042073103004431093806
027149165185205249010089252253387717
105233083050198243028223525494911106
237241141150198255186198000000000001
135084107064237042073104000803453806
140169199128064005155137000803366306
083182120250205180024108260855508106
218225090007064005155210004434126506
136053123146202024006066000804617106
208070209184205211029255004435032306
070243078224207001175253000806331106
212129169045073165069060462940044306
248176087004064005155136004433571506
132203029117212194251014015004550317
147202253096192182052214000254856706
148068184009212194091128000800603806
073161165181050123200251622185120417
112182043203138091022122004432689906
042053237105050065170172608670044506
122016151097240235108140004434190806
200222133154198247244239131024916606
231148131152215161031019004432722606
062253117013251108156145541772625206
047119081048116246215068004433318806
042055120138073165091044205700044506
047090234249205217244177000804401906
070113058142202029050213355095687206
140075251103251190010037000531312517
030015090225198255186198000000000001
196093217241139113197238355100905006
134233149210215162120188188974729517
044050166146205183036162004434524906
139130176205116246215010250640008006
135084107064237042073095000800283206
135243069107205249015219004434934506
223139084032215162167253004432190706
148067222062244029048153000534663017
245057065146116246215012000000000001
140173240246199177245230000805068406
016212252040231225123090000534074917
158050235205205236085005244984721817
030015093024215167193003004435603606
034091029067215004034033571400143306
197043153107237042073093004431397406
101223181244199169220096619782722706
044048002021116246215120004436443206
062196047072237042073096000805596406
047109074090237042073092004432982406
136053000037205212178158004433604506
103119022127194017228064000225740006
044057209045116246215084004435160506
131003116183215013072176004433699506
057184217041202025074245001610352906
196093217241116246215153619900905006
013217114069205032024129000806321606
076177099144050123201098004433505906
096194151209050254095210375961711517
070036028098205195114251564540044506
063175024032199177083019004435863006
086112206159135079171185033896454906
047122022124205139007204004435038706
048165178203207001004140080003707117
249157228007194086008072590390338906
140173240255192182181228004435401606
202217215109205212230107000000000001
247003207022215022049162000805158806
079121155115244038134150451880002306
033245039192116246215093004435604006
044003035164205218074061000802735806
047028035131212195071082004434317006
223007030181237042073103004434208606
210024201155199224099045004432733306
041144095009205066158143004432709006
107012121165251196147123426866404006
114071234246205218157173519006186717
097209020231205033024079015324960917
033239237020194207242172004432355306
213179055031138091022105052222228306
210030029151205212176066004435058206
047123205185205187184146000802839206
044002014134237042073095004432756206
037149246117205071045158225700002306
062255094173199208059180004435985206
044008001177116246215076004436294206
047112148107205195208143000805696206
016012080206237042073105004434881406
135211094129135079171104004433886906
099035122035194042036105069023030106
013158179067199220212132004434178906
198140094049116246215053500310008006
218225236252116246215092000805549306
063147013072135079171142004433644106
041150227112215004234025004431388506
047033066165237042073093004431093006
016245219142205211122024387690148517
047122143212199168233023081086204806
048167185211139154144144000000000001
062248169015205066245193004434959206
016195252090139113197195340881164017
131134146233202024004211001231047317
196094254201064005155119384180905006
211210206019212030157184004432668606
124101052192135079171167004433646006
083129151034073165089226566500044506
013157066193205126032234004432793506
021088064203116246215060000806010806
016012080210237042073094004431511406
075066153110205033006248000804934806
044026121187237042073107004430661806
080203191067199136086054631051936206
131151065185219092212151000536366717
030063056186194043106097573212819806
237042071041237042073094000803248606
148080010116202167207047050720506017
097136118177073165054127552630044506
203224096081116246215221000000000001
047003229249205184038088004435786006
139042104222135079171104004434040606
194147120143138145199250456825065606
044025062064237042073105004431740406
196092076165116246215074004435641606
048214101173192029095211618145718606
124082187025237042073103004434302806
113108125176138152125093500770127217
237241141030198255186198000000000001
033239237031205216066211004434924406
047049249052199152010075093393725617
091068167026198032095009314970002306
044027144165237042073103004430378006
058245242020244003240027092120373317
075095166027202028198205550006399206
134195064116215162059126493410044306
076177103213207022045110004435759806
090050238010116246215092004434775506
016215131012199153033078004435035506
218225090096116246215086000803836106
030214175186198247241142004435002906
156127033094199153056246376336010717
042204056168251190011114070064347906
007165162118244089080022119562664917
213175253199205127097118004432674406
127107231112064005155134004436083306
064004255129231225123079000535494917
100208217209231225123079000533420717
239213224177205055205249004432949706
073027110110237042073099004435452206
070048059033240063114212000804534206
197043153102237042073103004431673406
202217215109251215234007572750688806
057184217040202030059092001615342306
197086212174207180014171086214975417
033160041190064005155190000806204406
070235055199202028099085379791847317
062240008018205236255034000802676306
135079191083135079171063476750044306
013212121052202024166159001233820317
047100179217237042073095004434772006
016012080234237042073098004432643606
092022080202135079171197645410044506
016242056115231225123072000532422217
218225090096116246215086004435154906
218225196096116246215093004435856406
149158096184205250088078060934915806
016215208159237042073104000806138206
223007030181237042073101004432729406
047169079216237042073100004430292606
109023164247244029048153302745893317
237042071030237042073100000803112606
113175002229207180015129281930514306
041234113206192031126139562010102417
062212025071248200243113004433601206
136050227178050065196208166720044506
047004183099116246215076000805330506
124101052207135079171152004433351306
044019231059244157168169004433842406
135187230006202030215164009935957806
243054004038194042207035004435044706
213187251107116246215087004436348306
047091230164199168152106004435778906
075067237030215019148157004435647006
202217215109198193181231000000000001
062246040230131115009236004434129406
063150146075064005155209004433938606
073155112250212194146194004430504206
098138179011212232022078370254915806
047030005215205187184005004431241806
140169199139116246215121004434934906
089252147124194039037050000510005317
070243078216251196144220000000000001
147088234210050065188076497360044506
213176048249205127099028052224806606
206220228046205211054118188980814717
030214173011244003024022000805053206
146075054026231225123073000533804917
218225090007064005155132004435976106
047048027145199137226180093392854806
245098018073138056032176090100910117
200124200090192182193067107840012317
210061167168215177154200004433839317
122028053057135079171142000803414406
119132120183205239048173000805161406
122139039152205032017082004431864406
196093065108231225123081000532812717
044084080196205126033125000804229006
195255027155215004019210033896103206
123188126104205236238226004435213206
044062175121205238169002004432745806
048167249030212227132014000802635806
073155112250050121119148004433367206
149201093177050123054018000225290206
002169070036199177082112000801499306
044000190172237042073104004434868606
071015225018248200052157004456131506
050230053018205218244149431893264017
108116060126251073188178068894453717
140078028073064005155028652240905006
197122065207192167239213004435798406
089179231101050123083134000254720906
101016042173207020027073514132083317
044068187143064005155209004435744206
124101052205135079171142004433281006
210001156021207001000061000803749606
047169079216237042073092004435031806
062197230053135079171146004430475806
159089146105192029094254442490312806
016012080233237042073097004435823406
136053096062244248205119080805657406
044203239021194102251120004435430306
112146214211252248027066555294460017
137181043113212064070177000805545906
062237119013194017237222004431339506
075225034187064005155149000804670006
050050204122194038091253000224654706
112081188215194207240173080685432206
113202209181198209155108515175585117
136162197094073165079254504460044506
239213051223212227179141052225220106
044221052176205164190018000805149606
054002202123199170229205349432608506
123188126162252248201183004432935006
047004020132251224004052004435884106
044084086227215177165018004432725106
044072110206199208051001004433874806
047111122036237042073093004431806006
044205082201205066242095004432696106
238204215250192022173005000804728506
128229158014192182090114365203712317
113116105051194078244204068810321917
047186096183192022173005004432781606
112081211236202031016238004434988206
209101028186202031036079251284568206
119132120158205113203170004435018506
042006103124202030070109010253688417
069112177047073165081120541700044506
218225243047116246215240441630904217
218225138027207001165070000000000001
044024098189116246215070004433572406
122013116139205164121198004436029706
047105181173202024017009000802932806
070093178250244127141129385980808006
075066019002199223122254004435184406
002136110002202031141085004435173506
195122209146207009254178077103903617
002002130255205098029234004432009206
033239237020212230042118004432678706
197042087201215018090044394240104617
237042071033237042073103004432546006
047109074090237042073100004430797006
093223141030050120062215168815463106
196093065108231225123072000531086217
048213171007205071025012080015708206
072013035187198241161218418631121117
047187253000215160157248000800428206
223014026255205238169234000806234806
047160019129237042073105004431282806
008069239058244001198242000804343506
210011249056194102244093000000000001
082059252192202030158172000000000001
062255108086205194240132004435680406
143232076048198193180233004430355906
057184217041202029136214001611204106
047108208073198231048022004434987006
107185103221215019148157493370491117
213176048167244248026170052225981806
047109144143237042073106004432620006
030015069090198255186198000000000001
076084179115192182175130080644995106
226154176178199153097038004434532206
223239026122219092051180004430835406
021120125191139180034063004436004206
218225090017116246215092004434382706
096004241251138075186004408370002306
013217100125116246215082004433359606
213179055026050062034042004434947206
015043183026205167104037000000000001
135214201051205139007193004430351606
087121217056194102244093608235960317
075091213059237042073104162400008006
224237146240202024005083270325422017
146124016145251224032194059384918606
070077168178205239099087044770143306
112081076229139180035105004434296606
116247053068064005155193004434653406
218225196048116246215093004436136306
140169199206064005155210004434724106
044084080082215019203029004434246906
196176079224215018244002000801304706
153156131134205180014169435940435706
136151110106215006075116000804136506
218225162218116246215156390570904317
129164129243073165089015519830044506
113175002229205216067105392350512606
112188236173202031165238487150688106
034080172094205127001119127560002206
117081062196194017238139047370012317
044068040242237042073097004431577206
080104109139251100165141141893904817
113186051112215019186193541230688106
223007030181237042073092004433551006
033236176074199153048225000803908006
223007030181237042073093004430996006
041152128161199168152210068816294017
044039099208205071042088004434945906
016012080206237042073102004431281206
232241154219215177154201543271763606
072044146075139180034162029473327617
096118153081192135137009079840044506
226154176178205113199046052225277906
213175195122199168152210004433456606
044214091089212230060001004436048306
062209018251205200149026093394624217
130150037145231225123092000536134917
044040181246212195089174081021203817
098101053010207012143245575180188717
073024225211237042073106004434875806
196093064209194038152203000531786717
146124016178194207242139059385012206
044072199058237042073092004432071006
220205241129202029078119278165260917
062246223099198222245118004432846806
048213113101202024007251080014881606
130185214128205249054186255650008006
047190089010215106055095004434358806
016195143015231225123076000534903717
076084179115205071137142080024806106
073027047107237042073095004434404406
062205218156135079171198004434218406
083183055069073165073083595860044506
134134130178237042073093004430686206
146089151070050065234116524360044506
197190098108205071034122556820338906
113136181207202118050201206755808017
047038234192050252039173093392709617
049040123001199170229205629502608506
044050105189215255061026004434683806
059174238074205249055152154984778306
112081188215199137227110080681929606
075067180034205250038210080650325906
044001179238135079171207004435688906
134164179104237042073099025151848806
213173033206205127096063004432707806
223007030181237042073105004432446406
007234225066231225123095000532183517
083230194045251000115141259400179517
251103139043116246215081004433581006
213175202215198231053138004434585706
076177103240207000086105004433376606
197109049206215163005030200166003217
090214058024131026048220624080044506
098138179011251190158157270254915706
047061105114212194054097004436429206
123081131211205167130003000254204906
213173033210202167000078052220396506
141183211149202024007158004432185506
062243198239116246215084004435260506
196055051240205183123101188330005317
047034247075205166055169000804935706
047100158133237042073100004435852406
239197096130199152014231023232079406
133225035206064005155228000000000001
013192054012251224032197004435036606
236146136233199221119091004434604906
070243078224198193188208000805263706
128213093093194043181019319630109417
021091197012116246215077004434463506
044003146147194086012122004433427806
073155112250212196048209004434655917
044084080118240223037058004432865506
032212091068202030129156252833154917
062216063126205217248003004435724706
027121118121194038144205217144379717
073027006102237042073106004432662206
021120111085244127033022004435013406
047011147048237042073099004431901206
136227068188192166174073429110002206
002002132232050120061099004435945006
130150037145231225123091000531223617
131094163040194115204177004435035206
237042065011237042073106391540008006
030015068015205218074002004431010006
152147047105116247217133000000000001
199106198244202030144234574862981317
016012080214237042073094004436159606
062211141200212194251014004435226206
223010195120199224149004270202672306
140180007156064005155134004435012306
253102008178212232185137001230012317
116255056096116247217234000000000001
231120103013135079171071004436418006
025132031184198209173218515850102417
116247237224064005155166529940905006
085206100123116246215221000000000001
213175202114199169026137004435182806
223007030181237042073101004435204806
097133087114231225123095000532955817
075091213015237042073105000806249406
062226241244205202230008004434618906
075062217254199168152210000802715906
005222125235192182019174005874905406
150017202201219092207093494910933117
247003110196215163203222092121300517
016215208159237042073099000804893806
213175202215205195209071004431986106
079239022042122195111160405640044306
044003214238237042073106004431160006
141183211072202031144094004435083306
204018008216199169221117282665653117
237042118036237042073248000000000001
251103139035064005155066004435737606
076177103213244031010028004433273006
218225009060116246215120004436477106
042055017114212227179051462186393017
080185148144202029137133537563345717
218225090099116246215086004435263506
114218001046205148089125617575733117
108062167232205167204244125871456917
070210018108202030210171123486376806
125229017165135079171073000530962217
223007030181237042073096004431145206
044011105069231225123080000532743917
037045158248073165073073561210044506
047168186061237042073093004434280606
076086009019244003004211004436200506
002154181158050120063005622850102917
139188155249016198224000214480044306
044057160068116246215120004433441906
044203244100244020059191004433649106
016195143025231225123090000532262117
070243078228205055100063000806181006
030214173122199171096213000805244406
223007030181237042073098004434210606
044086139215240235109085004435642906
086108182078240063114060390820008006
197117053177202118062080004456275106
091177248076252248025120426280012317
210008149027205212176066000804974306
197241184104202027244243484740002306
047011074112237042073096004434316006
135240062190199169210176004433697906
044026121187237042073093004433050606
223007030183199137129014004435143406
047039036028212195071205093393870717
047063099163138152125118000804025206
076177103235205216101116052221903806
202217215109198220151174572750711006
015129177184205166063098000000000001
041150227123192132094124004430287206
096033085003194039043106304665141317
007232071035116246215156464310904317
044220069175205066255050004434616506
044007049164237042073101004432094606
086114094119198247248149557970143306
044010006170212232088058004435585906
047100179217237042073101004435776206
047032234134205055132144004430396506
073024250052116246215079004435834306
152045085024192022173170004434043306
002169057008198247250197419182713006
016012086154237042073102044440545406
047108068093199152001190080805409106
094014230224198253203037270322703217
155038086098050255212237000804708306
213173027187215255201091004433964406
130197083106205251202114566035284517
062195139007205236231188000805462506
044074037152202167044253000802659706
030214172152212194251014004435664906
239213224161215177242054004435193906
245011003173138152126074123286145017
238204208135205180215115000804947006
044002176068207001174194004434661206
064025055024212194146194228722680617
047034219187212171016094004435656306
087102215208212230042123097090268706
109088156106073165065197494520044506
206187052191231225123080000532082817
134042003119231225123079000536155117
021068194221199169214025004430646306
044000133249237042073101004433977606
243054009038231225123076000533733817
232188026003240063101009004435195206
032171105033202030011092099983326306
239197074058244038133045004433600306
249237198173249237198146439470017906
063175018224116246215074004434125806
137023016017192030007216295410005317
147159022247198032163061043250002306
112081189113205167104037001234187317
076177103235240223023246004433576406
228209024095199153107001000803725106
106047168021073165110030573380044506
096133189042205239057189045930107817
245098018073202024005244092103052117
146119207230244038133045334754212217
223007030181237042073105004431949406
135229197098205184066056364580326006
136053123190202030198046100744893717
116152045234244067211106000805008806
197016034018205180009168004434834306
079121155115198253195050595050002306
127249128071240063017189004435814406
075091210215237042073098000802870806
197093014065050065189173524230044506
081126050160131026048136480520044506
016006238168194017239253310770038917
047050128045240183051066081004784717
073155112250199137227082004432926806
214021089076073165065163559010044506
146017019058231225123090000536110317
149054242146064005155230000804808006
047027190064244212230125093393078206
235195225030050121119151364582631917
217227176060244157132105333920312806
021120126074205184044179004430426706
213179055092244248165093004433957306
218225159169064005155102004435363406
238204013151244157132105004434987906
223007030181237042073093004432074606
134164179074237042073097025153427406
034120101218231225123073000533242917
231148131066205167107181004435884306
013005196038202024006192000800294206
139188155249016198224000214500044306
002074010208050122120234084280330606
063169202103064005155175000806442406
197030218110198255186198000000000001
103210144052194086007085254260002306
146086001039073165111152559510044506
122202143046244158005231149410012317
016173094072202028114029000804349906
030214173057205139034178004434922706
146011196043205113255034004434217706
143090042095244003251036004435870806
076177102193205216101215004433804706
073026250229207001130205004435368506
076177103215244205138233052223696506
099141148220116246215071620240148417
049079080180231225123075000530622817
213187199241199169027087052224422006
223007030181237042073095004433463606
203086155021231225123073000533827617
201004191006122195111160595110044306
234121241156199137233223270225016117
226025005176231225123079000536332917
075091209227237042073092053980008006
096018045120194100119120000000000001
116155094148116246215079094825311306
093116203119192166172215565631444617
064004255129231225123073000535002717
237042118037237042073107000802892406
070243078216198229020053000000000001
213179055116205200149026004435304006
146255137061205098232221110002005306
103231168215131026048182540430044506
216038000197202024007141004434250006
197027032245215163175037000801328106
076177103205207000086105052222817106
130150039080231225123080000530939417
047084229098237042073096000800581406
223239026122251224005137004430292406
085154009232251000112221569440005317
044001110112237042073096004435932606
044207195187251196218143004435067406
196092076165116246215069000805743506
021016182033139180038003004435310206
202217215109205236230145572750711106
114242109008205187184126000802761606
146178132237073165059012645150044506
070243079058205180026192004430202206
073167155193251215115082004434352106
113181096148194043181019472082274117
047028251003244127158110004434637306
228202120167202118022090004430161706
222246066077050123054018000225575906
064004255129194038152203000532313017
203203204161192030017237000000000001
093047222206202024017197000804800706
047100067038237042073104004436543606
049088042123073165059091529180044506
218225236217116246215242616420904217
070049041050193232166218179861359017
237042071046237042073103004433113206
237241130076202029060102034785081217
211038129007240063017189004431238317
047111041154237042073098004433115206
238251025217212232088058000805019406
097133087114231225123079000536336117
213176048077244158083125052222759206
104094187098202118088053000000000050
108055241036199177241038045000450017
149054242231064005155230000805600506
062205196134237042073096004435056206
063162118179205218072146004435768606
147212137172073165065235521350044506
016012080233237042073093000805463206
213175195099205112190128052222758706
206198237071198228177054338223779817
044093090000205195126110093394183806
213173027169212202218042052222959206
213187251107116246215092004433968606
025206099133073165054212548790044506
032033195215198192215036106863693317
202217215110016229038168524380176406
096189180154194031029181000800816706
075009037218198255180242004431832906
096189178094207001131114004432708106
247003134093193065012156004436395006
123188126106248200242171004436181406
237007163109205249011236000805819106
073027047107237042073092004433796006
044024116039237042073098004431785606
132200050192251196218134621694813906
149042099213194031112211092122858517
050075159109199137231134084421948206
030015085244202024006062004435042706
042053045240205180018187213601647117
253102008178192166178108001231964217
042055074180073165110186569880044506
134134130182237042073098004430360606
030054086185207180015129517030436706
108247089047215167112210610162333417
049199050155194043113081514131776117
044007016245237042073107004433800406
044072199058237042073102004431347006
237042094173237042073093406780008006
062244104058050120176206000804398306
047049040211244020135109093393535517
127165136187064005155103118913731206
119132120158205032022022004436215506
062196113084064005155228004435766206
195220152173205200226152000532549517
106046054024192022167203010434916017
213186016042199168153032004434172206
255107248252199169206186025350464506
202217215109205180021019572750977006
140169199136116246215121004434166806
158014069117202029021053011193925217
044221149249138152125118000806296106
044023166209050057213168081062960317
218225236216116246215242493870904317
044060234054116246215094000805523106
044198103053202030099244004435814706
223007030181237042073101004431779406
025171200009122195111160078140044306
044084086079215162164013004433413506
076177103235131115009240052224018406
096065012251199169206186089990899917
062229225005207001000185004435892706
073137234065202024017156000804842706
239213054024205251200120052224356906
206156070057050062034042498184643106
213003035227205184032057491393960217
197106250176202029149205239521493617
075067180034240183052137080654403306
109216158089215013074081456324285017
130077202007116246215095004434639506
102122033060205125104194306355626317
121149058201215019070255283820204817
044024116039237042073104004430985006
134014051239205203039104000531219717
130044040114231225123091000536178817
044069144230199224155162004436494806
050051216197205180105212000000000001
041144006215237042073094000801539606
231148131160251108156219004435203906
062245209014205139035237004434423706
223007030181237042073102004431344606
253102008178192132041114001230012317
245208181004205125110211004435022106
044049128127198193176013000802814506
044051253090205032028200004434769106
147221037031202030183087532913381517
154026179176202026089179252010002306
099128254137215027045049634023925106
247003110196212227132028092120109617
016012080211237042073104000805635806
116247237168244020056041000000000001
062194110038212227179051004435472506
076084179115199136087080080024979506
123188126215244031072029004435208006
208070209166240235109042004435174106
130150037145231225123075000534392717
070243078228212227179182000805163806
206163133099244127020121581160312806
047168171093237042073098004434655806
034003240157251100208249033560264617
112042063199212195128205336565126306
076177102197240235109089052226199506
077079087101073165069081217180044506
044094072169244157168176004434532706
141183211149202024004194004436535506
197222188038219092126123228040338906
096024074206205185134073000000000001
070243078228198231235059000805141006
047024006233244001196021084434983306
044004098210237042073106004436170206
111234251011205126127126004435042906
084125148253050065188052573500044506
076087157134207001052026302742760117
063167050192064005155235004435999206
016012080207237042073094004431431806
048162040009199224098189581180312806
124101052204135079171198004434030606
134164178084237042073102004432034206
249157228007194086012080592050338906
013192092160199136064158004435441606
044007049164237042073093004431474606
213175202203050254094249052225099106
075249190070064005155195000804322706
135084107064237042073099000800269606
091127140068073165228250553570044506
044039099208199171206115004432844106
228202120167205218245026004435784306
131190122252139143018199004433963006
073155112250251224032197004433954606
058019008199073165110252512940044506
153158004086205239062103000804955006
135238185008199136086126019354321906
082035160064205199061143521592348917
097243197014199169023104580990002306
151064049167198033104135000531838817
062193109008116246215073004435907406
070039104125199169214054637365218217
073027006102237042073101004436109606
085134080181050065188136590020044506
016012080228237042073098004435968206
033241125179116246215086004434496706
132222118038139061080217111035378617
131003246171202028086001004430250206
062196168036205066248005004432676106
253102008178215027200086001230012317
139169064229116246215069004433436406
237042093023237042073104004435361806
204073065089194031028128004435876706
131051240070207001170180088015009117
104160174088231225123076000534364717
213173027165205187184230052222657406
070243078224240235108141000806138506
250025126186231225123091000534325317
047033146254237042073099004432839806
062244027004237042073097004432706606
062253214049205138232167000805914406
245098111007194031144004606380011006
042207112248205180024108520635483906
044086095207139219140233000804172106
110125098022212230042123493890254906
129253198005192167126179290793598406
047049042011199168152106093391824417
007239235096116246215082004435042806
213173014181198231053138004435512806
223139196177202118018178004435141106
213175253213205251205243052225486406
197061129192207180015186092170930917
135079173175135079171063538650044306
213175202232240235109082004434570206
223007030181237042073102004435051406
141236063174231225123076000535592717
139236203028116246215203157750193506
097133018055116246215010521860008006
148067220032215027045048000536354617
208070209168205187185169004430155406
197016034242205217254012000806008506
135090231179205180032184005874083006
073027177001237042073104004433805406
152157244218215019109100000804616306
021120111092205071047138004433137306
049113042136215106055010571213645806
049054102017205217244150232705854317
134251135076199169195027000000000001
197172050026240063114123526716485406
016215208159237042073093000802109606
097161087139138152126165433962663917
022196106029215177154201081002798417
131134146233202028134252001234607117
122064103205207020027231000225548206
152227208237205071135200330640008006
048213113101207008087044080015105706
237042080227237042073099004434614206
131208114075199153050217367800005306
122013122213205184032057004434109506
044090228242205166058095004433443306
196042219088116246215022000803549206
239213054001240235109061052225242306
047008181033237042073096000000000001
070032085113205126139247588150002206
041146223064205218032210059995205517
223007030181237042073099004430415006
213176048119215255201250004435774606
249158180126116246215076004434829506
218225090034116246215076004434113806
130004046202192030100033000254849406
013025224049202029117209052235488506
237241146012202024007217004435086106
042221081250122195111160564610044306
213184192005198231049105052221065606
047113242222116246215082004435412706
016049112217064005155202004435027306
213175253235212227178120052223287006
240183075101199169198062323700038917
213173027174207000084153004432690406
109254061149240235109089068815487517
072011141008231225123078000533193417
121152171219064005155229118914771406
193253131030116246215053513520008006
002208083200199169206186089990110617
110124241127202030130025011742039217
135072014070050062046170431524871517
116118134065207001054142004435666206
062196020210050251219243004430282306
021068194223215163004047004434930106
251103139043064005155135004435270806
134134130234237042073102044430642806
030015072203198255186198000000000001
076177102218244038194250052222645906
137113253074202118024061170542440017
103133039088198193176013133862717206
062196113084064005155137004434214806
140169207146116246215068004433870206
106200161133073165107048492420044506
149164124023240063017174004434978806
141245096029202030167023255655148906
107019161254073165172051130020044506
140169207198116246215075004436528206
131137154166231225123080000532686217
127190205233231225123093000535403217
237241143074198255186198000000000001
086084149112205239078078304870002306
134170046125231225123072000533696117
114230254146240063103131192420338906
073027146097237042073096004433538606
044038038054215022056248004433680806
249157228007194086012120592410338906
149042099213192182205240092120930917
096116245186131026048077650330044506
047123050189252248203203093395783717
213184219088205164191205004434666506
213187199250192166213076004434849806
230123000236194017231056551615341317
044058106209192132028239000802676106
102077122060205164123023552020104417
243054081023231225123077000533932417
200124200090252248025120502770012317
124045100203199208053181376723344117
253102008178205098229113001230012317
047169086024135079171167004431260206
047038245087050251189121093393558417
202217215109199153108122572750611106
044074152252202024017134000806045806
140065118193064005155209000805633506
136053101161202031100082000805992806
231128239044244089100230004433012906
238041145149202030080103514135189917
097163172123205035005005321795712017
047184206091205236224151004435298606
218225237063116246215087004436553006
107033183172251190083166080885960806
044000136068251100210041004433917906
096036045095205216167068004434455006
044005117233116246215082004433454306
134009124177231225123073000532200717
073024048113198231053138004434458506
141236059165231225123072000531332617
093168169034205098239253000805492706
134164179071237042073093015142606806
015043163106192167232014000804226106
033236230127116246215120094823710206
104141158021202029015072241950115917
135243074253198241176161000535547617
209224147139215167114145501065362117
044068054122237042073104004433521006
217227176060244248213082490620808006
223007030181237042073093004430264406
109118203132192135131152532465048417
134249009026116246215069004435339006
135243069107244031124133004434476806
073027217212237042073095004430882006
122022107139202028198154004434850306
109210154245205236083154490463338606
058010101018202029190143011195666506
044068198245207180188197000802522406
243054081002231225123093000533506817
044037093044199208052141004433821306
101212021206251108224208072994975117
135084107093237042073105000805180806
091173072179198032156253554690002306
030214173103251190074029080805405006
101152186126192182239148642696018717
044200157017192029170002000804184506
040219009006202029153156015654093817
047032110241237042073101004431242806
239213054087192132094150004432691806
109207192144202029111184545530899906
141236059119231225123078000532574817
048166107189016229032072000000000001
047119176053199137237169004432716206
218225072139064005155135004434974506
130004046202192182141132000255252006
109208018195192182011124005874176406
213179055078199168155148004435140106
062199163217205216060215000801392706
130004046202205183043128000254445306
044002171124237042073101004430950806
062196047072237042073105000805123006
213176048157138091022122004435895606
213176048080199169022094004434942806
044027170124237042073094004434255806
213175202116205251205243052226079806
062200101139237042073102000800361606
223007030181237042073104004431543406
047100097008237042073097004430875606
134164179075237042073100025153076606
130004046201192182215236000254872806
208082203076215007141241421646070817
249070076198251190010037000532145617
206157040181251190082073004434967206
122193198083215255219110034785233217
073165232111139061080170004456529806
135243027108244212229076052225712806
135157217008198193180237004435559106
197043153084237042073092000804036606
237042093048237042073099004431463206
057184217042138091019042001612268406
057104127189251196144199533770038917
218252129011205066252109004434986306
112082128244205216060231270323855006
099213119250193065023109000000000001
213175202107205099159140004435323506
213176048156212227177088052224948006
048167185211202030220159000000000001
213175253207205187184085004432640206
233133167069192182019174000254582206
203140082218192030020080487521914906
008074003158215013072176000801604706
044009074188050254094248004435162806
105142049181131114050057631620150006
204129052200205167107197558963400406
116089049158205112188193004434881906
047123062044207022028238004434642106
213179051175202167002018004434895506
077184084024205236227162000802308206
047033147015244020058048004432896806
136053123146202024007088000805454806
040035123179073165108214169910044506
223007030181237042073106004434509806
047091156045116246215076000803922706
143234087238205112119108000804915706
016012080217237042073100004431850806
015230250086199136087111516810410606
224217255124194078255228562795718906
100222067236215022059205004434323306
213173014179240183033147052224259406
213173038253139219139156004434915606
086115078133244029213102000255542806
015043163116215167114022000801841106
062194119127205187184009004432673706
135084107093237042073096000801620606
193253153254116246215053571980008006
130004046117192182059009000255726906
213175201166215255202178004434995806
016173094069202029084044000805800706
044026196217205164190029000804409406
070061250164205066249079358570102417
021120124196198192205165004435346506
104099115101212202176148636560102417
106215144138192167126124000255700006
047034184031237042073093004435162206
044068123008237042073098004435680006
021120108114205212176066004432948706
096109018070139180046029557374587206
218225159157116246215075004436105706
197193197115073165059234494080044506
127084202009139143018006000000000001
140065118211064005155209004435532406
221082247052207009048193004432779306
113178098018205249011254508944913606
013192054012251224032197004435036406
016012080235237042073106004435230406
204124084184205071032214106215102106
092018188098202031160026010934732417
047160077070131115052071040701595017
132005022115205251200208000000000001
127168149027193065005162070795390806
200163001079050065138079068150044506
197053131024205166121227171542836717
131134146233215018244002001234372717
203123243203073165111120256390044506
116086068189205032022203004432635806
223007030181237042073096004436309606
194235154215199169015043245155010506
196054251074199208055109004431313606
062196184068205183043100004435026106
047100144058237042073104004433305606
223007030181237042073092004433616406
058001028214202030098048059384939706
062249122238205194243198004435624606
218225162137219092051205004436281906
213175253232138091022122004430151106
146111121119194017013061000255902906
021091198024116246215070004434226606
197030218072198255186198000000000001
050075028226193065115157081012495606
062216209172205250089072004432651306
213176048221212227176016052226150206
231120120239135079171128000805335206
044056231255212227179066004435344706
127233182157193065033125000530214917
062209051219205239062137093393340917
133240121038215163006059552705222106
022197183038194114085114004432109406
203216241121139212113089103111332617
231148130200199220214143004435358606
016012080233237042073103004433535206
047090224218116246215076004434035806
047169086024135079171071004436178306
044207186172205126032234004435373106
044084086079215005026226004435455106
141216184215199171095049000805537106
016214000067198231053187000804083806
237241150063194100119188004433030206
007234225066231225123094000530808817
044020233195198193186028000804966206
101205188065199153050218455840005306
073024217069237042073107004434588806
229019245250050065234164557150044506
062246018047205126033114040104539717
149054242161064005155230000805002406
135084107064237042073101000803781806
138147081043139136059143000532787617
236146017047139212104149000530516417
062210093043240235109089004434655306
239213054009215162120215052225463106
073136207127194114125249011945639817
075048189110207012139067525242782617
155104201164122195111160389770044306
047124067060199224107115093392663806
016012080233237042073099004431144406
109246079170050065250146525190044506
044003062111237042073101004432210206
215144072148205212227045004455418106
044068040242237042073096004431196606
146217204240244038133045361473249417
134134130182237042073103004430404606
218225236112064005155210004435193506
131134146233217010236041001230209617
141236063204205211048023000534763917
081062199178050065212214201300044506
042093131107205126137105122590102417
213179055031215176001147004434932406
152148105234205164190005088420206306
050050032012198033105217000534907517
047170140165237042073106004434094206
201196156149073165080114537780044506
007169086107202031132068089995536206
193080072230016198231109000000000001
044222020196244248167053004432189706
016195143020231225123094000533561217
062197204183240235108140004433441206
047161052108205184035087004435432406
104181243211192029095201572082787517
210120202054139143018000000000000001
243054213172192029095211000800373206
196177091226215163165229004435950306
047004165109207001128085004435689006
136053123146202029145115000804881006
062198036118064005155209004435940206
137113214047050065234238263630044506
205166140081138152153233000000000001
073146005182205180214223004435821006
064004255032231225123074000531273817
044000201196237042073097004435377406
238063074219192166172049421640002206
195165100180205219154089142793287417
098134108013202030141146449341688106
016038126020116246215068118914664806
196092076126116246215074004434113006
047062092105205236085006004435264606
016224017092064005155211004433986506
141236059156199153056125000531668617
047109110150199177092031004433541406
237241130105205218041088004431795706
044085129029205112188079004432851706
113118085162207001011164004435505406
057184217042202029041014001614067806
087125084252199177089053004436401506
037032097087199169194038471300008006
102076159176205055130072654602803306
062241226061237042073094004433922606
104160174088231225123076000534402517
008074003110198254091157000804658406
138112116241193065125226403125932217
044007138236131115183072000803753806
016195143025231225123080000535589917
070120221067193065033125534055574806
013158138052199137227021052230816006
078169078045205125126009274383521217
044025079037237042073106004434043806
134164178087237042073106107300008006
063160076234240235108136004436205206
090055221181073165109154577280044506
213175201180050122165233004435292006
044200187186205216101114004435989506
141236058146231225123093000533857817
076084179115205126034223080646434706
114230254146240063113240192290338906
206110117167244248167237000534627706
222246133022207020027208500025910106
044077189126193065001186000000000001
047038078125205194242231093396157917
218225090060116246215071004434673706
119033057108217008036117246070005317
044077100001202118063002000800344306
086038150220131115010175279166414406
131134146233202030139109001235184717
103091098154205032022193324950005317
213187199255205216098062052220252206
200222118227205251205198000804079606
044220083250131115180173004433388206
148085197151050056159098000806176506
033038140170116246215081000803862106
047111041154237042073103004433861206
218225236071116246215242406430904317
062201098027205202141175004435509606
119128009024231225123073000533345517
075095166032251196216074330002746817
044002177031194207240054004433479506
150223214061064005155228000000000001
044025089096205180139069004432843206
131094165032199177255251004435597106
073155112248205071016140004433863006
204096127004219092051172004435840006
213179055087215004234218052221641006
197016034252205212182117004433440506
231225124184231225123041000000000050
063160061073205032026183004433830106
047090004186205166056009004433938806
044009185146212227066067004435420306
016012080233237042073107004431433406
127107225023231225123095000531002217
088113076170205217151125609560312806
133038052079205250089082010265354617
206207197167212194251014609354550317
213176048034138091019038052224492306
030130172208073165228060492240044506
134211126139202118047253004455510706
062212090207205126034223004436205706
090249157139240063113219567670008006
044009141232199177093143004433484206
119132120165199177248171000802471806
124029100237231225123075000532448517
062205187047244158005051000800263106
213176048107212195089174004434651206
140242158158205236095017000000000001
085185019018139180034162282383327617
135079169015215162057079649060044306
194054202200251196216180123272165006
063174215194064005155229004434096506
007234225066231225123073000530873317
044087066097135079171128004430960506
044032205213207001132218004434034306
044004139149244038133045004430679106
073026226196152098208137004432795706
235235201024244158004138339223195617
223003174028194042037103080742814206
044025168013237042073106004432872606
021114183013240063103187004435976806
044073141154207001014088004436027806
248176087049064005155230004433824506
050084215093205164096189268405909706
044032115243231225123080000530690717
213175202107207001182125052224560106
086112234201116246215008000803700806
075091212237237042073107000805307006
016012080224237042073097000801397206
223239026122205139007246004430332206
047160238065237042073100004432520806
136053123146202024016165000802835306
126064150173064005155210118916000206
044239094011205164096216004432349706
126078010120202029218014230310688106
212143024238116246215082004433585406
077074042131194043102144080491614217
223007030182198209152193004435786806
249158180126116246215084004434572006
100208217209231225123090000530423217
044002114207237042073096004431114206
030015068015205218074050004430165706
096189055102205194243249092170930917
097132228080231225123074000535719917
133151155247215177165029556082936617
053040250201231225123091000535115117
218225091178116246215050000804382006
044222022089207180188197004430631606
204097016220207183152092574350688117
119132120171198209182006000805174906
105197029156131115160074171132741317
044095134069138152125013004435253406
208070209181212034244034004435151006
076084179115192030220196080644752006
218225090017116246215095000804486706
047109177040237042073103004432326606
064032133053202029027055639450688106
048166074155193065086210250005570106
237042083116237042073098458520008006
130192161194050065170008613750044506
213179055079205127098074004434813406
087124056226050065212139521970044506
146086027249192132068159000000000001
127107225023231225123092000532999517
076177103234199169012057052224654406
016215169159205112188081004432633506
101081106117244020057190080804921006
103110067041194038095238547720002506
110203090161192182205008093066408017
041225076226205187246050050565568817
047061021242194038088034004434771806
194054207033205126037089584741990717
196042231044251215115082000803606706
211038129069215177154201004435289706
047036176173138152125118004432673706
211247251130237042073105004432807206
076084179115205126046216080645373006
245098079031198032254209520850812306
131255054053215177154200000805727806
134233147119138145213185612330287117
200222118176205203254030000803519606
044006155040237042073096004432708206
195122145024131026013231598860044506
203046206026205148018114094244039806
016036124150116246215076004436482006
139013221166231225123077000536524117
064004255129231225123079000533904417
153216247232202028145249584115851906
221197096168202028053025004435534806
196092076134116246215074000803805106
075091223095237042073097339300008006
200222118166199169214218000800104406
245011015194073165064211495810044506
016012080219237042073098004431943806
047091000043207000086021093392736217
135072013192192167239169595964962517
213179055112205187184009052222700406
030214172164205138232129000804625406
050075062119202024006068001102700106
213173033201205200149026004435831506
097132228177199223125108000530807117
062245191007194086007238004435583406
064004255129231225123078000533863717
044039015137205200149026000805958306
136053123146192029094050000803672206
227180228110199153054042571770103317
044004001049215167114013004433808906
204124081114205212176037511433447717
044039015074131115162004004434967506
129214018178202030055083000805568206
098144054247122195111160023530044306
239213060005205218072001004430223306
149140044177064005155231004434038906
092254002183251000112221629590005317
077237047156251190163139270050175117
239213060016138091022086004430523106
070243079033202024006007000802708106
047123053253205187184126081163625717
044058231250207183017005004435719906
155038086100199220219031000804871906
050084215093251108156145138516148606
140161250224192182043054000255959706
016173086205116246215092004434462806
119132120174212194174146004434996706
237042070086237042073107261680008006
127032198146205217249085209660002306
113107206096199169001218129486121306
143165237157199220219031000806420206
136053123146202024016021000800412706
070251140024199136090098591260044506
044077199255016228003084000000000001
072011095098205184073169004432671606
204129123062251224035008165562102717
156249153062199169204225559890002306
206190127113205249003119213782818017
047119207040116246215079004433906606
016012080235237042073099000804167206
116091252150116246215030355360005317
116247053028251100165013000804941806
047101041171116246215093004434425406
005219045164122195111160074490044306
016197013246205211050189004434681106
146175085089231225123075000532018817
067030080150202024016004068810851006
140169207145116246215122004435971106
213175202203240235109098052223280506
196040118088116246215152498160905006
013218067106237042073102000804688006
206111237220202024007193004433441406
110150217167205164190029203820209606
047032016048237042073106004433561806
044048046178205217181250000805908906
195178088153205239059131577213172217
016012080229237042073099004433409806
047084229098237042073103000805746406
142208122053199153105047000000000001
047048010130205236237230004435830406
218225090007116246215086004433912906
201072135131231225123077000530953317
044026181255237042073100004433300806
044002105251237042073094004434834206
130172173014205055135058274133199817
213175202227205187184085004434956206
131134146233202029197234001235274917
195162014209193232169046531494961906
002136240170202024005221004431884506
213175253232205139035254004435289406
208191045247205239062103004436257106
044027081128237042073105004430608806
070071046250231225123074000535840617
197043152170237042073248020010200117
016012080205237042073102000802851606
047100153006139219138245004433805806
206157040179205139035089004434761406
062245075186205126032069000801896506
086253075037202028024044560371263306
075164199196215007237074004435782006
044207084026199153109017004435802306
016195143020231225123076000532754317
099140053237192135209146000000000001
202217215109205211045242572750177706
225126013050131115224156000000000001
075241156246116246215032000805222206
047160161102116246215084004435474506
075062217254205219175089000805766606
044038105216205236095154004435365706
213173027177212230180141052224976106
210030029151205113255034004432655606
041243110182205032019148000803660706
047109229065205187184126004430158706
016012080210237042073102004431929606
044003062111237042073100004435530406
047108192095198253203197000804602606
050028237066073165105032531460044506
053197088146050065234170616350044506
047012219036194038095214004435552006
008072209240193065012210004435179706
236146108017139136059150000224307006
237007026126073165172049592480044506
047168171093237042073100004430286006
022195114164205217181047000805136906
047028026119192022173170004435006706
122028053053135079171198004432442106
047056033082207001003111454183134017
213175202207212034079027052225606206
200164078176205249011137220342708417
237042090149237042073101000801810806
002104167192205211043031499103491417
076084179115205180090026080026013406
129130183102231225123074000531432317
042090142112138152125013456532088417
156183092131212030198220004432629906
044049049103199168156020004432752506
047012032143215013072176004430379106
044222123042199171104071004435883106
034080172020207022031154435630002206
077190062077205236237154166744657317
135084107064237042073099000801433406
070118128171139212124060089552085106
127168132018202024005100004432849606
076169208066205251205198514134916017
002002132232207001174194004435064006
123188126214205070234009004433017706
070243079058192182181095000803907206
197143138162194038091109004436091406
139169064229116246215069004433433606
032243075234205112115227563690102417
044007060143237042073097004436194806
044072174237244205227032000804519806
247003110196205148088222092170930917
077205075042215176008130651020105417
131000232124251108225108080384928806
231148131204205216164103004434453506
062209121025205212227013004435755206
113175002229205216067105333090511706
016225161114064005155167381280905006
016242056115231225123091000535692017
153217060166244212073048156306196517
152148105234205066247109088560131206
048167030099192029209118080000102917
103229103081231225123081000532454917
201046201086122195111160555420044306
124101052213135079171167004435247506
016207067045215163005221000805207906
122013118052251224032197004430185706
116102118038194017228038000000000001
070028005193205071017069498090002206
062243251059205098225187004435223506
212143024180116246215241643300904317
044000083182237042073106004435293206
141236059211135079171128000532368217
007157247074202028203202535534050017
099131043236244001168113571970002306
044026121187237042073099004433143606
047005246067205187184126004434918606
141204003055202024006010000805243606
002089002143215161044148547131068906
048166059157194038088109004434398606
243054081014231225123090000532036117
041150227112215255200013052223681606
237241143083251100194138004434657406
047048226028198192209197093393340917
197120077120192182223084000805234406
133246196098251000115139577232195417
213176048151205164190034052225302506
236146108017139136059150000224307106
044095192191116246215120004434004806
100124021214251224088130004432699506
202217215109205218032020572755444006
055233140106131026048083544140044506
224115233227205212179110000802516206
237042083120237042073106260720044306
204124086200198193187025212210166517
055253141133194038091189537190008006
044068041155237042073093004433041006
062196047072237042073105000805122406
197155091172192135209052004435782606
073146065195205055099197061366148117
114180192243207020027073514132083317
003144073055192182091059004430199406
210001148077215177155149080104678506
047034096136237042073105004433008406
239213054068192029209115052220329006
104093096174205167107197089495958517
044038190010205032030251004432819806
131190122249139143018199004431951206
055233075018237042073092049580044306
104253017040050065212159527240044506
016012080207237042073096004436521606
044220090199215022058093004436153606
213179051255244127158190004436215906
057184217037199153102049001614200706
021120102213215018163204004430305406
047033146254237042073093004432037606
041144139114207001174217004434083006
229012023138231225123077000534545417
138152152245205249057107224964211117
152155087191064005155106000806193606
158050007011212202118028219024504306
044207135229231225123077000532345017
044060112092205070234219004434923006
085134254210050065196019637100044506
096018047076215007140205469231121917
016242056115231225123090000530252417
140075193213198209178074000805453606
114046128215199153035181330380103617
147155171073202118048082000804503006
044039165043199137229232004435856306
148068184014207009180108004435887006
194112005124205126032193322225770117
021091199204116246215077004435789506
044006157000237042073095004430796406
062195156025207001003177004433684606
047081085032237042073103004435050206
105005005161244127067110297335688817
237042093023237042073106614300008006
044008254020205066157201004434135006
021068198045244003005191004434934706
074226217098207180012223297055624606
134194241053198033143043000803330106
047062069159199171104080004435025006
062209207040215177108164004435678306
044057246144192031166224004434326706
087062241185202024007115004432003906
202217215109199171094208572750255506
196042229131050062046170000805403706
195160111079244089081217271786339717
236194234181139180032057010321049817
097133087114231225123075000535802517
113175002229199137226250192560513506
227011246233192182042088005873424306
249070079098215018246137001230012317
131170083102231225123072000536029717
119132120173192167232008004435240706
073026161011215177111186004432638306
218225009199116246215081004435112706
044222068160205218013206004435073106
213187203116205216098198004433403106
044209019045198253197050004435310406
245104242212244003005077391395817117
206097160164205238171102266840115817
202217215109215007174076572752666606
110050080145205071032190302040114417
153037082038199137227021004432591906
148003126154116246215074004434631106
230123000233251196217092369885341317
233094093174202029001096611372953617
076084179115240235108141080642648106
218225196096064005155134000804529906
044090228133199171104082004433528206
213187199250215177242182004436385806
044027167065064005155229004433823906
200124200090192182193067268410012317
223007030181237042073103004432410206
140075193213240235019066004433060406
231120103013135079171167004433236406
008250060003192182046129000805430506
196043026097231225123075000530768017
223007030181237042073103004430722806
047108127139237042073099004431952006
033239237031205164117154004432458606
096192061176215006172189030746531117
062193227239215006255203004435668606
049121104075244031072068157706415217
016012080209237042073095004433909206
063163073143138091028013004432648606
213179055092205251202116052223951706
016012080228237042073100000801053806
139042065028231225123077000536417217
223014026255199221115228004435858606
210030029220251215113218004435617206
075091210248237042073096004430742206
249158180126116246215076004434816706
062220034059207001170180004433871006
239213054084207022045016004432781706
070104109122073165059185649790044506
195112232032215106052199517324988317
105204017027215177165018010285260317
044032139171240235109089000802671006
013145037121251100166226004433554606
106054057168205066245181164576011706
136227068188192166174072391340002206
137234065155237042073102000801923406
047045210082205127097082093392663117
021120124169215167112218004431394906
086039250155199169214181572572539117
016012080212237042073097004436124806
141183211081244212136168004435596206
196055049109199177091075000802638606
140065118193064005155137004435472506
044077206009135079171104004434754206
013025129209193065022125004434680206
073027146097237042073107004433259206
044006155040237042073093004435734006
124045100187198193190083386423343517
047101246214237042073107004433186606
044008180063244001169077004434986106
044003061204116246215080004434835906
130004046202205180044200000254565806
218225090096116246215086004435368906
130004046202244029213022000254839206
057184217042202028097153001611884706
096018091219207180012223342505701017
140066195199202031054218004435315806
016035131218244003173037004436073706
213176048029199168152106004432623406
075205198026064005155229004435446106
135243072125205164125098000802639006
075063140018192029208164000806407606
104240011082205216101084309456084706
050075028226202029066111081015511306
044197176203202029067122004435327906
130017113177231225123080000530193917
148067222062215007244115000531578517
088094105141202118026206314930266417
076084179115194031112235080642968006
047028181190207001130205004430244406
044003205117116246215093004434367206
073155112250199152012013004435851806
047101060046199153103049000802633806
119132120166251073161231004435183606
062196185181205112188162004432642906
097041219187199170226007228270165817
110134052112205194210075448223947417
097132071157116246215077004436518206
076177102218244038194159004433804206
131134146233205148029021001233761917
044001009033237042073096004432489006
044219076000202024006176052231890306
062194058225237042073099004432974606
197033011189207001175253000805464806
249157228007194086012075592820338906
008069239058212227163250000802650006
249157228007194086012038591850338906
002002130239199204082116004435907606
223007030181237042073094004433472606
073165085191199177241169000806306906
064004255129231225123093000534210617
097133087114231225123078000534397417
073027146097237042073092004431331006
030015080241251073189029004434476006
128187122212135079171207004435175206
044222227219198247245069004434090306
073155112250192030019214004433760306
204015122065050065250230648980044506
218225237063116246215087004435263606
062206176135138152152221055132651217
131175084198231225123078000531211517
096189169010205183043018514196051906
044004012033207023144002000804827606
213187202234205099152167004432705606
016237093249116246215074004433967106
218252039013215007172204004430979306
134164179107237042073097025155067406
062211252060205239062137004432768206
242074089125138030201040596915907917
131099069079064005155183000804584606
092016238048199137227109457393187217
075091209198237042073105140920008006
131134146233194078219199001235249717
146113083078073165104094645690044506
059150212126212064070153000805843306
078233043011202029075133093050930517
247003110196207180012223092170930917
210028117152198033052085000805098706
218225205120064005155231004433374906
075101172079199224151090004455128106
030015094049199152010018034783055717
047028170129139005154013110103829806
063164129005205239062174000800285306
148067222062244029049145000530153217
102151201200192022160221012140531717
044054046211116246215082004436495706
053015011004198209178067275085336617
047169175164237042073102004430588606
091029124200205239056024000805117506
047100122012237042073092004432816406
050075026047198253205146000805290806
013024216130244031075100000000000001
047045155105205194243181040175001906
059030227025199169193248629721697006
007234108178202024005004004433605106
106178002000073165173135154020044506
021068194220240183051082004434986506
058245242020198241226016092121279817
232188068251199169214026000804529706
237042067054237042073094565460008006
078078003219199223126076654870102817
062194058225237042073104004430867806
141236058033231225123092000535645517
075091210217237042073098004434538206
222081019117199169194038351500008006
062194013183192022160239000805624906
008074003070050121228103000803838906
244014070053251224032194004435615006
062196039017240183051070004433793906
243054196202215027213138000805243306
062240138138064005155235004435109406
150193247026116246215071004435958706
044004213176237042073102004433905006
044221094087207183083066004435523306
121149058188207009053074394646295017
032241194091205250090114094435816906
032099093072139143018000000000000001
135072013251050121119148004435379006
193253252158116246215223365130008006
209103110223199137231134540834471306
223239025072244031126158004430338006
249158180126116246215076004434837106
016225161114116246215153352680905006
044026241102237042073107004435496206
073155112250205186006146004434791706
126003178081205125079101004432727206
133074255105073165081077510850044506
140114212150198033104135000535789517
223007030181237042073106000000000001
002096191124192182085125155673721817
047081219017237042073104004433349806
044029152161219092051179000801554206
213173038254207000086105052222655806
044036104204050254094248004435754906
109099103189199153107083093060115317
146143065199116247217133000000000001
124101052201135079171198004430219006
231148133206139005144223000805192106
197043152174237042073105000802429006
200020081218212202219252502590143306
136151008075202030115223000803853206
008075075157212064082101004434948206
210013229083205251202114004434459206
093120062206139143018196623720489906
047160184017237042073101004434653406
047105175246205251202160000803775606
044069043077064005155209004435989806
140180007156064005155134004435714306
146178206005073165110125317660044506
016012080229237042073092000803491406
062247008115244001198242040604409217
124101052213135079171132004432295406
047108165166199171206115000800399706
044002105251237042073106004430339206
090045107053215162059075569170044306
201166029048202031140029009935728506
109030090059215177154201571822687017
213187199229205183037006052225312506
101095036070193241061248141753373417
050075043044192031161251080802635306
218225090099064005155210004436136506
044006122120237042073095004432820806
237042071041237042073102004435774806
044003188232215255216130004435063806
044090251080212197179250004430563306
114219088067199152008023004432375006
201162252131202031143030503214050017
137020057227231225123072000532756617
073155113212139093089034004430467506
066205023070199152014236556232326506
041147021228240183051073004430717406
133088052124199223127018629470114517
064239213048251224116037089995675817
016195143015231225123080000530236417
086038182214205180067216100376423617
152098093023116247217133000000000001
139214074160016230171046635340008006
044028015042231225123090000531845017
040244058136194017229141013374320117
116247237168244157135234000000000001
242254061245205211005185314030450017
075062214008199208051072000801528306
206240167115248200052157059384942206
097139002163251224004121257290110917
047119206115116246215068004433926306
097133082094231225123091000530647417
044024116039237042073099004434986806
100208228241199177082106000802803906
075055191092202029083144004435991306
204098129179205211122156347880005317
047081124095237042073097004430284606
223007030181237042073095004436340606
241249226124198247255148005870479206
195222041194202024016058000805023106
213179055001138091018165004433491506
021120125180139093090045004431202106
073155112254205071138237004434024306
206089105123215027214108550430112517
218225090010116246215077004433629006
237241130097244038133045004434665306
062193169169199177255236019352717306
044068078155116246215093004435027606
133212152210194039040082498383568117
041128074168194086007116528292623017
223007030181237042073100004431879806
122028053057135079171142000801359606
063166040176116246215076000805507406
044208134228205139035230004432658706
244200070091244031125098000805564306
140065118193064005155209004436357206
032097136166205066040002512493725106
130004046201192182212220000253967806
242238087255251224032197596346069417
047011184196237042073098004430344806
089165224113207020019112567190338906
100208217209231225123091000534987617
213173027187212196235244052224508806
218225155161064005155229004435781206
123188126250198255170093004435229806
218225090007116246215086004435335906
016253001004116246215051343840008006
140169207164116246215084004435843206
099035122033215163007138069060121606
047170246030212195084205004433979106
227003106225212232088058004435190306
047107075209205032021235004432633006
223038180121205251202108090001210506
044006157000237042073101004433935806
044004012033138091022070004430600606
044007243054116246215079004434625406
135084107064237042073093000805188806
030034177064131115160069309805992017
198212230218205250093233606574856817
110126121212199168236166389922823206
198140111157016230172162649350044306
133111013031202029146231593002240717
223080018231205125065035005875375006
196092076115064005155246000806438206
231148130209205194216164004435298306
206213161060073165054244615780044506
134164178108237042073106174240044306
042004069115073165104155562390044506
075062217254205180014155004434486906
111025038118251073189007395275523206
044060234054116246215076000806146506
251000215177207180188226540810044306
223007030181237042073106004435738406
224190010061215004019210033895539206
196093167107194017228043439510148517
044198074177202024006176000805870706
021068194222198229020117004433588406
040216107135192022167203017234916017
109237014135050062046165386460893317
119132120169244158005055004434354306
133094168167073165111010284490044506
098138179011205250244146170255380706
195019167015194038156171000000000001
114078188208202118026061586730960006
047122119238215019149194004433892306
044068078155116246215093004433810706
021068193037207022029227004436371506
093051142033198033062203151990002306
047185187116116246215076000805044806
070059164200193065072202278810899906
086195241185198247228194068890102817
218225196123116246215094000805704706
140173240250244089083051004435509406
064031252068116247217133400620905006
021091197012116246215077004434467706
223007030181237042073107004430594006
123188126142244158136087004435251206
050019126024205125092228213775117306
076177099139205164099093004435258606
223007030181237042073092004434068806
127111046014199169194038538020008006
243054029173215161064004000805058306
027024098102207001164176012714888517
128064103043199169198037000531901917
002140243012202029146231342032240717
204013122149194207241200564625802817
237042071046237042073095004435139206
062210247232205249062081004430648006
135079185254135079171063274480044306
047171102179135079171198004432680606
221191093051192182140199093060930617
104220089150231225123092000532724017
097133082094231225123079000531743917
076177099148202167002161004434238506
213175253202199168155125004433414006
062194071112212230042089000805033406
073155112248207008084076004433730506
135084107064237042073092000803261606
047112148107207183082085000805994006
196040118146116246215022515450905006
083182152158050065235005359210044506
239213060018212230175036004434863806
044222082172064005155203004435769106
231101066126205212176073497525406817
213187203116207183081216004435164906
076177102210139143183038004435177206
091096057169073165089150324320044506
070044157140194043122145250526336017
204136073184194017239044523340038917
206157043133198193176013004433808606
062208056164205216101161004436408606
054167003254116246215210000000000001
127168149027139212103162070761269106
058001031061244020056221000802666306
047049163089240183051086004435362706
044043015129244158083125081065587406
087248251221212227176016248543446717
044036087239199171097149004435372606
047032110241237042073099004433786406
104070209153212202160247004434996906
007169047052205211043037613760688117
223044129146194043149149151514915417
047012114027205239048153004435121206
047185245230215160090029004436387406
133150025028192022164213589505085817
153039112164198254094074199925449506
135246246047205184073173068810102417
021020029215251215113218004435952106
109026120195219092051172443235952006
123213229040205127141078587322344406
127168149027202028062139070765893206
088100001133207020019036000805980706
214227236191073165065087601190044506
062255210240237042073098004435699606
041145051234205251204051004434124606
112128142225251224004251456822546617
213187199243192029212105004435964706
047044186191116246215068004433822506
044007208032237042073104004431587606
007239235054116246215082004435750106
060212044109199169198062244200038917
075009063185050123054018000224979506
117017113104215167248157110052603617
034183237106192030125051270320102417
008075075142244127067110004435270106
218225090034116246215092004436475406
196043026097231225123095000535362517
073027177001237042073094004431599806
016195143025231225123080000532857617
083015245091192029095211579354515206
063171239097139096109012040913516617
047101246214237042073104004430775806
253102008178192031070067001230012317
016195143025231225123090000530501517
097160054084205239062133036584982817
044207186035205166057054004435419006
076084179115205112172180080642661506
044000048038139010250113298430044306
032042053179202030202208223695388317
131190122252139143018199004436266206
016012080215237042073098004431201006
044002183186240183051070004434854106
070243078228205149044083000802716506
047100158133237042073105004434548406
223239037084252248027077004435544106
079058079165139212113089516941332617
127242060189199137226209004434808706
096253233186205113207089556100108006
127198129018198247233163590760012317
213179058180194043180196004435314706
007089231245194078255064612564169617
062212255143050057213178004432717806
131134146233194043118010001232667517
122064115180215027046107082400115006
092177044246192166171207000255951906
055253141133205183037094520615328106
044006252250064005155209004435496106
049101235076251190074029493004915806
238063116234205071047134320052410706
138054250174205211056226605851637217
047184154067212197176157004432062406
047107243142212227183051081005013017
030015095020198255186198000000000001
047125062042205236237202081085456906
153071177244199138218122004430174506
152155078239192182151176000256084206
044060228105207001175153004434625706
239213054026215176003246052220784206
047011147048237042073099004434852806
072011141160231225123090000534406617
073155098053199169214223004431086606
030015088178198255186198000000000001
063175153012205217251242240401930117
223007030181237042073101004433065606
202217215109207022030058572755111006
136053123146215006174108000803701806
122027138089205148018114100860178506
106093193122212064082018503210102417
247003044181212227179013004436549306
103113186011194017228064000225148206
210001152013251196216151004434977706
116247173118064005155022486120905006
044027167065064005155229004434261506
096133245188193241060126016000338906
113175002229205218156013202130508406
044206175215244157168169000804995006
087105244084193232174022159940338906
204040108052205251207214195070103517
075091213052237042073100004432406806
075209002165116246215084333600005317
099210052209073165059016641030044506
236220159253207020016122640970044506
192045182214198240074190398782685317
016179011103199169218178000000000001
201199135222073165089092608080044506
194034238159205250093233569034856817
047186171047194114091133004435494606
197016034086199152114108000803627106
047109177040237042073099004433453206
030015078025198255186198000000000001
021068196217205212176066004432947706
202217215109207183143003572750211106
148067220251205148027189000530708617
196093217236064005155101632400905006
098253145160199223127018599600114717
204023110000251196216067502306485617
218225196096064005155134004433366006
210004148212215162059127551680044306
044069006114237042073099004433286806
109025036015192022160221301132758806
239213054023205127096152004433105906
239213054092207023228126052226026206
197186228218202031160004429614927317
075067180034199169192096080501273706
008075075142199223118186004435292606
237042065011237042073100004434575806
002164213021194031044189562270338906
070243078228205185136196000804988906
223007030181237042073098004435098406
080200205190205213161047153306366906
016012080224237042073105004436419806
090126025107244038134057433900808006
016035125047199177254246000531842817
070032085113205127142200588150002206
123188126168215163007007000805394406
135079184240135079171063048200044306
083157180199205032028230523355836606
047034184031237042073097004433317406
238204242086131115160074000805228506
140066195199202024005091004434936106
062196102009237042073096004435363806
113175002229205216067105526940516106
148067222062205113207083000530984717
047174199012199208059078004435016906
148152013147205218157098004430817806
016012080223237042073104004435034806
016049112144116246215071004433829606
050067132116202029085153019504966206
077003063034205070220062463926020117
033171121239116246215071094824167606
044033081102212197179250004430382606
073027099015237042073094004434163006
126052097163205113195059004433481606
127242060221192182023088004434926406
157010006055199153102059121286348906
194112093121205126037150121012645517
196085140040073165073069532860044506
034080172094205250089004418070002206
021084065144064005155201004434673006
050075205103205166056045589310002106
137175047234215007172130297521851717
131031158013193065060205034786258017
113165184100199137227109454733190717
131134146233193065075082001234338317
128081168125050065196120568110044506
239213054007251108156145004436016306
033038140231116246215082004434199906
220145171171205250090022149712684817
237042071023237042073098004435749406
064030115162064005155158468800905006
015150008150138152126186103386125117
044003153154135079171207004432908906
109173235077073165228025440810044306
197043152167237042073092181760008006
075091213025237042073098004432717806
041185222177198241231019068893073317
213176048147192132029060052221143206
047080032040205126032236004432873506
133210181164192182139090332333561806
213173043238205218072116052225875406
062247091202205126037152040204387017
047009021090237042073099080021468006
109168249235194017012242415181645417
044022093045116246215079004436171006
062245204133237042073097004432026606
205143092018016229027041452150044306
213187199252244248167178052222753906
130150037145231225123076000536031017
062197057040237042073093004430239806
062203080240199171109165000805015406
047119177027116246215068004433283606
044004199049237042073096004436096206
044026121187237042073106004435671006
050067189144205071019041004434955806
112081239164205113254250004433587706
062242067066205219223045004433331506
114091155164192029060140260024521606
131134146233202028057158001235731417
044084085165199171104084000805795306
044003036118205213165131000804940506
048167185211202025076106000000000001
076191124062205239062021004434647906
152021034172205251202119004435431006
218252198128199171206115000802730506
107090043023212230042123514130276217
218225159169064005155102004436509806
237042071042237042073100652060044306
075249190070064005155195000804615006
198140087249116246215223544090008006
008075075159199136065245004435943506
239213224162198231050150004435876506
070103003204198254094250268360688106
123188126157205217084071004436114106
044057100042199153098147004432282606
013217123174199208048027241703832617
062211126071205239062013000805038406
070203107082205180052082107852014306
141183211149202024007064004434378606
213173027182205127099205052223906606
044212181202215163202120004432676506
041243110182198247228110000805169806
238204136155205184032188000803847006
148067222062244029048153000533833417
047081207099199137227062495640288306
218225247185116246215107501760044306
044010231100205236095042004435177206
096108120112205239062170102211936517
147221131054240063103185511150339006
213175201185244212229038004432754606
208070209184205195121213052220226006
016212159216194043179112004435720906
140242141071205212182122000804734906
050016083013199177255044572746238517
047049207199198247229169004435151606
044201192247064005155229004436407106
044068041155237042073102004431799006
195158155183244158006093085005113606
195222041230212195216089000806367906
131176096149199177189003052233339306
044024248059237042073105004431149206
197155091172205180139137000804957106
231148131054215176008197004436119806
073024239137135079171145004430226206
148067222062138152125013000536286717
202217215229205032025069539510400806
050071247255198255211045000533447817
016012080227237042073095004435702206
016215208159237042073107000801745806
044001146208237042073099004434204206
047160235052198231050050004434240106
048247117056122195111160488800044306
070056245162131026013137513810044506
239213054095244001196069004434152006
131175084198231225123080000532675017
034137140150202029200226093060930617
149054242180064005155247004435117706
193253244029116246215055607550044306
140096240124199177241038045000450017
218225090099116246215086004434438106
016228206047064005155150000805586206
076084179115202028158134080025034906
075091213017237042073103000800614806
152252140216202024005171004454548406
108123122021219092009137477832168417
201211242019192167233199001233574617
082199014106205066246118540570002306
044219058162202029155064004435613906
063165022136192167125156004434167306
132210090236194086007116539342630206
203014124237116246215008000803709106
062196102009237042073098004433921206
047122116232212197179178004433919806
002136166103193065013138000223019406
149042099213205194247000092170930917
210061166082240063017174004434529606
030015095008198255186198000000000001
105035246085215106211104004432691506
062204093218205219217137004432629306
047160184017237042073103004431762006
223010192238198254094106000805277506
047108127139237042073101004434542206
077189118204199137227109315653190717
016012080218237042073099004435757006
157161127151207012136191461685032117
044011175249212227183210004434423606
047090027171207001003111004435170406
076177103216212195089174004434485506
148083149210202118035093005141971406
193018161023016230164196000000000001
112081188215205202228030080684952306
070213070160202030253242356811250917
075255020083064005155193000803921206
044210060034135079171128004430681806
119132120165194038157181004435370606
134009112239231225123075000535702917
193130130241198255181169092126081517
035209021244212030170141479704966817
030214172246199137227017000802590006
047081229041131115011245000805613506
149101089159198253201122004432113006
044004199049237042073096004433680406
146111095216116247217133000000000001
130150037145231225123093000531684417
048166192023194038088018052221202206
134134130178237042073094004436468806
133212189027205251200208397483046517
223007030181237042073094004431776606
124101052203135079171146004434083106
074144138032205236228061274553399206
016183198193212202176038004436043906
063165159087199169207103004436340106
056021221091244003006239004435660306
239213054073215177242185004434972806
239213054085199168152230004431708506
049233121097205126033101080832680517
058091093191205218074050000802630806
237042071024237042073096004433337006
047042199065207009053147004435039506
147003207148202030189015009936299406
036218193188240063101148161120002206
135207186068205139032210000000000001
209118163214205239062137573840631506
238063254254202028198009537340844306
198140111071116246215063571670008006
070059084236073165104028628330044506
013216104209198223189088004432694406
075067117097205071139022377872189606
044000201196237042073100004435975006
237042091027237042073101000805584206
049192025028205166059108430970102517
115240009021251224005137277655176117
231148130206205055135026004432634506
218225236210116246215242605840904217
213175201184205112188097004432637806
044027105057237042073105004434923206
244200061024202028037072040025582406
097241194244240183031034642424925017
219095234042073165081215566990044506
218225090099116246215093004434224206
147243241089073165172177507090044506
044207202162215163007007004435397306
057184217042205236230128001610174706
085247217049207000086197070072637206
122021088039244001019238034782644617
062193226142116246215070004433377106
135238165203138145199242004434943106
097118125242212195130141652274163317
140075193213192182085252004434403106
138151074048202031053205471031500006
231148133057199224145199000802745606
103206026094219092207095086211521717
223007030181237042073103004431358806
131003246189194043101141004434948306
041150227113205071132198052226089206
114103012099240235109089187695892217
196150165118244020056041000000000001
197016034000199224099094004433351006
047108167236116246215093004434329506
110184250123205249010089537806385317
213175202248215177179242004436087406
047004233004135079171167004434501906
030025174210050122228221239015695317
033245221193116246215050000805452406
223080043235135079171205000535180217
036223184079199137224001062160312706
201106207212199136086047372843935317
097132228080231225123093000531654517
140242176140064005155231004434895406
249157228007194086012115592890338906
002074010002205164098045575880513506
044021051013244158005055004434361406
070029224181192182090041010425123417
223007030181237042073092004436295206
096236130085207001170186191084595517
047101025201237042073099004434467206
007234225066231225123072000535658817
050084215098205219153058093484419306
070055145162139218240154584205449917
063174062024237042073097004430511806
044048073129194114090178004435183206
016227204246205125182226004436502506
044007060143237042073106004432102006
070243078214202024006075000800884506
117140245036244022198251480544698217
064030082059116246215086376720005317
193253131030116246215223513640008006
047030005215205187184005004431248306
245251228223050065196192634430044506
103252071154212171149239365443893806
044084100036139218243210004435014306
193253220039116246215053516720008006
123107227180202031155253509546189017
078143064170199169214059130916198206
062236184078194102247198000805325706
047123160251215161084123004432706406
063174215194064005155228004435819306
196094171185212202176038000805493306
196115057066064005155183004433379006
238204203175205184078170000806377506
096141116195073165089035179030044506
070243079033192182225095000803857406
013216143198116246215076004434022706
050084215093251108224232268405094206
044068040039237042073103004433764806
062227072036205195120197081165820706
032181134126192182139124569633138606
148074155144240223014061270206131206
197143138162205127001123004430687806
204104062198205195120197506830636717
100070172132244127032114334453344517
062202091080244248229162004433864006
157162158062205195147135452210143306
047107013088207008087057000800226606
218225196178193232170176000806189206
097180107169212195069012618680796217
114113167002073165110164548400044506
044095192191064005155235004436290106
123188126170192182187231000804472406
103119187143194017228064000224982206
042088183096205218015230514134091517
073155112254205212231213004434652506
068082220150064005155181000805883406
044026234095237042073098004435016606
141236059113231225123074000536339017
147209211237139212123069059386380506
047160161102116246215084004436482806
049006001196205126172217203870158217
016215208159237042073096000804945406
218225037016116246215076004436383906
044026121187237042073094004430967806
213173033215212196234165052224974506
076177099130205216098088004432964206
044208235055135079171128004435418706
097021214207244089081011641335355706
141236063125231225123073000530275317
195189079120205249004129526476035317
062200062195205138232128004435962206
128121247052212064070179004436448906
047063072191192022173005004433707106
239213054073205251206018004434110906
135090240085205113192143000803474206
135238162118212196221147095932873406
213176048254205139034152004434931606
213173033198244031010027004430982006
002136178183193232172081000804995806
063166040176116246215094000806332706
070243079058202024017065000801246606
119136142089192182060122004434618306
223239025152199169194196004430111206
114078188208202118026061351860901006
135236070172205249051081096223912806
124042114147139010250152019660005317
097132070076064005155148000805122406
148003126058116246215074004434490106
197222188038212227179057276730338906
073155112250205125095072004435179206
099035121241199171090167069006408606
044028013205199224102153004435555806
021120102220207022028249004434998106
140066180204116246215068094826234606
070065137199205216101084090016125906
041150227113205127099193004431953406
205046065097199177248203261700246317
047034096136237042073106004431202406
223007030181237042073098004431954006
218225090096116246215086004433844006
073165017039205070215028004452678706
047081000167237042073106004434738806
016212178132198192208035004430480706
140169207157116246215085004433512206
135207186068205138232117000532729117
044026006079194038088109004435842506
044073065243251196216145004436064506
195222041194202118033213000804323206
119132120180205125085010004434579106
044026206013237042073107004433559206
237042071040237042073106004436167406
140255108188199171096088004431842306
218225159138116246215108376750008006
044010042124205126032203004435007606
202217215109198247230156000000000001
136114154240205218157210000255864106
151231085123139212110044210960002306
015073085108073165107006312850044506
203143083219202024167092116006282217
126060227005205212178253000254478206
243054081034231225123072000534018617
070243078127202024006187000800544806
073165005177244029212102004451560506
042204052015207180012223060066004506
135084107064237042073095000800327606
135243069222193065040069004435571006
057184217041198033177055001612973506
133093187253073165090135632390044506
044056040216205219217251004435215906
047124087221199152003212093392370617
044027154132152098208137004432707506
223007030181237042073093004430701406
206051175082198033105216000531583817
197143138162212194202242000804977906
231148132023198193179217004435771706
135243069250064005155235004435534306
197061129195244029241029092120930917
213173027117198229020049004434818106
196093217037064005155165348740905006
103229103016231225123093000534980317
092019103091194017013180005874696406
127249137209139010250129542230008006
050050141079212034177244004435033706
048166070169205098029246286222635706
159206017055016230168144393720002306
047048074236212227179141093395332217
213187199253215177242038052222691606
075091223098237042073097099540044306
044025010021237042073092004433853406
133212157213138154105125582103365817
112081189113138147091183001232652617
218225237123064005155181000805967606
231148130014192182083077004435467206
044010231100205236095042004435182206
197136100165202118089189004431699806
127168149027202024166210070791725906
210017021167205166046156000224081306
102174124180073165228025186380044306
047041051025199224149005004432671006
002136186167193065122057004435345506
092022091048073165172129112660044506
114236199069194078253124387750899917
243054081003205126032234000532099717
109210129181251196145202200105572906
206111136074135079171167030010487206
070243078228194042204140000805445706
227092245113231225123081000532683317
044007049164237042073106004431518806
196093217193064005155105653060905006
249237193064237042073095000000000001
131170083102251224119214000534618217
016242056115231225123093000534126617
213179055007205071139021052223213706
063161108000205239062170004434130106
016242056115231225123073000532458017
016195141144198033143037000804422306
002002132232205113207032004435506106
085231089191116246215086004434038806
122022032153231225123076000531206017
053221254214199137227109425133190717
088094110067202028203202520464050017
210063197068202167002161050565189317
079117177253202024016085052225829506
223011156077202030148052004434975806
099164014178194017012242198531645417
082139110005205199056196397630044306
152001058053205201093218000531215717
041150227098050056130221004430327406
047045155105205032019190040176422306
147202253096205125123140000254246306
016228205208116246215013004433764206
082184050022205249003119142412818017
130121094160231225123081000534870017
110156171034139180042157607261838817
108119125167199152005043205095756217
084237133034198243031045620042116006
148137194057064005155190004433888606
016212208183050057213179004432656406
016212159216194043189121004432922906
034108125079244127141129431300808006
050075234167231225123075000534020917
016012080214237042073097004432717806
096231009177199169214136593990484517
044010034057205187184009004430250506
062197230053135079171175004432888506
075062217254205180060134000805351906
143157135074212227179103004435351406
202217215109244031145204572755666006
097202101174199137227109537931865206
047004086105237042073098000805822406
058095233213215167251081475850002306
113182122052194102249026348461803917
047160019129237042073100004436216606
033230167017205184032181432933984217
126052248006139061080255000805646106
016237093220116246215074004433990606
211247139085215167248157000806066106
016012080224237042073093004430360206
044002171124237042073094004430344406
213176048002205137108229004434487106
022213076207016229032072000000000001
237042091044237042073096071560008006
213176048089244067235238004434979506
054127205229135079171225535010044506
073024239137135079171198004431363606
107036252229199137239065254251693206
231013220221207183145015000000000001
155205170122251196147123048014919317
152009175061231225123092000535693517
098135098011202118035010514910808006
044057107028212227177125004434713106
036136037131073165064178519830044506
072011141003231225123092000534728217
097133082094231225123094000532731617
237241130097199168159246004433879606
016012080234237042073103004430302206
076177102192205187184126004435860106
119132120158199153104072004435064806
062196119218064005155209004435561306
044206042074135079171167004434442706
044048100137205236227163004431850406
231128055195199223121045579860546806
044033018148248200252010004433318406
218225236113116246215092004436038906
213179051238205099154035052224062306
149054242255064005155233004434763906
238041090103205201186061080810171806
025196122032240235109089543841324306
231148131181192135208046004435055006
135238185011212030144061004435100906
213173043233131115183255004435075206
073026229126205236254234004433856206
224115016214205251202072004434943506
016175038146050254095245050562813817
231148133005244003240040000800224006
013157000206194102244082052234980006
047160238065237042073101004431065206
105129195122207180012223000000000001
032169123231131026048203469980044506
237241146012202030158138004435276006
044007004233237042073093004435417206
249070079099199152014226001232946417
047036199183215163103222004435827106
016003076144199137234097655155190317
016012080233237042073105000805807206
093041018059192182057063005873374606
044222020047199224147080004432659606
047008144185244001169249004434630106
003144073158215027089222004430306806
044222002000215177177109000805067306
013141015016231225123075000536452117
075249190078064005155133000805717906
008069239058199137231134000804415106
097132228080205249003152000530933817
044000015180237042073105004434713806
079121155115198247237092520890002306
213179055069138091022026004434319906
044048038061244248141175004434197606
062248144171205239062137004430489806
072109041001199169193248157301697006
196093065108231225123079000533751717
146144175203050062034042242734507017
147059119096198240075088121431100517
021120124193205211057003004435244906
110027169075215167114145561422645806
063165027159207022045016004434910706
007234225066231225123074000533163417
044006040045205249051081004434647106
016036124160116246215122004434438306
016012080220237042073100004431026406
243054196153212232224021004433348906
099141005084116246215077094825562206
135079190113135079171063021550044306
146083121011194102253241004435356306
030182042105193065004186004430186006
213176048053139143181081052225664706
149042099213192182066014092122721717
104232024192138091073141004434406106
002247040147205251205181346785472506
142215082210215162057047556780044106
142235225194205199052172483895527906
015043163106192167232014000804227106
075010138193202118117061109835031506
197190098123205216101193375700338906
127168149027202024005148070794744706
195033145079202029101215121121924417
148067220032205218074053000531174217
047062069159199221119238004435080706
055233043252240235019198486470143306
093022246027202024004254212995271617
047002121236205098239114451506466417
235193224209198240073191503211151717
140081031052231225123093000535854017
147207049205116246215223134570008006
044095249250199224218058004433423606
112115172010205199050125164275963906
228202120167202028211045004434915506
044027105057237042073095004435470406
021098062053064005155132004436469606
062201012229215004234001004434425106
135079189237135079171198080802367406
227010076019116246215095004433943406
233049100009138075186118447450002306
087040091144205249001136068820106017
016012080209237042073100004432767206
044027081128237042073096004434057806
250123204180205180120019000000000001
128121247008199169214223004435867106
086038018164205126037192118505773806
248199227104212227179154000805444206
238204064206199224099229000805931606
213184192001215161085069052223601906
237042093045237042073098004436094806
100206116158205184033083185324537417
047028171211215167114194004432631906
030015095006198255186198000000000001
218225090017116246215069004433472006
196114107253064005155182000803443006
047105075102202024006028000800305406
130150167218205148025181599940148517
104090090246205201184239000804729506
218225196096116246215093000806421106
062199000026212195084193004435427106
016195252090016048144174340881164017
062198036118064005155228004436538706
093047216147202024007006103015353906
050070039115240063113219537320008006
049101200035205249180088000804929306
239213054007205203039077052224940506
062243112112135079171185004431619406
153070053024231225123077000532731817
136227068188192166171247412500002206
196177033039194017236084000805037406
231148131081192030065147004435290306
136227068188192166172183475940002206
044214135091244158083125004433365406
047125130013050255048254004430329206
063147114187199153042157004435103606
064004255129231225123093000531264917
063162114026116246215076004435551506
072011211058231225123091000534501217
223007030181237042073102004431284806
131128146155016230168100000000000001
203132058010205070220088180222623917
122013118052192166236058004434816306
220253008144116246215043545350008006
016048150183116246215246391510148517
016195143020231225123094000533733517
052135059095064005155148004435013806
141198115219016045106040000000000001
044039153100244157168176004435719906
079121155115198253198195351110002306
008072209240215005010030004436399106
062197190126207001174138000804632106
100124154069202024017236000803955506
119132120171050056082031004435307706
125144005165116246215082004434535406
044221194077237042073105000802857206
008075075159205166127157004435134206
134134130177237042073098004436072206
149158116057199224222238000801682506
156177079249240063113219494200008006
047114186232205249060217099335105817
157134095152202030124041203855921217
027136158090202028022104037244983606
070037059035073165080245531890044506
223007030181237042073106004430643606
134164179105237042073097025154694406
057184217037215177109197001612836906
218225091067231225123093000534869417
030015090250198255186198000000000001
044068041184237042073103004433743206
148071221047199170234221004433911506
148068184012205126032241004436157606
131000254205199137224222605940812906
030214172167212195089174080802683406
035182092215199170237185297131468017
087090076229205125085184068825718206
091114128167139212126037444821013817
059184147188202030140201396795779406
104084200109050065216047617990044506
244014070053138030195049004435024306
076177103242215255200002052224296706
073165021208215005139143004455338206
047050101188215162120168093395491906
044008188162205126034222004431592606
013192054017251224032197004430156406
016036125073050062046170000805249206
200164128040050065170008588540044506
196093065108231225123074000534075317
047091148178244029084150093391646606
044016007120116246215210000000000001
025237136223215019232002348593865417
124210138246205218074002004433030506
075091209198237042073092000802271406
002002130255205098029234004432009406
082177185072122195111160422740044306
213175202104207001131073004436057906
073027146097237042073094004434641406
231148130037050123136247004430349206
127107225023231225123079000536345717
126168069060202118062080004456282506
044072136039212195089178004432636206
119132120165215177165018004435090006
073026199115251190083176004432827506
044037160143199137233233004435024506
116246150133064005155158004435020906
016032017174064005155181000804499006
238041139183194100117026364840002206
123188123208138152125013004435132806
100153046002207022044115000802904006
223010197051205071016026043796514117
070049107165202024006050000802961106
149158098051198192226245004434969306
096019132221205066139245348410104906
202217215109138075185196572750511106
223044129146205249060062151514915417
044023211135064005155235004435763806
077238186170138091072018193780899917
060212044109193241060127030960038917
034064248020199169198149397100808006
116247141248116246215075004434418906
213184192007192132094126052224633606
076084179115199136094223080025178006
062196047072237042073095000804243606
112081188215199169014143080685644206
047048139123202167047092004430293306
124101052209135079171187004433077706
223007030181237042073096004433490206
073025022024199171104252004434779306
237241141059198255186198000000000001
048167030099198220153239080005188017
021116017229199224151098004433126806
044025079037237042073105004431379006
076084179115192182003087080026039606
100222069210240063017174004434187506
062244104058050120176206000804398706
062243112112135079171145004434861306
092025227085202028003235417185833406
044038099178251224004242004433200806
149059102165244001019238523333654217
109240204078050065249144477550044506
047034165105198231054062004435862606
041149159087202030147050099984204306
116129016036198241226238364100038917
016036190103116246215122488140905006
016036124150116246215073004434659406
057184217039199177242235001616439206
203203183253231225123092000536153317
223007030181237042073097004433727006
223007030181237042073105004432518406
070032085113205239072081588150002206
122016143082202028146085004434617306
237042093028237042073099004434477206
055233058034194017230106531475861217
123188126168205125079072000805197506
195074197192131026048052637510044506
237042118019237042073092643880044306
073027177001237042073105004434256406
047011160052237042073098004435983206
016012080217237042073104004432143606
013217242148199152011094055012679217
047186253131215167112218004434421006
231148132170202028018084000806050006
249157228007194086012063592040338906
027034019121205032025168582994611006
097133087112231225123092000531046117
130185129218138071027103503990002206
058107166151205032024094334711444317
253102008178205180011004001233899217
131134146233202029033167001233932817
053055095128215161005162572964161517
058226202210244089100220051564949817
210008107064198247252230004435116106
237042065011237042073107000805695406
088133069164205125083091000804844306
044026234095237042073098004431129806
044018077204205055128226016265099006
101177044205207001003108119244019517
253102008178198193187205001230012317
075227179128064005155139381830148517
047039038052194207241024093392727206
109153041043192030050066068832963617
229019251213073165089063514080044506
110045075191205194245135068813083406
105100102186205218157093436225102906
223239004172192182179112004435249706
070075123025192029095208000000000001
053014161214192167232114591712427717
091177248076192182193067332350012317
047011184196237042073099004432991806
027136159179202030146002037245182406
133237034236199152014224491406437917
057184217043205249056163001610029906
047038103194192167123088093395496517
044092027170135079171167006364179006
244199066052199169220111604181004506
058249135019251000115139010272056117
141204003055251073189007000802636406
082249201023240063114060511070008006
047119182057199171111039004432656906
062200233018231225123077000533323417
062246154137205098239114450046468217
197085004250199153099214004436231806
047056000240244038133045004431838606
070027101217202118054182072080466906
103098246138073165105236588890044506
047049025084205239062146093393992706
063175011187116246215092004435855806
141236058183231225123078000535012417
044010175215207022045016004435348806
197155091167205239062170004432634806
048167185211202118078187000000000001
062238168075198247248044052234986506
042055160085073165089250413860044506
047025095252192029209125004435454206
016196006247064005155123442000905006
047048194001207001001018093394013906
075011030163139212123098050022122606
047081024140237042073094004432969006
249157228007194086012021591560338906
226025000192198193190154080005243806
135079189216135079171079004430240506
047124086122244003242072004435658406
044023148088205216205179004434452306
218054020199198193176013600700150017
226154176178251000115135052223884706
130003239091205180105212000234133806
073155112248244157051141004434566506
044007208032237042073096004433107406
021120096196192135131109004435352906
044069043077064005155209004436349106
070058200056212030170141635665819806
070243078224215167152245000805184606
110122230102215177050012122462710617
131235023079205239062157004435525706
086106115216016238145171000000000001
087150043174240063114060442010008006
213179055104244022242180052225096006
076084179115050057215105080644548606
076084179115207183082178080023884906
202119204217199170068172347040005317
123017205161205180012173004435621106
041194035253205239092130184740005317
111070172221215022240249543730002306
155131016210215163004240103280143306
223007030181237042073099004434685806
075091213061237042073092004430830806
097133082094231225123080000531943417
152041050157199169014182004436141506
047091137228240235109034004431911006
097133018073116246215010560360008006
047109144143237042073102004430674206
096100187229202028065202004434937806
223007030181237042073100004430423206
047037118172205236254234093395757217
062206019150192029215126000801032106
044201089125205066246135093393723506
050050071136205126033124004434947306
196040118217116246215234648920905006
210018047250205238170182000800786006
075193119209252248050242000802742806
047119131177215161085128004430295106
136053035150202118077153000000000001
002153099067073165105212587530044506
044200171109240223015137004435254906
104067059174064005155183000805657206
149054242186064005155230000804044906
075062217254192029095210004432650306
013217250067116246215082004435852906
099035121241205212182066069006288706
044055076227198247229193004435661406
223007030181237042073094004434830806
062198118118240223180061010030294306
070028005204251215117123612080002206
047038055071205203003040093395401306
133038013019244022199216646294535306
119132120165192029094118004435819806
044000083182237042073100004432674006
223007030181237042073102004430786606
206163133099199224100031581160312806
225021017138050121230199399130002306
140242147094116246215092094826283406
016227205096139105112086004433941506
149054242232064005155247000804823106
044025168013237042073095004432012206
077167068133198243028223605875425906
034170072204199177255026483110688117
076177103218207000086221004435402406
141236059241231225123076000536201517
217006055045251215115082002573575606
047107042088244205136225004433406206
050084201042240183035172061083738806
044206062200205032017210004435742906
213173038234212202218053052222675106
124101052213135079171132004434800806
141236062053231225123077000532175917
016012080206237042073102004434677606
133007134213202030209044604864648217
114078188210202118026061333391333306
112159117058244001170075561070002306
048166059158244205128185000803778206
226154176178199136087152004435806306
041147024184212227179051004435791206
213176055230194114091133004435494506
197032087170215167248157004433667506
214016052145073165111091513390044506
130004046117192182213199005874522506
135238182035138152126165000800239406
127045164129198255211045004435008106
139161079035244029085041000255822806
044026121187237042073103004435310006
097132071238064005155139004434548506
044025052213237042073097004434042806
127152047038244003004137588123685417
070243078230215176003239040062463506
197043153097237042073103000804459006
044206087226199171109174000804314706
239213192230116246215083004435204306
112047181105122195111160016500044306
125020145094064005155247000803289206
070243079058138056076017000802627006
007234105210116246215255000805048006
113168038208194017229141514493316106
080210145034202028064234000000000001
047004120220194038091109004435279606
062198118118215162050050010035547006
096061123229202031151125640130899906
137113244128073165073158362490044506
214202172112202024005121068811681117
253102008178194115167194001230012317
047034071079205187184146095990170806
140169199139064005155202004435929406
129174199002202030209188059384986206
047111037100116246215122004434934606
141183211149202028135078004435918106
239213054025215177241004004434644506
044049244088116246215070004436371106
134164178097237042073104000800256806
097214003234199223126076404870102817
049041213241215255200013068810248717
044048048150215005009176004432875406
047100019241199137227028030741533217
194137048022202024005121581861344617
140075251082205126137163000532801117
213175202196207183095116052223323606
047113043037205219223045000802690806
131184001166231225123077000532777417
033239237031138152127123004435306806
124145217003116246215058000805602406
253102008178205033006033001230012317
148107197117116246215122004436269006
047063055255205066253017004434299606
114086157016116247217234000000000001
053162139184205071032025539065098217
044017005164205236095042034784341217
195161111019194207242207273710103217
237042124164237042073099049860044306
200113022212199137224001000814563006
202119204192199170068172553880005317
047011174045237042073099004431931206
058042068185205249003138000000000001
210030029151192182244234004435311306
149042099213205071137203092170930917
034108090032205250088182505580808006
088051003213192135131115639472692817
127023041146139010250129632840008006
034040179190064005155158004434672206
114242107029199192043081000805099606
206130113109198033052189000000000050
122016143106212194042043004435111506
131190122252139143018199004433859806
131134146233251224007184001233688417
126161098005199152088029004434489206
153217099213202029247018648191266517
102216058217199223124253468530104317
044007016245237042073103004434874406
140242158158205211122023000000000001
087151031130205251202136000804958306
124210154255192022173170004434704306
135072012164194041038066430195074406
195223248240231225123078000532902617
070071046255199208155107080113944806
135229197098205236090016580220754706
062196047072237042073096000805623606
127089203093116246215085386823344017
134194243076202031093086019356549506
123188126250199136085034000805971806
148067220032050253156178000533715317
143238254029202024016080004435392806
092075006194073165054078584220044506
245208181004198247252206004435154306
218225091067231225123077000534959117
101244026047073165107093578810044506
237042071039237042073104000802247606
128009252107231225123074000534638317
122199000009192030121184004434979806
235198100146192182250234000232694206
062241063019244003026251004434455106
032210176179205251207120000804952106
049148047116207009053128089990853206
047081219017237042073098004430297806
033228168006198247230061004435433906
223007030181237042073092004435656606
047186238228251108008225004435039806
127168139154215161106251000800393406
112035232070207180012205312223070517
002154058251205249010141505092003517
116155094188064005155230094823694306
091093193170073165069208541230044506
131121165046016229038052000000000001
047050157054205239055148093395000406
200124200090192182193067145990012317
110185092162205066255096068814363317
048166070169202030180035286223799106
213176048039244031011001004434762206
075062217254205200146161004434406406
016012094082237042073098044441107406
044002177031244158083125004430198806
062249231140244029215079004434229406
156118160023122195111160362710044306
113098017095135079171158353320443306
109204240010215163006231522360102417
127101008018244205138029572242687517
204124097237215004018234564511281417
013216019102198192214069004433227806
016012080228237042073099000801783406
208070209168240235109085004435723106
022246087050205239062133090050158106
213175253202205164190013052223683806
109197032160205187184009580164704917
209198085028205251202136080965007006
073027006102237042073096004432103606
047188108033251108010135000805052206
244199116130212171149168000225537006
109067119010139143180197151614365317
198140126184116246215223503380008006
134025129027231225123091000534715617
073024225211237042073098004434562406
239197244051244038132196080005478206
033228149152202031158247004435633906
062211010087251196147068004436545806
047062069159207000086161004436165306
140242141082244248205091000800978006
047007029066199137238179004435295606
197015102164207180012223000805878206
034108090032205098239253497810808006
196040118093116247217135435480905006
049221048182207000068244008005228706
073155112248205250244124004430657106
213175202248050122167218004434041206
244199061059205071031013004435312806
040244221208207012133126519670002206
044007004233237042073100004430290606
218225090060116246215071004434033006
151198129011139001140200579590190017
226025153078199177245245004432667606
047011160052237042073095004432860006
213179055007138091022086052225673906
047027248227205166042137081102682317
136053101161202024016228000802318006
075091213025237042073104004432326806
090051164204192029061089548820143306
135033200082116246215074004435569606
130004046202050123083031000254637706
044036124211251100166226004435213206
157120200021016032171209468320143306
047187008057199177248177004435816006
062241119183194102254164004435759606
088046002013199152008023052223174406
218225090007064005155134004433324406
044039080215205250088199101455107906
209198085028199224099045000923603506
126222108160139180033116068815644917
197155091173202024016056004431360906
089066094195064005155228000000000001
090045107053215162059127507200044306
196179163028192182046164004655422706
124117015124135079171185004433339906
222084007171205216206031588393343917
135243069107212202099029004434455606
070243078214202030184246000803632606
223007030181237042073094004431776206
109204176028205098232229089994267917
048167185211202025079116000000000001
044036010164205249052123004430187506
218225237063116246215069004434900306
016012080205237042073093004431939606
253234108113215004018236000000000001
053158059013199137141222372333023617
030015069108198255186198000000000001
213175202239138091017119004432668706
228202120167205066142078004432918206
044048021083212227179002004434667806
237042083119237042073100629940008006
129174199012193065001146004434461106
044004112121237042073098004432976806
075091212221237042073098000802592006
119132120164205126137014004434672006
100208217209231225123075000531404017
044025045054237042073105004436167006
218225205124016048144184000000000001
062255044230205098232177004434181206
111020055185198193187025010242584117
044212131067244248142058004434281106
075091213016237042073097476720044306
016049112144064005155245004434999206
146094051016231225123091000531261817
101137210139205249010089381083387717
099195093077073165110231621660044506
231148055069199224099214000800606006
091029119015207008084077138010002306
131148087034131115052094000534030317
048181106054016230168186381850008006
147246227114205203255081358743343517
016012080228237042073094004431262606
131003246171199222142105004435224106
062246150046199208059185182602784506
062198069115212171016138000803317906
249157228007194086008094590880338906
196085110087202031021214485773919317
049076040218192029095211610044608006
016012080223237042073096000804421806
231232160167199221119051598455830417
119132120180198247253236004434998606
007220250175212195128205443343558217
223007030181237042073107004433011606
135079185143215162057079272890044306
021120125180199224149249004435565306
058244186052073165228025565090044306
136151070131207001000046004435959106
072044180045073165111015251200044506
158005045024205249003219438105226806
228202120167205218010190004434915706
218225090099116246215093004434336806
237042091022237042073097000806245006
073027151207237042073098004430396806
216038110165202024017201000801655406
044000024175237042073106004434513606
111010110028198253197050004435309406
153095004112192029093153499480044306
130004046202192182140194000254700706
130150039212231225123093000532421817
047160113040237042073101004436152606
016049112217116246215071004433752706
134134152080205212230006004435316906
111092218133251196145111505660899906
237042071022237042073103004433847206
213176048207205066246189052223947306
143011220113116246215031000803989406
044204033251212197035013004435964906
076177103235212227179141004432623506
237042094174237042073104004430627606
085063057160205126037192392625773817
050067189144207180014111004434963006
002247154208192022173005514426341417
224183224188199153100146569795767917
210061167162215177154200004433467906
124101052201135079171198004436066106
140169207157116246215068004435183706
042204059170198247225208060081674617
062209016255050252039173093394308117
002143026160202028028028630231454217
210022242067139093093129562585080206
102174124239073165228025133480044306
016035131070205070221207004432631206
218225091092116246215107453150044306
048167030099244038195045080000174817
008107007128205211041016000800860706
223014026255205217245218004430313206
153190248092205180088012497420104117
140075193255205239049238004434963606
197160067178202029082159004434953106
141236059183135079171172000533188917
044050055023139005144230004435248306
042204050211199177095242432445614406
036223184112244127141129511760808006
135243069253192022194129004435552206
044217043161205230091173000803686206
042204056168198193188205070083351417
062200033114050251189121004434920506
047006170059215163040213004435358706
047080006131199177248170004435079906
084229067143205148030069566220044506
140081031052231225123078000531679117
097133087114244031147057000533726917
021137021052116246215036004434891206
135207186068205166054168000000000001
131134146233205126108202001233343217
044089088108237042073103000000000001
130150037145231225123077000531923917
218225205098064005155200000806260906
196094171162139061160140000805919206
047183224009244212108226004435599106
225021054208199152108151514486150217
044050179074050062034042004434394406
044004098210237042073092004430759406
076231032104205239062061650484935306
040244221208205164100077426960002206
213179055126205218013036004433574506
033239237020240063103128004436036306
131134146233212230153141001233465317
070022123151199137229243322110002306
015230250086199177183110411950647206
237042068061202024005251000800626306
062249158026199152015184004432661706
100208217209231225123072000536503717
016195143025231225123094000535140417
096036045253205239062146004435867306
044026206013237042073101004432825606
237042118037237042073106256440044306
230203221207202024017040045001882517
135210206145231225123093000530349417
112081188215212197255086080682465906
149158111124205125081033088975552206
237042093032237042073107248320008006
127198019099135079171185000803095406
089105020198244003007227633505242106
199110122247139212118057289336353117
058245132238205239054251004434765506
153197158118244205009050386630500417
064004255129231225123091000534811317
047119177027116246215082004433602506
044203236181199224096099004430349106
047062092230199221118182004434944806
200145045021194115198021135450002306
213176048248215177154201052224073906
016188010164064005155107000804368806
133075096237050065172116595570044506
075091213020237042073099004433335606
210028117153198033052085000806187206
248062241188207183132053375316237017
067027119026202031157221591003409517
016012080228237042073098004431093006
033236230068116246215073094825974106
082137075054122195111160549900044306
156183092131215167248120004433352506
002164213006073165069142561570338906
044001146208237042073105004436069406
237042071034237042073099004434823406
049157128222212197179133068813271217
198140117025016198230169510510044306
073027146097237042073095004436025806
062255210240237042073097004435107206
047061182251244248167050081165202906
253102008178138075185154001230012317
016012080227237042073092000804130606
204223079211205098232200417834018506
135214201044202030003054000805066306
237042091037237042073101000803435406
195249044167205184032103265921116206
196052037242194031028056151524915517
124247190128205251202119052283774006
206031173124205201186128146222861917
131210218147215019233023004434939006
047186253131215167114172004432773206
100151203154199136065175068892540117
070022123148202118033057047830002306
008116081098237042073100000800487006
106110203002199169214136089992557117
092007009155205127075010540820143306
237241128204205126032236034782659217
249237196255050056130221000000000001
087220127172202030048044343360232306
044007049164237042073097004434174406
109205215206215177155215106492376017
057184217040202029088153001610615506
109204015194202030242024089996136117
075011079107202118113154070013801406
146005189206073165054041218950044506
212143024236116246215069004435706406
044037054070205066255254004434412206
048167030099199137226180080003677617
016195143024231225123094000532799217
007238181119116246215242568460904317
150091061057116247217133000000000001
196014049171231225123072000530546917
016173094069199208061179000803334206
016242056115231225123072000533115217
042179246018212230042078000532781617
047004158195205249052064004431492106
073026151105207012133182004432896806
196093065108231225123077000535537117
015254252226231225123092000535615917
057012150016205211049098233792807717
062247039072199171206045004434933206
156183092131207009253109004435277706
062193226142116246215070004433518306
047108167236116246215082004433736006
197143138162050123203063004436012906
083019183196251000112221602820005317
044004112121237042073103004431241606
196041010100116246215095004436369706
137146025229194100116053401940143306
075095164219202029176228100080365917
141183211149215167114013004432280006
245098097107198032240156417020005317
044007060143237042073095004435575006
104067047005116247217234000000000001
141183211149193065063044004432007006
197129021136215018095077010252681617
249157228007194086008020591370338906
063175106254237042073094004435808406
147202253096192182151216000255962306
070250047020219092011009070045492306
057184217037202030154162001615398906
202217090162050062034037004454921006
100208038211116246215071004433925706
135210093046016233080118523230044306
064004255129231225123081000530851817
101090213062050123083170004654284106
016249228149199153061043535300148517
194250107068122195111160000000000001
126003178081205185135077004435207406
130111185061205218157141606024930406
249157228007194086012048591860338906
103231071133073165034064639830044506
069142040212202029062001512070930517
047021082075116246215074004434608006
213175201166207001186130052222687906
044004098210237042073095004431747406
197202027123207000065169080805809506
109199072138199168153191000000000001
239197005046244127032097255654961806
131209141068064005155243549690008006
047101246214237042073097004432006806
062194058225237042073104004433001006
047109173158237042073099004431162806
131148087034207020027130000533921017
223010192255244205153172000805171806
247003110196199208051034092120930917
197190098123219092126076474970338906
153064176148073165059196513140044506
016012080216237042073102000806544006
044200190057194017238152004431377306
136053123146193065080214000804973306
047110160103237042073099004430927206
044021118016199152012215004432382706
223007030181237042073099004433870406
044028012246192029208200004432714106
072011178223251215113218004431023506
137105066186231225123080000536074517
047169086024135079171158004434141706
075066094234135079171198004435364706
044003127078237042073101004435963406
223007030181237042073101004435630006
221197133038231225123072000534474917
152157252230240235109089000535202217
218225236133116246215087004436335306
124101052194135079171198004432223506
203212246249073165109175629260044506
096189129061139212124060004434132906
094172043190198032156053010915141317
211245203115192182242124387190118406
197183208069240063103189560340339906
044068100254237042073096004431141206
059181247139205199055067619540044506
129117087008192030007216098420005317
126052248006139061080255000805644606
016012080234237042073094000805669406
208070209168212227179108052222682806
206157040177198253042195004430268506
049079080180231225123094000531131117
047122012197251100165201000800108606
218252032043205151248101000534921906
245043008040215167152245015060248817
135183138077199204117250030562712606
044000015180237042073106004434682806
126003178081199136087175004435112506
247003207059202024006182000801537306
073155112250205112112039004432797006
055233073152237042073104317980008006
139188155249016198224000214510044306
062211137028116246215076004436088706
073026175010205185131013000531231317
125103208147205251200208400084916906
112081189113199170075063001235010417
062197064083116246215093004433979106
131192122228237042073103004433626606
084093122027205180112161000000000001
213179055069251108156239052224205806
249145147219135079171104004435381806
044210120030205184032209004433449606
032158041077205218157142644601438217
196093217083064005155116418220905006
136053123146198247244188000804555706
044205244013199225038138043830211806
049194138136202029124199549103011417
147129053082231225123093000534288317
218225091066231225123078000534615317
059170005056199168156166388745471517
075061128250192030223162100180910117
140065118193064005155209004436350606
074226120038240183048189030745413117
151198129011194043104150323890190017
044202224060205138176082000805171606
108082190228199152013194544712689017
196093065108231225123078000532232317
127089142169192029170002004434801206
140169199208064005155200004434568306
047160006137237042073097004434522806
064005212150194017228042459400905006
044027144165237042073100004432488006
254216107121244089149057150444845817
112176210117207001000048050565950717
016036124186116246215122004435550606
047177193113199171097126004435438206
062205062223202167044253004430276006
047100067038237042073092004432061806
070199181217202028166251000000000001
048165218044073165069154493970044506
130004046201192182046134000253914106
224134193102202024005121004434702106
249157228007194086012180593260338906
231148131116193107085129000803760106
213173043228205127098171052222870906
062244027004237042073096004436127406
218225091066231225123079000533291717
236223019142244038204221182285799806
129214018179193065101251004434997806
209103242235205033004013503214903617
196092182181116246215241576240904217
005084214093199208048027493084471517
213175202196215161085211052223389206
057184217037205032251055001614884806
047184173096215019149253000805888306
136132108206251215148178000534842517
079112253103202024220075081474611117
197200222168202031019174127282272017
047100038064237042073094004435049606
058245242020205127143167092122671317
047176224028207001173101004435129306
197016034086207180054185000802623606
076084085018205164112018092123401417
218225090060116246215070004435472006
213179055028205112188081052223599006
042204060035205200226102060086411017
124101052192135079171146004432211406
041147248123205113216085004434631606
073161166002139072053034563185177417
195223249143231225123073000530769917
116069050224198247246106004435211306
044007049164237042073101004431294606
143238249173198253203037004434982806
131092246045194017013017005875686006
213175202214205112188081004433659206
047001155015237042073102004433508806
122163217249215177154198004433963806
254063177014193065094038000804939206
134134152081194207240034004435247806
251156166047199170237189586852183517
021091196016116246215070004435270806
044054075193205183123112004435439006
048167030099212030023152080000102417
237042080196237042073107000801741806
050094243096231225123081000532298317
016043038163116246215051499630008006
062196168036212230042118004433846306
146017019058231225123090000535934617
139188155249016198224000214470044306
030015093017215167193003004435608406
140118147025016229023074274700044306
213175202207194043182228004435140206
047063002131207001165045000805226906
075062214011205112117145000804955406
044085208106199168159141000802478706
152148099157205218024101000805045606
213176048252240202184166052221089806
044200006019116246215076004433521506
213175201161205187186197004434620206
196093065108231225123072000530733317
135240062191205180057182004430165006
113109181215212227177234068810688117
105210123050199208052103557602881206
047231217190240063017146386215313406
034080172020207180054135641910002206
048166069230194031031058080804079306
223007030181237042073097004432475206
097133087114231225123080000536529117
047100153006198193185224004432668806
146180088161131026013209592800044506
002002132232215007140142004430166306
044068041184237042073092004432966006
016012080213237042073098004434095606
135072012047215004019003463815797106
008074003021199135034070004436126506
044009187123205239062025004430538406
130150037145212194146197000531063717
196092076104116246215074000804770106
149054242159064005155247000805280306
016215208159237042073105000801025006
213176048160205112188069052223342706
016248187022212194042217004434963906
057012102072138152126074436582531017
224255190058050057213170312491708817
091093224119050065138230515890044506
042204060041212230042065060082700217
049037196121138154105125320165452717
204017240160073165034025611990044506
146110143032116247217133000000000001
116247237142116246215086454940905006
076177103238192029209115004431485506
201192086187205126108207394312292717
106159172114251215113138601620338906
036090121066202029044056288402144306
096014153092194043186053004435750406
044086171084205126032234004432690006
016012080228237042073098000804285006
198140117025016198230169510530044306
197122065206212195089174004432684406
063146107184199137234190004436389406
047011196102205219216092004432996206
016249242138198033143048000000000001
047025002224205187188205004430186106
063175189236064005155209004436336606
213175195107205183046239052222653506
218225072148116246215076000804303406
146119207230205250090086514135123606
233025179084205211122251375820002306
196093065108231225123093000531215917
155021220162199169015020036580365817
044057107028205139035237004430611606
007239139193064005155192004434116806
044003245085199208050160004433539806
047101162154215019148157004432686206
124117015124135079171175004432069206
239213054029138091022086052222165606
016242056115231225123078000536423617
047119224129194043186091055114937606
021120109057205212182066004434958406
149069168119194043124054000253774906
062253076249116246215255000803647606
076231032104205213161029010243768417
197016034252205125075170004434628006
153039113178194017238168417580500106
141236059154231225123079000533417217
131092242153138075188017060145031706
111249253122199153034004000805197806
195222041230202024016247000803519806
073164088216192029188068000532644117
073137141109202030147187020965151406
016215144083199208049210004436250306
224134193102202024005121004431127006
044222021067212196235203004432920606
062199082095116246215073004435836806
223010192210192254112249270206264706
208215190128205249044080031772827917
200016024013202024016147004436447406
196093217245116246215137651160905006
070243079058215167248157000804831406
094065034102202031189062218774992806
153052124209194038153122000530275517
047026011031248200034238093394921306
141236062080231225123079000531726117
058091188169207008082017004435101406
062251231178064005155158000806016806
016003074205198209141187000805015106
251103139043064005155234004434053006
203083230185244089080153543150002306
140065118211064005155232004435691306
197222188038199168225198392110338906
140118147025016229023074623140044306
096036045095139218243210004434088306
206240162233202118028225059385084306
223010195121199137233223270195203717
044009190200215162059203004435765806
202217215109215004017235572750822206
112038136223073165054201621180044506
036223184150244127141129539930808006
195023209219199170099045608610312806
062251094141212227179108004433586806
073155112250199152013242004432296506
075091213029237042073092004434594806
037013175244205236085005301005371117
237038205049139010250152315850005317
058226202254244089100220051564936217
197136100160215007230090059384962506
073155112250199204070082004435097517
050048062028016233092142039760044306
204124177146138152125013401442088417
030182042066244158136087004435251106
132212192153139212113089580006382617
044020051123205238171048004430458006
140065118211064005155209004433680806
148067222062240223214032000533950017
047045155105199169207060040175588906
130150167217116246215186360590148417
021091198024116246215070004434223606
135238162119252248027077096645949706
050067191247192030029244000000000001
044214158018207183082125004435805606
048167178066139072053034000804554106
062245058127116246215084004433710106
047187037008244001020064004434745406
223003196115198255177173000804963006
146140224121116247217133000000000001
135243113027199205168221080021398117
073155098053212230042067004432642406
076084179115199136087255080024930806
044003127078237042073098004431397006
213173027177050056130221004430226406
030015095014251108226134000805211706
062200101139237042073107000805778606
132242246115207001129237422076272006
047033222211205032026125004435256006
237042094139237042073106000801640406
217242162062205126032234320056516306
213176048152205066247036004430884006
153047221224205249010089555793387717
044021072184205098225109004433457806
107018089195138152126082511990688106
016195070166205211062043004432919806
112081188215199137229234080684992906
016049112172116246215069004434793706
070077043045205199054017000000000001
047188093081205187186221004430168506
036152177094205126032164237723761917
099117033033251000115135217376208906
127168149027202029198011070794940906
075095166010205251205173550005760106
083140176101205200026113011196259617
113104157239193065093237000235212106
083100105016215027046162324952564017
112233190219240223014061505005361806
249070079098139180046126001230012317
218252104012198209156049519580808006
044008180063212064070159004436191306
069226221207199224146018000533314817
140169207166116246215092004435606306
136053110204212064070177000805546006
047123012249199153111251004434297906
202217215109244029086185000000000001
034080172020207022031127305650002206
104053115061244158083033558530929717
237042066202237042073107088640008006
249237194112237042073104000000000001
197042128219205113207089000254475606
047001140162244031010118004435468106
013192054010251224032205000802800506
218225090007064005155134004434505306
135229197098205251202188580220765706
087210199157205236237178270321842117
223239024084244038133045004431761106
073155112254192182023091004434655106
086201203008064005155228000000000001
213186016042138091018165052225220006
062242241029116246215124004434690006
044085150117205219216058000802681106
044002237020237042073103004433955606
050063123045202031023194426093278517
049196046050138145213069004430174006
238063074219192166170061390940002206
050050026075251215148150055000304806
044222122231237042073107000800488806
047101025201237042073101004434795406
206163133099199153101033581160312806
136162047158199223102185004430176706
134164179071237042073096015143439206
007207201050199169214181572934631517
073027151207237042073094004434240006
075011030163202024017042000801349106
141199229081192182019042000803681406
239197039084194017230201000806215506
149140044177064005155200004434327606
021120124199205211057003004435244506
213175201171205185136198052222635006
062214092018215006175190093393290706
131000182111199153056246000800215906
047100157013198231052169004433659606
108206060174192167127033000532264017
134249009026116246215075004433846006
070071046203240202184160080812238806
044018077204199177087044016265129406
135231061242207008086202000535503517
240083159071192182151185005874189706
078094190223199169194038532630008006
116069050206205066159080000805169006
097133082094231225123078000532041917
041145026214194038092234004432175106
153197151229205194244169089992086517
044202193142237042073107000801460606
200162122050073165107125522670044506
218225090096064005155210004435235506
096133176142205113207089547590108006
237241128204205139035254034785603017
213175253253212196233143004434554106
044093174236199137227208004434943906
041055119110205217251232575990103517
070231208182237042073102241260008006
044201069112116246215085004435197706
016012080207237042073094004433434406
128249200109240063113219128860008006
044022086229240235109045004435169206
131143133229231225123072000531784717
079121155115198253202036330790002306
137027250198244020056041000000000001
134067143040199153107190080402771306
016032025242202167131000004431803006
080207202047205139035106021073941817
055230146086231225123079000530233817
047090073005244212229095004434927706
074231114246205217180050190606065406
114102017215205239062133332964469817
135084107064237042073096000805469006
136053080185215019149194004435643206
084113197156202030242024540255667917
237042071036237042073104000805775406
109141173172139180034162545503327617
231059146130212171082154536963940817
062248005017139010250113531010044306
223044129146205113240244151530454717
124101052201135079171142004430557306
075067141079202031046023000805081506
047176245120205251200208081045150306
244014071021205184032076004432067306
073146072133212232088058004435190206
008069236032244031008017000802272406
210028117153193065087226000805041406
053125118012207180051185232470808017
141236059005231225123076000533462717
073146230219251224005253068515016406
044051120016199168236212004431549406
197015102164205184077012000805083306
030214175145205251202126000802724506
136151110093202030181217004433493706
200127104211207020019036000805402006
007137170022205219152045473842636406
088090068155231225123091000534724717
062238051025205213185177052233587006
070243078214199177248205000000000001
044058020201205194245137004433209206
217215027053237042073106004432802606
213187199250199168158151052225283706
112081188215205070215213080685092306
231148133106050253202167004436335006
213179055074212230182138004434527606
016215208159237042073097000803579606
140065118193064005155209004435020806
237042066201237042073107444820008006
047004135050199168152226004436200106
218225037016116246215092004436478006
086064037236199169206186068890110217
134194241211139212116077004432473806
016242056115231225123072000534612117
047109144143237042073107004430589406
218225205083064005155200004434284406
054125007077192022167203266134916017
213175253235248200252010004434999206
106215144153205180041164009933482806
103105060233198228051000577966237017
113174230028050065235227624710044506
047123167052215167112218004433266706
047050211237138091022066004435406406
096016190109205167059074251570038917
103245145100219092009137619982168417
213173038233244248205083052225939906
148094169017202024016009004436251306
013171010007205164099211004431990106
076084179115199152012215080642167406
058249233028252248201191505551058617
251000215190192029215053529340254417
129177126010215006142099004432908706
249018158069199223118245642752884917
032080254180212227163048005875637306
204123019222073165104106041490044506
016059205134202167131163004431196406
128229158014192182090114092503712306
101085062063073165064219500050044506
133127137188199169214223566950778106
223239037084205126032199004436499206
063174237039199177255207004435836006
139130177162116246215053511890008006
148067222062212194251014000532739617
135079161057135079171207004434306606
086051046190198241226237000533493117
097133082094231225123095000533838017
227003109158202024007163004435597006
047101246214237042073107004435327006
033228210224194017229034000000000001
044008068193205126033101000805955806
047185054075138091023085004435677206
044073048238198247246036000805375906
044076152007198228176197004432622506
213176048047050254095178052225886706
122016143106050123066166004435521406
081234172098192133081158405760143306
206027070026073165091234509190044506
218131142206139136059148000534122317
104232109186205167204238055564745406
070097015075199204072072000000000001
133212240158205217251232493930105117
218225159162064005155202004435675706
108122248059193065017154514131060817
201206016197073165079133611110044506
139043249152231225123075000535214917
100250091173138056078236070252976817
147173103169205055142087431275573106
044038038054205236254229004435267106
016173094073240223023038004433591106
073155112250215176008157004432739006
154169092243231225123072000534968317
047100068026237042073104004431357806
042204059034205071025061070085087617
146052242243198243139106274611345217
149158096184199152013232071022036206
253102008178198247252006001233474317
101134096097244029048234573380102617
122027138107205216067236000804312206
109237120218199153036045565602713006
206127146026199153097038000805160806
253243238147193065061229001233971917
044069144230198193185026004435657306
044026202025205211122070004435773006
135079189216135079171071004431397706
044201195042064005155228004434044606
073171192226205112119107000805578606
213176048174212202219229052223688706
064031252011064005155148414760905006
042157174035205236095017000000000001
141236059074231225123077000530470617
058238171180244248204037000000000001
085247217045205239048154070024267706
070068066189122195111160581810044306
115137028200205151251253004432793606
042144073218122195111160217530044306
033239237031199137227102004431324906
104102000069073165228025499000044306
197056182022139072055189000531235517
080076116221122195111160518200044306
016098134039212195128205255650285806
203099144160207022025037000535334617
042055167118244001171032360423732117
122139039250207012129161004433824806
076084087177244067234160655005192917
098100117248199177255040616615687117
103105010219205200031217533094831517
047108127139237042073106004434317206
130150167239064005155175455380148517
047004171121199153102080004436038906
141236063126135079171142000533504917
062213066205131115180161090014684506
148067222062198255190013000535677317
047170254249237042073107004433162806
033228168007205236091124000805233506
192044165083050253169183588661275717
126050033061131115010255004435054706
055248064115050065216145561300044506
197043153085237042073107000803252006
047101246214237042073098004431032806
070231208181237042073099000802018206
064004255034139093092165000536270817
196092076105116246215074004434420006
223003058031205212176230004435641906
134164179071237042073103015144914406
140065118193064005155209000803943606
218225091178116246215212000803309806
141218041217215019012001004432897006
053050210029073165064114601090044506
044009105100231225123074000530824317
016225161033244020056037649080905006
044085251168240183051073004435097306
021120109093139093084029004435190906
016012080226237042073097004433193406
044222018020194043191034004435540206
047169175164237042073096004433803206
192044165083050253169183622421277017
080204128166205126137127010300670617
093120039088199168152210000000000001
063150146075064005155229004435238506
016012080233237042073097000801958006
221197096168202029109008004434894006
034063177159050123170010004430357806
244200080106244031125098000805584506
199200029044215013073162505681226517
048167112120207001007136200863964106
100207086094202029187105571900688106
058024019187215176008197004433866806
047081231144237042073095004435271006
062198183209212227179066004435544506
070028006124207180053003629790002206
047169009129215177242054004434418006
047049038241199177241169093396174706
088091232128205239053028196594058817
247003207044139218241077000802544606
226154176178212030199041052224180906
214002103134202030081089561472141506
248199002107205217254163004434922606
047045155105212230042118040174996206
213175202216205180139218004432646806
047111254063212197179178004433909306
059178188067202031155253476354971306
136053123146205184032148000802619906
047034096136237042073099004435207006
044073119251205199061093004435593606
030015071107215167153118004430282506
135084107093237042073092000804300806
239213054090199169000117004434118406
044069043077064005155229004434547006
127242036058064005155230004436000606
002000046057050122231189129416284117
021120096198205151251253004435407406
058121240191215167112218514134642117
237241130097202024006161004431362906
053040214188199204090162583255920317
107073102009131115052118559200338906
140169207210064005155230004436191206
047048009096215255061253093394029317
231222082221205211049130264674700217
114218010191050065212034617870044506
002120249195194102245111004435089706
005241019033231225123095000534863517
079126074086205139032253485410143306
047170001253237042073104004432384806
101160237152138152255063589870190017
206038171198205180085094093070016117
208181140212135079171142000802999306
224202138075202030022235068890899917
047049222157192167123096093394306906
063171212119116246215074004435175206
021114183013240063103187004435974906
100208217209231225123095000531358317
050084201090199137231134310106106006
223007030181237042073105004432447006
135084107064237042073099000802075006
125020145094064005155228000805959306
044210040125198247252049004433840506
016012080214237042073099004432521406
193253163134016229024118429410044306
237042064235237042073095541580008006
016012080219237042073106004435640206
016242056114231225123081000535710517
196093065108231225123078000535343617
047123080064199171101085093394314006
047050193212212227179009093395247606
008072209240192030050041004432838806
213179055109215005009108052225432106
090007198237202024166154000000000001
241249051129198193188089620590058706
076084179115215160090088080025236306
047038023065205139035190093395457806
130004046117192182039023000255600006
016242056210237042073106000535402517
073138248089192135131189000805254106
084225101185205166209027013352567017
073146240002194041038066000000000001
213173038232240235108139052225697306
196012129012205239062149099985085406
062196244204244248213082004432712306
062196119218064005155209004433888406
213129187211198252033090340951419517
044020069143116246215070004435663206
239213054072207022045119004432406206
044042235029205217244029004433073906
213176048157205164190018052226018106
062255094173199137233223004431059306
097133087045244001169249000533894617
070118185129212030202059000803052906
133212235210198193130005296295247417
048166115136198033104135000535046417
217242163115205249052134551166228206
016012080213237042073094000801127206
102104013107198209170027270326175606
244014071050244067209212004433812906
245098069084205071142241385650010206
047062092035212197084235000805331706
070091163070205127140212000533828517
070060144119050123170035283832735217
047190123116251108156219004434733206
012018046062231225123077000533687417
109210154012198193190129444880826806
044002114207237042073103004430967406
044025010021237042073101004434239006
156087188118199153102059553140115217
153173169042193065012186059386341906
021120111095207022024194004434982406
021114183013240063103187004435976106
047185187116116246215094000804003606
015239254150215176008020004434190206
213187199229205164190034052223842306
212235199060205187185093000805389006
141236059193231225123081000534343617
111253088253073165054044575220044506
013157052208205238230214240704941617
112096067051198247241155380382713006
197242216052138145201215617670002506
136151109165202030001253123934691717
131134146233202030175173001235347817
016193029152116246215079004434378706
047184035069205071139021004432636706
044221063002064005155175000805857206
016232234056116246215095004435601606
220162158216192182090041366805123417
253102008178205126138082001233578917
050050249120050123065250000805449206
148067222062212196232024000532544617
047081000167237042073096004433971406
130004046202207183129020000254298106
088123138009215167114145000000000001
073027110110237042073099004434736006
113175002229207180015129336490532306
109120023016073165079019323060044506
138130098185202118037250533432087817
041150227104215161084175004434949306
231148131177205213166137004435684206
218225090096116246215086004435169706
070077126088050065143149519560044506
073027146097237042073095004430618006
210061102219205251200174004434958506
069231010106050123083077000253423206
227197061050205217254182004435745706
223007030181237042073099004433517606
140075194019205125092088004435356206
050019109237073165080217218570044506
042059100020199169214136400482557117
223003018222138152147089085200225806
062198036118064005155229004435678606
044008074062135079171173004434010606
044068123008237042073097004431141206
143090042084205125076118004435013906
213179055065215177242038052223180106
044060028084205071042229004434598706
096070063028202030116185638696424117
226102051054135079171063583010044306
021120124171244212051170004436263706
021120124167215022058047004436119606
197052018203073165079148497700044506
140012150123231225123091000533886717
218225246184064005155183004435756006
034080172020207020027157377800002206
199159065179199152005234292003321817
213187194102050254103162004433645906
030054086185207180015129515650458506
044076159043199169205177004435423906
027126034109192182034088000253913306
044001009033237042073104004431344206
202217215109138056072048572750366606
196115240100237042073106000000000001
044002006093116246215079004433298906
016012080216237042073107004435329206
213173043235207000086105004433150106
080200012140199208054020490033145717
044050171103205066159063000805155806
146072194136252248201174004436135306
016012080213237042073099004432214206
044036180099205187185093004432632106
136227068188192166170094551530002206
050121216207205250089035512233646417
109153241005231225123077000534461417
135238162118198247252207093024919506
063175220002199171109184004435260806
073027099015237042073100004434208806
062210121097240063017189004434701106
044022237179064005155235004433688106
197222188038219092126189584760338906
104103207151215162057070341170008106
064030115185064005155036578940905006
062192107145205211054249004430728706
136227068188192166172012586860002206
041147234250199168159118004431401206
135177070024192030007219000535052417
062196047072237042073107000805141006
148085199120207001003111000804011406
210178016215199137227028030741532917
197222188038215161109204419290403006
062248126195207180188197004430527706
044007043033205187188205000800197706
047080031158116246215082004433513906
008072209240205125083154004436023506
016012080230237042073102000803182006
130004046202192182019089000253372006
117238211207212194145033102600109517
047101041171116246215093004435527806
213175202107207022045085004435617106
213173027164251190082050004432718906
057184217042202024216172001611004006
063175069033064005155229004436498006
119132120171205113207089004435300806
111010110028198253197050004435309506
062240186020205194212130004435879706
148083149210199153056069005142215706
047186039145212064141237004435698906
139216212250244003026236192020150017
206097022158192182068013574562549306
073155112250215006071130004432962006
062253047100135079171079004432088106
062246203121212195125024040800192717
021120110036199168153253004436316706
197016034234207020020006004435394606
202217215109205149043191000000000001
059211238235193065094038004435804406
016198086043116247217215428600905006
142215082130138154105125004430496706
124145194033116246215023118913955606
113175002229199137226250245390510906
140065118193064005155209000803534806
076084179115212232237206080020143706
195022042090215027187202305852645417
153065168219138030198100004435328606
137210127047244205242178580106315906
206157043135199170077173004433970706
062215214210244248213085090012684706
021120124193244157223087004435305206
047119101222131115180032004436333506
057184217043016233086195001614798606
197030218109198255186198000000000001
079121155115198247245120342280002306
015043183026212232022094000000000001
127018021234199170236189004432673106
245098108001202029065216425670808006
059170230100122195111160412350044306
223239026122205199055163004430492906
044221094087207183083066004435523006
047101017025199224102093004432756206
044200006019116246215084004434463306
070123237174205184032057139503960217
096065145126193065072202567420257006
047108167236116246215080004433651606
016012080232237042073096000804424606
211253220150205218159165569044747717
016012080229237042073107004430810606
076084179115244212051210080025915406
135223012149205200025237005875663706
047123197065199152010117004432625606
079117177253202024007151052223289606
047170248188237042073106004432887406
192249095236198231073136478640854506
200094095089205239114098390910002306
203203204161192182084028000000000001
126039177067231225123041000000000050
135183136185205199055017030564837506
209101028178199168233000645064740417
083144219017050065212051578810044506
041144149077244248205064004432857306
249157228007194086008080590310338906
122027138110240183050076000803667406
211210206019212230180141000804006406
113104105199193065093237000233454306
015243117208122195111160434550044306
197043153102237042073106218320008006
254060124098240183147064000226472206
148083148054202024166210000534859817
062210015088215177154200004435825106
070071046250231225123090000533112917
044025250041237042073098004432246606
218225091066231225123092000535780617
128214237047138091022026278120217917
135084107139199224105182000802635706
135243074253231225123081000533152617
021091199204116246215070004435672806
062197230053135079171158004434567606
231148133023192182165085004435486006
073146001050207001175102004434717906
047171188018205217250149093392748406
044221171126237042073096004430863206
123188123003205216063235000803112906
113175002229205218156010610120508406
047001131065207008085106004435939906
236146203229251215113218004433454006
109132164002212064070171378520328317
146072194136199136091126004435010106
062239131164050057215098004434774606
047186253131199137227093004432819206
112081188215205126032123080685361306
218225090060116246215070004435337106
197222188038138145209039419290339706
113178133240198229111195010253788317
247003120169215255118254004435666806
042054114166194043181019095722274117
245208181004205249044027004435061106
075091212239237042073104004430688806
063146242183237042073105004435996606
047028014184116246215095000805681906
206157043135251190161131004434301306
016242056115231225123078000533020517
016035125209251100210170000533115017
042093109160199168156146182264710317
103204025198050065196031605220044506
027159021210198192215047633850553117
149042099213205126039013092170930917
002002130255205239060097004435823006
253102008178244029032194001230012317
083178029036135079171201509710044506
131176096153050123136032052285408806
002116027174251224004203525864976117
129245251002116246215008000805401506
073155098049205139035106004433814406
002244077001050062034037004456344906
124101052197135079171187004433646106
075011030163139212123098440881500106
021120125253205032020130004430234906
200182095255248200052157597134790206
196093065108231225123081000536540217
076177102197205195124038004435777206
047100068026237042073107004434637406
072011141010205126137163000535627517
196043026097231225123076000532372217
058205011120205113245226000804981906
047100153006212227179009004433503306
244199223155244248213082080225614406
073155112254212194090034004434453506
044026089148205066248077000804978506
013217229131138152125118004435133406
237042065011237042073099359920008006
130150037145231225123091000534565817
047169156224199137234132004435300606
016012080230237042073103000806206206
080042069180202026169192238640002306
044006226094237042073106004435299206
016242056115231225123076000530332217
197061129192199135033125092170930917
125020145082064005155228000804466606
197043153079237042073097000806203206
213175202242139219136115004434941706
140169207173116246215120004434843706
084119146111073165080218574010044506
044036200172199137239254004436363906
103240064219135079171198004430754506
042206249175198255185138122102301917
044049180201219092051184004435711906
109174099213205251205218574341451817
135084107064237042073097000805365006
213176048238244212229149052224138306
064009249058248200052157000804519906
075249190082116246215074004436449006
122163211204205126032236004434996506
140169207158116246215081004433589106
125017211066064005155134094823869406
140169199221064005155235004434921506
237042071043237042073107004430380406
213175253213244248024143004436235006
016012080226237042073094004432099206
127029207007205180003121004434917506
206157043065198247228194004433320606
218225159021064005155245004436207506
218225236192116246215085004435320406
016043038078205211122026000803849806
016215173248215163200054004435660406
015043163104199221114022000802887106
137169187029215177241005000804590506
131148087034231225123073000536221617
073027217212237042073101004432196006
075091212217237042073104000804016006
202217215109205184078024572750755006
021114183013240063103187004435976406
075067180034205071045208080654986006
016212151195205239062013004434210806
213179055007205127099139052223912406
213175253228215161087161004433352806
021120109062199152012216004432442306
044068100254237042073094004431959206
016032025242193232175081004433432006
102065112221205230082024538640002306
101160237152205071019168452810190017
195222041194202024006023000802967206
126007014101231225123076000530193817
239170087214244022111176089995141317
136117221110192182011039005875113606
196085001142202030099010482584323317
126041198118202030145004165301252517
223010194057244127032037270196322817
044035219045205239062060004435903306
137131082130202030101053584234177506
049089161106050123136003099974935706
085059243128050065138097491700044506
140255108181215177154198000805793606
140065118193064005155209004436341006
139218162017231225123074000533820517
122028053032135079171207004434676606
119132120173199177255248004435597306
141236059032231225123073000530889117
049105203240194017239253091460038917
124101052209135079171132004432773806
044209091165212195089174081023803717
237042124146237042073105399780008006
047045155105199224154114040175304906
044030198160215255062241004434171806
016012080224237042073106004431977406
156221025146131026013184612570002306
223038220174251100166047004456480306
248138140087194017237222001235360417
237042064235237042073099204680008006
125149139007064005155245004433951106
247003110041199137227102004432943506
141236063126198241226237000533721817
134031190194192167123151005873877306
075091213063237042073095000804390806
148068184009205126032241004434282306
044025055095237042073095004432896206
016195253114139072048233000804452206
002002132227202024005237004430132106
080208041012198209155142513295990517
075000118029193065061170004435266106
124045135104231225123091000535436717
044025210023212230042080004432694106
041167151112205164099210004435024606
131134146233202030132124001233938617
119132120168192030051149004434908006
025004162053073165034036616030044506
110136060242050120062215623480103917
156085062056116246215122000806344606
134134130178237042073098004432735806
016012080229237042073096000800296406
218225196048116246215093004434522606
238041098018139005145045000802755706
108063009248064005155228000000000001
055233073173237042073099000800538606
044068123008237042073093004430355806
155037133244205071021003606234489606
044026069181205200149026000802634306
141236063244231225123077000536220717
239213054088207183082125004430386706
044003054030212202218059000804398806
223007030181237042073097004431494006
086125251036135079171158603110044506
062196032001251224088138004436336206
047100068026237042073092004432126206
047172179189215177242138004430165806
044037248043240223037058004435199206
253102008178198193189073001230012317
044001136159064005155229004434405706
211253200219198193186216625272721117
073164070120138075188071333905189906
044207235227192031126169093393997706
131134146233202031133177001233849317
073171090160192182184053000805122206
016012080220237042073107000801706006
110014072195116246215161000000000001
195109148020199169214054407550111417
073027231011205211062032111946532117
103093143061205071021003520394489617
238063236230050123066179000803990106
044200006019116246215093004435064906
141236062224231225123075000532399917
044084086034199221123042004434113706
136053123146050254095245000805303706
108120029075215022049201514135954017
135168151217212230061007000000000001
218225091067231225123076000531056617
127242060191244031075082004435884806
152071105090192166212029000533605617
075062217254199168152106004432646906
091087056179251196145100264656322006
153173191082199169009182059382675906
070214202141202030209173626641338217
218225159157064005155202004433644406
062213242242205066156125093392358117
130051062135202031142233004435197606
148083149245139072053114005140393406
138045208229205126032234559965537606
213173038254199224218121004434300106
037040147016073165091089540340044506
109117082167251224005137635181598406
213179058178205187188212052220410906
096229156175199137231133005000050017
213187199231205071139075052225012206
002002132220202118045189004435110606
123188123003205236239027000802685206
195222041193202029071250004434981906
047049108209152098209152004435178006
108009208155198243187056004435092306
030185118104122195111160492990044306
136053101250194086009224004430663106
253102008178215027089053001230012317
206163133099199169010182581160312806
136053047022205164112021114244792417
007156236094215163006231194140899917
008074003070050121228103000803838006
044054163065207022045110004432824306
103240064219135079171175004432228106
098122246203202029226145262016164506
096189177194202118035010328290808006
016242056115198253189124000532892917
197174095044139072048178501190002506
080212169118231225123075000530446317
238063074219192166174117395660002206
097133082094231225123079000531467217
215222141110215162059203004436419806
044006226094237042073106004431974806
062209051219198254094122093390283317
074235111186205033006016622930044506
071120094175205212176232363315054206
054146028196205251202126040304960717
044066054220116246215012000000000001
076084179115215022006250080023670206
135243113027199221120019080001492017
062200101139237042073094000804658806
147015004072244029048170551971989317
210061166114215177154201004434271306
136053123171131115048131000802816206
008074003151205180056222000805052606
036218204167244038134057376040808006
213176048130244248167058052224961006
044084086034212171168018004435532806
107218020006212230042113266365119017
062213191193205213189137530330005317
153014058240244031010013384282652417
047001195005240235109089004434419206
075058155026116246215212000804153406
002190170131050255212237159441956917
044025188102212195071082050404948106
047101060046199153103049000802633906
135035230155240183146002000805097306
117246140101198241226236243160038917
085017103095073165069027549000044506
002120105168215013072176444441978106
204222221151199222141078456825285206
213179055119212230181154052224877906
206163133099199192044000581160312806
079121155115192133026163422470002306
050094064046251215148150458230323806
148104202252202031078221004435448706
058001028211194031029022059385023106
050075028226193065082178081015862706
140065118211064005155137004434584506
131208002246205251205198614565300417
223007030181237042073101004435628806
060213099202050123054018000223770906
213179055013192029214155052222652706
119132120168194041033019004434995106
021068197202131115010046004435751206
152060034104116247217133000000000001
202217215229205112115054539510402406
070254210037205164117215150004384406
135084107093237042073096000802566806
197038148067205164097069051280506017
055233075058237042073107004436328406
047107243142215160157148081046201306
131134146233192030022001001235846117
092016233200205236254234314322157617
140065118193064005155137004435146706
237042090150237042073100532800044306
044026216243251196144006004434574506
103110093087231225123075000530813417
113175002229207180015129450970517806
077124002203207001131121469525386617
140169199176116246215086004434144406
007234225066231225123095000530547417
200183069084192030090166009934608606
102006054167207008190074089990106617
016012080227237042073097004431908006
044068054122237042073105004434329606
044023048236205195121251090015976306
071102221252202028202201544456172806
227003020082212227179009004432714006
047038149193207183082162093393841406
204027111083244031125098383326518006
047185187116116246215094000804049006
044001009033237042073100004435890206
042204059034205218158162060080135317
195189109108192022167203141074916006
075225217035050056130221000803602106
208070209175131114048119004430550406
044048188176240063017146004432633506
016196002246064005155043350800905006
202217215229205126206040539510402406
097133087047205126137133000535472117
047063041149202167044253004432890406
209119021114212171082166575916393606
063174094112050057213162004432653006
139107190037207012138096004435724206
197222188038199224096178419290409006
047124115054198253198010004434343206
127237105233199224153178090002760717
213107184216202030130242593906234817
230123000233251100096147468735341317
133215166093205098232229342924267917
044004189082237042073106004430366806
123187184210231225123075000534641217
248058113243205217247143331891991517
076177099142240223037058004433565106
213184192016050122165111052222863506
057184217039199224155039001614844306
063166141017244205131220004434282106
131190120054139143018199004431737206
021120108126207022025156004435449306
122059234169199169086250100001000017
196043026097231225123093000535147017
156098108064207180012205561952810417
096052143064198032096192619790002306
032222232028194031042002004435173106
076084179115194043157089080024930306
048213242085192182020034040003848706
153037090220198241224039004435770506
080199091123205236085045409515720617
109074208192212197255200270320102517
016012080205237042073100000803965806
149030079067050120062063004432704106
044025253019199177248208004436032406
106018224111212195128205270021191917
047160039218205055128253004432543406
251103139015116246215087004436434406
109236186125193065002214000254509606
220111132044244248166237358420711917
237042071022237042073097004433713606
210061112229215177154219004430314417
149042099213215161064006092170930917
127168149027202031125228070795930606
223007030181237042073104004431052406
124085080227202118041058000532257217
084206180127192182243045504890112617
135084107093237042073092000806097006
062243246205205180139218004434750806
136053123146199224149005000806072706
109110148172207022027126650636386717
016012080216237042073092004435398206
062245204133237042073105004431140006
047108150067192167124253004433908406
016177012201139113197136529716553506
119132120167198229108139004434788706
063165010244138152125061004434167606
090031228034217008113079424080243306
146175042211205203243239555644488117
062232029149194043188207081082698606
044002114207237042073098004432412606
047113058181199153035028090805706106
047006198018231225123075000535369617
058147028180231225123081000530908717
153039112164205249048218199925666206
047160238065237042073107004436523206
044209091165215160157217081163737406
133007254161198247228194068815786206
016215208159237042073104000805701606
044006155040237042073101004431468606
114242108250138145212069000805253506
124210154254198241230037004432476406
125003118151244127141165089992898217
233110037039192029095044000534247117
089212189005212195030175068894113517
119132120168192022160239004434543406
244229037179050056082029574402725817
141236058121231225123094000531855717
044008020191205213189170000804153806
062237160128205200243074004435263406
129107151058192182174026254612705806
044004199049237042073092004434289406
047100067038237042073103004434453806
132042014189073165228087440800044506
073155112250205212176179004433588406
044006226094237042073098004433783206
213179055121205251200208052223901706
214013020207205201093075283370044506
206111141071212202149109000800239406
213179055021205139035230000805790406
080210139031138147091088068816020917
050067235214193065013138000222621306
140169207166116246215092004434843306
036223184178244127141129238910808006
062199080201135079171207004436269806
213173038247215177242054004432955806
044024248059237042073096004431229006
050075205103205194221179507320002106
076177099139205217244242052224642406
075067235038207180189167000805766806
044033018148215177242010004432955806
047124111128244127159190093394457917
250015197121192254115114536595236706
050074126078205184043228000533066517
218252223154138030196222260006350906
016012080212237042073102004431613606
153071177194050062046165004435379906
249070079099207012132173001230012317
062199251045194114087042004433135006
044024116039237042073103004430970006
140114212141138071031187000536217517
135084107093237042073105000802257206
197016034018198229191155004430155706
073171090160207183157244000805760106
062245211073205250089102055125716717
124244081067231225123095000535070617
245208181004215106052176004432255306
134164179107237042073099025153807006
075091212243237042073107000802981806
075091210208237042073101097920044306
152157254217194102245015000805411206
066136126117205249054243000250418406
202019036052192182179229571282786317
148067222062212196233136000530293217
123188126106198253197115004433146306
016012080215237042073093045900008006
201084218219193232166117597954775717
007234225066231225123072000530352517
044000083182237042073102004432366406
054146029115251000115139040205080517
047172052059244003027044004434980306
044084128178205055128081004435293306
062192107145215013072176004431380806
248199067106198231050179000800278706
130004046202192030067111000255009106
062224204205199208059180000804683806
044055062072199152013238040703175817
113101217061244001019238489335236517
016232234031116246215095000805209906
092017237016194043181019592432274106
141236063152231225123094000535378617
044004126070199153046202004436512806
047008158232192133025099004435507006
044039034000205251075024004433510506
204096127004215167114013004434516106
016012080235237042073092004434479806
041144006215237042073096000805262806
016003074205192135208046004435055106
047038234041251224229127093395269117
103221004190192132094024490424915606
150167180106192029095208004435827906
015043163108244089100218000802095506
203017001077205113246205013936548717
210206026081194017239253037590038917
016012080221237042073094004435818806
062242067066215177109027004435067506
030060237123192182190021520615092806
100084240213205032251045000000000001
104160174088231225123094000535344317
131019101084139212124060080803606206
044007208032237042073100004434906806
016253003056205113252241516960905006
047081116200237042073103004435511806
044207095222135079171158004433914006
070243079033202024006232000803993406
037069164015205249044080595195618206
097132228080231225123081000532405717
044202126092215167112202004435638106
044025079037237042073102004431760806
213176048063240223181066004433351306
204160076108199153106072267986385217
047123160251198192209050004434011506
002066033100202030254031010570107017
044036161152207180188225000803125106
196093217218116246215029643260905006
034253255188205180043029005875391806
123188127039207009050221000805733306
044222187076199224147080004432658506
131124057190016229039023000000000001
050075028226202028128139081014980306
135059206034215006253045004433870406
033245220246116246215255000806257406
135072012018205185134090355452631906
148085199089231225123090000532710117
044087232235205217247056452925529606
093062085230205251202111080802633406
007238181055116246215156508170904317
047123007234231225123094000533536817
047045212235207001131121093395826317
032171105033202030129003099983517206
213182131028205251202071100053919317
135079127178199177255039507244984017
125020145082064005155139000804576606
062251184077207180188225000801482006
070220012076073165080094550610044506
063161108000205239062170004434133106
030214172152212194251014004435664706
135211169121050248122166004435090506
141236063183135079171169000535693817
103139075043138146063253649221724517
073131024108215167248205088864990706
073155112248205126137125004430226006
148067222062244029050160000530103717
223239038177194042200105004434915806
008074003159199138218125004434988106
123209231133251224032194231782117417
047081091076237042073103000805420006
228079231241215163203172001821381806
034040179224064005155190004435774306
050016255199073165107245592320044506
135079184247215162059092262340044306
047038232086192022161041004434949606
075091213018237042073094004434012206
253102008178138153099116001230012317
016012080235237042073102004434683606
062244233018237042073097004433386806
053055085190205249003219403682450406
212235198127199192043024000804581306
032128174193205218157173000803850506
047046250184237042073102004432897206
129212254185135079171198004432458106
047169079216237042073102004430337606
239213054094212230175230004435431806
140065118193064005155245004436449506
127242036027064005155231004436351106
135210151038205032022208004430362006
049091000003193065059054638040312806
044007049164237042073103004434669606
213173038254205203000211004433749506
247003110196207008083203092170930917
149140044184064005155230004435022506
197060035182215167112202310030562117
047100009115244248024143004434160506
243054196212199177245230000802815206
109166119010199136068166511163412706
062192159195199137227107004432812506
123188126245205251202072004434729706
193102030111016229020034471120044306
076084179115244089100209080025709106
148068184015199224103229004435657006
148068185187194042193181000805127306
013157057228192182226135240701475117
044025052213237042073104004430703606
148067179077244157133060000530611217
112046155049205113197215068890102417
044008054241205127099026004435080706
132219121246193065004085010395271506
249157228007194086012173592590338906
211245203115199204069217578930119606
127089142188202118117085004435403606
148081198230205250091247191640044506
223007030181237042073099004434358106
149054242181064005155230000806208106
032097136166205066042178652373725106
131143133229192030025164000531408617
076084085018215167149212092122671317
073027146097237042073099004433744006
213175253222194043190147004435828206
047044166212194017238229004435167106
197016034086194100116169000804383406
016059196091205127116244004430179506
076084107056244127067110270163463117
073155112248207020255001004434203506
042084019115138075186237405490002306
047124000129199208048030093393286117
075035107048199169206186387891098706
101081106085192030124032004432646706
047109173158237042073094004432680806
044027179127237042073105004432592406
131134146233205184038209001235658817
251103139043064005155234004434052406
223007030181237042073102004432493806
063165153218199177083095090012660406
053203205206122195111160477130044306
047008147089194207242189004430323306
197147135219050065214052264070044506
096195036089205211114107149090232306
047160184017237042073100004430810206
129077109190231225123074000534801217
098118105014073165111041600950044506
092235034006251224119215000536033517
238225142149194102244146081965452706
200162116018073165079138530010044506
047124236005205251205129000802298806
249157228007194086009249593780338906
196093217235064005155158412000905006
213173033196198231052169052225725106
062197023075199224156157000805736706
130004046202205180041038000254179906
148067222062240223214032000531947517
047090172033231225123094000534696117
096100187223198247233070000256007906
021068196217207001013094004435963706
193253220039116246215053518990008006
112113177023198209153030185161931017
033182062115064005155200004434226506
044003214238237042073104004435719806
081197031146199169205213204810688917
044084086242207012131209000805911206
212143024238116246215082004434361506
047094207078244038133045093396395806
127198129018199136009078231590012317
080209195173202031036079415756120806
076177103218205066250195004433569306
097236246049202167076207000000000001
238063074219192166174093346120002206
223007030183192182080250004435398106
099234076179202028225081290894050017
152098017020207180014058004436275206
213173027183192132001141004435057606
073027110110237042073103004431719206
016249028171116246215074004436345706
204124094083050123054030166333068217
090126036066244038134057423060808006
044093123168135079171079000803040006
141218041217212202150102004430259906
044008183114215177155070004435680106
062238053040251108156219052234941706
096009220211073165080145525060044506
251103139043064005155246004436287006
238041128165251215148150458230324906
146011195188212195084193000805828706
253102008178251100166173001235633917
044007208032237042073095004430367006
044002161222237042073100004434811406
062196144124198247250013004434980006
044192057008194017012244004433340806
075063140069194078221137000805556806
035170255067122195111160384460044306
062202253022215163007055063806176306
062217198025251100165013090013711706
044068054122237042073094004435498606
050050129043202024166195004456423406
213175195112244248042018004436068306
134236212181205200175041000805259306
218225234185116246215021118915493106
227010076019116246215095004434991406
101158071019205217165074546890396617
131134146233202030102189001234257017
116116090174215177154198000805337706
085206100123016228003084000000000001
131034211028192182150201005873688506
155186010163016229032072000000000001
030057246123202030078196068810688117
072011141000231225123092000534975717
016012080218237042073107000800281406
044198013184212171246009004432858906
056036141118064005155183118915997006
153177112105207180015202000235399106
064031252122116246215153380860905006
097237240080244003007245499290899906
237241143116198255186198000000000001
140173240231205239087212004435985106
034040180014205199060242004435646006
064030115194205236095024360980905006
041245236239240063115141001236066317
057184217037202031176194001615917906
047034190173237042073104004431138206
044027170124237042073106004435461606
106131113158139130004192000535224517
198237003045215161105111100032852917
034080172020207022031050284690002206
246083091004073165081155417980044506
055228102006202030158172559860899917
041150227115205195121059004434908506
030015095011198255186198000000000001
223007030181237042073092004436265406
213176048249205127096217052226061206
070080103147251100143082287240730506
016043038163116246215051510730008006
097132228080231225123073000534922817
044025045054237042073103004431667006
076084179115207180051016080645070206
053192253213073165109032633400044506
035164063243215106045108089995450606
008075075174205211047036004431582606
213176048055205164190008004435013906
226154176178199169205015000800580006
112006116084205071132009275775524217
063175140090207001170186241701819617
047090041065205066248203081063564717
237042093047237042073248020010200117
090051075079139061080218080803716306
044048010240205099158003004432736806
027136158090202028130039037245349306
135084107093237042073107000801361606
033182062094064005155219004434449606
134146088213205035005107000801426206
193209069190016230173023000000000001
140043044243205236237202089011663506
224134233062205112118233004432640706
016059194097050121084055004434068106
206110090229205151251253000533483306
047038233202240223181066093394442817
218225236115116246215087004435891006
076084085018192132030178092120930917
073146124022198033135004352074000006
080201167024202029144113070801748417
016012080216237042073092004430806006
131130025235202024007015004434581306
074100058243251000115139524391147817
223007030181237042073104004431553206
047036199183215163103222004435828106
213175253250215255202202052225497806
219043080009202029044154545915164017
047001199168251100211155004434512406
200183137126207183129092000254186406
030169052167212171170184409415854806
047084229098237042073093000806262406
044221036208212034078047004435499306
131210218147202030255120000805056306
103229102111231225123079000533219417
209225133207205249055152261064778317
239197006092199153100187255655395706
062206164043064005155149004434493806
135243027124050254094252052220776006
197013018161251190010041000531297717
096189177194202118035010397790808006
044025250041237042073097004433281806
213173038226131115182082052221230406
097133082094231225123077000532281617
042084019115138075186237404870002306
126002222195207180012205004433103106
114242108221202030145158000804968106
075091222060237042073107485160008006
016242056115231225123090000531880117
111002174088199137235112000805337706
141183211149202031005254004434045806
127107225022231225123077000531422117
226154176178215027187207004433455606
152060186100205211122026000803677206
079117177253202024006074052226325306
130150037145231225123072000533781017
070243078224215161079110000800417106
149054242142064005155233000805458806
044008183114215177155070004435679906
134009119017231225123080000530313417
200124198173207022024153000534071717
129010066104073165104086586260044506
141183211149202028117061004436175106
030015090239198255186198000000000001
076177103235199168152205004435935506
130150088061207022031073507760044506
049041214191244127156184621660102717
141236063052231225123078000535906217
016012080226237042073094000806387606
237042067016237042073104038380008006
135079189216135079171079004430238906
047008147014199171097022004433875406
121130154148244003240047170930293406
108119062237212195128205514134937306
226154176178050120063154000805732706
044074252249202024167182000802597006
076084179115199168238080080022164906
193115124093016229047045000000000001
047028042000212196232090004433757306
117030080004215018134062015680008006
208181140212135079171167000803068506
030015083139202024016099004433908906
107096125198215106210073132660102417
223007030181237042073097004431267006
062204213236199169021045004435814706
109217040097212232224072154466259017
047080031158116246215082004433491206
151128175060192030080148000254698406
044002237020237042073107004434633206
213175253218198231053187004431143506
048166170070116246215221000000000001
115159001001215027184232068812751006
044039108121198229186202004432641406
002002130239251073192255004435186606
131192122228237042073102004436516806
137109059159231225123079000534495417
016012080227237042073095004430524206
044026241102237042073106004434230006
205134038186215013073243010245599717
044000024175237042073106004436249006
062224235119205216063165004434980706
096044078171205236095113552792329817
048181106054016230168186615710008006
057105203131192182242239503210102617
200175078252073165073052502810044506
249157228007194086008075590750338906
196093065108205236095037000534337917
105035187128205113202081601340103117
044021176170205251204051004434082406
149054242232064005155247000804822506
076177103195207022045085052225233206
048240213254122195111160565410044306
131176096151205230156085052285879206
021091199192116246215069004434686106
122024234185116246215079094825689006
037103132103198247231114004434274906
213003218074073165034068528130044506
076177103239205218014087004434874506
047034096136237042073100004433901006
047160209007205251202064004435930306
064024181096240063113219617840008006
047028060099215007238046004430250306
135084107064237042073094000803553206
131003246171202024005150004432164906
044006122120237042073093004433155606
247003110196212202160199092120930917
124247185135205251202109004430318406
112182043203215019014052004432677106
111010110028205218025154004435131406
072078067247073165064010636400044506
102175085210207180012010290755062706
103102069139193065103254004455475506
044192222033202024006139004432472406
201136046149073165089008501880044506
044002105251237042073095004431648206
069207011035240063114060470850008006
124101052205135079171132004431387106
048213192115205203024040068813491417
197135179116215167248070000805650606
208191042093205139035250004434096406
044211214155064005155150000805484806
108074093168073165228025527450044306
133038005085205126138144068815032117
231148133164205185136200004434965506
062192159195205213166216004435076406
119132120169207008085229004435042606
044085200162207022029157004435415006
016173086204116246215092004436505506
074226217098207180012223297054116317
105204000136202118024009526560926317
141236059088205217180004000534193717
101081119180199169214014541290002306
102104022209205113196234566516245117
196094099188064005155245004436181606
044004213176237042073103004433896406
141236058098135079171157000533385017
044009187123212030157188004433290406
147250126054198228051000000806202406
213173038251215176003231052222849706
030211122063073165069080477700044506
210039051046199224149049514134525206
016212032229207183020046004434871006
030015088133198255186198000000000001
196040118146199153061041515590905006
196093065108231225123093000531620417
223007030179205125076089004432643206
227003145126202024007194005546331306
150134047074202031094154122165259906
048164034067199221117131066633039017
047100179217237042073104004430932206
131134146233202030110169001235548617
149054242255064005155247000804108606
016012080194237042073095000803407206
131151065185231225123072000531963917
218225236216116246215242493870904217
047081091076237042073107000806281606
044022094135240235109089004434443706
195112156163205236224226289730422917
041150227123205139035237004433386506
070110199085207001004123000000000001
062241108081198247251255385580554406
217227132221215167025032004434642406
127168149027202118023053070790247606
114077101018050062046165004430163406
130150037145231225123073000530402117
032181035154205250089202059385199106
122016151097212030157188004432666206
073169061106199169214220048770431106
077044205009192182190021597264080606
113166187124244003005077503215653106
058001021203199177091228004435220406
044069043077064005155209004434909506
213175202109050255154189004435332206
070243078006205055097065000805389206
044010231100205236095042004435178106
044039097005205213189182004430341506
044034004119205212224049004432641506
238204206120205184037204000256034517
208191037246215007140194004433366706
099207081071215162059075136440044306
206171209188215161045120144910677017
035209135122205187184085358072856917
044025062064237042073107004432072006
044018077204205251202232016266191106
249157228007194086012198593660338906
062205196134237042073099004434924806
047108127139237042073098004430828606
131003246189244022110207004434569906
002198212003202024005121068811681117
108043053196139212124060004434058006
247003110196212230037170092120930917
141183211149202030110247004435858806
044048201113205066251105000803778906
096189177194202118035010409370808006
086106128229205211032090530990808006
047169209171237042073100004436371606
119132120165198243031133004435846106
044011084029205185134086004436008406
237241135093198255186198000000000001
196093217211116246215160501320905006
048167178054205249052017000805696806
147180193090131026013201628330044506
202217215109199177082178000000000001
124247190128205251202232052286023206
124210154255215027047054004435165006
110187045053194114010089260853613617
044007103049237042073092004433997406
213179055067212227179105004436011006
044004063177064005155229004434036206
008075075210212202160128004435093706
141236063151207180012223000531414817
077150108191202167077048434162756106
070243079058215022050163000802641506
213184192026194043185069004435073506
062209127143205212225189004432786106
075062217254251190081013000804560306
107193082143192182250234000000000001
129010066104073165104084585930044506
047161226170240235109034093393732706
213175202127240223037058004434632306
129166240233073165034077564600044506
119132120164205216065254004434994206
016245037019207008081024000805321806
047011147048237042073093004435887406
041155068095231225123073000536117717
047119181031199224107255000800401406
136227068188192166168121524130002206
196115057112064005155156004435116706
021077234236251215115082163852885817
109008061199199177255028586523954906
133001141173131026048100607160044306
047124240061205139035190093394227917
062245204133237042073094004434369006
116154050097202029138047270185360817
075055188132050062046165070202795206
047084229098237042073099000803805806
047063041149202167044253004432891106
107138027205073165064133504790044506
059170220245192166214057643086486517
102113238120198254091123586610222417
124145217170116246215069004433851506
105044181117050123082172004653791606
197054237105205098226050004434924206
097133087114231225123081000534555317
062224138221207001007234004433861706
030007130181207001164185107491957417
102103146030207183152092068810688117
032030153214205113255034000805422406
218225090099064005155134004435423006
075091210217237042073103004430325406
047123014017207001170180093396250717
200175253087207008189236464144760517
044008001145116246215068004435253006
088041010134202028164009285613127906
231148130009205099158030004435112206
070124239045202028137016475165331217
079249159131199224155227004455652606
203168237135194031028084491786004417
047081231144237042073096004436285606
207196010192199153108121216920308217
016195143024231225123090000531192617
206240164246138071027205059385503706
111014040003194207242207620275448306
044010131142215177242038004435672406
195255195129199177255000477831469917
213173038245205251202109052223634706
197015102164207180012223000805981406
079105195232193065094038335790008006
073155113214199152007073004435740606
013005192006138152126082004433848406
076084253010205251205213004435804406
085129155217073165064024500380044506
127168149027202029095100070765002406
047109177040237042073102004434181806
047176245120199169008018081066479406
196154040023212030198220000804992806
197041166063192182023088111132867006
109118143059202024004112610134502217
070090198040251073189205430040808806
062246203121215022057063041104165617
062255094173205211059013004436243506
098101147189050123066195212282432817
238063138190215161045102019354928306
106006141089215013082068584620824306
206032046104199137227107068842975906
195148152233122195111160521750044306
196040118106205113252248609900905006
097200055193050065249139559950044506
016173086203116246215069004435914206
209103158036205126032236159691254517
148094169017202030121113004434258906
092019103091205180108066005875260706
044007243054116246215074004435865806
097133087114231225123075000533630517
105035246074215106210142004434951206
116247099228116246215186599190148417
062248225118199169012173000805782106
021098063102205249012076004432704006
044000083182237042073102004433061006
101223251013198033052189000000000050
196177107235198241226028055616041706
105064034250212232014146430232696917
070243078228194100126251000805036606
053009005074138154105125093063711717
047049255075199208048165004435121806
047082194070199152000125004434024206
008074003069205126033114000804343706
100246248183207001128031427940044306
247003121221251224005253004435979506
044006059187244029215126004431466506
197109216211237042073095000805232406
047033211166205032019194004431621006
075091210218237042073105528580008006
044198052201202030107064094435953306
213175253251240183035172004433459706
110238216142205139035190498375705706
057184217041207183017228001611739706
097133087114231225123079000534848617
130150037145231225123080000534341617
042088250054205249000172010962876406
123188127039205239048154000803962506
070243079058202029041173000804140906
148003126154116246215074000803375006
199201237235205126037195494225533906
142073234207202024017187004433526606
092227251175207020019036000805475506
223007030181237042073103004433320206
047109136094199177094151004434972506
044039226251205126037150004432890506
228094223071231225123075000535331117
204123211038073165109227208560044506
197043152154237042073098449100044306
197043152171237042073248020010200117
117130148231205184032218405760618817
124101052211135079171142004430258906
062198058130064005155209004433408206
140242145219064005155245094824951706
236203133040205125065044228586144806
206219051012205218244149153604571806
243054196140207180012223000802484606
196093065108231225123076000531076017
131143133229231225123072000531848217
041163246109202024017198000803033106
206155074059240235108140551733580917
047100179217237042073096004431911406
135084107093237042073104000805314606
044027179127237042073100004431704606
044026121187237042073099004435182806
237042071038237042073100004431483806
062226241244205218035016004434974106
135084107064237042073101000805858806
200162146216050065189210275020044506
087125239164215167248138233335166806
057150230089192022173233079700117817
062224204205199208059180000804684006
021120126061207022024194004434983006
013025145226202030130058052234967806
080205162193202031128112502445653506
131184001166231225123076000533865917
016010006010244003006089000804430606
050075205103194017014063388150002106
137024228056198243163001321440002306
063160173157205239063081090014382506
064004255129231225123092000532711917
218225009199116246215120004436208206
141236058037231225123080000530137217
047038129054199208049150093395234417
044026241102237042073106004434632606
047032061113199169002199300004931306
075091212231237042073101580880008006
073146064249199153047011087005173806
223007030181237042073102004433847406
104104172195215007246013158615482217
196085013018073165105060517230044506
076177103219212196234146052226099706
076084179115251100165095080024667406
070243079058205180063065000803923306
030210069022205236156140004435100206
115198088076205127141078000000000017
075255020083064005155193000804354806
223007030181237042073105004433459006
030210076086199204098194004434271406
122028053057135079171142000801357806
062193186244205216060039004435277006
062204246253251100210117004432746606
044068063152237042073098004433120806
105198240036244127157143129760136917
127043088040192132094197584140002206
044211030108205166059175004435168506
218225091066231225123072000531468117
022196123051207008087096081123704217
027136158057199137229235037245133106
073138248067215163004106004435958906
047034190173237042073093004433931206
134130250203205066251225004435316406
048166069230205216061016080803287406
096036045095205211043066004432782606
047044169154207001172178004431730006
047028155139205066250245000804714406
058001028212251224004112059386019406
196043026209231225123095000535379317
131010243126192182046075005874140706
199201237235205126037195498335533917
195033229031202030056231438196423817
082095111179215013072176633281153606
027180212204138091022109068830435917
062204109093215162050050055132638017
213173027178194043189121004432845506
008069239058205219172237000802674506
044028226078212197176078004431023506
125172050046193232167146099700002306
196115176124116246215074000803883006
218225196096116246215093004434332306
102117057160207183152092068810688117
074107231155205219153077172500347217
148113040151138152126050004435266906
044027170124237042073093004433219006
047034214121237042073096004431765406
131192122245237042073098004436475206
062194058225237042073101004431460406
035071075249199153045038443144915506
202217215109244031009194572750788006
044192120056138030195044004434999806
073027099015237042073093004432899406
103237068023205187184009412090234917
253102008178205203254182001230012317
125001025024205249004194163931639317
131210218147205249003138004430529806
047105104167205055128221000802660606
131019022105139212124060080800675706
253102008178198193176063001230012317
075067179231212202150023070750216917
103236115210205180071130000805213206
237241148221202031160216004433703806
063166040176116246215094000806404106
213173033219205070234005052225954706
047109173158237042073105004435185206
248138140087215167140082001235163417
048181114210198247249085004434684706
044208148245215177242186004432638806
138222234222138030195035649590104317
098134074194207180048009518675823217
218252106253016229020034512040044306
091231199059193065121102004436275206
146143067193116247217133000000000001
034064248020205098239253469770808006
231148132200198193179217004435771906
044094001135139219137124004434717406
149249218226231225123078000533816717
224115233227251073189029004432628606
016242056115231225123081000531425717
153071177224198243031006004435986906
047009025167237042073093080542307006
249157228007194086008054590920338906
067057251219205239062002004432683506
034080172020207022025045400580002206
249158180126116246215076004434824706
250015177059244067209150514134719906
032181134126205113197156645460108006
135168078077064005155231004433996606
159109145028116246215082004434462706
062205127107212171083181004431869606
248229180181064005155188336591234717
096054244112194078242129524614319617
146198189027199137224033605112703206
146242186023193065075082068812716606
231148133061212034246003004435868206
044008202051207001015075004435299206
059170229156202031234187209270044506
149158112208251100097010004434868706
044007043033207001003108000804772206
016012080224237042073104000800960006
201103109169199153102059461050115217
213173027108192132003013052223776506
042054223071073165104091250650044506
044027144165237042073100004434943806
070123078122231225123081000530374317
148067222061199153099165000535372117
044072227219198231053138004435474506
153056184068205199052180000252773406
044093090000192132028099093392638006
218225196048116246215093004433456106
127242060191205249055231004432130806
206240167116202030158007059386104306
251103156042116246215218019354569606
155038086105202024017225000802177606
044002014134237042073093004433222206
237038101103205164096177000804965506
044022136106050122231117004434259906
073155112248205184077093004434456206
134187091098199224151141000000000001
062193227239212195084217004433553406
057106106211244127157196514132566817
035163169130073165228096558100044506
058024020007192182201142000802795106
030054086185207180015129517020437106
044039227007139005144013004435984506
073171192114139218243210004434989006
044201219100194114086168172320008006
044026181255237042073104004431563006
085101042034202029018159133221506917
133240147218251224005137623795458006
101138189031205113201135372060500917
048180136105192182193067533990012317
062254125250194017237242004434499706
209103006103205138232190090280104017
016012080213237042073105004435380006
088095188182016045106041000000000001
062206176135205236237226055133889517
044007103049237042073100004435616406
062198036118064005155229004436511406
044019118160198240074090004436461406
047045130065192029170002093394746217
044051198005199169025052004432782706
149158116057138030207064004434915606
013192090172205164096229004435799206
200132021022205184035163336134584617
080053120005199169194038052670008006
150167180122202024005161004432727606
030214173100205212176073080806016106
058001025036205126137110059384999006
122064086081199224151090004454988306
021068198044199152004024004435632506
222081143156198193176046384880312806
158069203124122195111160142200044306
130004046201192182039144000256064806
047028019080215177242038004432684406
047033204183194043177000052226086706
100117058168202024167207152014971117
200175190045073165081096590700044506
213173191112205216101215004435091906
206027107162050065189068552010044506
110123144025219092204041000000000001
213173043229205216103220004433430106
138147081060139136059143000531623417
016098134039212195130012255655529406
105041053053139143018000000000000001
062240093171199168155059004434958406
044068040039237042073098004432948806
197043152148237042073106419120008006
044001146208237042073106004434002406
064049067040199177093138088886096617
213175201172212196233191004433644706
044036119161194038088109004434978506
067024085226202030006105068816116506
033236176074220021119250000804318106
016012080215237042073094004430437006
149033031105212171043226574153978317
218225090112116246215071004434364906
208070209183212230172093004431859806
090214058024131026048220624170044506
251103139211116246215032000804829706
044222229115199224151090004435098606
193182039251064005155112496800008006
131184042151215018246137001230012317
148067222061199153099165000531344917
197143138162244212230244004434957806
127101008061212064145050617026341217
044027179127237042073095004432704806
044222186187199169000019004430147806
008248160002199153096158000802688306
234209111035198247226241000000000001
091029124200205126037118000802168406
073155112248215019232002004433303806
251217054234202030092208436112779117
062254246053251108156219040305199517
218252198128199171206115000802730706
044196184049212195130141052235183606
111208197030192030091128000235408006
030203080200205212227069494610338906
105198032014231225123076000533375117
129023209110198243071093004435366206
088197096152244022028153537190012317
224164118004215004019210033895036006
044002014134237042073098004431871406
070243078240198228176197000805961106
063164084005199177251097004434627406
239213054020205180139218004432747806
202217215109207183149138572750211006
054109117233207020027073135432083317
064004253207131115226060000534150617
208070209162207022045110052220210606
223007030181237042073095004436388806
251103139024064005155244004434363906
196043026097231225123090000532579017
002016169146199152013237522962571817
075091223112237042073104056100008006
210004157118202031054218004435317906
073155112248215167114145004435691606
076079183208207020027127515072703206
218225196096116246215086004433848406
131252112127231225123079000535282317
099230051180193065094038629890008006
044023114161205200149026000802672406
135084107064237042073098000806080806
131190122249139143018199004430649606
075000118029212230042069004435149406
237042118035237042073098167820044306
200124200090252248025120173680012317
093047222206202029185196000805539206
044028211166198193190130000805325206
062199142013205195208145000803150906
148003126058116246215069000803605806
044005117233116246215082004433452506
016206189168116247217018487440905006
044018236114244248142018000804274206
213175202245212227178062052224816706
075091222085237042073093123960044306
062200013210139096098237004435728906
244057197238193065116237004435037306
047045155105212227179104040173416206
239213054022205216103129052224347206
153158004128202031036219000805490906
096190082192252248201178010245379717
198140003034116246215053515830008006
249157228007194086012146593230338906
042094227063212195128205310952412317
044002162165237042073092004433168406
044060106008205251206210004434620606
047048049048205126032236004432721906
044039233080116246215082004435730306
098143045163240063113091000805607806
044042000013231225123078000531584417
030214175165212227066097000802640006
047082150056205239062149004434015106
062199098040050255048254000802696306
116152239235205239062170000805183206
030015090214198255186198000000000001
237241146045205238171145004431020006
123190184063016048144184000000000001
218225091066231225123093000531898617
103114248222194017228064000224550706
075220218157199224099166004435265206
044057019193237042073096129215946206
073128162181199224159048004454995706
136053123146205066060221000803242706
238063074219192166170229339880002206
148067220032205200147091000531228917
062201070102205219223216000802670406
208181140212135079171185000805136306
223007030181237042073105004436531206
057184217040193065054116001611025906
062212076190244089054108000804268306
119136137215198193176013004435036206
210030025218050120061117000805104206
051218108125193065001034000255202306
041150227119198229022098000804145606
127242060214192030050255004430213506
247003167234202029160181004435095506
041149159087202030147050099983769206
202217215109192030065172572752555506
152252136186193065050114004455891806
083140209082073165091094535290044506
104159110114073165228007563780044506
135069248051199169214218000806485106
075067180034205250038237080660472706
016212191031237042073097004434950006
050094152009198255177243078893077017
044027109021205250090042004434941606
073024217069237042073102004433536406
089216149074202024005124227835253817
210004148212215162059127551540044306
249157228007194086012088592130338906
041145253139244020057253004435645806
158049127089205112188193557281414306
218252110008252248201193588680808006
054120255241192135131152533605048417
013193194079251190083166000805928306
008253121006192030038029000805454106
089233057150202028085018099800002306
197138118143073165073169614120044506
113130076118205184032120413745600317
135079187042135079171063070910044306
073024250052116246215070004433418006
073027151207237042073100004430274806
206157043133212227179045004433345006
102017199056205112116016498205270917
197061129192252248201161092175988717
223007030178194042037079004434980506
047186086029237042073100004430352806
226154176178205126137041004433814106
249149130217116246215084004433687506
044007004233237042073099004434760406
101163148099194102243073603972713006
073155112250192182172104004434989406
093047097081050065249079306590044506
044051090052251224088146000804606606
062196047072237042073099000804981206
237042094175237042073104038440008006
086046168141131115107200286224476206
201248056170192182193067484070012317
075062217198199152013254004432988006
076084179115205112174007080645637306
047049082119215013072176093390416006
044058107074131115009085004433829406
213175253215215255063216052224567106
016212225030199169001149004433833506
044006226094237042073099004431683406
016012080219237042073095000804615406
201170123174205166122254165335432517
141183211166202028038069004435896606
064004255129231225123077000534968017
044002014134237042073099004432527806
062215223099138152126210093395424217
085131147241073165105233641840044506
197043153095237042073106000802090006
090218213151199169198062558980338906
196042219126205113252241000805160106
044010231100205236095042004435176406
158050232250202031124155510981881317
077238183221205126037089628571990717
213179055112215163115082052220215406
131192122228237042073105004434919406
101160237152205071019173452810190017
044025250041237042073094004431427606
152001058053231225123074000535101117
218225036242116246215085004433950306
119132120169205125080126004435007006
137214168190131115224153000000000001
204105164005199169214059531712925417
050094053092199171100016000805062606
044003159019237042073099004430657406
070243078224215161079110000800414006
074107231155205239049229172502053417
044068041155237042073105004430613006
062232051231215007246013081003535017
223007030183199153102208000805780506
127242100076064005155218094825307806
231128239039192182020082004433705806
153053194191207001173172034784967017
044060234054116246215094000805211906
197016034242244031072122000802697306
113053104000205239062103025534549706
047033210075139005155050004434461306
134164178084237042073096000805938406
237241138234198255186198000000000001
197155091172202031136075004434187806
062246071160205113216019000804812906
242029249165251190083237099981304706
103119022124194017228064000224387206
050094170170205251205198019500250106
122013118052205126032234004433601306
204096127022199171109160004434567306
224187148013199224102037248882989017
044027144165237042073096004430439806
053184044156207012138117631016460617
213176048150212195084214004432758706
239213224161240235108141004435161906
084090204047202028138125359880002306
231148130196198231053138004436391006
016012080208237042073101004431561606
197085153095073165105062514400590006
196093217045064005155037349980905006
213173033200244248167082052220282706
193253252150116246215053517950008006
047160197007199171096213000804934506
133221182236194078242090089992040917
247003137108202028023130000803953906
044084128235131115160077000803236606
100208217209231225123075000535167017
152148062241199169205031009935350506
242029031009237042073095000801444806
080069100120193065094229180065544906
047100038064237042073097004431278406
027123006185215255019213451384372517
077022112105205032025253549626051906
108229112031192135131152620285048417
084126204146199177190103580120002306
080211215186202030152085163470899917
125020145082064005155139000804603406
047111041154237042073095004435687806
140169199136116246215079004434022306
127107225022231225123077000533014817
076084179115205187184146080642669106
104048213088205251202108273070814617
125205086213116246215197000000000001
108086091215205251205129524766302417
021098063102215162115201004435948406
013158167205198243161200004432833606
223007030181237042073104004431742806
044203093204207001002002004435146406
016012080223237042073097004430994206
062228082153199224149004052234273606
140065118211064005155209004435511806
130004046201192182060142000253346606
089027107234205211034018531560808006
047059172239237042073105080511108206
135084107093237042073100000805274806
062209011021215163004031093392661406
249070079099198193189216001230012317
062244048197198231052169004435689706
035126158156215255200002577045942217
239197000178199177245245004432659706
213179055109240223180061052221843406
047177103083212197209173000802718206
021120096177199169214218004433916606
202119204220199170068172309550005317
213173027104212232184175052224948006
042204053233205185136196070082644417
249018200063215177139175492270117817
136053123146202029020164000804043506
223239004168199204064058004434933806
213173038253244205153083004434339606
044214158018050254095178004435212606
048213113101215019012001080016246506
140065118211064005155209004434150206
157225119026192166233089506380143306
119132120180205212176034004434994006
044027081128237042073106004430950406
157063059161199153100130270325809206
048213152091231225123094000534035217
062254179240131115009236004434035506
077184189223215005009102004435033206
075220135033064005155201004436207106
108074091199073165228025630800044306
041149159087202029242054099983742906
030214173012192030029134080804980306
131003246171192182239076004434500006
044207186035244248213093004435007406
047160113040237042073107004430870606
133043013073202030147107205900503206
223007030181237042073098004434582206
214133244234192022167203414384916017
213187199231240223181066052225904706
058245242020139218240163092120201717
063150146075064005155209004435453106
148067222062205218074002000534908817
044000236003199169003049004434000506
146163012177199223127128435315346906
047122098119199171104068093394454306
047011121228064005155158000805972706
150067245246192182060231027660044506
062245204133237042073099004435921806
196115231137064005155246004435396106
044085160175205112188193004433887706
223007030183215022038010004435214006
159104085179215162057047647590044306
141236059075231225123074000536058017
223003050110215176019050082004079706
242029219079135079171185004434451506
044218224211198033104132000000000001
105219244157240183005225181462740217
131134146233194100119227001233532617
047012091109207001001145004434051406
021120096254205212176159004434935406
047081091076237042073096000803420206
062199082095116246215079004434409806
105164166092244248213085573386391917
239213054008212196234046000803928206
097133082161205218042236000530618617
135255215001199168152226000805175706
146005172175202024006027053000132817
047081024140237042073107004436246206
016171184192205180041092005873941606
134009119017231225123079000532282917
003130126206192182022031000000000001
062249104145205217247221004432645106
223007030181237042073098004434213206
213175253207244022242180052222678406
140065118211064005155232004433872606
135243069069193065007250004431205906
062245064171205251202236000805961506
208023034223205185134067437483449006
135243069107244248141253004435724106
030203080198198247238210101280338906
087121207112199224098189004433300806
048167202123248240123169000000000001
015230250086205148029021516810410906
206240162229244031010016059384052406
047049010248205126037150093392647517
200127104211240063113219000800698506
075067180034251224004061080420183706
210030029151215027047052004432521206
196093217193116246215181584700905006
106024184196192182190021623105954917
149042099141215006255010092172646117
139169064229116246215092004434999206
113175002229205216067105135460519706
032083196083202024016106466335311617
063167242101251215113218004433298906
131140178189198192217013000534478717
149158111124205251205198088856086806
047082177250199224104028004432971306
030214172181192182227000000806476706
196093065108231225123074000536264917
127168149027193065033074070815047506
047011031059199208049150093396093306
062202173206064005155148004433418006
111212091127205071137174405652799617
131134146233192029209114001235866017
237042118042237042073100004432551206
131184042151215027089053001230012317
122027118143207001186130000805008606
223239038177139093083154004431149706
134251135076215022057055000000000001
044005045056205166049094004436358406
044025079037237042073104004432517606
044024248059237042073102004435120606
213175253225215177154219004432826406
196191051253212194090031000000000001
103240064219135079171185004431597506
135083152077251100097023652055542017
033183167035194017230006004434992606
030015069117198255186198000000000001
231148133059198209156214004435747906
140065118193064005155209004434202206
202217215109207183146029572750933306
088094078247202029192081049022766617
044038105216205149042243004430331706
049101118008073165081200622550044506
237042076014237042073248020010200117
197027032227205211030077000800165706
114078188210202118026061351860630006
140066195199202024007126004435688906
123188126253212030130232004435801106
044007016245237042073101004433221606
140066161043116246215156387310904317
153071177194205066063155004430402506
070032085113205112115003588150002206
044009141232199177093143004433485006
127168149027202030011252070764928006
062216229198116246215070004433719306
193253244029116246215055608030044306
036218192032205219154079455560808106
041144207247139219140039004435233506
131208004246205180091065614565842417
218225091067231225123075000531482917
223044129146192182070067151530409717
044002237020237042073102004431755806
195126045031205098234044117923121817
049097072145199224101019566960008206
044005128105215167112210004432892106
075058168247064005155174000806498506
202217215109199223123190572755222206
069123108189202026194130409590002306
221197138217231225123093000531012017
030214172187192182226100000805863806
110253054208207183152092068810688117
197143138162205217250244004435041606
214030083005073165069194560000044506
111025136235073165034071116510044506
136053100055202024006042000803588106
048181084173251073189020000802729106
135084107064237042073099000805172006
054167003166016229032072000000000001
138119236075202028181188281990103017
218225159022064005155101004436008606
053095144114198192229244102440103817
223007030181237042073100004433449806
140075193191194114091140004433665506
148003126154116246215074000803373606
042088026197192182191137010472406617
237097251011050254092220500455814317
062212140040205126032234004434096106
033239237031215167152253004434716406
027246023217251224088150306160102417
116246196066244020056038607960905006
133213052209199224098173374720488717
204073027194192029185114000530449317
134009113047231225123078000531707017
140076069207199204105013000805543606
097074121225073165111141556000044506
133089212150240183051070532133032517
058063084250050065212027637890044506
211038129041215177155153004433491006
141137156144138091093139004436506117
092019103091198209138205000254572906
082171120079198255178226611355151017
044027179127237042073102004430263606
047111039119212171135081004434936306
130150037145231225123081000534114017
135168078080064005155231004436298706
016195143020231225123080000533465617
070232253011244029048169323373982006
097132178172116246215087004435376106
042204060035215027220171060081770617
044063204102215163004217004436078806
016012080209237042073101004435686806
030015093024215167193003004435603506
044054132120240183035172004434904206
086106177176198254094226000805943806
047037222179244248213085320990419717
210030029151131115224143004432150506
149158111009192182207141000805553906
246219028185205211054221037245680606
070048059033199152090043000804192806
213173043255192029209125004436086506
242022048113050056082029217982725817
223010195093215013112221270190483217
016012080206237042073096000802619206
213175202211198231053138004435491706
149042046071251100166047004456491806
016196063243199171090115000804349206
092025052202207020026064054260002306
112096067220207001052105536191763706
127254177098135079171179000533473117
202217215109244248072206000000000001
196180166093215013083101313893752017
049136244193205032028230466285836606
156183092131205239062025004434994206
116255059041205180095124000804569706
056021221090205212182217004433106806
041249197051192167122164138142630917
238063122043194042198001320054856806
140169207166116246215092004434846506
122028053043135079171128004435645306
130004046202205180042238000253800106
134215142023202028156223000536466817
099035122035194042036105069013038106
204237073216202030022235321040899917
041150231028212227176167081385024906
085247003014244248042022000805144606
032039165221050123082120000253796806
064030115180199224148156609620905006
044025145128205251205181004432767006
016012080230237042073094004436007806
130150037145231225123075000535656617
072011211077231225123078000530969117
149210152067212195133124498193292717
047187096192194102246176004436392806
218225159169116246215082004433964506
016012080222237042073104004434513606
239213054014205187184009052225373206
054062046189139180038212004432645606
130150039039194017238215000533162617
047100056104237042073102004434175006
197016034160192182190197000804313006
125145253127064005155244004434642806
044085251049199153097049000803320206
196043026211231225123094000533765817
047124156040212202218246093393666417
087150049114240063114060077600008006
070074133179212230172062101260102517
248106119105194078198074589035290206
021120110033205184032056004436336206
139107190037207012138096004435724606
016215102091205187188205004434932706
047122103200244248213085004434229806
097133087114231225123092000531354817
054167003246016229032072000000000001
050075043044192031161251080802634506
230203220011016229020034383820044306
044219076026202024007097004435748906
062205196134237042073096004433949006
213179058176199168233032004434504206
113111066021194078242090089992271317
197043153079237042073107000806216606
114242104196202028140223004434752406
040249101182205199054017614585720206
044003127078237042073102004435019206
206240162234202118020186059385944506
141236063126135079171150000531404217
218225196123116246215094004434404606
126047092169205213167038082005217117
213173038253240235109085004434702906
062206164043064005155149004434481006
226154176178199224098173004432629706
226154184204212195071109004434600806
062196047072237042073103000801440406
041237045241194042036105068813047117
127168149027139212124060070790135106
047011174045237042073094004434429206
044077013208202028134099052235278106
197202025096202028087189004434994706
044049244088116246215095004435048606
044212004102198231051131004435133606
223239026122251100096071004432521806
231148133054139005144013004434940506
063162057004212195069003000803159706
016012080213237042073094004434288406
013035223002194038156210423740044306
077190023251205113250126389861943117
206157040181131114012146004431955506
125228248223212171014022000805300806
124050093148199223101106004436138206
213175202147131115010124052224554606
036218193188240063101229279980002206
243054081002207022024153000534040517
109210154009207009048161557200013906
073027146097237042073096004434755206
126047086179199223125061082006352917
047169079216237042073104004435334406
076175052252205164099093052224927106
103227026163116246215085004435035006
135244027178207001054098082644998806
103222080008212230228186004435283906
044002043115207180189166000800883606
112081152162202118044118004433456406
197190098123219092126185219160338906
047186253131215167112210004430243406
070114204038205211056089171880038917
070243078216202029195102000804419806
135084107064237042073092000805568806
118122079027215177242182000802646006
213179051254205186046038004435678006
076084179115205071047006080024994806
002179184252198243028223000000000001
085058017160207001006072424873986717
062196047072237042073103000801475606
223007030181237042073103004433057606
147159022247198032237009043250002306
102037115186244003240047458560292606
136187246033205239062149000803950506
104220089165231225123077000535360717
210063240045205251205198000805059906
113105169150215163006231508910899906
044000015180237042073105004434239006
253102008178252248201169001235180317
016012080209237042073103004435991606
238063074219192166172051469980002206
231148133054205212180044000803781506
223007030181237042073098004434532406
080211234140198231233029168196448117
123188123208138152125118004435163806
238204147135205126032236125002625906
131175084198231225123078000530177917
033239237031050255049114004432780306
131134146233202029059033001235710217
047100038064237042073093004431995806
002019057113138147090006490012629017
073024239137135079171198004432784806
248199225146192030038196000802834906
107076149061207020027127064016407217
044050157177198254094250004433853206
247003110196205195113106092171033317
076084179115244205242078080023061606
084079212225212197210228477134276017
041146077181138152125147004432695506
021068195090205217248003004435111106
146119207072251224032205514135811306
231148132200199220214143004435360606
109115047159205211055084000802453006
097133087114231225123074000533608317
108114063109215018244002313644427206
149042148147193065060146088880803117
237042093031237042073103004436427006
159123165205199153099119101480044306
233130072115202029093154068815032117
047169079216237042073097004434403806
097133081078212030202009000532389217
044026124051135079171158004432536006
139044150245231225123090000533074117
223007030181237042073103004432432806
047048111021207022024194093393337606
231148130249139212117182000802004006
101145127157199168234196004435523006
034080172020207180048194444480002206
047110181203237042073094004435332406
239213054008205183121187000805423206
034080172094205217254043461670002206
218225236131116246215243533030904217
134005199065224134173121336810044306
153158080056231225123081000534317817
213175202196205127099101004435619206
114245249023073165108164650350044506
122013118052215004019003004434884506
089065183201205239105056090800002306
200162116229073165090138635460044506
131190120054139143018199004433036406
119132120164193107086194004431108406
248176087005064005155230000804924406
105216226190199169004209425850002306
044002217229237042073095004431121206
134164179064237042073093015146233606
235128154002205180042033000255743406
044201170149199208055118004434410206
218225236211116246215243430250904217
044061163224116246215094004434736806
062248031223205251202160000805684606
077094170053194114059022004455966406
140169199212064005155201004433721606
108232143018073165173055539910044506
055233073163237042073102000802926006
044025052213237042073092004432049806
044008227080205216063165004434980806
197109216211237042073096000800860406
007234225066231225123090000535079917
213175202211205113211088052225600106
073165229223199224151090004456329206
206168117167202030081069617786146417
044025010021237042073093004430518006
237241146012202024017069004431550806
109192025174198255185126644025240817
196093065108231225123081000533781817
064036119102050062034042548150575217
047169209171237042073094004433465006
141183211149199170237173000805422806
196115231137064005155203000804645606
041146143194131115009201004435627106
096043202014202028225081644374050017
105035246089202118042170004435038606
213179055123205203001125052223702306
090093113019215007140194068830600117
062248005017139010250113452660044306
126039175118231225123041000000000050
122024154041064005155232004435893306
214132067059215022052242522103030306
047006243056244157168169000804258806
062213120083131115009005093395903517
077189133093205139035125347001006606
135211169116050122104190004435193006
047122005228205183042214004435672406
196092076109116246215074004433627906
099199218083199137236000495800339006
148067222061199153099165000536373717
122028053067135079171158004433449406
073155112250205219153077004435378806
238020106186205113201133004432236806
127249137006139010250131334700008006
218225236133116246215092004435087606
204223078203215019148141367680002306
044222069038199177094003004434036506
044085129151205112188193004435728306
022197203230244003024194081162907106
119132120170205167105174004435004706
113115113028199137227109105763187217
237007217139193065070237000256186206
075164199181199224103199004432718706
057184217041202025032164001614056106
237042067015237042073104004432237206
131192122227237042073103004431920806
044084085059205164190005000805789006
080205144239050065214217583420044506
075062217254205249040167000805555406
070243079058202028118063000805837806
002082234046194207240002118050935517
047185187116116246215076000805039806
008068103108199152004024004434916806
075091210247237042073248020010200117
101172028223251000115139583960864317
124045123043231225123091000533580717
133001171023244038132197520160338906
033245039250116246215092004436061706
200162125154073165034054565280044506
079121155115193232166075370770002306
233066155073205166061092148520002306
249070079098199152014229001232768217
075255020090064005155193004436174706
213176048117138091022086052222656206
086039025157050065249246639110044506
070243078214251224116230000000000001
044210054107198254091085004435956406
044039226251240235108141004436427406
135072013018192029095215432333330506
062240148102135079171128004436068206
007088234250202031021120520723189606
070243078247202024006241000804088606
131190120054139143018199004436208006
131003246171194031112238004431636106
063175069033064005155209004434813306
016207068229116247217103000000000001
146017019058231225123080000534004917
016242056115231225123073000534785917
159206017055251196147109393720002306
223014026255199177255212000806011606
196093065108231225123076000532108517
213176048034205127099027052222732206
206218135031205032024094170201444317
213175201163244248042022004435222706
075067117237202028115101000804816006
044032039194205066249189000804937706
223007030181237042073105004432516606
124045222037207008085069177711891917
097133082094231225123093000533943217
098146251025073165111232568550044506
044006157000237042073093004430823806
047111037100064005155136004435802206
070218090220193065093089503141520406
070243079058212030170230000806501906
044061163224116246215094004433809706
047050124164205194243149093395597406
136145199225073165069213160490044506
237042071045237042073093004434946406
044068047245237042073100004434654006
044002114207237042073099004434490806
213179055102192029185108004430893706
130004046201050123083093000254793006
213175202244131115183225004435113906
230123000233205239078172605735341317
131121155099212030094178004432743506
223007030181237042073101004434829806
218225091067231225123077000535281317
136053123146202030167208000805616406
058038015226215163175024000000000001
208070209164244029212007052224968806
131210253054215019148157004430850006
124101052200135079171142004430266406
089229138195199169206171025160002306
119132120180251224032205004434942906
044213069107205055128226052235029406
073155112248215106210138004435145606
206240162233193065086178059382942906
030060197204202024005122570775731606
057184217037202028192142001611400706
002002132227193065087085004434626706
135240062191192182082139004435915606
044049183217237042073092129210488806
044006155040237042073101004431908006
062209009231244248042018093394400417
213176048077050121196070004435170806
047095036105135079171145000800905306
016012080228237042073107004435111406
253102008178139180043156001230012317
072002224111205236095078602680044306
047051025064205239062170004432627706
044222123072205194212184004435588106
016237093238116246215074004434629906
193103055109016229045036000000000001
235237133153193241061248139843373417
197091195202050253158115004433751306
237042071032237042073104004434708406
135158167019199165045075080805569206
096036045095050251002014004433606306
105035246084192030049169004431449706
139169064229116246215092004434995606
134073042182207020018027004432629506
044024098189116246215073004436527106
210030025218192166170041004433992206
025066186013205126032065329221433517
007234225066231225123080000530812817
016098134090205250092042255655205806
108119239214199169202100212203139306
055233075052237042073101000802731206
218225090034116246215092004433471106
249157228007194086012140592930338906
080210029115131095179114437753040317
140247079158251000115141004435491506
075055185007202031067034099994564806
056231227017199170078210005000119417
231148132191198243188159004431040706
070065005115073165107054363790044506
124101052211135079171167004433235406
075255020090064005155230000804473106
210028117039139212124060088882232717
030015093024198255186198000000000001
219247249169212030129132533230330606
208070209177192132000214052225520106
044085251049199153097049000803319706
016003074205192182251200004435196306
044068078155116246215084004433783006
114116225204205098239114080006259406
149158111009205126137101000806405106
136185078209205071138250139974653006
062198055092198231050050004431465906
044007243054116246215083004434088206
106162017096199169214215399345175506
131252189233205032017210001235585717
249158180126116246215084004435271606
196094254136064005155103445840905006
092195120209207001170216079000002306
044048033140205238169002004432745706
237042118033237042073100226740008006
127107225023231225123091000533734517
044222121179205194244214004436365206
197210006237205217247190580594012106
016215201027237042073093000801250406
075255020109064005155193004433654006
127168149027202029139237070794930906
199201156240240183051040376194778317
103198251107050065249173516880044506
093178161237205055128110000803053006
116247140223116246215106485980044306
016190241219138056033157000000000001
140065118211064005155209000803789906
129223248179073165080090608560044506
044025079037237042073096004433121406
062252105044237042073094004432322806
048166027212193065118205004435837006
053052160221194017228123594520058706
213175195122198231050179052221509406
135079185143215162057079351870044306
106190128097244089102063342820002306
155216242121212171015089442600002206
076177102197207000086105004432665006
034040087064122195111160485730044306
112038162182073165173176612100044506
223007030183139180042102004434674806
140169207211116246215092004435223106
044068187143064005155229004434771006
064004255032205251200152000535012517
030054158227215004019210033925235806
073170120114116246215012000000000001
119131066056215027090171004431195106
016012080229237042073093000804096006
044069006114237042073094004430573006
093123214212199169214167000000000001
135168151104064005155137094826305306
237042093041237042073248020010200117
124101052211135079171142004435656206
123188126160205185134073004433405306
044084072098194038093242004435231106
034080172020207180048204117170002206
076084179115205211030084080640906806
140043111026193065061085004431181306
247003134093193065007118004435791506
050024124029073165110033583710044506
062245072182212197179178004434914806
112081076229139180035105004434295206
252171219033202028150079020134936706
044222122187064005155182000806037606
202217215109199170238047572750911006
100217061127192182217089000803767906
021120110120205212182122004432657206
213176048019215163102209052225373606
044003255107199168152226004435706206
250089215230212195130182089995655906
063162247054139128098014004430287806
021068194220240183051082004434986306
218225159158064005155202004434762406
053162080156192030021254258566467406
123188126243217008038013000805181706
099159182077073165069080589300044506
002094201148192182063130000254583706
213176048034205099158242004435341106
242074129159116246215008000804221806
101160237152205236159180452810190017
213187199233192132029050052222709706
044068078155116246215084004433644806
075095166023202028131010550005564206
238204081056244158229242001233402617
070061070005202030185054577381001106
126052248006139061080255000805644206
016012094101237042073097081802044606
204002086017199153054042105590103017
202217215109199168239226572752555006
087062241185202024017147004431626306
044210133253240063017189004432343706
047081091076237042073107000806274006
141236058246231225123078000535308617
134164179105237042073103025155902406
125018045007194017228038000000000001
113174230028073165073194538160044506
138022031017205251202109367105325706
114218131188231225123079000536381717
044000015180237042073096004431576606
237042093050237042073094000802063206
124045100203219092051179377313344017
042204052222215027223171070086208817
062196024241205236255194004435501306
237042118034237042073094000804466406
049229037191192029086199001435494006
091195238084073165064039655330044506
137100081159205166063097242835477617
140242176217116246215122004434988306
052112054230212230228245533840002206
096133245188251190163223018870338906
151198129011199170077187323890190017
044024179228199153110048041725000217
047081091076237042073101000803705006
130004046201192182140145000255786606
239213054089244212230125004433479206
099035066151205071020076004435593106
112096067220207001054114526781614806
131134146233192254119091001233337417
140075193213198209178074000805453906
075225035185064005155193000805837706
044090247096152098209031004430798006
044055126179194038093069004435700606
103221004190240063130190490425640606
237042077116237042073105211320008006
098176144255215177138239647600102817
044001110112237042073104004433433406
237042093049237042073248020010200117
110132074051207001174149503214716217
058240130093212195130001582430102417
044021220215212195069012004433599106
044024098189116246215070004434597106
248240038063116246215203000000000001
015230250086212227132083411952662606
044000024175237042073096004432624006
021120096244050062034042004435293406
044002105251237042073096004432774606
044219076000202029213089052234144806
062249070076207001173101004432660706
103069201045199168152210068816294017
213175253196192166213141004432731506
044210007078215177165018004435483206
044007060143237042073093004436223606
123188126168212195132003004430580206
131134146233199208061189001233914117
021068197207205071047227004431298706
047186180086116246215083004435607106
196093065108231225123077000535934617
084090192166215176009057283890002306
218225036211064005155132004436406106
140065118211064005155137000806157906
231128055195244127020062579860549906
076177103205244205226020052224472406
130150037145231225123094000535621617
076084253010205251205213004435805406
196085166145202118019045471035189217
100235123189050065212088568690044506
062245204133237042073101004431651006
206107245221199223124076499460313317
016196002236064005155148387360905006
203027122177202029176249392315742217
064004255129231225123092000532914917
223007030181237042073103004435674406
219247248104205180127239525690090206
044208235055135079171158004432683106
129066131083192182215233005874389806
035006081000073165108028540500044506
085118220079244003007162055111601017
047080018130215177242021004432913406
223007030181237042073093004431319806
124053112130016198230148512900044306
063164077051215255116221090013579606
240183075061194017239253161630038917
201248056011199223125126443160002206
147231079082073165079214306420044506
106023152193251224032205522526346717
047168171093237042073096004431273006
148003126154116246215074000803936206
076208059126205218033139022540012317
047045203144192022160239004435144606
213176048239198229031221004435308106
047001190174205211062032004430102606
049088036019050065216220577470044506
253102008178192031065099001230012317
141236063165231225123073000535656317
223007030181237042073101004430351806
247003174195205216102099455602701206
008075075222194017238251004435148106
055243231206207020027073111480688317
044199208197202028119134004433679006
213173033200215177154201052222667306
231148133023198209170074004432745806
134164179074237042073092025156438606
126047073125138145199242082005292117
197111084207205236228061528983399206
113098025149194207240049000535172517
016253002197199170078235389260905006
070243079033202030058095000804039206
047191019014192029095220000802625206
213175201177215005010130004435571006
057154144035202028029229272710899906
197084089182194102244093456825492617
016012080207237042073100000804404006
245098037236199224149005000805248006
223007030181237042073106004432142006
140075193191215167248138004434262906
210061167105205251200120004433495717
135084107093237042073100000804390006
237042076025237042073103601420044306
113098017095135079171056328150008006
