057184217037138145199066001611773706
042095079181207000068073106880103617
237042091048237042073097514860008006
083027238246205219172197000531881817
047123151051207023229022093393596517
200136127049205066040002000254498306
044094204103215013112221004430178206
137099198181050065138254594690044506
077190172018219092207093110600933917
210061166225215177154219004432681506
007238181100116246215241371010904217
243054029173199223117153004433720206
225126186136205187186031257024898017
073161164058205251202236545065429517
057184217037202025151086001610441706
087062241185202024017057004433672206
016012080209237042073096004433514406
013156108158202167003034000802743906
073027067125139010250151571370005317
114120190088198192215036520163691817
047028066252205211062032004432540306
136053080180205218074002004434564306
128183041189050065216044531590044506
238063074219192166174045441140002206
137234065157237042073106000800643406
044009243119244089081088004433431306
048165186056252248025120438720012317
218225090113064005155210000806535606
022213224091237042073099004434907006
044198159141231225123091000534026817
197005172099205216060208004431283606
062212076190194207240121000805859906
008069236093205212182066000803980406
127242060237199169214219004430467806
112150014013193065005162334453344517
015075075190073165105160199460044506
123188126105251073188098000806344806
044201195042064005155209004434095606
244200080106205127099016000805029806
136169200037199168153147012973430117
057184217039202029138139001610917606
213176048142244248205094004431402006
194244175183202028160151036580365817
058001109053240063112169004435641106
128058083168231225123081000530540617
204046050129205098232229042854267917
062227123116212034244138004433704806
064031252084205098239105414060905006
070115224153193065091049478200232306
148094169014202028243232004435221606
213176048168205200149026052225027606
223003055197194038092194461360002506
016043068171064005155175375680148517
008069232035215004019003000806005506
042006168050215167248173597686075917
136053113078202030053214004435673006
016240255105116246215058000533517717
044039243071199169001133004435878106
073027146097237042073097004436402806
044004189082237042073107004432560406
131210253057205180084187004434816906
202217215229205219174219539510402506
231148131208139180038111000805029906
243054081002231225123092000534105317
044068187143064005155229004436526206
099218109067073165064134647120044506
007237004097064005155211000536033517
044056027135135079171158000802745206
047161043039205139035130430460005317
044027170124237042073107004432822606
007238181052116246215242640710904317
047028128176212227179141004435621906
223011158072251215115082088014066106
016012080235237042073104004432176406
155138073019138165019219240380002306
223014026255194043146249000805176906
032083089232199136087219621735411017
062224030101219092051177004430512206
072011178233199136086047004434906306
213179051254207183082230004435115206
064005212150194017228043519910905006
008074003030192182212078004434748306
226102049018135079171207080805070706
117081062196199136009057524070012317
210176214007207000067229281350104117
107218248224212195130221334460899917
073155112248192029060200004432738906
134016182180116246215234000000000001
069078169109205236095112374886387417
047173091017116246215079004435207306
237042080196237042073096000800739206
141236059036231225123094000535725217
075062217254202167077077004430214906
197043153093237042073103000806306406
079121155110198252036190386500002306
044039227007205200244228004435034706
153071177213244038133045004435834506
204238104061122195111160424620044306
073024239137135079171167004435628706
195192156061192029170002004436129906
002136110002205236254234000804995706
251103139043064005155234004434054206
044021241150205239062099004430998506
135003001186205164099210336042233017
248126219232215163005170068810102717
213179055123240223037058004435781206
076177102216207009080154052222649006
136227068188192166174111403260002206
239213054090205195120203004432577806
082060202077192029094254614600312806
237241128248193232169162004434441406
131000237118193065013013000804976306
044068174197194086009198004434522806
101245020092212195128205409363228817
112081188215194031029096080680134406
196092076116116246215069000804369706
197207242232198192211050472560002206
047119173015205236227163004432441706
040244221208205239075081488210002206
131210253013205055142076004431814506
077180050255131026048215618520044506
055236066246215177155093336591736117
052122102117205251206093004433522106
016032017174064005155181000805750406
243054009052231225123094000531380317
047170001253237042073100004432980406
047049056067205238171147093390720717
044004213176237042073106004434465606
021120124194199169217234004435867406
015043163108192167232144000803617706
200109040166199224099045000873453306
244199180007244003096194000805240306
062194058225237042073101004435408206
223044129146205200226103151510727117
047004246076212230061231004435018106
140066159086116246215051458080008006
139107089205205211057242000801706506
047045155105198222247238040175021606
249018177014244031072105514132634817
208181150170198243179139000802682806
044035160199205032247240004435077406
140255108189064005155234004435846006
114080052225205218244149000000000001
200174089176194078209105379601591817
235229058163244003024207036585294117
047061025076199169020219004433805606
106178013125073165172022561670044506
044004189082237042073103004432526206
215180094002244158083125264240181406
032181134126205113197156505390108006
087150057190240063114060637710008006
213173027183244248165126052222670906
136227068188192166169203511400002206
016249140175139180043007004430181006
062200101139237042073092000805426006
243054009040231225123072000536501617
076084179115215162167253080645742206
016242126182251215113218004431289906
136227068188192166169139355420002206
016012080215237042073093263140008006
016251022127016233092103000000000001
108119137237212171014178405510202006
150135053038231225123074000534261517
213173043251244212230125052225695806
044055025121050253170165004435294006
141236059024231225123074000530361117
148003126153116246215069000804937406
130117042158073165059045565920044506
112081152162138091023085004436375306
231148130183202118049249000803452106
200162252134135079171181203650044506
218225072142064005155195004436234906
197151001243205148021030507110854506
033241125179116246215076004436116106
126060073141139010250151552410005317
048162041082240063113219455140008006
139169064229116246215092004435483606
127107225022231225123075000533398117
196012145218205180075195001435412206
021120126071199152008023004432525706
044005151003064005155246004433903606
067025150064202024016087405001873917
097132228080231225123079000530803217
131026053112135079171185044552120006
146094051016231225123074000532582517
197041093027199169198037000532479717
062213169019205195121213004430231906
105237035080215004018234607451686517
016213068185199171101164095994689706
138185019200116246215234000000000001
036144170255207000065093375410002306
218225090096116246215086004435188706
013141015016231225123079000535719317
134164179075237042073094025151401806
223043024040205180043173005875886206
135240062190205151253153004435570606
013158073119244248141253004435066506
080207243157205098239114608046468706
044009099104244212229171004435635406
008074003149205217086043000805396506
057184217041194115194240001612601506
133213054225192182228038607882742617
147205246121194017013132005873503706
223007030181237042073098004432632406
062203117234050121198092000802791406
047160113040237042073103004435434406
002196250027199171099248642325199517
210061102218240063017174004436480406
119132120180205239062133004434360106
008075075157199136086004004435144706
137252183194240235108140515661712306
099099023230138056033185505005317606
218225090026116246215086004435721606
206102064213138030241059591820044506
213187193220215163007002000805240406
047034162211237042073107004435378206
077060168084244212050141133074434717
132057150183212194202246000000000001
213175201184192132028005052222920806
119132120180199221117154000804438306
194195131042205251205198594674954417
072058192079205219172197000531418517
149247038031205199052076004432716806
141236063126135079171186000536203517
096189177194202118035010528590808006
153175002170139136059148000533867317
231148133123202029071139000806013606
133036080001212195071106274551021817
044003205117116246215084004435727006
109023104118199136084112493970106817
049089171061198240072074492930046506
002002132227202024004084004430164506
047084231039207001182026004435188106
016049112172064005155244004436306606
097171136249205032028230027535836606
070243078107202030213022000805916606
204096127014215162115163004435725306
016012080229237042073107000803740806
062201122196205180139137004435220606
044002162165237042073105004434072606
002141199001215160157150410581876717
070231208183237042073106434420008006
218225090026064005155210004435216206
092016012255212232184237513291680806
213176048088207009080188052225380906
125145253090064005155244004435166906
047162250155194102254194080004973706
223044129146050122037064151524915517
112086125210116246215085004434488406
070243079058198231053138004430459806
075091212239237042073100000802773406
140065118211064005155245004435204106
041144237072237042073095000802867806
044218054017202024005226052236332606
197074223198202029239095010500122717
148094169017199152012216004432146406
218225236112064005155210000804284806
125020145195064005155139004435729706
097132074212205148025190000000000001
111205163112205185134068516971250317
194080041156199152005234100000103117
109199182104192030048230232731005317
047100038064237042073096004436442406
124101052210135079171146004431975806
047048223029205199050056093394351117
129031097212116246215234000000000001
102030158062205180014195652946084317
101160237152138152255063002180190017
110163158225050251141178514132190417
134164178086237042073095311100044306
047004126031237042073105004434096606
059252001007207008084092121950002306
002002132227205184032177004431225106
096014153092205187184085000800243306
135168078131064005155231004434329006
134159103196202030172052050000596817
100208217209139136059143000532475617
049142246218215163200054603120102617
030157078141064005155228000000000001
048181000089212171104007068815215517
044205042042212227179009004432900406
048213171007207022024173080015006706
103136021029244022028050453221361017
156128154160251196147032010943810617
041150227112199168155071052224919806
062196047072237042073098000801992806
148083149183244067133125005142183406
096036045095205185134074004432848606
133226200142215019014000093060515717
119163132079205249007131077775020306
047026008175207001130205093394712517
195223248234199224149005000804944906
044025190174212195068050000803911806
016012080194237042073095000800543406
103237159083212197086180004434007006
016012080211237042073099000801494606
047034104171205126033101004435984306
062196047072237042073100000805065406
125020145195064005155139000803727306
092018143173199170229205259102608506
044027179127237042073101004436058406
044004247143237042073094004434318806
223002219049199171099202004456503806
123068187047116246215029000534642217
109193075101205218041103543885479017
202217215109212227211180572750788806
096036045017244205076134004435631106
147107082040199168152210068816294017
152200232189251100098065004434542006
110121189181064005155228000000000001
047008166157231225123079000531511217
062241077089240235108141004432637706
148067222062207183083187000535823617
195041067093205055203100004431155006
070048059033205180110186000805813106
237241146012202024007011004432581206
070243079058215177165018000804382306
044025079037237042073093004433743206
139049126004205250089229004435727806
016012080213237042073104000800224006
126052113142251224088146000801929406
070243078216199171206213000000000001
100208217209231225123094000530680917
030210069019138145213115004430180506
080215008119131115181013344882783817
062195028070215005011237000802699306
044071110093202024017145004430105106
044095157232131115163006004436004906
113175002229207180015129254640502806
062238104248050056081116081061701217
077023208110198193185149199921119606
062209001096198231053138004432642606
047109011248212202218047093392781906
131208004228198209142018614562730017
047032246057237042073104004431986206
062227072036199224105003081163218617
212235206238205113207083000803448306
070243079058205127001030000805419806
080050001126193065042213160052126506
247003110196215162167253092170930917
127168149027193065105226070795157506
049089171061198240075188562330046506
197043153086237042073103468740008006
078142083235199169214059627350679017
070243078253192167232155000802660106
135210139065244038134057080004925206
131188254013251224032194000535848117
149042109042198193176089092172646117
147003221167192167123015004654437106
073155112250205238171205004431102617
016041098161205125184118004430336006
070243079058202024006187000804593106
002102009075205180014050098304361117
141236063126135079171152000533566517
075091210205237042073098000803216606
135084107064237042073102000803817406
244200013172139072053034000800984506
047160006137237042073101004433447206
231128055195199137238059579860549906
044021220215252248203202004431775606
073027199013237042073105004433894006
063149111223194038095255000535149617
206168183181202030067194200902540917
044021176085205249060085004432733306
075091223095237042073107453360008006
223007030181237042073103004430660406
135243069225202028119254004434735106
213173027113212227179066004433736106
044001159232237042073102004436535006
114242108220202025248061000804955106
048166059154199224103255004432633506
021016177178251215115082004433765206
231148130019198255172154004435166306
158207049049193065075131085752020717
016192019088116247217234000000000001
212143024029116246215013000805455806
213179055022205139035237052223388006
202217215109194086007171000000000001
047032110241237042073107004431957806
072165049076199153102059527120114917
063161039000205180139218004430199906
058034126050199223113012178720106917
042006072053073165081122594690044506
013193132066205055128253000804231606
059180224213139005155159576453690706
223010192237205218158082000802705406
155101127128205217254132602584929306
047108134219207001131073004435178106
223044129146050123065227151533078617
196094099165116246215109647140044306
124045236221205200226101328233344417
073155112254205180013151004435504106
044006157000237042073101004431060806
047170248188237042073098004430298406
064031252116139072048233475420905006
044008233235050122167218004435212706
097091235090073165073081644390044506
113173197020050065189026502050044506
049079181034244248213085081065161406
134009120193198033105217000531418817
016049112217064005155245004433769906
213179058177199169006097052224968106
044001047052205212227087004433881006
235200074141192182183082443063836517
021120125250215177139082004435206906
047124094072198193183082093390177917
213175202235199169001205004434964106
062238048253205183040138000804654506
159109145028116246215074004433613606
044020237043138152125018000805759106
197036194146207008087044388420479106
047081091076237042073101000800755806
075215142249251215113218004433724806
076177102210205216101016052221419806
047168103175237042073099004434397806
073164088201199208053079000535014717
015043163116244089100210000804416606
218225150092116246215085539740005317
249237198229249237198146001792408506
195077011028193065039062059380104106
048181106054016230168186600220008006
196114107254064005155182000804191206
231148131066205251075018000803156606
047173006239135079171158000803409606
139169064229116246215092004435481206
077023214160198193178200000805015506
057184217043202027228071001612128206
223007030181237042073099004433869606
218225141153116246215243452570904217
047081202059205250093010004432712506
211038054062205164096216004433216917
206061244033240235017214436110102617
047100068026237042073095004433472006
021091196016116246215070004433492506
213176048185215177242010052225443406
148022164154064005155134004435125806
135072012167244001019238437394567006
044056189209050122229067004432635206
044054146028138056032176004436058206
197202027124205184077093080805385706
243111042154244248042018581771196506
057184217041198247248159001614825906
114064185161199221119051266385830417
131003246171244003097192004436493406
097161187119205250089242222135133717
030015070245202024006169004430207606
137113254157073165079002104000044506
120092131083205098239108000000000001
148083149025207020027213005140641006
021091197078064005155149000806130606
197122065207215177165029004436292506
103229102084231225123080000532808717
041150227108212230175232004435233206
016242056115231225123075000535948417
047018244059202024007167000802306706
050084201082207180012160250985502506
223007030181237042073107004436099806
091102065129073165105010644380044506
047100179217237042073093004434425606
072011141001231225123075000531826817
047160161102116246215093004435685006
087151121163244038134057535520808006
141186045158064005155201004435774006
249070079099199152014231001232778217
008075075230198243031159004435206406
218225036091064005155139004436476706
231101253091193065017154011271060817
041147022193244089081032004432631606
152041050143205236095154004432577706
044213148122237042073099004431866006
016012080214237042073092004431802406
016012080232237042073101004435284206
210011245193199152114078391222280706
047034096136237042073103004433001206
122095172143050120061097004435946306
044007103049237042073099004431958606
075255020090064005155230000804751906
124243178072199135047086000804922406
008069236032205033004041000805168406
223007030181237042073102004434801006
223239026122199177092212004435104506
070068140002240235109061553053254106
206157043163199177245230004435877606
100208123175116246215062404380008006
073155112254205126032241004435949006
047028011245207012138025004435594806
055249088218192182183212607935040317
213176048123131114050243004434236506
088094067026198254091085614775622917
047111122036237042073100004436380406
127004043197231225123080000533710717
090251113070192167239170087652649117
062255088134240235108141000803878906
016043038031116246215010476260008006
249237199103249237198146001792787906
213175202220207001131114052225420006
016012082200016229042061000000000001
044008069204244158005050004435985106
085135067110073165065014629060044506
062196047072237042073095000801367006
016253002250207020029042411900905006
127107225022231225123072000530735317
016012080210237042073093000803421806
127043088165199171106106527940002206
143210232123231225123077000530474717
227010076019116246215095004434883806
202217215109207001012070572752222006
044006096245135079171167004431740006
124101052205135079171146004431634706
047160238065237042073097004433183406
098106208135212194251014578635402617
131000232124139130006207080044983506
211023002087205180041183005875686006
044221170166198192209050000804950306
129048012205244248041100092120930917
082029166001122195111160492100044306
091177248076192182193067062360012317
213176048183215177242021004435119706
135072013122205164122070348525925117
207214205140205250093233273244856817
155192209052252248025010630860002206
055252121193207022029032581030002306
141186045158064005155201004435773606
058024020007215162095245000803774706
149240091095244038133045004430713606
008074003151205249052114000805353406
153191119201205066142010315520002306
070053205178050065172007152860044506
044027170124237042073100004436266806
016012080207237042073093000800650206
063165111163205236228201004435902506
101235247109199152070082004435641106
228079081175205218011081088881224206
062192254085244205131213004434611306
210030029151199177245230004432743806
044027179146199208051113000804556606
247003076013205200149129004435854806
044063127050205239052133004434503406
089075158127199153102059390156315617
016012090106237042073106435060008006
042094064208199168233023154391339817
194053074198240183051040010914778317
218225236113116246215087004434366406
103119185071194017228064000225731706
044060210126194115213194004435225906
114218010108073165089022652590044506
044007208032237042073101004433758006
086172226214202167077049444314330706
021068197201138145240047004435247806
040219092142122195111160035220044306
044202200060215177179237004430944506
044027167065064005155209004433722106
044004048212244127156185004432820106
149164124059215177155130004433484906
044200152245198231053138004435026206
044068063152237042073104004435495406
087160001177205184042218456820122317
137075015093073165091096563310044506
105034107122073165069119577190044506
135230134048251224032197000805134806
044087192056205098236035080004290106
062203068179205195120239004430427106
097132228080231225123094000533368317
044048010240212232088224004435914906
141236058067244020056039000534632317
096186226185198247248208080804091317
131143133229199224070181000534695817
089155124162193232168032518090002306
093062075122192132029102152440002306
044035070253205250244146000805819706
073024217069237042073094004436405006
048165037068050122105077039995059717
044002105251237042073105004435837006
090242218009073165172145595440044506
131176096165199169214025004431071706
047185187116116246215076000805278606
112080089195220245006004068813974606
091093235150050065250242601650044506
072011141010231225123077000532834117
070090145152199169207166597810338906
131000232124050122105077080320463106
124045222037193065041141004434774006
213175202247199168232023004435390506
049196093246202024016040000800246906
204249205150244031008023254190111017
119136137220138056034181004435101506
047101064034237042073107004430580406
047011074112237042073096004430927606
058024242009194042201038474201047417
049216232113192029095208520962898506
197093043111139212126178636020002206
216038110165202024007102000802434606
122028053239135079171128004435123306
139169064229116246215069004433981806
196092076207116246215074000803681006
119242050020205203249056543545686506
198140039235116246215053516350008006
016012080224237042073103000801787406
244200083137212197176077037245654006
112081188215194207240034080680215206
197180023210205250092026351455622506
245098105003202028042033518790637906
136227068188192166168115461930002206
197030217115202024007245034781746317
048166059181199138219038004434958106
228138231103198241226236607340038917
007107092056199177255167395991361417
079121155110244038096089498260002306
047081091076237042073104000802244806
196093064047135079171157000534526317
041145052178205236255034004433497806
213175253254192132029201004434146106
092016112010194038149087377875741217
141236063224231225123072000535095717
140173240227198192216245004430603406
127242060234199153050189004436505906
135211169121050123053224004435802706
127089203087205216066141387383343517
110174180049205218157093515996265906
218225094005139180042039004435065006
140169207157116246215085004434852006
047105211087138056077082000804813806
097232113213252248203051180754596917
021091199204116246215070004433689506
084118116149050065249227581050044506
062218077006131115160074004432629106
080206187114050121119139046451368606
134134130182237042073104004432036406
116116093247199169214025099104207006
086246158015244038134057640920808006
129226207236050065138208645900044506
064004255129205126032236000536548517
207229033028050253170215185324701017
047011032231212171082110000805140806
075165032149237042073095004434798606
223003199032205184077247004432625006
055227216219199169197049427732834417
215015026087231225123093000532168017
245212101173244212230125093404940006
070032087159244001168002567720002206
070243078228215019235066000800331306
231128051159212194054220029000590006
254230116103073165104252562840044506
048166196235198254091182205615643306
218225037016116246215092004434549406
096189177194202118035010339580808006
213176048123194043180021052222742606
223014026205205180090225004432699106
237042071024237042073103004431601806
064004255129231225123074000533843417
030182042096207000086042004432815506
074227082057205139035237508634975117
044095140166138091022122004433013806
135238185058138091023085080820757306
112178096107139005144047080813058706
201072135128231225123095000531220717
131255054169205212236250592415837817
013217234069194017236108000805827906
047084229098237042073105000804469806
218225091066231225123075000532676217
203091103036016229028118010246285517
096189100090205250010220004435366906
213179055005212227176123052226022306
044000104120212194052151004435556106
153173186041192182022145059385610006
047111131236237042073100004434977606
149078063148205236148014085865614906
196043026097231225123077000535440817
148067222062050056145002000532898417
044007016245237042073094004434341406
140169207146116246215085004436063706
047111041154237042073106004433617406
231148132206205149042243004430237706
139169064229116246215092004435473606
213175202142212230172062052224943606
047026144203199153049023081103930017
073027047107237042073097004434903006
044076131241202024006164052235456406
044072052115205218011003000805110506
146094052144231225123091000533322917
196042228214064005155102557380905006
044087017147199169005121004434354606
044016164236244001021253004434995806
044068040242237042073092004435326606
202217215109198229188177572754555006
138141095112199136091017503212738417
148083149175194114063138005140698306
130004046201199152107094000253929906
030054086185194114055242584510456906
119142101225212064082143004435090806
016049247156198033143048000000000001
223007030179199223116010004435011806
152041050142138091022026004435458406
247003207019138152126109000805334906
231222051013073165081175609220044506
072011141002231225123076000534505917
213176048018205211031220004433857006
096133245188205180139242016590338906
218225196032116246215093004435448706
044049183217237042073092129214078806
224115233227202024007185004431326506
131252026055244020059238099871140817
097133087114231225123072000532786517
202217215109192182014228572751999006
136157070216231225123091000534199817
113175002229199137226250458200504906
041144006215237042073102000805564806
016012080227237042073092000801349406
200109040161194041046019000934811006
076123171040205071032190010330113817
105035246084205148090210004435875006
100208217209231225123077000532394117
063175189236064005155229004436015806
140065118193064005155209004436358806
044027105057237042073101004435563206
124089241131205125078171100000799917
016242053139064005155183000803760406
044004081143237042073104030004360406
110123074133251190074029000234709806
197222188038240063103142160330338906
066137095039205212178253000255372506
075067180034205250037226080651000006
141236058175231225123092000530623117
033228129044215177139184004434832606
102169015029194078255064226864169617
044025079037237042073093004435357606
131190120055139143018199004436163406
032171105033202028190250099983742606
099035108224202030054132069055607006
218225236112064005155210004435196706
076237042144215163005170491600102717
135211169115198254094250004434351506
237042071031237042073092004433155006
136053101161215167114022000802400106
136053101161202024006166000800370306
151004013189202028024112004435108806
053038234152138145213107326136470117
070243078228205213166080000805042006
021137021052116246215048004434070006
141183211079199170234214000804915806
021068197204205212176051004430302806
155106230113122195111160535340044306
140169207146116246215085004433719606
062213142128116246215076004434000406
077137031098251224116037185455675817
213173027190199168225246004430189406
130004046202192182210024000255460206
197190098108207020017111556820338906
007234225066231225123075000536206417
075091210207237042073095004435270406
213184192001205139007192052220436106
021068186104207020027239021955500306
076071005052240202185023160290002306
062200101139237042073100000804637606
223003192111198255189195000805718206
253102008178192254115188001234332317
044068100254237042073094004433736806
074227142108199136091120068825147606
148137139143116246215074094825629106
098138176111205032025253586926051906
127254177245135079171073000531767817
200241000062198223222240018633389217
223007030181237042073094004430411206
135214115124192182097087004431833706
125145253127064005155244004434642406
082029151135122195111160501310044306
044000015180237042073093004430717606
112086120224205250038125004435052506
249237197165237042073095000000000001
237042071020237042073097004433987806
094099088013202031029035314070002306
197152130069050065138189552360044506
125228242026192182175021000000000001
016012080216237042073106004432593406
149042109042215006172177092171051117
131134146233205139035089001235215417
050051205039199204078138444580808006
016012080226237042073093004430872406
213176048157240235109061052224275406
206187252013205201094239550630338906
119132120180199224156213004430466306
247003121223198254090201000800907406
079121155110198247231122340720002306
047012046192205211053112004433985206
002140243219251190074029000235238606
197243251075192182212209099993941006
035182061019202028087233142666040606
130004046202192182036213000253919906
223007030181237042073104004435754406
044058184067116246215092004433358306
149078063148205236156227085864928106
202217215109205216204228000000000001
110242229028205184066205594010968317
016012080224237042073097004436321606
047168171093237042073102004433397806
218225091111231225123081000534540817
253102008178192031069028001230012317
062241051086116246215085004434137906
042054220009073165090016219370044506
245156195182240063103188649090338906
058153120004244038204221492812113417
223007030181237042073099004436351006
075091212227237042073092000805959806
253102008178207000069241001230012317
101081106071192182170117004435041906
231148133051205125077219004435644806
088094077184205211049098649622807706
213179055095240063017189052225646906
213176048039205251072213004432060106
007234055052116246215241518280904317
098196085207205249055152539064778317
130255203052231225123072000534692417
226102051053135079171063104380044306
195189020146202024004201089994284217
016012080211237042073100000805995206
094022102214199169014172218745835517
223239026122251224088197004436445406
137015039170199170229026000803598806
218225090096116246215086004434033506
130004046202199152105125000254708406
197043152164237042073093000805227806
044004213176237042073100004430614406
048181199121202031188222180015027006
044204146171192133027018004433624206
047114170027202024017197080904827906
030214173103199224155225000805903206
016012080230237042073098000800594606
062200101139237042073105000805750406
077013032002138075186227393830002306
062210009235199177245230004432797406
049121106231244022198251590315879206
094074116220202024180129378220002306
047034187240050120193025004435180806
073027146097237042073105004431913606
247101131063205066251229004435805806
239213234139205183042026052224211906
135084107064237042073096000803474806
016196006090205236095026360660905006
119136137217205212225012004435199906
136053101161202024007212000803210006
237040186145205164096216330331177506
074104221069212232020064396174262317
223007030181237042073103004433943206
076177103206205066247119004434946806
218225234175064005155235094823974406
135240062190244001019238000800137106
044039099208199169024156004432639206
253102008178202024004171001231657317
202017126114205239079024050600524417
016215201179207183093024004434558006
092016226207202029053031313630899917
035118047149215255200002456825942217
044085129151205112188193004433935106
213175202255205099154058004434228706
196042158053199225032032000000000001
050231237058212195128205125002707206
136151102168139061189014000800625406
062194119127205211061058004433456206
151064219022202024167188156853732317
116247055079116246215034000803598006
076084236255193241061248080734431906
044000024175237042073101004434030806
076084087232199152125214607666053917
047109031229194038088018004431336706
062240035009244031010206004432887106
213176048133240235109085004435787306
070243079058202024006249000801343306
062245058127116246215068004436400606
195248149104192022167203456834916006
062248235094199224149166004435153806
099035121241244038133045069041258806
134009120193198033105217000531282117
049234079109050062046170404825039317
047033066165237042073100004431525006
244199180007202031036050000804930206
047124226069251190082058093395721717
047119220149205218072142004434962606
044004189082237042073092004433931406
070090145152199169196048597730338906
077060151152050123083011005874920706
237042118042237042073106258180008006
076177099153205127099151052225261006
099140060193205217255016004435121206
153173191107193065004229059385592106
218158088184192182225183044336183317
082029114052122195111160451900044306
223007030181237042073101004431824806
124244081067231225123079000534412717
008075075160198243031159004435451406
106215144157199136071157000254090006
123188126215050120061111000806537206
243054196129194078242248000805256706
244200013172139072053034000802853006
206089105236194042036100614592427817
088094125249205212232037491601912617
213179055125205139035230004435199406
044063099201116246215092004435156006
240083028040192030069166004655810706
044001146208237042073095004436187006
016173175001212171107175004432772206
096036045095199177242063004432805806
213179055097212230181162000803913906
240083014245192182151176000253360106
218225196096116246215093004435682106
238041038218194043182149000805377606
208178086224205213185182000805886306
112148181046199137227088033892479606
197222188038219092126205148890338906
047081116200237042073104004435683006
196115250150116246215120004433969806
223007030181237042073105004435753006
047084229098237042073106000802951406
044057107028199152015181004432773606
208124168081202024005233456820639317
223007030181237042073099004434358006
103115065166194017228064000226023406
044069006114237042073107004433334806
033182062125064005155136004436338706
131134146233202028157230001234407017
213187199249244248205124004432622506
127242060237251108226027004435246006
195163194164199153041109623485596017
213175253217138091026001052225268206
192123234042205250089242413315133717
073027217212237042073098004433294606
044063142186212230042082004434285506
103245145143205184078118018045787417
070255000025199138219096274330120917
140242209138116246215073094823676306
231120120239135079171071004432793106
096066220233194086000000139544774617
073027199013237042073093004433333406
044060128138138152126050004433598306
072044231009205212176179335721859206
235229055219215019232002436116110506
206205151198215019232002068813203317
149042101045207183082180092170930917
197043153080237042073096000805410606
047048211089192167124058093395316917
016245219142205211122025387690148517
069242226012199169194038510720008006
213179055117212227179058052225665106
021120108091205151253062004435116206
158047253118205164123026585940338906
075091223096237042073100035700008006
047175200063237042073092004430694006
044006091002237042073107004430207606
047100153006205126032234004430224706
007234225066231225123093000530431917
131210218147202029011091004435093506
016012080219237042073102004436243806
044084123074205166056009004434990406
154040172094205211043031236263491417
055233073177237042073103064340044306
057184217037194031047046001614956506
062197064083116246215082004434100506
213176048154205185135005004435099506
044220067184237042073104004433161406
070243079058202024007036000802043506
222084057091050120193033581933344617
110097131172240063017189505840282617
130004046202050122039221000255765906
245098097107202031174008484460005317
016010006058215176180186000800170106
047111122036237042073102004436165406
070032087159244001168219572480002206
047085023180240235109089093391463706
204124189243194100126165543100688117
016036124160064005155193004434918506
057184217042199208156128001613360706
044039223012215255062099004435027406
084054064070199169206186500386027317
213176048243050254095210004433481206
074109197214205217254181406855215017
112081188215205213185107080685054606
123066156223202030210164004434941006
016228207040116246215084004434518206
140169207191064005155183000805456006
096039014184073165034105623890044506
050067240141138152126190000855561906
127101029093192030106038521663049517
040216113122193065093089013354591306
122139053094205212176066004435155406
062249083152192022173005004433566306
130004046202212064143006000254599606
016012080219237042073097004435045206
239213060015205185134068004432663906
089153215183205184035163038174584606
108254050210199224102198153540172017
130004046202192182208170000254338106
047170223088205166058221000805127606
044060054127215177242173040005722806
119132120158194042196239004435229806
047026093048207022024221004434515306
131026006034192029095216004456281506
141183211166202029020081004434685106
200124200090192182193067192360012317
012130008064207001006092004435415517
047107224188131115010042081045470606
044002114207237042073105004432912206
127107231251064005155135004434594906
231148133018205184066005004435348106
231148130156215161111225004435890606
047123237054215163005216004435925406
197002104012202029039114030746472606
223007030182205199060242004430206306
016012080228237042073097000803993206
044002171124237042073100004434352206
218225090096116246215086000805736506
076191125006251100166173004434030806
062241149227244248024143004435947106
149042101045215177164213092170930917
016012080222237042073105004431904206
148068184013205212176221200003742906
139056088209198193176119004434387606
073155112248205071019252004435840206
248199069105205127099158040005705006
062212225105199168158126000224519906
237042071251237042073093000000000001
016215147188237042073094004434034806
129107151058244031009056254614891006
210018043159139093092186058740005317
100202255180207180012223000805913606
111224149012244248213082004436014906
228079155183212034079092533850002206
042093072230202030148148361214111617
080074139101205250088182000801947706
013024074201202030215111321002099617
076173197157231225123080000532495817
047124229112205071132225081183204806
195117157075244003025186000805626406
021120125252205212176066004436369606
044037017006116246215084004435952306
237241149149202024004019004434063606
130198051039215161084154572525328106
101235243185215167248072004432835706
044007060143237042073103004435770806
119132120164192029060087004435091406
047082177250199224110141004433336606
049246103199205200149026617040688117
223003058031205127001030004434396006
047113216160205250010160000803158306
213173033219205137111069004433848106
137172093134073165081224630890044506
213175253202205066255068004433300306
211253220154212064082250491705841617
124045100156139096108005386003344017
223007030181237042073105004433755006
141204003182207180012010004435774206
210004148219215162059117646360044306
105008076232244127157143623480136917
213187203112205127099029052225453906
016012080213237042073099004430392606
070243079058215007141027000802278506
104081092122215027187202538452645417
089188023254207022045110130002662417
210206026081251196144199037590038917
237042080224237042073095000802866206
153216085037199224149004257835893417
217242091103215161105065099264921706
148097182081192029084149000805496906
198140019090016198230169398730044306
237042118042237042073106271060008006
152157244218202024166252000803821306
195222041194202024007116000802636506
062245058127116246215093004433824206
002061124058205180085094541510016117
197143138162198247246148004432698906
223007030181237042073096004431465606
073027110110237042073093004430788806
063176087043205164096216004430862106
208191034172198231049105004435047506
114242108016205249045205000804970706
158053234209205219173077000803486506
231148133035202030115123004435243906
197043153087237042073100000800689806
090054115186131026048217546640044506
153216193183202031021120248743189617
047081091076237042073100000805533006
064004255129231225123074000533513817
231148133172199170237185004435874106
044025079037237042073098004434954206
223239025072199224153062004435509906
049236120068192182047221000254688306
062203076242215163115082120000341006
070111047060073165172184628290044506
044009043062205187184085004432850206
140158138121212230061008000805959606
079121155115198253188110399500002306
079117003249202030095195000000000001
218225236073064005155210004434825906
044006147207244001196059004432947606
108190036228192030071205560410112917
044056053232251190083010004431464306
237042080194237042073105495180044306
223007030181237042073095004435217406
090054069058073165034089167990044506
231120120239135079171207004434169106
097132228083231225123076000532918217
087150070111139218240252587340808006
239213060008050123202061052225400706
042095064133192182090041313115123417
203119163145212064082005183230105217
204105086249192182086043214044833517
077023208110240223013162199920409806
223007030181237042073104004435116606
062228193004116246215071004434018406
134164179075237042073094025150923006
158051190232202029230171089990103017
002002132232192029095215004432966606
073024193023205139169214000805028706
119132120170251224117016004435156806
044001009033237042073097004431440206
070223015171199177255186145415857906
213173027104212227179066004434794206
032191132036205217255004004435937106
076084236255138030192170080503875006
134134152080199171108229004435923506
213187203121244031008015004433538006
112038195168073165054100046640044506
091232064040073165172220639240044506
195211075191215007140142540560208806
016242056209251190010037000535667317
021091198146064005155183000806084806
237042090150237042073100196640044306
044063015169215177165018004431115006
035129211074193065103166234065574806
213175253232205113206033052223675006
223007030181237042073103004434647406
131134146233217010237174001230211017
089230076101205217086024033896317006
223044129146192030221050151510182817
091209087229202030183179589495502817
078156250214050062034042513444643106
194121127192251196217001471793918906
108082049069215006005174222224417317
202217215109199222140185572752222006
121149058207251000115138281284373917
139227148002016230167039036900044306
247003207051202024016254000803236806
245062168089215167150091181325018506
047173091017116246215070004433529806
070243078230194038093226040075391306
087245211088202028168184551654693006
244200097154205251205218000805165206
196093065108231225123073000533413717
047191012076202024007115004436357706
131003116137138056035034000803834406
044007060143237042073097004436024006
097142053126139072053034089992013817
098141202003199224151090359540809006
044026009006237042073101004430829406
213179055119205139035178004431263506
197016034000205217165085004430559006
044004247143237042073093004432846406
082100045077205184035163422194584606
200026174090202025029102054860002206
007205217013240063017189636970235617
075091211149237042073102241720008006
200035249006202118240230182030232306
102178230055251224118125000000000001
097183175228199222142106400010103117
036211001227212064070068257800143306
237042094136237042073106233420044306
119142160213205251202105004433750517
048181106054016230168186530320008006
049239054246212195128205089992560306
131080010154207183153225004434595806
072011211078231225123080000535358717
047021214106215161046208000801949606
140075193191205164190034004434995406
219247248108199177255093470830008106
148092183116198253188209027035378006
042204060035205035005166070083372517
071010139048212195133137066724019217
231148132113131115180250004435060106
119128008123251196218185004434945606
097132071162116246215093004436234906
134164178114237042073100004435306406
137245160138192030007221000536521817
148067083126212194251002100012627306
042204053175215013072176070080599917
237241130097202024007075004433459806
021084065137116246215087004433690306
140066162047205219153122004431201306
109136177118212194041215004450193906
007232075044199153061038000000000001
044072120073207001131073004434467306
088088251032139218240252479440808006
132042014189073165228086385010044506
058019148015231225123081000535701917
044072110165194038088109004435759506
237042064210237042073095000805002006
223007030181237042073106004434539406
237042076020237042073105186220008006
016012080206237042073093000803930006
100242008005240063017189632970235617
062199080201135079171158004431101006
197122065206198229191231004430210706
034120101218231225123090000533981417
021120109063198228176178004434989606
050084215114205139035254000805880106
016149188226198209156153495295483617
108248127078199136087171584170114106
047119207040116246215079004435270606
070065137140215160090208088945354306
044003205117116246215084004433826506
070080035068199152111204359711247517
127254177082212030202010000533966017
062242138150192029189065004432693606
119132120180192182164214004435204106
201205127077050065214149611230044506
130150037145231225123094000533164117
244200198110202024007192000805099606
131134146233217010239096001230206317
008069236032244212049134000805492606
070246023152199204078060497356113717
044022119044194207242005004432727706
199180244192207012129086498671737506
133231219061198193186015617360688106
140169207207116246215082004435376206
062196047072237042073107000802198206
076177103227205139034177004434115006
035002084068215160157123118353186917
086106156033205216101040000806460306
109254196255193065084002526210143306
047100067038237042073092004435127206
213173038234207001186130004435434406
007229111208212194052040518442741617
111245062004205126138094027105424406
131021132178064005155183000805430406
007239136234116246215058000535754617
075011030163139212123098482771500106
047032061113199153038218300003866706
058215080188205180066111405002968017
047110061041198229186131004432632306
047080124018194114125249004431183106
249070079099198193191190001230012317
207117057105192135131125004436228806
135231029111202030069122000225462106
044059191103240235108141004435208006
021084065144064005155218004434623206
078094190187240063113219615380008006
109195136250207001003108524744017817
042095018060205125088104263045425417
062196033115237042073096004434235006
076084179115205071043250080025024006
097237152112251224032197474135142217
223007030183207001000060004435747106
016012080229237042073095000804449806
059180008023202118035010622680808006
223007030181237042073099004435455606
135243069107215007246013004434021306
016012080220237042073102000805860206
116118134065205125113253004432632006
076177103232198209059209052223670106
134009124177231225123072000534916717
223007030181237042073098004432194206
107056190060207020027130305301792206
016012086153237042073105044432348006
062206194081244248042018004430167606
206016014026202024004225350540457406
237042064228237042073098000805238406
213176048119212171017200052223979406
114042255046131248239006530420008006
206155114021139072053034514172030317
127068202218202031172120004436385606
200175020041050065216050499440044506
074043107093251108156178608143491417
016215020012207001008080004435836606
127043091249199208055109000800189406
124117015038135079171079000806469606
044000007196237042073102004432986006
135243119114202024017061004431429806
227003190235050062032209373872420017
143170201007198033081022582220812906
135079185158215162057079271390044306
044199086127205126032069004432335806
193253141242116246215026498290008006
016242056115231225123075000536541017
030193143156199208063134399256003906
069079082057199168239158000000000001
100208217209231225123095000532421017
091233209225202031041184288853107217
030214173050192182227000000806484706
218225090003116246215077004433877406
044049170213192029209114004435524606
072044198074073165080188511130044506
127168149027202030009064070794939906
047063125101205139035106000805874706
047187019201050062032033004434291706
047109124198116246215094004434822606
136053111041050254094252004433447706
036218200065199224110117447950002206
008075075159194100126166004436150006
112001185057215013072176540171211806
016012080224237042073099000804126206
244057113071207183082162222220261406
213175201171205164190058000802791406
103212249108050065189170526320044506
141236063205231225123080000535612517
202217215109205230080198572750588006
238063074219192166170242393740002206
016036124186116246215122000806077406
070037254029073165228136604980044506
102076052037192030127156433076104006
044037085074192029191090004435383206
070243078216139061080218000803816406
016012080205237042073092000804989006
200136110172231225123077000530699317
141236063154237042073107000531559817
080210021011192182207121600304428617
062202173206064005155182004433330806
007237234147205098239109519870148517
044027179127237042073103004436415406
124101052211135079171146004435648606
070243078224251224032156000803914506
149158116057205211054237004434227306
133093134076135079171217599780044506
223007030181237042073098004435523606
073027217212237042073097004430795606
044030138037131115162155000805729906
146074221204050062034042231004929706
213175202106205251202012052224939806
084206133129202118035093004455161706
158147230058205236228042000000000001
149140044179064005155230004434754006
057184217042202028152137001615073606
213176048134194043181187004434495006
213173033200205211030100004433594006
218225091064244020056039000535106817
231148130149205187185082004430187906
244014071021212195128205004430631706
131000141189202024056114533960812906
021091198024116246215070004434800606
047051059159198254088028093394403317
079209195041244029212080270320102517
047110201205135079171167004433679406
042090255240202029005161010784873417
213187193247215005010030004436408206
206157040179212202218053004432706806
064048074104199169206186160645980317
007238181100116246215243371010904217
233044077159205164114114237660002306
058226202246199137140191050562633017
209048040056207020029211623485123817
147228190098073165110183300680044506
041055119110138030198132575992588417
016012080234237042073100000806316406
044060228076244158005050004436447506
231148131009205113201135004436266806
213179055000205112188193004430535506
062254234012116246215070004435362906
247158093071122195111160397940044306
134187037008205139168159410870005317
113134204133192167126051000255474506
131000254132202025187047528770812906
047160019129237042073092004435406206
200162025220212194251014080135402317
208070209176244158083125004430149806
196043026097231225123073000534660817
197143138162212227179009004430658406
141183211149202028229186004436006206
048167030099217008038196080000104017
197115078103050123214112004434924606
101086172212139219136254004432672506
131192122227237042073092004433483806
106210069198252248027077589831668017
062240123235199171206181004433010406
034070151042251000112221379990005317
057134131019193065098069042060232306
047082091007205149043065004433485206
196085001142202030105015482583862217
062196214118064005155158000806044606
044007132085244003006236000804861706
048163150241198255185131004431518206
126067008018116246215120004433788906
113130193159198033052058385841352017
103119022189194017228064000225003706
075218163255138146063193004435368906
135084107064237042073092000805865006
114120033158199169207118466766226717
146043114227199138218125611374689617
073027040006237042073102004434819006
135079173144135079171063360770044306
213175253224205099158013004430153806
197070150212194031041001000531176017
097012140194205113194110452552050217
140169207005116246215212000805663306
044039241034199169020018004436480006
033239237031212171017039004435454706
044037096150205185136198004434719906
243054009052231225123079000530590417
132027104154193065006161100685622106
134133154001251100166226004435029706
047176186241205236237230004435219106
113101243239194039040069261266095606
104220114067205239106085549990112206
015043158073231225123090000535409317
155210216131251000112221520950005317
148003126146116246215086000803901606
213179055000215177243195004436097906
047160238065237042073107004435160606
044077124232205055128226000804095306
057184217039202027193174001616440506
076177099142244158083125004430335906
075110142242244248042022004455502606
203216128221073165110036079500044506
136053123171050121196077004433354706
134133154001202029115132004435448506
073171192114205032024129000806327206
076177103195050062034042004436528206
064004255129231225123092000531175017
097132228080231225123093000531151917
073024239137135079171167004432734206
053219055109199223118236080780044506
196115057101064005155180004434789406
206240162229202030078025059385036606
214138208057207180048013022221695606
047108127139237042073107004430272006
044016094140215167114029000803941606
044222225124064005155180004435458906
016012080213237042073096004433566606
053181118221205149043012491520008006
016003249048205055128221004434347706
243054035015205185131012000535123217
124243178072205250036146000804742806
230203220120016198229131558050044306
153071180093207001048202004655023106
157131183060207001005078000235032606
213176048002198231053138004432238606
044023023224205218013055004434727006
041150227104212230173052004433892106
049233192042199171206115606202759106
062211209076205066251229004434914106
062243198239116246215093004436213106
140169207146116246215085004433720206
053081054176231225123094000531126017
153039113251192022160173055000223206
058001028130198241230045059385407406
224134158013194031112193004431092306
127004043197231225123094000530612817
016012080210237042073107004431026806
109254140159251215119021511250002306
076084179115205070214003080645234106
223010192228212194042038000805102406
030133034131050065250049595270044506
058245132062205166209202004435505806
094255142183131114050057303570150017
141236062106231225123080000530293117
134164178084237042073099250800008006
237042064234237042073099004431428206
016020219082205148085179360024742817
243054028212215167248173000804138506
091093224119135079171179572230044506
030155189055073165064054592850044506
206204019168073165059227630800044506
101214039244251000115139301562214917
087159052212205149045240200464931106
030182042066194038091189000803223006
196092076112116246215074004434449006
002102009083205164123025613380338906
044008090162212230042084004432717006
041146196180199152013240004433247006
209155175241202031036079050876247617
047011184196237042073107004435753206
062245204133237042073099004432085806
224213113095215177154219629033740517
218225196096116246215093000803667006
131209141146064005155201004434553306
253102008178194031031242001235084917
075091209192237042073096507040044306
044006016202237042073099004433002206
204124090197205149040194260560634606
197037227157205211052152533093696106
047124252145244248213085000800178706
047039006058205216103212093392689806
030214172249212230042124000804981506
079130098212205218041067205784474017
016012080211237042073098004430330006
016215196018212230173215004435259906
218225237063116246215092004435670806
213173033194244205129040004435396606
027116193156064005155247094825148406
202217215109205180085177572756444006
058101132222205186047198004434974606
213179055005205066248225052223713806
062199067158251100165095004433879406
016035125046139072051021000536250217
044026234095237042073097004434980406
197162131215050065234237627840044506
047111122036237042073104004432442806
096036045095199169201048004433181406
049046043100073165228025453740044306
158050159020073165110145517800044506
008074003149205217086043004435395006
073155112250050062034042004433305206
083183199221073165059219511680044506
041145022211205211057116004435389006
077184186142139093095121004435835106
075063140169194041038066000805228406
136053101161205126032236000806096906
044001159232237042073096004435806606
135243069107202024007156004430634306
204053167175073165091190586110044506
088089216103240063114060616730008006
016237093003116246215069004433509406
016012080219237042073102000804754606
070073063210205055132144157513379506
142192243029202118062079577470338906
197016034018244127065092004430243306
213189214024194031116092014431406806
213175202248205164190034004434653306
044002207120116246215073004434421706
062194060084192022164233000803345306
126123198214205148081141204335148817
047045155105199177248017040175175306
131134146233205194245156001234281717
116152239232202030055043000805076906
149042101045244205121200092122646117
016012080204237042073103004430962606
124101052207135079171132004431551906
008075075233199136079203004435679806
129174199009193065083106059384916706
141204003215205251205243000804723706
047021124048237042073101080525543806
146017019058231225123090000534942517
103173175076198193188208000805131006
052135059050116246215022000805490106
204046071177215163165032157545595717
047160113040237042073105004432549206
136053096095202024006039000802196206
025218156065122195111160423670044306
090031228034139093093220424080243306
047084229098237042073093000803414006
152148053173231225123081000530725817
076177103220212227183053004434024206
096117068187212195126058000805678406
047170254249237042073094004435122006
226169173083194115166153004435049406
213173038234212202218053052222784806
072011211057231225123090000532155817
122065244229231225123090000532094817
047091151254207008083174004432692006
044002014134237042073103004436483406
047056016025207001175121004434961906
075009214061050123054018000223454706
016195252225116246215122004434048906
231222181176205216060224000805517406
231148131001251224228003004434979406
105129120161240223015053000805783906
103119185154194017228064000224549706
148067222062244029049024000530141117
142079205164135079171128000804409806
057184217039202027250080001615955406
223007030181237042073103004433947606
097186177237073165034052622030044506
002158063159212195089174165303666417
195162242079202118044098559843047517
119132120170251224117016004435157706
049223136066215004019210033895504106
135148178212205251200212000801146106
064005004212199225033035000000000001
062196219009212171082016000802693006
048167194200199137234143050216110106
084026251098050065170017588310044506
062241060151205250093115000801492606
091134091247194017228117550540593917
013024147081240063114190100013320217
147075193231205251200098000805362106
037046155005050065250009598710044506
062197029173215007140142004430176006
041226124036199153046045525375141306
044048002021064005155234004433457206
148064201177202029239101270205288406
223007030181237042073093004435954606
047036053113231225123092000532448617
219079132079135079171079004433766706
062214087086205219221003004432800306
044005076192237042073095004432347806
007234225066231225123072000530155117
033245039128139113197140400866553506
223010192238192022160221000800200806
047108146146199169004236004434798406
215180093109205112188173178480429106
033163048167116246215077094824817206
107050192193199169195222379881401317
125020145082064005155228000804152906
016249230245064005155137490850148517
079108211055202031019174208542272017
021016162203215018093055004435824906
199197003203205250088078000000000047
252171132210135079171198004430988006
197122065205194038092206004434250006
128121247014212230042126004436042306
047100034065212227179058000804406706
206217058149205249051081284315080117
044087123014237042073096004432708806
213176055205205183041140004435222706
130004046202192182213142000253305006
127168149027202031155140070766306506
221197083024205125077228004436309706
140242176144064005155230004433854506
057184217041248200242251001615254106
047111122036237042073095004433112206
213176048088139143182135052224478906
080210121149244067135010355745296817
119132120170205151248123004435615606
087028196120240063114060649950008006
239213234139205066252036052225509006
153039112164205251207218199915127606
223080064177205203242006004436263906
114226094090199153047033134044219917
206106069135194038151227112920688117
062249083152205239062002004434361506
239213060011240235108140052224094106
098142021129244003026016623485136706
135211169121199177095093004430206506
072011211057231225123074000530778317
027018088135202031058028601753597917
062247224141244067234188004435312306
223080042108135079171128000532971817
140066159086116246215051458240008006
206126093148231225123093000531184917
226102051045135079171063193290044306
140200069174064005155064000805209906
103215231216212171043173044702139617
044018130122244003240053004430214206
033239237031251100166060004435317106
135079169063135079171063215450044306
196052037242215162167253151512623917
105008207231202030240000548614918806
044072251159199137234143004434382706
203212142132198243068125009955623106
128058083168231225123081000530778017
044010212156116246215084004433866606
016012080225237042073092004435093006
044068041184237042073096004434053406
053111012113073165105218564580044506
072011211063231225123092000530200217
218225090096116246215086004434028306
022211141037205251202072004435883906
047100179217237042073097004431847406
044021176170205236081025004432648506
044025079037237042073104004431143206
148092180063205201092034027032903106
099126059116199224153006089996154006
231148130049139005144174004430971806
196154199205215018244002094945528706
237241128221205032019250004435277406
050094051071202024007028000800839006
044019040014050121087083004434707106
070231208182237042073099528500008006
048181084173205212176077000803443606
047176104072215013112221004433455406
213176055236212227179137004434914006
140169199206064005155193000805913306
243054196206050062046165000803856506
213179055031244001196059004432656806
244199223155205249051081080006174906
112080112066199177087109000805020506
057184217040202029040132001612080206
044085251121240183007050004430174406
237042071045237042073099000804412406
143165142025073165073202586020044506
197143138162192166213036004432676406
005250105185131026013018583420044506
231148132177131115050120000805803206
073027006102237042073096004431563206
044037157138205187184085004432852506
141236062065231225123095000535853017
047124255076244020135080093394860217
208181140212135079171128000804885206
078077108209139180046029068814587217
070028006124207180055025629530002206
124101052206135079171198004435337306
044011062134215161105127004430433106
253102008178207012140023001230012317
044003127078237042073107004431401406
044023141017205199057250004436099906
047034214121237042073101004434147406
155251173089244029213168004655969206
127242036018064005155065000805263806
238174120075207180012223100005839517
237042071035237042073105004434503006
242037250015016233092155371190044306
062245204133237042073107004433580406
103226009107073165110178567320044506
193253153254116246215223571970008006
047024063162205213166229004435762706
047006148224199137224033004434948606
076084179115212030144010080644137006
218225236073064005155134004435570006
016242056115205184043229000531009817
047034190173237042073097004433806406
041144149077244248141253004435067106
047050000215205166057123004432653606
076177099151205217244162052225587106
077027055106205184032057206133938217
149158111009199169214025000801608906
206240162232198243139090059384920806
119039226250205218072105004432681506
248011149235205167104077417832025606
044094204103212227179009004433570206
073027014245205164096210000805426506
196093065108231225123081000534138817
129070222016192182190021505425129806
016043038163116246215051510590008006
062237119013205249053198004435130706
140169199176064005155247004435202906
109028241244050120061049276941902606
044001110112237042073103004433491606
248176087058064005155228004434491106
247003110196199137233223092120930917
129012246118244038133045037092824906
223007030181237042073095004430925606
213175201161244248165093004434514206
195200015194219092051184514130714717
223007030181237042073096004433494406
044025221186205139035178004434264206
047124240061251190082050093392835417
122133227040199152008145004432783706
213175202253244158083033004433964906
099194145154073165109002563200044506
148067222062205167107181000535411117
044027144165237042073094004430372406
047026125122205183046112093390182417
016242056115231225123073000534220417
063163013066244212229038004434408806
062241063203064005155107000806375206
146180104151199224156054594720338906
016012080217237042073102004434096006
021137021052064005155209004434706506
206157043065205250010184004434979406
127242060189199204066033004435030006
213175201162202167001089004435286106
148067220032199204095053000536434017
213175253217138091019146052226058706
213179055025205187184126052222777706
140065118193064005155245004433385806
075165033012237042073093004436182806
131188254013198228176162000536092017
077188132145199153034081641642816617
217242028149205250091007011002665806
016242056210198240075081000530786417
113130090053244158005050577081721406
231148132178199192036160004430330606
016147136238139218240061004435765806
044030088058116246215073086014416306
044037160143138091023053004436470206
103113186075194017228064000224632906
131210219147205218043017004435325306
008075075230215176008157004433391606
134164179075237042073093025154180206
213173038244212227179141004435818606
231148131066205251075018000803153306
114121004000215019235114531255293917
044068100254237042073107004434755006
080037076161251073188242333461034117
206163133099205149040245581160312806
044208102091135079171207004433435606
103119186241194017228064000224468006
223044129146244158004057151520102417
124082248210205236089095000805202506
196093065108231225123093000530194717
047081229041199168152226000804970106
124101048221199153111009019355112106
047100097008237042073105004433576806
044218165220202024016166004430261206
251103139042064005155244004436262106
153082097085244038033222490011750017
134164178092237042073098000801197406
218225090026116246215086004434616306
208178018019244029032002004434150106
044023215036240235109061004434890006
124045100198199221119002377303344217
134009120193231225123080000532507117
070199019032194042037148618694778306
077188068005192022167203010314916017
213173027179205066245181052225402906
048181084137212064144109004432624206
197155091167205249058152004432751906
206089105089198240074190434392685317
124101052195135079171167004434210006
062196183193139005154013000803705406
008104239022198247252253000535980017
070041058070202029137133321943345717
053082062242192030021254403451009906
195162109054212195006046553480044506
075038160100207180012205514133104917
047036053113231225123073000535394517
213187199254205127099015004434112206
021091199204116246215070004433678706
102122213203205184032120475555600317
044063241019237042073099129215925606
196043026097231225123079000534393317
134164179106237042073095025150241206
067023199203202024166253068834119306
008074003030194043105075004435692806
047082233013152098210141004435192306
016012080211237042073095004434813606
063173171044212030093185004431550306
237042093031237042073096004436177006
062196033115237042073098004430350406
085133144215050065249067514800044506
197190098108212030023134556820338906
072011211077231225123080000530526717
073155112254212030198220004432632406
197109216211237042073095000802211006
223007030181237042073096004434183606
062200101139237042073104000805942206
030193143156202167077105407615798806
027136167112215163005169386922797417
062228052095240223014061081045463106
139169064229116246215092004435483806
213175201162212227179154052222652706
135159110072139180038212000000000001
048181106054016230168186342020008006
044002014134237042073095004432055206
211223031124202167077120540010113706
201210092076199222143083468135758506
243054009035231225123081000535618317
196093065108231225123073000535340417
123188123208212195128205000802750706
200223240217138030195130457382679906
062198156047212197254137004436523306
076177102197215163102122052222986906
016215208159237042073107000806505606
110202226211205250090022066720209317
149210181114199171111039004432670706
197041224132212195133130099994427006
047084229098237042073096000804186206
231148130151205180052031004434953606
044058184067116246215092004433398106
013005197030212230042118000800193606
237042067062237042073105004432338206
200124200090192182193067132330012317
016012080215237042073105004435264006
130185185233215167114013414972790706
124101052212135079171132004431625406
119132120165194102252180004435368506
206169224215202030138027566234230206
044222134156064005155156000806161806
223040073070116246215086004433372406
213175253225244205138056004430188006
140169207210116246215092004434962106
149042101045244038133045092124394017
232188051070199168153189004435155606
047188082045138091023118004434644206
213179055073205183034123052225747906
135084107093237042073105000804924606
204014213222073165173084577740044506
122163211201207180012205004433126806
101232113022073165064007548600044506
114113167002073165110183593110044506
044204175083135079171128004434824606
140075251127231225123078000533835917
100208217209231225123090000532040317
223007030181237042073100004434588406
197202025100202118054182004435368506
119132120165194043098251004434277606
044005242230199137231135004435166406
096100187159050123083052000255092606
047108127139237042073107004430272406
062213144094050057213172004432700206
073165005087251100166047004455405706
108219061100194100117200068895725817
047062069159199208048187004435067006
141236063254205211123154000533877817
133094099099207180051185351350808017
226154184204207012134008004434404806
079121155110202026236222473840002306
073027040006237042073102004434417206
070243079058212195069165000801708406
199245075214244038134051194670005317
206157043133198222247138004435045706
047122153227205138232073004435905806
131134146233192254119138001233491217
044008090162212230042084004432717106
030201077100205249004179273696189117
231148133127202024006049000800314606
116118134065192030044106004431702906
048181080127199204122212068685983106
013156108158050056146082000800195106
073155112250192167239172004432654606
223007030182199153047166004430501706
134164178090237042073248000000000001
129107145052139180044130004434838806
044025190174212195068050000805438906
086230167011199153102059397710115217
112081188215205070220141080685034006
027136152234205249010057037242686106
131121155099192132177025004434441006
044039165043199137224066004435285506
030170249081212197255200270320102517
069113093092050065214239644400044506
033182062111064005155230004434346006
101138188022205071018086023100002306
086138062169202118033233597380002306
213176048091215163040213004435765106
062244126210205218074002004435319206
153217003138207023144002648115675106
013216219121205249053193240202711317
016002248216205236159085004434241517
130142058014199224100174000535788717
041144237072237042073097000805390006
206089105115212195128205422464556017
141236062236231225123092000532290717
139058110149016198230169345940044306
147250126054205211043003080000286306
135079179080215162057126078130044306
106079239231212194187157107626154717
062245208195244248205121004434054306
200162123252050065170255596350044506
119142160251215177154200004432771206
047108127139237042073095004430471006
016179007110116246215241502930904217
198140014253116246215053544320008006
213184192021050123200240004433751106
083181117004199153056246000000000001
085107093138138018044152067423897217
202217215109192029209033000000000001
206163137043205249054147555920002206
091234192150202118035093004455166006
231128055195194114055072579860546106
131192122228237042073093004435756006
062205196134237042073106004433778806
222244094022050065170196653850044506
159233042070205211048211533660002306
244199180007202028068172000805076506
112035201216240235109089514135892217
237241146012202024006148004431007406
044222120188237042073095000804510406
016049225058064005155119595601164017
016212184000244001198242004435138906
135240062190138154105125004435019806
217166051016116246215038577200044306
213176048156202167002161052222647906
080207024235202030079024353692817817
047107192120194043187147004435053206
201129169005202030117193434316241817
062208052107199177248199004435273606
101081106071192182170117004435041806
062199082095116246215070004436004506
149078063148205166008115085865830906
195069050067139212124083000535606617
223010207032192182079061151534915517
016173094069212034244094004435942606
237042080197237042073107534460008006
053036013121199169214029483196206317
142152198164192182215156000255408906
130150037145231225123093000532872917
008069232035215004019003000806005806
047038032068198253200189004432729006
044068047245237042073101004435344006
070243078230205166125034040075484106
062217180205138030255233004434101306
213182131050205251202087100025371017
223007030182138030201031004435159106
243054196153244205010092004433647006
097045036106205071047204309553480317
044007000124237042073107004435504206
030209144178202024017120000802488206
044068040242237042073093004434237006
077098061186212232237246316325006906
044210078071244029048169004432886106
146094052144231225123081000534877017
073026226196205164099066004435998806
002136168004215007140142000802598206
140242184136207020029039000000000001
131210219147202024017126000802417106
044201195042064005155209004434249506
044062079172212030157184004432686306
047169094069237042073102004436392806
105197103186205184032205604810281617
213176048139251190083176004434331606
062253159111251215115082004433535206
146055224237073165110203598500044506
135187062054194017231083000805015606
044030198160215255063185004434836506
110098013111050254094253562775622517
226154176178215007246013004435345106
131003234194205055128226004432662406
152148105234205164190034088425087506
091024213164139218240252422830808006
195073188234202118035010496470808006
032215003016202028140053004434520906
057184217037202118006215001614322506
103222214133064005155201000805296706
044032240052215006255213004435323406
041216095178212195130140000805329406
047107000071116246215083004434425206
033228034012194031046140004431163906
087107159075073165091057569100044506
091070114063050120179022570242642917
135059221234215167114193080040705006
044069144230251108156145004435155606
044019110010202167002161004432730806
213179055108205251200174004434767206
047108025252205164190013093392646506
047059142049192031163229004433842506
103119004169244020058050000804958906
218225234239064005155229004433361706
064004255129231225123090000530897117
044003127078237042073105004430606206
073027151207237042073100004431103406
044084186003251100143073004430686906
030015094020202028142129004434987306
057184217042199169208243001613981206
210030124246231225123113500125437417
218225236115116246215087004433838506
063150076056244248213085004431217306
197222188038244003007173419290708006
075091210213237042073094414300008006
044006226094237042073098004433919606
231148130157240235108141004436122506
250124144135231225123081000534907617
149158116057194042037153004435781106
131134146233202028050095001233665217
064004255129231225123080000533964917
044022094135205236228203004434499406
108088120010252248201178508535363617
062196119218064005155228004436001406
212230093210251196218162502535319617
047188050005207001131073080803411406
076177099148212227179009052224368506
057184217040205183123068001616204706
131208002251205180032198614560102417
130004046202192182009032000254188106
044001047052194115213194004435225806
107217166141205201186128609442861906
044027105057237042073097004431447406
042064175134205184038253619286527506
044020145009198254091153004435145706
148067222062215007246013000530970217
058008147141212171017150001234229017
123188126245199223118205000805012206
047111122036237042073094004434842806
062245058127116246215084004433645606
016245219151207020029041478100148417
141183211149202024007002000800187306
213176048092194038094202004432123606
131148087034212195089157000531859517
147225171084205032251044464783020017
047123172168215007246013093395550917
073027099015237042073096004434772206
070243078224215161079110000800177506
062194182206198247236191000804912606
044200006019116246215093004435053506
131174242045237042073098004432904806
044039099208199169024156004432639106
080101216024199169193205170334929017
044003062111237042073100004435373206
062245204133237042073104004436292006
209088002059192182136127221324957206
134009113047231225123078000531613217
108043053024251196218143004436019706
132242130222199136086054188531936217
091209087229202030183179589515502717
140065118211064005155245004435059506
047190165126244038204221004432733006
123188126250240063017174004435126106
044025010021237042073106004434937406
213173027115205066245167052226058506
016012080214237042073104000805220806
088088010120205249062132004432633106
197143138162212194052099004435323206
200162255129073165054125255940044506
122016151097251224228010004432831006
213187199232240223180061052224632906
044003214238237042073101004435432406
044025190174198253203037000000000001
037166126082192182191137012515618717
159090011074244157134202635060002206
139129041101116246215059147220008006
087102062140199224159048004455096406
044002050077192167125174004435677506
091177248076192182193067619510012317
008075075198207012131204004435130206
062213168251205218074002000802638706
027136164037205185131147011195180806
131134146233202030098154001233875017
112058045006207001005195089995529617
248176087033199204078097000803177206
195005227089139180038212036580365817
044026234095237042073095004434047206
016012080220237042073106000804429806
062253143226215022059152004435185606
058001025032193065039086004432071606
058038049142205164126201000000000001
034077076126050062034042168815817306
197043153080237042073102181360044306
002002132232138145199245004432626206
047080070234212171082252004432836806
044068123008237042073107004431134606
034108090061205250088182406970808006
112145235104135079171142608930044506
213175253243212227179002004433489106
119132120180215019232002000805161706
048181084173251073189020000802737306
127165132136064005155174000803788006
231148130149215163007035004434956306
016242126182251215113218004431289006
036165187021240183051070365593032517
059252155150207001008008001233508017
044089091220237042073103000000000001
131210219147199208060112004430115906
044008001177116246215076004434226906
074110076153205249055152235784778317
131134146233202118054182001234692317
130163164193116247217215000000000001
197222188038194086007039419290608006
030054086185207180015129588910439106
062255012202207183019019000804275606
047100122012237042073107004434768606
253102008178244029035143001230012317
062250172145215160157240004431859206
016012080212237042073096004436244006
197143138162198247250052004433301806
151004000116202030105245052234893406
237042093027237042073248020010200117
124145217223116246215092004434087206
153071177217139180047068004434922106
044208056164244029215121052236031706
124101052208135079171142004435245306
214133095129207022024166492545692117
016215102244205200245178004434008406
100247228180199169004012386850002306
063175189236064005155209004433643106
232188068255212030198150000805793706
007038167046202029018242089995399706
148067222061199153099165000535788517
048181080127205239062165068686052406
032212099095251000115139358856094317
044008108211205236089082240105673117
149054242242064005155233004433752306
070243079058212196221222000802897506
022212155057237042073096004432712006
140169207157116246215068004435292906
070243078228251073188013000800916006
128220153162199153100146565165639117
044068078155116246215093004435927706
127168149027202029002145070815020206
131003246171199204078153004434988606
016195143026231225123094000533397217
062209212061244067235079093390236717
044084086223199177082106004430257106
213179058184205183120057052225315206
090217149020205127099211329020002206
131003246171199223122141004435246206
101160237152199204114235510440190017
062205196134237042073095004435572606
213175253197205187184169004432844106
131238086161194102254212004434374906
044021153053116246215073004434739206
048180136105252248025120495020012317
070198073086205184079093090020260406
097133087114231225123095000531810017
025202120118202029249060471485471617
196093065109231225123080000535377217
044068040039237042073092004435788406
040047172098073165228203010390044506
055233073175237042073102004433190606
047100179217237042073097004431379806
016012080213237042073107000804077606
197143138162138091023085004432721506
062244181184198222244090004432803306
070243079058205125126157000805113706
070243079058199169214025000805371706
211253200238244029049123569913833817
044031061158050254094249004432639906
047160113040237042073094004434793006
146108240154198193184093000530502617
008253121018207183128068000806501006
016012080209237042073105004434790806
044031015069205139034180004434578206
016196002192116246215015401280905006
044007049164237042073094004436378606
127107225022231225123073000530822917
073026196048205126032234004432739706
047011184196237042073096004432842606
196092076117116246215069004435421906
135059241156205166145009513660450306
135210176185198193189070202550674806
088232062105240063113219182010008006
231148130008212232021249000806053706
077191088252240063115086407425155806
239213060020199169026146004435005106
070243079058192030027147000804601606
114251228173050122105077648193852706
149158096184199152119221060504925306
155038086088202024016005000802594006
007108107252212194054182490220002306
047091216157205219216117004432634206
108206007073202025072054004435287206
218225090099116246215093004434226806
206097188088207008085229269891318217
197143138162205239062025004432680906
123168182245231225123076000531763717
063149111223194038095255000536445817
044002217229237042073092004431413006
021020031204205164112014000803912706
200076049197205251148225503214743017
032104114104192030029040089995156706
136053114140207008086217000536413217
136053123146205212176066000805485006
016012080215237042073096004431405406
234121230113192029089229270195084417
047011074112237042073106004433276806
124101052205135079171205004434301106
197043152177237042073106510700008006
223014026255244067209210004435231206
062240022098215007140237004435491806
101205188126205139168159365980005306
195008149101207180048013000221695606
047036199183215006172191004434963506
239213060008244031008022004430497406
086172226227248200034126394772420806
062212136101199168234052093396386017
120092232007202030067059000000000001
093193169081202031004112531244899606
050075192052198063097183004435081406
136053047100240235109089191114973717
248138141038205032030138001234631117
150102010043202030092208073002779106
247003114212202024017182000805082506
211038129098240063017189004435292017
047123238128215177243203004434749606
044004247143237042073103004432655206
044095157232131115163006004436005706
127058189162205164096177004435075606
047026022124231225123081000530925917
047170001253237042073096004430884606
194131046065193065075082202133093917
064031187151198255189026000000000001
203020166244050056082206010245856117
223007030182199153052083004435414606
121153194225194031046148571410002506
055238033096207023230146405004320417
135244038157205249054187082946227606
108073001230199153045144064682397617
109237120218198247241155596732713006
247003110196199171102231092120517817
218225090034116246215092004433470706
128009252107231225123095000535596017
070050158099202031156201102792180617
231225122203231225123041000000000050
044025190174199169012173000804458906
107092019069202030078070000000000001
042092184130192182227229015003586906
197016034086199204126016000803289006
002110049210139061080170004455320906
129212226080135079171142004435219706
041166031197198247255042004435138206
047100144058237042073099004432690406
087075220213138152126186157756548406
127242060182192182023235004435121806
139129044217116246215063292590008006
062200101139237042073103000805598006
097132228080231225123081000533295917
044049244088116246215076004434941806
044006226094237042073095004434608806
044027105057237042073103004434693606
197122167040139218240252000805899806
223007030181237042073095004431516406
213179055113244248205095052224559406
100124107234205236086098000803358806
106039158080199221119051519595830417
075062217254193241062222004434254006
055233073149237042073093000804533406
218225196048116246215086000805417106
072011141012231225123092000531846917
044222124249198253194250004434283206
047175129129207180188197000803197306
131192122227237042073103004435648806
072011211052231225123092000531083317
044008005196244248205111004433369506
097133082094231225123080000531963017
062194058225237042073093004435132406
250171037010205218156034561711461606
196042229131050062046170000804394206
140065118193064005155245004433616206
042088174091202031006006478624159906
002158063159194100115016165304464417
130185176088205211061255004435941206
047081231144237042073097004436311606
021112097091207012132144004435860206
213175202220212227179108052225775106
223007030181237042073092004433094406
044021061153205113216251004433495506
062194182206215163164029000803675006
070243078214202024167147000000000001
097132228080231225123090000530684417
122140016217192022167048034785120917
223044129146199204101143151510397917
220253073085199177248172265532525006
044068041155237042073105004430348606
075055189156215177243203017234790806
213173027112205187184085052225528806
076084179115212232237237080026017106
223239000159251215115082004433490206
044001214142205251200174004435320006
223239004172205125076220004435017706
196052037242199137234143151530436917
102174124094073165228025407250044306
063161209098205236254238004435371206
213176048210205251202012004432670006
044048181022050253170066004436053906
204209184028205249010126640394916006
124247185107205251200232009934519606
227003244138202024016002004430459106
062215016236212034246134000803825206
113175002229207180015129223980517906
047005063162207183083030004435221006
047167137093215167192199094434961306
237042093036237042073094004431577406
223007030181237042073092004433004806
253102008178215019012181001230012317
016195252197205113252248000804239006
130004046202192182011177000253963106
149042101045207183018068092120930917
064005212137116246215138510020905006
096133245188192166172241014810338906
007234225066231225123095000530250217
083254203160205032019219137410002306
133240153144205211041202587494597317
104210212168199169202100514133478517
248199247015215167250227000804343206
195185218089205032024094654712733406
083208146053207183019095095890232306
213173014176215177154201052225919906
100124190018139072053034000802965006
067057242211192030124079000804582106
052135059199116246215075004435487706
072067228147202030066041100305658717
224016089098215163006231068890102417
124247185134050253169193052285379506
097014038226244003007245555820899906
044007004233237042073099004430475806
202217215109193107085049572751222206
042171251076199138219091336360222206
057184217039050251141180001613376306
013024109104202024016040000805655606
048165186056252248025120150520012317
047024152090231225123078000535185217
197016034093199137129120004435826306
142032164098251215115082004433766406
070231208182237042073099509540008006
213175202230199168158059004434709206
196115083205116246215076004435781506
213175195107212195084201052225060906
213179055107215177242182004430475506
107063221203192182190021607615954917
021120124167215022058047004436119706
196092076109116246215069004434826006
124101052209135079171152004430389406
198140003034116246215059514740008006
097014089191202167044253297996147206
119046101194202030243187099984336706
128157233237231225123078000536521317
119142160251205251200208004434646117
223007030181237042073107004434025806
244199180007193065117157000805839406
079047118141202028159081460245077317
249070079098198193189015001230012317
070228147016199224102173614403672517
130150037145231225123074000531602817
135187065149202030112113001436435006
013217248252199171108245240004273117
244014071021205180063123004435459306
021068193034205212182125004432731206
226102051043135079171063558070044306
044072199058237042073104004432221206
021020028132207008085105001230012317
044072152172198193181206004435703006
062216223109131115183089004432695206
044011076112205185134109000804960606
122028054253135079171142000802060506
123188126168212227179141004435305506
122028053040135079171198004430742606
016003076167205180039207654003450317
135084107093237042073092000805681006
218115204036205180066111405002968017
101223111132199153110023010914127806
013024016060202029123067004435994106
076084179115205187185093080643554206
016012080235237042073095000805220806
063165060220138152126210081005283517
070243079033202024006031000804153206
131134146233205218156140001234064417
148094032186231225123075000530496617
210030025218205125109068000801650506
248053189075205211045105545041237006
016012080212237042073106004431943406
048165186056192182193067447740012317
196014049134231225123093000531252517
131134146233199169214054001233461617
223044129146199224099214151510409717
094107229240199153102059201656264106
044076204216202024017210000801488706
075038111175202030056231600956423806
147093129119199136067118637653988006
016012080229237042073097004431335806
044004189082237042073106004436197006
146124016145217010070173059384916406
047160019129237042073106004435784006
073027099015237042073099004434314806
075010177200202029110097544895118117
195186026078205251200174619255456017
137150012047199136071001004653811906
213179054184240235108141050555452117
044206058172237042073093004434322006
030214173123244157121226080804923906
109023179185050122228221182115695317
016012080224237042073099000801240606
092018137089202024005121463096281917
242022231245205184073173470120960817
223003058031205127001030004434396106
072185203239122195111160560240044306
016012080227237042073093000802157006
063164130220205200240018004434260406
086100119105207180012223080002883117
213176048197205251202116052223537206
113052089075199137227175525821143717
131190123085139143018000090014080006
015074139018050065235151508410044506
156057039148193065117157320222979917
141218041175192166232129004436183506
016195143015231225123080000533000617
073155112250205032022200004434251306
104093068097073165064034539550044506
075091210250237042073100004435115206
047100097008237042073105004433832406
213179055026215177241007052224383506
075029050255205066141158000805280906
197043153098237042073092000801184206
044001110112237042073099004431003606
076177102210244158083125052223754906
192044165083050253169183638721277317
042090109178073165034037612710044506
138218059061016233081123581150044306
252171219033193065011122020131543406
122152096126205127002166623486331617
041166031197194039040082000801552906
047161043039198253202116479580005317
110245038189205218034106550600002206
062224235119207022024221004436462506
218225196032116246215086004435038706
086106156034205216101040000806460406
101160237152194043104159510440190017
097116137008073165108238531100044506
146011196043199208148229004434105106
111092223081073165109155618600044506
068122049212212171014178524350200217
196092076204116246215069000805070906
044008118058215007237136150310270206
044050089196244003025249004435933106
089250046090207001128088521320044306
062232029149205139033072081165379606
076173196253205148030099103752658917
044206014171240223181066004435088106
079229221235240063113219543570008006
237042093038237042073102000804308006
223007030181237042073102004435386406
127006129166192182044121004654831206
062240017240116246215082004434280806
253102008178205217255015001230012317
086106119001073165069228535710044506
062194097141205239093141004435156006
218225159156064005155102004435823606
130004046202192182046106000253943106
139169064229116246215069004433977206
044084080083215019203029004432681906
086039067195202029062222646784602717
113035048020205113194110584850102417
085024180163050065214243515980044506
208191041067131115180049000805117406
047081024140237042073094004430933606
034109183176199224099045000955155306
231148131103244248166226004435060506
062209183059131115180171093392689717
208191252150205139034178004433563106
251103139025116246215073004433560106
076173196253205148030099134252653117
249158180126116246215084004435682606
044086147131205071135158004435007406
047050034142199153037226004432686806
233103232202192182223140266900002306
070243078224212202046243000803509706
016215208159237042073096000802347806
016034200174064005155158004434397306
140169199136116246215121004434269306
108233222200244031072095148881508617
204150012238202024167133227652139917
213187202240192029185114004431400806
203123251126073165173197402510044506
136134145019192022160221004432739206
124101052202135079171205004433338506
124247190128205251207024052284696106
062193226142116246215070004433893706
003144073184205180027198004435147706
134134130177237042073094004430941806
213173043230198231053138004434995906
067005152001202030056231313475470906
101101070011073165104134640960044506
223239024084244038133045004434272006
196093065108231225123090000530727117
213173027106240063017189004432651906
127242036006064005155200004435982706
044095252088205239062133004432645506
044068123008237042073096004435976006
111224184169198247242044004432205706
076177103218251190082058052226043106
127235039146212195084217000805340906
096036045248207001003109004433795806
030060081008202024016004068816400306
073155112248198193178186004434021506
221209024003116246215019000803682606
034064248020199169198149547670808006
044060234054116246215094000804297406
047109173158237042073093004433247806
197222188038219092126168491900338906
047049202076205098232129093392340917
119136137218199169214025004431669506
100085125077199153100130270325648906
153190098116240063115086492683449906
200124200090252248025120422230012317
047169086024135079171207004435007506
136227068188192166170126328920002206
050070047006199169194038352780008006
052135059197116246215075004434884606
016012080223237042073099004432633606
226154176178205113194151004436349806
044025250041237042073101004435549806
066003179044205230082162288184844417
148067220032198255177218000532201717
044221034014237042073095004436221406
149042148152194042193179000530106217
016242056115231225123091000530675117
202220175106205239079024050600532317
238063074219192166172037335440002206
016012248154198247234152019355701406
089179117233138154105125131005949506
047034184031237042073097004433409406
195084194092212195128205578434654317
129121046151244001021237093060343217
119132120168199177245230004432787406
044000015180237042073102004432769606
243054081023231225123081000531220017
047186253131205217254175004432992106
153146131107205098238137006555051006
036223184098205098239253314270808006
044022093045116246215079004433797306
249114052057116246215079004433482806
213184192005205203000249052226030306
111024134119207020027127453846276417
122064052062215027185050000803994506
149220097101139010250152026840005317
218225141147116246215243623250904217
127242060237199169214220004436125006
072216133173193065042213508542126517
227003241012050122231189004434971206
044060226126215004235214004435241006
030214173000215005008244004430432606
210011249056244158005053449136348406
044085251009205219217105000805566606
127168149027202024017021070792588206
206240090101205213189137547930005317
193253252136016229031026042750044306
237042064224237042073101000802123006
223239026122251196218185004435372306
195222041194202024006205000802609306
027169140002193065017154068811060817
047124203226138152126082004433375706
025207246222192182231236152305317606
206240090102205213189151127420005317
047123057129205166057046093390994906
249222148047205184073173614651817517
150181137041207180054207000000000001
213175202112244001196166052222733006
044020186082199224156101421781005106
204021197192193065070237000255013406
200172187011073165073204611690044506
047109177040237042073092004436010006
233038216016205184035163199645415006
196054130021212195071082004432442606
044069006114237042073100004432548006
096189177194202118035010350720808006
244199180007192254112015000805321706
203212060108199208048021004434243006
096100187111050123083131004655655406
044025052213237042073107004432691606
002120212067194102243160000805824606
218225037016116246215092004435101406
073155112250244158137033004435062706
206246003070205251205218412171448417
062196033115237042073092004432430406
213176048134240223181066004431381706
044024116039237042073106004433450806
127242060237199169214220004436130706
002002132232192029095204004435803506
008075075233198243031048004435150506
106114033069138152125013280535961106
231148133119212232237246004434728406
210061167107215177155252004434102817
042094042003205126132098010245158617
153172170021207180013255569513301206
005085179125202029101215123841924406
062215116147205213189137456560005317
206127146043205217248104000804955406
203024182133205213166101512370044506
157224113046198229190223030480143306
044002105251237042073107004432799206
033038140231116246215082004434071506
223007030181237042073095004436378206
195222041194202024006035000805634606
083179153170050065172251617870044506
130004046202192182053061000255942106
129200208021193241062238000806235906
213176048053194043181159052224885306
044051151013215163101210004433759006
034104066181231225123079000535995917
044060114153240223181066004435213006
042206244206205164112190598171026906
047030251176199137227097004430423006
044222230211244001196021004435896006
136128124208231225123074000531871617
067000251105202030141146452441688106
147218056079199204099076159901692406
075019108050199169022132092120930917
062249164233212171083145004430159806
047091009077199224110162004430571506
136227068188192166169223340840002206
047011074112237042073107004436545406
008069239058207001131073000800575206
136053123146202024016177000800785106
075091210223237042073093228760044306
047007029141237042073092004433582206
058038171059198229187015000000000001
129205124214116246215234000000000001
050084201173199153054060135444958706
070243079033202024007199000806281306
021098062006064005155132004435251406
016012080227237042073101000805183406
070198073086205126032010090020453206
131190120055139143018199004431102606
062198118118131115160069010033974306
111224149012202030169200004435984006
096164133140240223037058398516253506
213026000163016229019121601290008006
134134130179237042073099004433585006
206157034032199223101193000805193706
103119184216194017228064000223997106
237241146012199169218090004434982306
007237022128212194145068004436160506
016228186051244031200193000000000001
047124164087231225123091000534372617
238204098038215177085027230005383806
129115205037139218243085531960143306
223007030181237042073104004432900406
250171041083240235108141572046257906
113205086079205212182122068814196717
244057135103231225123079000531281417
217006054180251215113218000000000050
053176124137205251200212448222790606
232188068251207020253183000800534406
131134146233199208052250001234191817
197143138162199169214025004435054206
047167074140205066247109004434153706
047090164115116246215070004436526306
044048060112237042073094004434161006
058024019187207183157048004435057106
237042064000237042073104000000000001
193253252139116246215053102600008006
204096127014205055134250004432345206
033245039243116246215094004436515606
136182216009240183051066000804922506
007233116215199224148155000000000001
016012080229237042073101004433058206
202217215109215004163204572750211106
238020106254194078248231004431210606
059170083209202030076051321574614206
104220089126231225123094000530376917
073155112250215167140078004434792406
007239139193116246215077004434026706
103211029153202031007070260024209706
062205240233207000086021004432356306
233121037084122195111160348620044306
047101025201237042073100004433248006
135084107064237042073096000802741706
047081219017237042073102004433094206
044068050068237042073101004431211406
044072162198064005155246004434070706
119039108229202030113217000804163406
048166143134244089149057000804720206
088089007235205184065219000805448406
218225236073064005155210004434829506
237042071044237042073094000803075406
033228168007194114091140004434895506
047101000113116246215073004435107506
206157040181194038093157004433799106
113117050185199223102232611241316506
135084107064237042073106000801922806
197157130112212171171002253441982417
218225236113116246215087004436367906
131000232124199192038101080280159606
102154038212193065010050543345044506
016012080208237042073104000801265006
044072199058237042073104004433924806
237241146056198241225029004435503706
197155091173202031168083004435096506
221197096168202024007032004432096006
048166171154244001021194090002665406
124028122154231225123092000533527817
073155112248244067211034004434519206
107138027205073165064164548160044506
098106024197205239062025152406001206
136151102123116246215085004435979206
104053124196207008085229068811456617
121193028253199208057153000000000001
136151110106202030137138000805745506
075067180034240223015236080654978106
075222131065116246215036000804401206
202217215109207009180162572750433006
075091210221237042073106004434501006
213176048080205055203066004433502106
073026254193194043183056004430858106
016003076040207180012010654763979517
097133087172205066158112000535851617
016012080219237042073100004434062406
048180136105192182193067310790012317
044036051141198222247105068264984606
002002132232198229190065004432633306
063162247054199224155162004434412106
135243027126240235108141004430231106
152098016091192022160205210412635417
047038071178215177241060000804939706
204098224117237042073095004432974006
245156195248198247224113112030895606
248199067106205112191107000803366606
068120183053212232088181174612017417
224115019221215177154201004432861006
139183152239016229026121038770008006
218252110062212195069081220823370017
122064125222198192225190000801021806
032020080016116247217133000000000001
212143024236116246215082004436428606
073027099015237042073094004436063206
128076048202231225123093000531242417
048180136105192182193067198190012317
131130025235202024006065004431892106
213179055067199168236079004435344306
053005151163202028217061020906456517
119132120158198209132123004431751506
150166085147198247249122000805922006
044006051123237042073099004430722606
085057188037122195111160131900044306
195193049050073165069060544040044306
047100153006207001190114004433306106
136053110195240235108141004436487106
206187252013205201092117550420338906
047160238065237042073094004433251606
076084179115251073188083080643631706
152001058179199135047182000804930106
070032085113215018093140588150002206
247003207033212030170141000804970106
202217215109207023228168572751999006
100208217209231225123078000534084917
131019022105139212124060080801886006
044201196116064005155209004434251206
080198193111212171043226527273978306
108061199127199137141222537223023617
097137136226073165108048510850044506
083027245205240063114060133960008006
047108047078116246215068004435541506
008075075202207008085229000805035606
047063038136240235108140000803382606
136053096055198209059209000805271006
108020115059050065249176518180044506
044018161203212196232036052234282206
239213054085244248042022052223823206
062200101139237042073107000802845206
016237093077116246215074004434403206
016195143026231225123080000533565517
148078231169212171149168000225117406
131151065185231225123078000533037217
044007103049237042073098004435604206
114076206078207001054096000254425806
044003153154135079171198004432454606
210061166083240063017174004433735517
223007030181237042073106004430893006
196055172072244089080092087653329617
152098129080192030007216425850005317
050084201162251108156239000806025906
193253172247116246215223590940008006
239213234139194043186126052223976206
152098030168199138218124004436308606
044026089148205066252180000801850006
063162093021207000086021004432355206
049101230026212197210235416514915506
062252225159116246215082004435618706
213176048230205187185093004434145606
119137092208116246215071004433587606
200124200090252248025120349800012317
016012080226237042073092145500044306
079065250178199170068172502170005317
119132120171244038133045004435202706
075091210204237042073104036420008006
016249228150116246215162559090148417
124101052210135079171132004433464606
016043068170199170078234345110148417
044003245085192029185108004430867306
208070209176205216060200004433520406
139151004161231225123077000534906617
049101230026205250095236400654940906
141236062106231225123092000532535117
249158180126116246215094004436046606
076084179115205071137142080645426606
124101052192135079171187004434061706
197043152163237042073094000804674006
134134130178237042073107004430955006
137113212154073165089234419870044506
244200080106207001170165000804494006
016012080213237042073102004435277806
243054081013231225123078000534024217
022197048061205194243094081145022917
135210139065205251202012080005706806
131013236147193065007233004435357906
002002132227202029238125004436148906
131134146233202028165208001233593117
007234225066231225123077000530212217
159111133128202028024044000000000017
140169207157116246215068004435186706
137015039173207000086042004432814906
073027201209231225011164004435670406
044003159019237042073095004435508406
245098044109193065055162225565044506
016003076166199177248013652492683717
142129202220050123053202004433650506
119132120180194100125126004435334106
197016034086199177188169000805656506
213184192016192029209198004436041806
047011160052237042073100004432465006
140169207146116246215068004436091106
201137097211205187185093000000000001
113174230028073165073006584690044506
064004255194050062046178000532992017
070058204047073165091015609220044506
119132120173198255189195004435726906
204046026097207012139034592270235217
119132120170192182097022004435249706
044004199049237042073092004434291406
226025203251231225123093000535122217
002002132227202024007123004432120906
070048059038244089100193000805553606
206038171198205180085214093070016117
015043163098199171206115000802635306
123081130190050062046170004431508106
021068198041138071027205004432435906
218225234211064005155229004433955206
112081188215205149043004080685163306
055233073162237042073094000802308206
072075113026193107084114000535219817
101109103170205250092013337010002306
130235090039050065214132567920044506
076084087225202028118133613315455817
059253045187205139033059359630002306
016012080206237042073107000806300606
223007030181237042073093004434121606
073155076059205071033082004455968606
070025013209073165107184641780044506
070068186246212194043100157496194906
044085112188251215115082004433606206
140169207158116246215087004433303006
044202064242212227179051004436451006
075011030163139212123098482401500106
047080007033215018163215000800351706
096100187223207001052105000253874706
231148131112215161111225004435890806
130150039070205211048021000536168617
249127121020116246215087000806101306
085155247012205211042234589780414106
077203045015205125099030633870104517
127249137209139010250129650410008006
213175253247198231053138004434724706
218225236053116246215156655230904317
147211144126138145205034321160503806
044056110011244127157199004434441706
087196027082073165109037298140044506
131190120054139143018199004434260206
074224091150202030189018171486345817
062236137245064005155136004433741406
234121040093073165059104517530044506
062211135057205200149129004435467606
008069239058215176008020000805356106
213176048114050120195113004435132406
070243079058217010236235004434921606
047081219017237042073095004431854806
206240090102205213189151569040005317
221191094196205125064027572492996906
092019103091192182151103005873641406
062202185199205203039026004433663206
048181080144205239062137004435263606
070077187012122195111160323210044306
148094033047251215113218004435088806
044222021223116246215071004434458606
135084107093237042073104000804828206
238063116234205126032234320050154606
044006122120237042073098004433760606
097132071192116246215075004435767406
129090126096215162112216106745146106
044037234209237042073107004431545206
093220004210073165054025529280044506
112081189113212194145054001232682417
070032085113207012134126588150002206
131174242045237042073102004435536406
092030160005202024167114639512270517
047169209171237042073093004436279806
201103243219050057215151434580002306
202217215109192182226112572750911106
131000248153205180215213100513487006
080207015033205211049098011202807717
077170174192251108156178644653491417
148137206193205151253153004435570006
112144126048244205138203068812992917
195222041194202029138044000805967006
079120132043205066248031004434046206
136227068188192166172040603740002206
197174047210205138232129093395993306
002061048244205249001184381030002306
127198129018139130004255362660012317
224115233227192182087198004434346606
218225196032116246215093004435194906
113109254255202024005168130944605317
077180247211073165173099643860044506
131210253013205238171184004431419806
030021131196202024006069000805649106
211253223118244003240026545290236917
226025203251231225123092000532442017
007234225066231225123075000531570617
231128055195215163007013579860549106
103221004190139219143230490790167206
200162186229050065189138493730044506
135079189033135079171063230430044306
135084107064237042073103000801276206
099035082202244038133045069063196206
044204066086237042073102004436500606
021084067003064005155103004434828006
063150020085207023230090004434995706
208191035129050123202125004430700506
136094062194244127143114416310143306
075091212240237042073092616200044306
196043026097231225123094000533321117
135243069107205212182178004432728406
062200101139237042073105000805738206
075062217254198243031006004433991506
237241146012202029204035004435919806
044002161222237042073092004436331406
218225090026116246215086004433320806
197056182022139072051014000535894217
116086069182207180014203004432399006
111010118030199208060112004455032406
131192122228237042073103004435797406
030015071110207001170186004434091006
044076141198202024006105004433460706
044002014134237042073105004431393606
125109124165198033105217000536118917
092148077167199169206186421760110617
070243078228207001005110000804966306
204074054161202031077163011464733217
197222188038215162095037496740339006
123188126243205218043017004435325506
070243079058202024006021000803296906
016012080223237042073105000803148806
044068100254237042073098004431339206
044004204212207012132197004430257606
202217215109138145213020572750944006
225126066149205249014117144025141306
204079039027050065235047641480044506
244200118243240235109082004435127206
030214172158205236239026004433128706
067005006238199152014224598672559806
070243078240219092010168000802625006
213173027166205066253154004435311706
113175002229207180015129311850516206
250025126186231225123078000532760217
021091198024116246215070004435330306
114242108253192254115188000803591906
122142033084251215115082000801173906
140075193255244089100235004432683306
135243069253215163112217004433979306
213184192024205066250087052224399006
149042101045194086000036092170930917
197060162109139135241130000805215406
072011141012231225123095000535623917
136053101161202024006185000800327806
197155091172202029025232004433470206
206045135250199171090167068810688117
016003076156192030028020652294913617
231148130031207183157108004435140806
050084201018212171082252498272636606
131151065185194043146045000533101817
047084231039212030093150004431228506
195082192196050254095210617842703217
148067222062215007246013000534504317
073026239125205112188193004432721006
141236063161231225123092000532832917
137095238039199204125206584855849406
104236017138192029095208539062739917
100224167213139180032057367791049817
032076208108192030094063000805042506
141186046127215006004186004433288306
197043153100237042073099000805374006
077173122142122195111160384050044306
016061140253116246215087004436532606
062195108004135079171142000801352006
119132120165194041040201004436136006
238063017153202118018181004430575706
133043176211050056145002450583147217
224134046157194100126165004435302706
047081126192205126033097093391725206
158120244162199171100223167620500017
044025190174205164190058000805525006
072011141009138030251129000533258917
044056151190205066040213004436282806
016012080232237042073107004435758806
041146215126116246215082004433526006
119132120173050122037064004430312006
247003112247219092051184000803004306
062220034059244157168176004434916006
070235052003202029053031631350899917
148072084223231225123075000532239117
127107225022231225123077000533249517
063162255247205218035179004435456106
044200000014231225123074000536375617
044060176018251224004248004435622706
027218100074016230175027000000000001
127242060191205199056230004435139006
016000173246199137238005183480012317
213175202254050254095245052225675006
047021100213237042073103080020223206
062213019069215007140142000804116306
127242060234192182244234004435332406
245212014255202029184249000803994706
070028006053215027186207495650002206
072011141012231225123079000533894317
231128055195244127020069579860549906
148068184009219092051205004432735706
047169189014199137229239000805855506
223007030181237042073103004436398606
048213118196244212075016080014524406
118122079027205217247064000806146806
070237088137050065234051090220044506
077091007144244031008023360200111017
243054009045231225123091000534259917
079121155110192133025199340180002306
075091223103237042073248020010200117
067014249139194078255064010244169617
218225091067231225123077000536544917
062255116191198247236025000805195106
062198136104244067234088004434206706
103240064219135079171145004431312506
048180136105252248025120558270012317
044025168013237042073098004432478006
075091209192237042073102446560008006
016012080229237042073093000802123606
134164179107237042073099025153801806
044039241034212195071082004435890806
114126053107207020027073081812083317
008075075159194100113041004430426406
148067222062212196234222000530608417
213176048047240183033126052223793606
044021182125212230042082004433745006
141236063126135079171157000535406017
008074003158251196147115000805289306
021091198188116246215077004435466206
021068177226207020027239021955502206
047185180181064005155235004433800406
096071021045138145199242068813942417
047100179217237042073096004434116406
034068104059050123083215080460899906
195248234229199153102059000000000001
041135050045205164099210501582233017
016061076182215163112217004430182406
155192209125199137224008555480002206
044209012085050123203063004435241706
047119053042237042073095004431360806
047030150108240235108140004430234806
140077119045231225123091000536187117
196093065108231225123091000530426117
081180011172073165110055519770044506
239213054021215163100146052224877706
047080018130205066246012004436035506
103245145246207022026127000000000001
213187199255244029215112004433970406
093125058128215163200040010242735106
047004165091205126039009004433855806
110122242111198033136227000234267906
214158073035138145243109004434975706
135243072113205112116228000000000001
047034214121237042073098004433875406
146202026160212194145149555240002306
249237198228249237198146001792947006
044008068193205199058051000803862406
219233188215252248147201004435090506
134233125194202024005220000803700406
021068194218199169214066004435995306
062241234223198231051138004435062806
032069247099244029048153595835893306
070032085113205212228026588150002206
124101052202135079171175004430946406
129023209110192030036000004434001906
236236130018199177255206232740005317
049116127142251224032197268115850506
090031228034205238227222424080243306
062199000026244248141213004435159006
075095166011199153039035550002696106
213175202211131115180161052222642906
218225234169064005155232118915269006
044079223196199220215254000000000001
204206248198205200226102004455389306
013217142046248200034120000803798506
204215183061194102247249000000000001
218225159177116246215075004433986606
213176048223215176003045052224335506
197016034086207180049039000804721906
204073015243050120113201455604972106
223007030181237042073101004435209806
075091211150237042073103000800407606
044084080103050123066188000805248906
148074155144244127020085043796197117
065050244011193065095010080666340606
237241146012202024016037004432728206
044048105217215163164182004435590106
058200095090122195111160433280044306
082045210003194038151179520112701106
086038057150244248213082436115730306
146072142208050123081063004653586806
047100122012237042073103004430958406
062200059181215177165018004432741906
226102049056135079171145004430698606
021120109093050253170165004436215806
062199082095116246215070004436022806
141236059229231225123079000536440017
218252053227215167025218208902660917
213173038228050062034042004434261206
047009070022237042073100080514347806
016195143020231225123076000530554417
149042101045215007206021092170930917
058001001013205239048224000000000001
136151110106205200149026000805364506
016012080209237042073105004434161206
080200199143244022242188265380688117
047186156022212202218048004432642806
195163188116198253195050000234691906
033228141006050255049114004435488506
197016034018205184032168004435127506
008075075160205212182178004435171906
213184192016212196233148004434684406
138119065051240063017146293170116817
058060198088205184032120534741966206
215180095250198192225166230025538906
127035083189202024167245004433651706
077069193121205251202114100815284517
125020145082064005155228000803395306
021068198044199152008023004432497106
044001110112237042073099004434910006
139201198104231225123074000535066817
223044129146205249001075151514915417
217010104208199152010025578223203306
131174243009138152125045004433223406
237042080202237042073094197780008006
044205246128205239062133004435024406
036218200065199224099227616220002206
075067053019198193176100000804942006
253235222026205113197250486440104517
047160238065237042073107004436550406
213173043239194114091189004435375106
044010255062205055130147004434802706
135211169116194043146249000805177206
231128055195199224102086579860549706
053187027241050065234216492510044506
137181043112205200247065000803816306
044035219045205250089072004432667106
016195143026231225123076000535289717
213173033196244248167066052220353806
030054086185207180015129588560436906
204096127014138091022086004435655906
108243060032199137232103585891740906
047034214121237042073096004432862406
148152024128138147090121073502652417
131148087034231225123093000533053417
016249228150116247217066559090148417
155209104093198193191036385360002306
131134146233194043109188001234232117
249237198048249237198146001791466806
092026199233205055204054605280002306
062245202063237042073093000805703006
048166070169202024166121286220990006
005085220191050065196227469390044506
123188126160205112188097000800157506
218225236211116246215240430250904217
119039226250212230042118004433672106
197046109190138145234087000800550706
093213219242073165173035602520044506
082242143170199224099045000835231406
218225236211116246215242430250904217
016195143025231225123094000532349817
047124135219192132028081093392962206
124045100202199169014170377793343917
146055224237073165110203598920044506
100222201116212064145045519002591317
100197034181202030129175004433879106
140169207204116246215084004434783106
070243078228244038195045000805048006
203152006138050122231189093056306217
042205245069050123083077000255812906
075063248032202029182231099980277006
054146030217194041033077040505867017
238063142232205212176073000805701106
253102008178240223014226001230012317
134051218130073165069063512460044506
096041196003199137224033502852703206
197151001243205148021030507180854506
015133240227135079171185189000044506
044003214238237042073092004433526206
044022147173205194242044004432339406
033228029059207008188178004435121706
237042093046237042073095004433195206
148152007175202031017091004435810606
195199251052207020027249001230012317
047020049214202118088053000805223706
047108068093205250088220080803719706
077127093136202031092139145161764917
143234087238199152012132000804915506
119132120174199204116078004436498206
062248005017139010250113425710044306
218225090096116246215093004436035406
069000009082231225123074000536148317
047063246129139005144013004433950106
050084201162050057215119000802769006
134140064136231225123090000532836617
223239004170198209157121004434858406
130004046201205180045157000253885606
135243027125192132002223004436057306
044061240181205194245155004432550606
044027179127237042073098004430605806
130211250031116247217215000000000001
044027170124237042073095004435411406
075091209193237042073105419260008006
136182216028192030007221000535044217
075205198026116246215122004434749706
030054086185207180015129584780456006
044059208175205239049229004433373006
058193208106205251205181645781690617
223007030181237042073096004432949006
122095160158205070222205000805080406
113175002229207180015129061070534006
135079178176215162057078576230044306
002002132232192166178108004434001906
133212244082205113240244195976254606
044000024175237042073107004433398206
016012080220237042073101000801030406
016215208159237042073093000801856206
124244081067231225123080000531468817
132242143089194078252211552990688106
062199080201135079171128004430742806
062242032160237042073103004434190206
016038126038116246215081094825084206
053034178111192182248235324945185717
196052037242251100097063151534915517
110220107133192182190021572225128406
136053123146205187184005000802666206
223239026122205218043245004435893606
148094169014202028243232004435221306
218192220238199171206213004432661506
047123012249205139035178004434932406
047184016237205066248169004435502906
016035125045205180215253000535377517
131134146233202028146067001235881217
106215144157205180042160004655713006
047123210092215013072176093390806717
073155098048244248142058004434492406
210061216172139010250152545600005317
075091210213237042073101004433731606
140169207211116246215092004435964906
044068143207207001184242000806388406
044221050053205239062149004432805706
244199223155251190163159080204944406
037085129233194102244242493270500306
047032016048237042073101004433447806
044222227076116246215070004433459206
032210252081231225123091000531541317
074144207152205125088110546311470806
044034154101135079171140000804303906
196014049172231225123074000533129417
072011141160231225123093000533323517
148003126058116246215074000804542006
127068201232202030083129004435567206
097132228083231225123076000533690317
057184217041202025237243001610431006
149042101045050122184201092170930917
049240129169073165089108615040044506
044201195042064005155209004434160606
211038053116064005155139004434114106
156102054075194078198074416706034617
073027177001237042073101004432728006
225126047247194042198080540584335206
223007030178199137227080004432638206
218225246155064005155182000805326206
099202249016205239062137497434246217
002143096036205167059219011285869717
062206118149244212229077004431372106
159072212254199137235254595040044506
133161034196016229034164527830044306
025139077082064005155228000000000001
047170254249237042073099004431934206
239213054093131115180167052222639306
243054081023231225123095000532307717
140169207146116246215068004436091506
218225159014064005155101004435521806
044004213176237042073107004432343006
087196043052073165109089620200044506
213173038233207000084153004432653806
196085210179251215148144442666003917
044200000014231225123081000533165017
231148133031199153048019004435386506
016036124160116246215122004434697706
141236059179231225123072000530175717
212143025086116246215156632970904317
197016034242244157132149000804864206
109166045146240063017146077605863406
197013122179073165172150628430044506
013192092241240183033127004434245406
247003110040244248041122004436160306
044089088151237042073096000000000001
223044129146205071024153151534915517
044000015180237042073105004434894606
212143024236116246215082004436416006
044084123181135079171175004434873506
044049016150207183082162004434959006
085128125149073165069176256810044506
016012080214237042073092004430808006
044068082160205218074058004434589806
073165231076205239048141004455197406
218225091066231225123075000532181317
077146196098050065249204538540044506
047048005086207000071151093394570017
237042071044237042073102004434859406
127111046014240063113219528820008006
197019046071073165108143558460044506
203017002240194039060060635603551706
044000007196237042073099004436036606
064004255033139105124085000532898117
141236063244231225123079000531562317
228101229185198209152099580114530506
224115233227198231238010004432758106
200163000187073165109154377920044506
202217215109050122104065572752555506
201143052202050065143087653540044506
100197034182202024006176004435286706
130004046202192030074211000255166806
044095242042231225123078000532869817
140169207024116246215050000804918206
196040118196139113197235469980905006
244057235017202024167181004434982506
027168133038050062032209510402420017
073027199013237042073100004435927606
047038034113198231053138004435077106
238063141070205218014088000805523406
097132228080231225123075000530822917
085033142253198241226023174115766117
203212060057231225123081000536504117
047188093081207001186130004432632506
062205196134237042073100004430490206
135084107064237042073105000805332406
047062210172202024004130004434616606
218225196096116246215093004436394106
044027170124237042073093004431595806
016012080216237042073103386040008006
062208029178064005155235004435839606
087198105108248200033031000000000001
143238252045194102252055004436312006
119132120180199224156213004430466106
206235023249199153100146449015639106
047005246067194114091140004436080306
244052140226199171105038503210380017
223007030181237042073103004435013406
223044129146205184070042151534915517
108238247142202024167208059380419206
237241130074207001003111004434204606
016003076153050122184226651294045217
021091198024116246215077004435840806
125109124165231225123074000530290717
044073115094244212229053004435911306
148085014249205126120186004430898306
127029207227212227134220004435225906
223080046107135079171201000535641617
244199180007192254115188000805022206
034185020022202030174250306114657406
044006016202237042073099004433036206
044011062134205183034225004432720106
231148132145205166127066004435389606
047169189014207001131073004435183406
062206064030212227177102004435657606
047034214121237042073099004434943806
130150037145231225123094000536461517
047123220199205138232190004435745806
203233040176205184043133649770044306
050239207201244001169249089994688117
070228147122139180046029541744587217
140169207146116246215085004433713206
044222129159240235108140004434081806
119132120180050062046165004435845906
072075113026193107084114000536226017
064048052139205113207083089996339617
063150146075064005155209004435335006
213173027191205200149026052224216406
140066161058116246215156432870904317
015043163116198255170134000804535006
129048033243202024167065092174581517
047001187246199152005083004434472106
015152176151050122231117004435298206
047036203236205183037038004434180906
245098089199192182000173385910172306
213175201180205203039182004434904806
131034238189215005139143004455122306
106054146221215019148157323385400817
218225159022064005155189000803790306
112081189113199169201021001233788817
044193180043212195128205004435931806
223239004168192182087135004432793906
231148131009192182069112004435677106
030214173101198247253051004436444406
047005043076215005026172000800118406
072011141001231225123090000531631117
195222041193193065010202004434943606
062249060137199177251097004436041706
016012080220237042073095004430281206
021114183006207180012223004435018506
223239036184194042206065004435337806
217242005107240183051085004430765506
123188126104251190074029000806046606
099200170103064005155228000000000001
044023201075199168152210004432783506
097113163125138091018165000805023106
044000013139205066248037004435166406
091113129096202118049109514135141317
141183211166202024006111004430247606
244200097154205239087212000803763006
122052194235205035005069000530761217
021120110040240063017174004436194506
080202171238215163164237502634358617
131174242045237042073101004435560406
135225190019231225123080000531910217
074109065175198247232227145313713517
223007030181237042073099004436353206
149042109042205071136251092172267517
119142125196205164099093004435702617
218225159177064005155201004436239106
130150037145231225123076000530368017
021098062008064005155201004435560106
070243079058202028180253000803745606
139044150245231225123095000534860817
223007030181237042073102004434890406
129048033243205219222094092174284217
198140033053116246215053587740008006
231148130090244205008224004435224406
210025199052116246215086094825819006
106053004127193065093237000234882506
096063005199215004018236030741256617
047044186191116246215082004433942506
141183211149202028144206004434226306
129174199008198253194012059384919206
062196213220215255200253400012960606
141236063126135079171133000532999417
122013122213212202148125004430240106
223044129146138030201050151524915517
076177099141205099158231004432911406
021091198147116246215077004436072606
016012080218237042073097000804043606
087150007171199169194038528240008006
101089233063231225123075000532750917
196092076113116246215069004434321506
047082225158194031092097004435132206
016056163035116246215066505730044306
138151124158199224156157017556452417
126196112026205211122023000000000001
076177102193205216060217004436521006
073131090239202029046176088885325917
213179055108207001133117004435095906
021098062008064005155132004434954606
085024160116194086002025523250338906
047122254042205239062157004435656806
197156146136139180032017004435070706
030185107200199169202100205993494517
047051015164202167000210093392667617
073024025052244248042018004432696106
016242056115231225123093000535643717
070243079058192030062037000804726706
239213060014205251200174004434977406
130004046202138152214008000254793806
196092076207116246215074000806202406
140075193213215167114013004433815306
062254163028205032018174004435457906
106083216253205180215011306515220206
016012080229237042073102004434700406
021098062051064005155132004435839406
127198228142207012140038150002692906
219079132079135079171079004433766906
044062161064064005155181000805159406
037011176169199137233223055812768917
047168027007199208055095004434966906
153053194191202118048045034784617517
076177103216205166056009004430200706
119132120167050255049114000804940106
070243079058244022242189004432754606
137234065155237042073100165020044306
119132120171199204120254000806275606
016012080213237042073105000801508806
098217165045122195111160539370044306
070220207246050065235064521910044506
096205213251202028114089030740307417
030210069023244205242191004435962006
070243079058202024016001000804031406
149042109042192029094026092162623906
202217215109138147091067572754111006
062238048253205183040138000804654606
202217215229192029214055539510400906
048166059144050253233254000805672306
047125188161205200149026093395337117
047161202072205139238164000804199606
202217215109199170068203572750344006
002002132227202031066066004435585106
127168149027202028024144070796063206
136145219226073165090108645780044506
197209039121194017237181434143439106
008075075222212171245020004435432906
073131094087205180013220001105820406
101160237152240235016236459740190017
044004098210237042073096004431374606
140066161128064005155202004435205906
214168158254202024166210551035141317
070210035111199208054020000000000001
108233213206193065072202197930146706
245060019235205211043031382973491417
081052247219073165089140616210044506
223239006009244031126158004430335206
016212151195244038133045004435683406
044005076192237042073101004434467006
210061102133240063017189004435694217
076086009019244003004211004436200406
197043153090237042073107524080008006
042204056091215167114145060082659617
210061167155215177155179004433348906
047111041154237042073106004430895806
044022050207212171082166004434189806
218225159012064005155192004434196206
213175253235198231053189004433539606
130087140050073165059246566400044506
047084201243199171102079004434569206
044072199058237042073107004432989606
088193162154202029085028100020910017
213176048215138091022122004431314906
213173027165205066255110000804656206
149158116057138056034209004434918906
062203162181207180189167056723722506
016007245072202024007008000800654906
099141148218194017228043429190148517
049125052080139180046029498534587206
096019033001215106052199635664988317
016242056115205216067005000536138617
007234055044116246215243355760904317
213173038230205127098207004432835706
032012004191205217086237004455418306
079105195232215161084133334075328106
044027144165237042073106004432605006
016038126017116246215031118915583606
124045135104199224100173000531773017
047119053042237042073094004431441406
213187203098244022096068004435871606
134164179075237042073104025151927806
098028246117073165173018591140044506
208191154113212195084221004432626506
196093065108231225123094000533340517
225126189229205125103152167356357706
122024159008064005155107118915647806
037167026157207001130247000000000001
055233073153237042073098000804632606
106030128054192182190021494715875117
016174028045199153097038000000000001
007234225066231225123090000536307117
154018048208251073188242625442818906
072011211078231225123093000533264917
231148133202193065095010000804503406
140173240225192132070131004433567906
053193145077199152107199000255628906
048165186056192182193067182030012317
076084179115215255119159080645665606
197043153089237042073105000800575006
030015071074199208059064400035293817
044007243054116246215076004435622206
002002132227202030146248004436490206
233101156187202118029077176603181017
131051241093202030023071088016553006
047170001253237042073099004431267006
119142160229240063017189004431863617
109210154009215018134191557200013906
076177103209205166055177052225497406
099035121241244038133045069025209806
152200233114192182255098004436416106
203118003189139093082041090710688106
231148132192205127141072004436080906
044025079037237042073107004433322006
237241130097202024017182004432285706
197202025096202028087189004434994306
213179055028205137108073000804318306
070243079058205249044149000805272806
044070092243202024005013004432384206
127107225023231225123095000532551217
119132120166212230042118004435234006
070246250110205211049098603812807717
048180136105192182193067180780012317
136120120044202031158059004430506106
047101041171116246215093004434689706
047063099163205251205218000800136306
021120111005207022026079004435173106
049124071184073165228057651410044506
030054086185207180015129587990438506
016215208159237042073093000800397006
044000104120207012131150004432351006
197243251072192182059009360846051906
073155112248194042036101004431998906
131184001166231225123090000530433117
042204056103205187184009070081703017
197190098123205201092045323500338906
062211254079244248142058000803592706
243054190091205127001030004434772406
044002114207237042073105004431186606
127168149027202031067095070796524806
106071051084215177111116497654532106
063186123088237042073104000803873606
196092076208116246215074000804938706
109210154009205249000116557200013906
047110201205135079171079004436456506
071112130247116246215043634680008006
218224057089251190011234215695557506
052135059039207001165070000000000001
241249236100244029213024005874408706
202217215109212227066020572750888006
047026193185231225123073000534822117
070123153206073165090190502190044506
200163181175194078215190232331711217
021084065139116246215058004435609206
016147137151199169001210000805140106
213175253231205218072001004434816406
124045222045050120193083177713779717
153071177226205071047140004436207206
204123075046131248239114490011257217
044091165085231225123072000533371117
196154056218192182081168098343537906
233101156187202118029077136046532817
050094043193199224104225650105262906
135231061242192030065104000535060517
141236063186231225123094000534516717
196115231137064005155203000804735406
062243198239116246215068004433650806
050050091073193065013138000223240506
196085200112202030109010000000000001
030178242152073165069246199080044506
251103156099116246215242507900904317
044002014134237042073100004435610606
044037017006116246215068004433741306
113175002229207180015129177520510506
194235094037215161112004067000002306
016242056115231225123073000530630817
131176096168202024016041052233375206
213176048114215163115082004432838006
062199111233215177179221004434714806
047123067079192022172101004435700606
003167197211205032020221000805045406
056021221091251196144149004435310506
218225091066231225123092000531958617
044039070211194207241090004435361806
206213114008215019185044231800000117
044072159042244020058201004430169506
197143138162205251205181004435218106
050067189144194100120038004431443906
109010116097131026048247552100044506
070209071061073165080199595530044506
213187199253205216103219052220159906
119132120164199136070187004435314306
208178018019050249221058004434251406
044085211255215007236142004435896706
136062205068050065214058577700044506
047160006137237042073092004430907606
197043153082237042073094000803637606
195069050067139212124083000535891717
152041050142198229151085004435080506
136053123191205187186093101402672217
213175201170192132000213004435834206
237241146012207008083131004430263806
142215088181212227179009004435358506
158050105124202031021214529893919317
104105252221205125068061398020307417
131208002245205201187131614560102417
047101246214237042073104004430365606
101246137041202031031171089995151317
044059150192205251200212004434885506
044001245000237042073093004432674206
244199066052199169203091551301005006
044006252250064005155229004435473506
131107168042207183082178033060429706
047081091076237042073100000805502806
070090145152199169192158597770338906
013025129209202024017220004433029906
087223035047205236085022004434041406
044074007094138152126165000800952606
075255020083064005155230000804420306
062249252056199177092145004435879706
047168174192205212238160000803954906
197222188038198193180252346620338906
135214201045202029197002000804277206
210030029151192030047039004434222706
218225196178205070214031000802764006
104160174088231225123076000534064817
008250063252199204101098000805321506
109192121074199137227109222223190717
111071247072251196218185566900002306
041163246109202029127179000804314606
195222041194202024016200000800183406
155204104094199153099171582980044306
122163217248207180012223004435082906
223003018222199153098197085076290206
223003051092202029079081583440812906
131175084198231225123093000536152017
124102153163212230042089058165004006
021068194222138030255233004436096506
231148131184205251202012004436063706
218225091067231225123075000535896417
062196033115237042073098004430368006
047160184017237042073098004430323206
097181128066244001169249184264916017
139169064229116246215092004435479206
044039243071199169001133004435878006
002207197094073165064152516130044506
047034247075139096108240000801722906
044039187033205250089072004432667706
146072204002192182019088004433848206
107199024037215162121126100001000017
044025096147205126032162004435340406
197143138162199168238031004434950906
239213054005240235109089052225091606
218225091066231225123074000530784317
044001110112237042073092004436259606
139169064229116246215092004435481406
099035172226050065212101591930044506
047036135131050062112247004433969506
073155113212193241061248004430423906
103216052064205217247248004430288906
070243079122202024007229000804015106
047109173158237042073098004435946406
109089110048198253220163618530012317
063160244113205149042154004432638806
075091213061237042073092004432434606
206045150135073165108219494860044506
047080081137248200243253055145937617
247003137108212227179051000805532606
044008004016050062113161004435278506
231148132083202031054218004435308806
047045199077138091025236093392643406
049088038171050065138203609860044506
101133041224194114125249030746108217
141236059121231225123078000535645417
054110009237251073161183133822697517
057184217041050253235079001615570806
197174046055199208059161093364136617
141236063083231225123094000534033917
016012080224237042073096004433489806
146119205144205166210106000805617906
208191041067198192209050000805189006
015043183027219092051205000000000001
041150227110215006255207052226066306
196088081219064005155150004434780006
218225159170064005155101004435838806
064018144164050123066175068814607117
073155112250207020024205004433397106
073027099015237042073096004432862006
087217072209244003240047089990297006
075091038178199177241169587455295806
133038156210198247238220446242583517
134159101059193065004076056045508017
062196033115237042073094004433362806
200035249006193065029200182030002306
015237052149205219172197000533897417
103219053059073165080129653660044506
147138054222205125120080005873628306
237042091039237042073092151000008006
050079061060251196144199216490038917
206097244245192182084082068891263517
044085200115199177241169004435126906
002002132232202167077046004433745506
122039017218215167248138510105212506
196115231137064005155203004435096206
076084179115212195128205080642299306
015063032066199169214059152300679006
193253141242116246215026499400008006
091149145152199169193248353045114406
223007030181237042073096004434066206
044023107238198247253166004436515806
008069236093251224032197000805452706
070243079122202024007178000805969606
047011160052237042073096004435218206
245062008010205066060067611972523217
047011196102205236224082004435342506
044001004151251215113218004431196306
076084236255205184032019080215143006
218225090096116246215093004436051906
195163221145212171082154296845268106
131252060049205032018154051210337406
075218115222138075190042000000000001
062212140185205217254132093393541617
237042093035237042073099004434334606
070235144203240223181066004456498706
073155112250240063017189004432839506
224201050236251224228010177685266117
099141051196016045106040000000000001
248199225146251100211134000805204406
098100178075207180054207000000000001
030033134056073165104114509900044506
141183211149202031103055004435423906
002102009083194100126166621410338906
131092194140215004032080099922630506
140169199221064005155247004433606906
044026239106205249052064004431362306
102043195072116246215058000533969417
149054244065244020056039000805527006
030015071117207001164203000000000001
047038217027199168157185093395235006
136053123146205112119218000804952706
139130182033116246215063540840008006
103133058138237042073097004431107806
195255243122139212119042544630338906
062212065020205055130177004432686706
196055172072251224007094080005638617
103210105098073165107194411150044506
223007030181237042073095004434031206
244052150095199153034081635052816617
103245144133219092009137629032168417
048166059184215005009168004430163106
013159211228205200025072004435176106
047114170027217010236253080905841706
063164167102199168152210004430175106
119142160193205251200208004432659217
044003159019237042073098004435695806
213184192008050122167218004435143706
218225091067231225123072000531997017
044068198003237042073099004431393406
062252219147199177083071004433447506
076177103216205166055169004432644106
075091212214237042073097000801488206
213173027126207022045110004433936206
047095036105135079171158000804132506
062236186136205250093172081042063717
062254027108205138232131241602092917
047046247184237042073094004435550206
099012182140138152125013010251802917
047034096136237042073093004436391406
112073125181215163006231411410102417
047101246214237042073098004435919606
199021148053205239062013342725837206
097095223113205211045105139481237006
153188045136194207240015569792937117
140242176217064005155200004434328706
213173027118138152152245004431310106
062197230053135079171142004433424906
131192122245237042073105004431932606
062241117029205164099061000805920606
097029213084207008087023254520002206
021120111082205184044179004430553306
047109173158237042073104004433901406
123188126160138152125118004435291406
007144119150199136088086510090758817
086106177176194078209065000803023906
087113112147199169214025000801540906
193253216057116246215059502810008006
131148087034199168152226000531874417
130150039039231225123074000536264517
069227225117207180012223000532588417
139096120250205032029187000802863706
104221182210198209154186513446334217
249158180126116246215076004434830506
081096181219199221121052471615881117
016173094069215177086253004432642106
131184042150215027090088001230012317
048165186056192182193067447050012317
047109074090237042073100004431209006
015043163114199177255206000802631106
213173033203207001129237052223419906
074224134209205199052172508773530306
139056088081205126033101004434860206
063165153218205236254234090012362706
136053123146050062046165000802671506
224131013050231225123095000531467817
131003246171192031067018004435861206
124089241131192030096022090100910117
062242068165207180189166000801647206
050051033203198033146245175555992306
197135179116207008087044000803755506
073155112254251224032197004433761006
226202198227205126032234000804650606
044214211049192167126226004434533706
070243079058244001199098000805767506
109194144248199169220096551922722717
245098065203198033237205418170108006
044202153201116246215084004433938306
111075119194198240075010046620161406
197016034018244248204034004436044906
127043091249202024017091000800267306
101157223014205239062002465622753506
042006254041073165228194529790044506
016215001212205212234236004434319706
097045248022122195111160548390044306
047041037061205249058117004431307206
082100045164192182025251069085669706
218225090017116246215092004435888706
223007030181237042073092004434435206
111234250192192029095218004432695006
076084179115212232236102080023613406
076177103218198231053187004434837406
092104244115205183044145445793343717
152157244219205071019050000803915806
119132120174212171104122004435253206
206157040177244001198242004432703506
196092076159116246215082000806309306
243054009040231225123093000534524117
223007030181237042073101004435909606
047008152249205149045217004432810906
107073102173073165069235603700044506
041245062075192182172248004433843606
134164179105237042073095025153166006
201068103229205217086043233524918017
237042093044237042073106000806052806
078009197093199169194038049270008006
044001097030135079171207004435148206
141183211149202030105216000805085606
078043043024240183051087134852874617
090136077179199153097038046200143306
077023208110205126038227199920409706
213175202247205032251042052225841506
213175201189215177242038004433117406
195222041194202028162167000803885006
047025002224199177082125004430933506
135214201046202031155161000805557406
249158180126116246215094004436044206
073138247041192030125051000804938906
197174047210212227179009093394217806
047001194017199177248203004435052206
047124015078244001171161093393425417
134134130178237042073092004435934806
248068066139205250089013000536295317
058062232158073165069137516340044506
070243078230194017014243040082692406
097132228080231225123090000536424917
197016034242205071037066000804949106
008075075202198240075131004436045506
047119090058205239062133064032805306
044086016162205066245193004434972406
016043038031116246215010350500008006
231059056000244248204037512753328217
206240090102205213189137141790005317
063175190147135079171207000803948906
123218243039215004018236505454402817
057184217041202029050085001611079106
213128028194192029184127543070102917
062253134183205139035125000805006306
044084128188199177093218000800285706
062212227132050057215107004432634906
088094078088205212178158068810553117
047044131087237042073098386500044306
047124235011199168236133093395061306
242070012201192182085125629653721817
044222188236194114085066004435020506
125020145082064005155201004433511206
135079190114135079171063617410044306
070243079033202024006056000805948606
213175202229205071139021004430159006
131040222060251190011213214346328917
231148131189199137231134004435916206
135059194058199136103018004436079106
096016119070205184066250497121684417
124101052200135079171146004436244606
206240165028244029242157059383237706
131000232124251224004112080285399206
052094163035215177154219000805120906
093031152018215177155190086073275517
124050093148205203243155000804945706
131000155024199169214223004434889606
205024071176198254091153064643449717
139042043109231225123078000531443217
103245144183207001004123609534579717
110054029144215007197093254670232306
121116177062205126033102326483239006
044086095207205187184085000804941406
073158140130205200173086292945899606
047081091076237042073093000802250806
015048118221212171082138514134079617
073165244171050123138105004455396206
134164179105237042073101025152440606
226169198188198254094250004434766806
212235192205212030170141000804228606
044027144165237042073093004434364206
127168149027192254115149070793327506
197180023248205250095049355202626606
146092014003073165079210582920044506
075093144102205164096210040705973506
141236059208251190010037000533757917
044026234095237042073103004432315006
016012080222237042073094004431866606
149158096184199177247226071024950306
062243102012194043191034004436083106
140169207157116246215085004436086006
044200006019116246215093004435063106
016036124160064005155193004434996306
090051029223252248025120145850012317
070223232105198193130005588775382017
213176048015215176001203004432688606
080208209185251073189029010486444217
044000201196237042073100004434189606
204096127014205236084017004434754306
093122138077215019203029010344499417
247003114212205184032168000801128906
119132120164215162114224004433832006
030214172218219092011204080802808506
062199082095116246215084004433595606
044001110112237042073103004436046806
044068198245207180188197000802644306
103235021016073165073034520260044506
213173033194240235109118004436504406
131175184205212227177234093330256406
093156022219212202075077000000000001
237241135111202118093145000000000001
131208250046199169197242004435495017
042204059034050123065218070062940806
044060194245199224148156004433301406
097133082094231225123093000534663217
207117057112202024016182034785830117
197143138162194102252232004433566106
079121155110192133026062466680002306
002204053174073165228168602500044506
152045085024192030017144004432960606
075228020253116246215084004434867806
151198129011205180122220189940190017
091122129129122195111160365460044306
096133094116194102244146081965451606
007239235054116246215082004434220406
195222041194202118045005000800145606
016012234019205180108156000805521606
035137130051205194223164068812210617
086114127199205055131049518710143306
130077202007116246215095004435256906
134134130232237042073097044430819806
044002020193212197209088000804771806
038061202108194207242160004456098306
225197118110244158004040004436032806
008075075159198240073238004435077906
213179055021198231050179052226198006
098138179011205249058204170255314706
158122036165212195132003284151782317
210135065227251190074029000813884506
204073026053199208049150004434987306
223010195121199169214080270193773517
108249004148192135131152596195048417
128012246224231225123092000530235817
091184061063199169194038028330008006
055243182000244158136248174990365917
243054196204215163164234000804369806
223007030181237042073101004431407806
044033020085251190083176004435693806
196093217193064005155167567240905006
091123200153073165059047539480044506
070243079058205126037198000800919506
131151065185207020027130000535050317
193070214214016229046128522570044306
131184042150240183051070001230031317
002002132232202024006221004433368306
075009208232202028119175095024756006
100197034181202024007154004433366506
135207186068192182102029000532313417
062248084111199153099215004435893806
237042091039237042073092151060008006
044222132146116246215093004436311506
107027037084135079171167004431620306
225244054028202029013031238634050017
213176048238205066242203052224900006
047045203144199168235255004435914306
149042109042212195031222092170930917
108120070058198255185126434545938117
044000024175237042073094004432079006
062196043075215163005085004430871606
223010195093207001003110270215625206
047109047189237042073098004433663206
213176048120205139035106052225183106
080202019147073165228104545670044506
251000215190207180190078127270044306
102183159061205217251232476430105117
210061102031215177154198004434466206
073027040006237042073105004435978006
062199082095116246215070004433679906
226102051193135079171185004430905306
075091222085237042073092162300008006
066169075050205249000209059070002306
196052037242207020253204151525194717
135238185058199153100004085565013706
146122117069231225123094000534000417
044001159232237042073105004435257006
097133082094231225123080000534013417
116152239232244089082209000805129506
044026121187237042073099004433140006
223007030181237042073104004435116806
141204003055202024006004000803141706
213179051254212227179141004433592606
211038129007240063017153004435491806
224134235149131114015045000801916606
131092242168192182046211000263391606
113105073200205071021003625554489617
140065118193064005155209004436345606
226154176178215163164234004434246306
073025034044198192211234000805616706
198238185085240183051040011010474117
239213054022050254092220004433609006
076084085018244001169249092120930917
141204003138193065049237004435457106
200000013066199208048249004431081606
231148132023251196218162004435304306
214133232074199221121052497905881106
021091198039116246215077004434215306
249143060071231225123080000536460517
047124203226205238171238004430757606
196093065108231225123094000535790517
131151065185231225123080000531289317
109154149083073165064137369440044506
149203009060251000115135004433338606
136227068188192166174253399130002206
044025062064237042073093004431579006
086038028033212171170184219836228617
021068194223215163004047004434930006
243054009045231225123075000533522817
062200101139237042073107000802832006
135084107093237042073092000801397606
041145011137240063017189004435936206
122163015178205071044196591665331817
047045209138212230042118081145730606
044002171124237042073106004436165606
070253158073199136067118554643988006
044025168013237042073093004432820006
013192092119050122105077004434988006
238063198182192030029048004455285006
239213054000205187185082004435529106
131134146233199169007051001233391317
049020059038244089100204143886076617
048166050062205138232239088774875917
076177103240205180139069052225814706
237042071029237042073105000800970506
122028053040135079171198004434485606
206157043065205184032218004430326806
140180208166215019232013088015355017
047011160052237042073105004435531606
136053123146202024016001000801616006
130004046201192182149200000254436706
197015102164207180012223000805861006
016173094072207001010061000800744806
223044129146205055128122151533955217
005085195170202029002004000000000001
030015071072202024006156004435273706
109026099201199137227017626920423106
135240062190138154105125004435019706
147250114042215022004161000805092306
197016034086205126033156000804380406
195196246060251073188242215583726117
148068185187205113200255004435752106
097183028194131115053042608356449906
044027170124237042073099004430938806
108105146251199168238105606415203517
206039093104073165090052601070044506
063175213130240183051086004432638206
128101120148139093090061000000000001
223011156115198192205182088012941017
008075075222205239087221004436383006
044206014171240223181066004435088206
076177103234205216060124052220233206
085023092040073165109030510370044506
016212178196205033030070004434553306
062194028182215163115082004435434206
123188126253050123052185004435425506
122191108242064005155228000000000001
062205053249205066246233000805862206
047123144083205112188097000800171306
131134146233212195004146001235480517
047160113040237042073095004434183806
136053123146202030060000000803742306
049196119190202024167091000801965106
073027099015237042073103004434796206
197143138162212194088012004435510106
083043250100050062045067376290002306
213173038240131115180165052223489706
021068195090207008085174004434964206
196054216184231225123093000535955217
047034246205139096098205004433945206
134164179107237042073098025150446806
123188126134244158004040004435049106
204073182038244003240139441410338906
125144005132116246215083004435324806
206114051075199152008253011123272817
223007030181237042073094004433226606
141236062033231225123095000530593417
042094120134199136085097051036268517
135084107064237042073098000804314606
200222133154205217249151583714944406
034117003219138145209234557690555506
139169064229116246215092004435472606
044068082160205218074058004434590506
153158186057202118062080004455834506
044002217229237042073099004434166606
076084179115252248201181080645757206
016012080219237042073098004435355206
070246022148198220146248325604798006
047034184031237042073102004436175406
072011211057199223125108000530521217
140076018202198247253042004435032706
049252103076194114087034004435037306
142073061189064005155174000804553206
021120125189194086002116004434972006
119049193093064005155210004434069206
135243027126199168158218052224931506
016147137151199169001210000805140206
130179196170231225123074000532152217
141236059066199153055033000534090817
044069043077064005155229004436262806
210221086024251224005229188733900206
002002132227244038067123004433042306
016012080220237042073096004432127406
237007149023202030144118000805615306
041154001137231225123090000536526717
119160052030199169220153061651334817
042204063195205213189188070084754817
210030029220205238230214000803772906
016012080225237042073106000801599406
213019148098016229030250571430044306
233057184157199153102059203926080306
223007030181237042073097004433923606
231148133008192029095205004436543106
249237198175249237198146001796076606
134009116161231225123078000536429017
155038086108215019233015000806081106
063160146128207001000248004434924406
044000201196237042073107004435498206
070243079058199136076204000804182206
049089171061198240075243552630046506
116108028173202028201202000806290106
013025156105202029074170052235734406
012173078085205239062170004434939017
127168149027193065059045070794998506
047032220077215177242002000806218806
237241146012202030009119004434015606
147202253096192030100139000254631206
047081219017237042073094004432543406
044054075193199171096142004436220006
237042093027237042073098260940044306
248199042077207183149212000804893306
076177099142244205137000052224338606
044208235055135079171167004434756106
113234076129251224004188068893568617
218225159045064005155201004436300506
123081130190205230095205004434550706
136053123146251073188098000802702906
097124136251050251219057000800218606
218225090010116246215077004436393706
044084128086244158005053000801167906
213173027107215160089074004434500606
103223146113231225123075000533290417
085128097192050065170051544990044506
016249230247207020029042400260148517
049209210205138075190004000254269206
016059195118240063103143000805200706
064004255035205066158112000531125217
202217215109050253159197572755333006
194117130020205250092127010435532117
130004046202192182212247000253944206
047024157193231225123072000532525917
148003126058116246215069000804246806
204026026134199221119051083565830417
237241137109205212176228004434244106
072011141161231225123094000536475817
131134146233199136094212001234216617
141204003055202024017252000804938706
044048073129198254091237004434364406
083144166080073165109247451570044506
104220091185198193189103548383302206
223080043021135079171165000532363917
206089105214199177245245127432795917
062194058225237042073094004436054806
130004046202192182019101000253553506
044072096045116246215068004435595406
239213054008205187184169052222658206
202217215109244157134187572753666006
084244229122205250012189000000000050
047033146254237042073094004431571806
130194179162212202176120000000000001
194185060088199171104064456826204406
149158098051199169217104004430278606
044027081128237042073106004433753406
053038177139205125103240000254896606
206111181159212230173215000804206806
131026012086199208060097004456264006
139116190228205251202111513321750506
124029100251231225123095000535075917
213173027180199169011029004435233406
237042080199237042073105595680008006
016242056115199223125104000532516117
075065173250139093087219133111008617
148068184012194043157186004435954606
210011218135198255170194578243382906
047018231035202024007202000802442806
062255178105135079171198442330044306
073027110110237042073102004431629406
097132228080231225123072000533359817
217226070184205217247244563595141306
070049178065073165109091645290044506
193125198112016229039207597460044306
141183211166202030151013004435373106
044028168252205071132064004435218306
075063078168202118095157004435072306
247003110196215006143013092120930917
073149219154199224151090004456006606
050075028226202029084113081015067606
237042118036237042073093000802520206
159217107174215163004020089693761917
044004247143237042073095004436531206
007236072189064005155063000000000001
087251074096240183051070566794646006
135079178141215162057118506690044306
134025023064207012129092522110717917
223007030181237042073100004431458206
016198086052116246215163540440905006
239213054020244158083125052222792806
079121155110198253221067401020002306
228065175005251224228010513895266117
131000210123199152014225033062797506
202217215109215255202142000000000001
199048176190251224228010247935298417
247003207052251224032205000803622106
223239026122194031041240004435996906
101235247105198209159144004432525606
044202153201116246215084004436507606
044007060143237042073105004434926406
122030108103205187184005368443343517
083230238163212195070092320616450906
044036104204207001000068004435376406
070243079058205239087212000805709506
108104139144138091022109508613761917
130150037145231225123094000532442517
062193046191251224229123040904632917
047081000167237042073103004430267806
016012080222237042073104004435292006
141183211149139093088229004431201006
133240162029194017238154358721453017
104160174088231225123090000535446317
125144201163116246215050000803398206
073155112248215106210123004433218506
057184217042202118010150001615932206
075067102201139212123090000804217006
044025190174212195068050000803355806
119132120174192167239065004435572006
097133087114231225123093000530132617
135243069107251224032205004434854606
104007101061240063017189068890126017
134009120193231225123072000530688417
197222188038198193180252294800338906
021091197012116246215070004436443306
070231208181237042073104004435710806
131134146233251224005048001235073217
062247214033050255049114004431168006
047021013219237042073102080544640606
218225197239116246215095004436479106
047100097008237042073097004434865206
044222128170205236224173004435205506
146108240154198193184093000532356117
134211152002205194223164009995103406
101105114179251224032205347382826806
204096127022244001198237004432936106
081126193056194100122147000000000001
218225205124199224148155000000000001
079121155115198252040022593270002306
076177103226205139034180000805849106
195157070245198209153029068890688417
149210180175212195071200004435659706
097165057197199177255009173641250617
202217215109194042195183572752333306
070231208180237042073104228380008006
149042109042192182070148092170930917
100124201018199169209120582460590006
016012086159237042073102044434482206
047038039194139143183029093392651117
085097015116202028063129228470005317
062196214118064005155181000803646406
119142160195215177155126004434708406
047115102075212197255022000801489006
057184217043016238147010001613449606
097133087114231225123095000535806617
140169199206064005155134004436233706
250235163236139061080218385525088806
197190098108205071034034556820338906
070112209069207180012223453044473406
062242127055116246215082004434810706
204128119172202030183057543485287217
113111011252199223127128548665305606
093077146149122195111160592140044306
141183211166202031095064004435255206
127198223243192022160239000802670206
064004255129231225123091000535048217
047186253131199137232025004435636206
075091210204237042073104004430709006
025196095082073165104180065270044506
196085200112202031018240000000000001
085029094127207001003108068814019517
111057099170215161111225568732705417
153071180237205184032017004431621506
047169094069237042073101004435206406
251103139035064005155107004436205006
062213118122251196218162093393521317
146011195188212195084193000805859606
047101025201237042073102004433032406
049196070034016229027248000220008006
047168187227215163006053004433768706
047161043039138091018030346080005317
156117210077198241201053638330008006
082162104131205071032190026700114217
149016151122199224099094004433072606
248199102004202024007203000802196906
002056086171199137233223004433548906
016012080221237042073104004433008006
148003126153116246215074004436353806
213176055230198231052169052225918006
136053123146194042195018000804267806
223007030181237042073100004430529006
223007030181237042073107004431652406
050048158164212030170024402660808006
057049246032131026048208566680044506
102172105169244003007227515376137906
135079169193135079171145004431749006
148067220034199153099152000535515017
213173027166215176001159000805781806
231148130198192030021248000806471906
249237192206139143018000000000000001
058101132232139180035105004435602206
042204018078207012129086000804656606
204214170208199223126076308520102817
133094088091251000115141189794565717
245061046108193065033125570842727806
223007030181237042073093004433158406
044039212030207001182105004432648906
124101052197135079171146004432783906
075014075198199223117008000530205117
044006155040237042073097004430594806
142003029163205180075089039883497706
213175201168205166055177052223401406
159090011074244157133218613040002206
105198032014231225123094000533457817
092029093204215167248157124852603617
217242007040199153099173087660194006
044068041184237042073098004430990006
213184192027215176002087004431561006
155038086118202029188253000803495006
062206195081212194052037004436376506
075091213015237042073106004436007406
088089027196192029092226111520808006
204127045186073165105122518960044506
016098134039205212176179255652667506
131092242153199171095094060144918706
213176048210205055205141004435670506
107183214079205236085045420295720617
200124200090192182193067088770012317
080204126198194042197214012315458217
050075043044194031116070080802427606
129045054254205212227066023610338906
198140020217116246215223592290008006
084088044087207012136128068812053217
101038202077202118045066068893502517
047108167236116246215080004433646406
040007190138251196217056029281872406
243054081008231225123094000536119417
124210139079199152086227004435941806
070055176250073165105104561170044506
007234225066231225123073000533659717
156108211212202028024044176021263317
131134146233202031001045001235613817
042204053160212064070159060084395017
213176048057215177242173052223286206
085056198192199152000106503210102617
030032032174198247238220490432736317
213173043229199224221141052222745706
044200000013231225123076000531196517
075214012125064005155148000803724806
136053123146202118117085000804055706
223007028020237042073096000000000001
047038156255205183039097093390144006
102215010139205126137116497591296717
048181106054016230168186071280008006
041144160173244157168176004435145906
034064248020199171206242457100808006
062207024087205194242218080004942106
064004255129231225123090000534228617
044026234095237042073096004435861806
140169207158116246215092004433575706
070232092225202029044056552202144317
072011141011231225123080000535939617
086117055159212194041174090445032117
119128011095205213189148000534868917
002181176202131115160069112395992017
148094169017193065062245004436310406
047038003195205239061037093393506506
125020145195064005155139000805631106
016012080227237042073103000803861406
148003126058116246215074000804539606
063166140253205219223061000802924406
044001136159064005155229004436481006
100208217209231225123091000535251017
114046008055199224107044498053425406
197043152167237042073098000802579006
047028056000116246215073000804809506
101235247110194043106045004432638906
197008099022207180015086077772234306
098124184197215006255196351235717806
124145217223116246215092000804817306
042204050212199169214218539865229006
073167155193251215115082004434405906
058123163121212202161204603440102617
213179055069205187184005052222638706
237042067059237042073096000804010406
047123201106205164190034004434848306
134068198172205125083177004435057906
108021226055215027088222651590044506
047104046060237042073106004436091206
047081219017237042073104004434710206
130004046202205125075233000253858906
096096235133131026048034163980044506
223010207032205180028021151524915517
223003051092198032191153550220812906
149158116052244157133197004434915506
131040218044205211061139004455836406
226202039164205251202109000800441206
122013122213212230062233004435038706
075014075005212227153017000534208617
073027110110237042073107004433430006
122028053040135079171145000805613906
016196006110139113197238447060905006
079121155110198193176096588240002306
008068009245192182139124000805193106
213175253200244248024143004435099706
245098021250205186046122004434956506
119168095146192030029062225564329117
239213054011212230183158004434597306
197109216214237042073095000801308206
247003121221205218041104000800250706
053162050006212196232090626360102417
075110154138205184032172000530701817
044068100254237042073093004436543006
097132071162116246215082004436422406
044023212135212171082252004432774106
097036125159199204093251100303871417
213179055070205055203066004432182006
122028053239135079171175004434153906
146089064135194017013009005876097106
069207226066240063113219533290008006
044206180009212202218073004435772006
124050093147192029093243004432851206
062252025031198231048022000225669006
047101246214237042073097004434724006
200124200090192182193067294680012317
152001058174199152015182004433086706
033182062240116246215120004434311406
097085211066215163165108308105018306
133095219126205180084151503212556517
127168149027202028245016070795431606
197249131074202029011210014334936617
156245142020199223124076086800313317
086108163254199224098189592190312806
107027037084135079171167004430889406
044200000015231225123094000533754517
141183211149202024006255004434331006
047101070053251224090019080805613506
149042101045207180012223092170104317
137234065155237042073105143760008006
249143060071231225123092000534960217
104053104126205187184009121934804517
044003245085215176002052004432627506
073155112250244022199145004432657406
136237212214231225123094000534058817
042207241235139072053034491606054517
044060248034205164190034004435758106
237042071042237042073101473520044306
070243079058205125086255000804574406
083180176171073165080204574360044506
119132120164139218240061004433808006
070243079058202024016014000804711806
119033057112205219057179307310005317
228079105182199224109199004432801706
127183004021244212075229000803481206
002156120094244038133045228232916106
213175202210205066246249052225186306
062246068239116246215076000804401506
063175069033064005155209004435657406
047012253025215163203164004430997506
233123090170240183004233421785051506
057184217041202028158056001612965906
044024098189116246215073004433793706
100208217209231225123076000533767917
075091213016237042073100397360008006
231148132087215018163189004430382806
016237093032116246215069004435171206
142215082130212230173063004432062006
223007030181237042073103004430659606
093123234034202030006130623500688106
044000083182237042073094004435985806
227003179209202031011070004433335706
021120110123205212183176004435273606
041149159087202031161220099984936006
016012080206237042073092000803531406
116118126138016048144184000000000001
136227068188192166172008358800002206
047231187089205249056119320055653606
063166040176116246215076000805656006
105045215168215004019210033895876706
143011220062116246215034000534606617
206240164181244158005052059385315806
213173038244205164097223004434139206
197085153095073165111053528230590006
070243079058212194091222000805306006
142007222009215255062089515406398517
021084065137116246215058004433915706
206097149051205184066210580975407706
093041037031073165173040641590044506
247003110196212197086144092120930917
047028069032205213189189004430360606
157130128143215177242054000802674306
152200233234205218158237004431809606
109254196255240183233199576580143306
213187202254050062034037004434947706
218225091039205113252250000805909506
021120125181199168153015004434947606
223003050110244001022026080605006706
152098023154215177155007030740307417
239213054028215163115082052222795206
148092183118215161046210027034613206
047090142173212195089170004434729606
127168149027202031025050070765058106
075225162033194042193090004435113506
044002014134237042073094004430717206
062249253146215163113193004433521306
044003159019237042073097004430837806
047026107149199177245245093392684306
213175202214244038195045004435898506
131121155099202030111236004435028406
016012080229237042073092004430360606
208070209173198231053138004434184406
101160237152205127142122456130190017
044037096150192022173005004432639706
086096117197202025226189499730002306
135148201219192029095220000802833406
042094032059205236085045010295720617
143165144248205239092129004434937206
249070079099207012143083001230012317
126117023166205249010089239153387717
230123143099207022024194000805297706
055249088218202031160004639654927317
063146051199135079171071004430719706
206157040179205238171078004430613806
075091209200237042073107516380008006
213175202197212034247050052224390206
070243078127199168236042000804877106
140180208166244127020060088012649817
044006226094237042073097004431291006
073155112250205180101155004430284206
047034096136237042073101004433420806
047081231144237042073098004430704206
134087217163194041041166583860005317
113107211026205239062137622236283817
213176048215205139034077052221653406
096019043176205167107229036580365817
125228248198207183143211100864864906
062229053223205236085013004434042706
047033096037135079171185004434395006
021091196016116246215070004435268606
213187194117205180139218004430627206
123188091044212195128205004432290306
076177099146207183082230052224924106
044202017032199168153244040704480817
148083148054199177251097000536474817
050084215093207001000068268404929106
136037243004244067209150283064358717
073136109206205180122105499655957217
112081188215199152014239080682664506
218225159156116246215075004435474306
248068066139116246215094000534547217
059211238235240063114060004435175406
064004255035205180215253000532041217
030214172228199204119034080805841106
070045176232202030065098563724925917
016195143020231225123080000530656917
047170254249237042073102004431341806
079046238119199204078060426855133606
237042083120237042073104406740008006
131190122249139143018199004434689806
044006122120237042073107004432417406
213175201187138091016126052222695906
244199180007212195004146000805413506
218225159027116246215220380400008006
104160174088231225123080000532569017
197043152176237042073095330580044306
058091188052212194052022004435169606
044006122120237042073105004433039006
016012080234237042073107000804685606
206142124028050065216135136120044506
206127246250244158005197000800384906
249070079098199152015186001232695717
237042118018237042073103572320008006
231225125185231225123040000000000050
030182042067202167001187004432789206
074250101244199153047033244264219917
078133065075202030157124599630002306
135214201047202024004189000802327106
047123015178244248042030093395414117
201121233210244003026016507524763717
041241100147212197033222004434805106
208070209165244248167022004435306506
213175253228240235109109004432708206
104210017147198254091122514130322617
016242056115231225123091000535056717
247003110196215162036209092170930917
016012080209237042073098004432508206
223239004172199204092138004435487906
056021221112205112119107000805586506
016228207040116246215087004435000606
237042071030237042073107004431783406
047160131072244248042099607725698806
021121021016192022160221163843080617
192045173208240063017189385861100606
210011215050202031186106227704778317
109153041043139005144174068833580117
044002105251237042073093004434172806
076084179115207180051202080023571306
141236058060231225123093000530455317
237042083123237042073105290440008006
152157244218215019109100000804617806
196014049172231225123075000532360617
070250047018205239062165070034553706
090054075087199208051072107730102417
047160161102116246215093004433429106
085054123129073165111036514260044506
058039120095212197085206285870102417
047169209171237042073104004432521806
200174155096202028024230368805902317
253102008178205033029114001230012317
213175253234205139035254004433724906
223007030181237042073098004433402806
209239070085205126033096004433834306
208176066172202024006162000804585106
064049067032194042193179000530106217
091102181085073165107051505090044506
213176048167244212229043004432688406
044008206253199153035028240502205117
097133018056116246215026455220008006
202217215109205212228177572750866006
137067095126207180012205340473070517
146033168173131026013121522460044506
062228148042219092051176052233497706
047109074090237042073094004435993406
047108127139237042073093004432568206
044026241102237042073102004432780206
152049137128199136070249004435644806
044068123008237042073097004436302806
076084201236194078251208001236077617
097225105146207020027073462682083317
200124200090192182193067140830012317
002111124066215176183190001233893517
073146107041194078222109000804064106
213175202241205183125141052224557906
044037160143138091022122004435985306
101003044254240063115086208953449917
131026029070135079171006647050445506
042053018250073165173078546140044506
102162120037205251207214632110104117
062249164233212171083145004430159506
253102008178202028130096001234389217
213175201181251190081015004434532006
141236063238139072051021000535495017
021137022206116246215095000806037206
117162078028199168152210068816294017
044201028016205250088122004432714306
196154009237205200226112080004626006
062214203082244248213085081145467006
213173043239198231053138004434591706
135033200066116246215074000804132606
007234108210193065040046000803309806
131209141070116246215111395780044306
076084085018205125180182092120930917
213175195122205236103252004431036806
140169199136064005155139004433373806
213173043249205183039148004435505006
002097084066122195111160024500044306
044002014134237042073103004433310806
147250115028202167044253004432747706
210013122221198209185095594442676517
093119140066131114013062134145245517
201192158151212030093130584625162906
062243198239116246215093004434767306
253102008178050253233251001234710217
130234064207116246215092004433590006
238063074219192166170045554460002206
044026234095237042073099004430299006
097132101087205166127066000805893106
016012080227237042073106000801266406
047188093081207001186130004432640906
204079039027073165090220641600044506
223007030181237042073092004432272806
131000224000205032022207004432697806
237241130097202028146001004435548606
044007016245237042073104004430541806
231148133155194039043003004436280406
203024174235205098029246517932889417
127107231251064005155235000804033806
047122069216205066245181004432923106
044222129104215007140142004432698606
036056000039207020031042018644934117
079121155115198247239021370750002306
062246073063207183082162004435979806
153172170021198192207069606820909006
103227026008116246215083004435962606
203147235052215167251096387780002306
049152227243202024007039000805232506
015218210167199169214086340323335317
231148131054139218243210000800699606
044017055027237042073104004432860006
064051160250192030038001477192418217
131210219147215167248113000804932806
044000015180237042073107004434380206
149042101045207001008036092170930917
239213054026202167000206052220266606
135084107064237042073101000802829406
135072013194240183051070354995603606
106162017096199169214220413064593106
062205196134237042073107004432204806
047109177040237042073101004433966406
196085155187202031155250000000000001
194222196185202030130244167621281717
101221189082073165054253496860044506
197043153079237042073097000803496606
050067246231202031067034099994715806
136227068188192166169152475520002206
064031252136116247217215336120905006
211038129041215177154201004432680117
197143138162194038088109004436278806
142215081146205199063110589742441117
044006122120237042073095004431293206
223007030181237042073092004431065606
070071046145215161084017000805536806
149158116057205217165050004435000506
085120085016205216063065000531753517
196052037242199204070132151534915417
131092242168205180045136004655683006
064004248225064005155231004434475106
048181106054016230168186633270008006
138035219029199153101201089991676217
243054196215050123066159004434324106
076084236255139093083065080701104206
030054086185207180015129585000452506
062247021110212227179066041004755817
048039050108192182239148626176018717
044086032176198192202242004433142406
152009175082231225123078000531567817
130004046201192182212184000253404906
047108234002199169006160004433440006
135084107093237042073092000802294006
016012080219237042073107004434162206
048105231244207000067229288350104117
197241237050199153110165497815338406
070243079058139219137108000804015106
101178073211073165173010550110044506
041147013142207001003108004433603306
047006112021199177248203081123786106
063163039130205203000064100515006906
253102008178198193176245001230012317
016012080208237042073092000802494206
048160131178199169194038384060008006
047045155105212227179009040172830906
041155124114139212124057004435759406
044084128086244158005053000801168006
109205036154205230095122538382295517
140242147057064005155133094823786906
044039070211194207241090004435356106
202217215109207183143142572750988806
130150037145231225123095000535622817
047048130064205112188193093395877017
066172040202116246215012520840008006
058001021203138030194234059386076906
044002014134237042073101004434322406
049089171061198240074165567780046506
136227068188192166174083442530002206
047038101050205194245065093393189406
131051241093202030023071088015880617
044084080120244003241022004430254706
253029236167202024005100000801142406
063175231215205126034214240104843217
218225090099064005155210000804251606
141183211149199169223159000804980306
148067222062244029048171000533651917
197074092227202030054132068810688117
040110165219205126137111514136498617
112191120173199177087009151085492906
021120126071199177248248004436313606
148083149019202031125065005140150006
126168069044202118062080004455074506
021120110038205212225023004435449706
134134152081205180139218004433098606
213179055114244205153202004433791606
243054009042231225123074000530467617
218225237182116246215023000804489606
047177019187205219222067004432943506
140065118193064005155137004435014606
231148132005198243139025000805098106
101191193131116246215095004435557306
007238181117116246215157626750904317
128012246224231225123081000532302017
002136178219252248027066080883719006
044048026000207001003109004436019906
123188126162139061080218004434873706
119046101194202031162191099984589906
141236058109231225123078000532804917
155038086115212195089170000804945106
044025190174205126037152000000000001
100197034182202024007108004434018006
044086147131198192209146004435207506
134134130177237042073095004433984406
047051249211240223037058093393784417
044092027170135079171142006363798606
224000187093215163175049532030183606
016195143026231225123090000531704017
131192122245237042073105004436499606
141236058138231225123073000533388517
223007030181237042073092004433003406
113108002234192254115188537882240417
212143024180116246215240643300904217
137155006089240063113182000534962617
073155112250205239053130004433769106
213179055102212230181206052222764806
044093235079205250088198004433777806
140169207158116246215087004435389906
135072013122205164119185366156379806
047109144143237042073096004433993606
097133087114231225123081000534349817
135084107064237042073097000805003006
062195108004135079171145000804156706
114099157142205218014173004455631706
249070079099205211049134001230012317
124210131037199224099094004433625506
064004255129231225123094000535363217
249237058089139061160140000000000050
062241036084240235108140004436168006
130150037145231225123091000531894117
237042071047237042073248020010200117
237042091048237042073097514800008006
195126123074199169014182629705592706
112159119131192022167203226604916017
148083149210202030179228005140292906
044033015219244031010027004436229806
086172226219251215117042582206217606
070194246066205032018117103104951806
063147052086135079171142004435365106
044004199049237042073104004433907806
055232153189231225123074000536369817
135240062190131115182135004435692606
044001159232237042073098004435255206
223007030181237042073096004433137206
047081091076237042073094000806171006
211228148195240223014061633015165206
201072135153251224090061000533993417
044222069011244248213082004432654406
044068054122237042073101004433475606
127254177245135079171191000532057517
062203139120251100165146004434403406
218225091066231225123075000532069117
106215144157192182150140000253455106
047026144203207183082162081125994006
218225090034116246215092004433961306
002089230148205071019011206020830017
002002132220212197209023004435110106
016012080212237042073097004433295206
146035191097244029213182005873395906
041145049018207012135009004435991706
140076018204194043146249000805180006
044068078155116246215084004436165706
008074003030205180056222004435015706
048181084173251073189020000802733506
079121155110199137225250440740002306
236146136232199169214025004430420406
016242056115231225123090000530883017
096043109243207001174194304984313017
047173042160244003026067004435650306
151198129011194043104150570830190017
044221034014237042073099000801993406
226025153115198193176013097355155306
249237198186249237198146001793670806
101185214218205032024094403381452017
076177103226215177242182052220545606
047041028009205149045065004432646806
213176048252205066248021004435154106
002120111146205032022208001232642417
133233033077207012134080089996380417
044002014134237042073094004430916606
140200069009016048144184000000000001
244022183144205125071037000000000001
033239237031050253170165004435289506
047109110150199153108129004435171106
075249190070064005155195000806105106
136227068188192166174053423290002206
064004255129231225123093000533428717
007240006020219092051205107792830817
148094169017202024006070004431717406
131208002242215006173242614560160817
048161124144240063113219546200008006
044026142147192022161021052222683906
135243026062064005155174000806207306
140066162047139093089118004434074106
112096067220205166255078510553725106
237135129108240223215225000805031906
044017138240135079171128004433217806
044033081102212227179141004433878806
021098062006064005155132004436049006
202217215109205180085227000000000001
218225091066231225123074000530229617
044055133239231225011175004433809206
070235052003202030099146389030688117
240130175062122195111160391440044306
047008147015244248141213004435163506
223239026122251224005107004434951606
047011174045237042073096004431309606
237042118016237042073106608380008006
073155112254244157132149004433516706
141183211149202028205069000804363606
237042083122237042073105403760044306
076191125006205239062002004435962006
050067248009192030065139000254256606
197043153097237042073094004431417006
237042071030237042073104249480008006
070040006245073165172121631230044506
073155112250215162114145004432623806
213176048092192031161110004435348306
113105025200202028023077635462138706
119132120166215022004180004435704206
064030203063116246215118442790044306
127168132018202031017091004435829006
218225236113116246215087000803423906
202217215109050255155213572750822006
054146019149050062046165040202710617
044011175249198231053138004435712806
016012080194237042073097000804115406
016227152207016045106040000000000001
113171201160205148082075000805328906
210061102046215177154201004435431117
196092076117116246215069004435020106
210030029151192030008238004436502706
213176055236205066245181004432674606
063160200042240235109045004431894506
050075178106212171149168000225287806
053040142198194102247249215523871517
025206004233050065250059651350044506
134194241010193065015046000801047506
100202255180138147091152000801954106
096069208042202031037138405005032117
047081000167237042073092004430931806
133212180218050122231189538736284117
131134146233202028099084001233802117
197070150212199169214054000533596517
146083214013193065070237000254945506
213175253246240235109089052225135306
044055088079198231049105004436184606
047168035121198192214196000805296606
141236063126135079171167000533098417
047033066165237042073099004435458806
044027253156237042073098004434567406
016215208159237042073097000802479006
197143138162199208048143004435124506
149158111009192022167021000806206206
047169053066199177093136000804553906
253102008178215161047173001233779717
213173027167244205139070004435631306
196052037242192182190068151514915417
075009214061050123054018000223452306
231148130073205071136217004430147206
237042093032237042073099004435114406
044218070036202024016067000802795706
044003245085192029215253004434140306
093047217184064005155189000805192806
070243078228194102248233000805013106
211210206016050248122014004430202406
044068040242237042073093004433715206
098161121119244158005055004435182006
133074226221073165054244516120044506
044010255062207001175102004435556906
044024214185212197255012004435210106
135148201219215027221225004432848006
218225159112064005155201004435254506
097133082094231225123074000535298217
044201196116064005155209004433520906
141183211149199169214025004430983606
070032085113205250093114588150002206
130193176183237042073106000533567017
196093217241116246215136511080905006
119034045134198241230045008080525006
016012080226237042073106004434657006
053034027045205066245181278112902306
047100068026237042073106004432022206
047100136234212195089178000805233006
049018094019231225123091000533849517
062199082095116246215079004435875106
097245016135240063017146351575098017
096009094243073165090005558720044506
213179055100244001197226004436180806
092227243253199169194038366610008006
016215208159237042073092000804705006
223045056025205239062133549724176717
070032085113205066043040588150002206
097215183243131115052074012071065517
152157254217212202178220000805126406
113181108042244127157143417276483906
047038156255240183051070093395194706
212235199060205251202104000802584406
151198129011205071028170189940190017
076084179115205139086109080645714406
016012080214237042073093004434626006
223239024084138030192061004435135806
047169094069237042073101004434629006
109205237119240063114123424880141217
033189068207205211122026000805499706
008074003030192182098016004436168706
062254243211205239062157004432752606
076084179115215163115082080645683006
047170193022198231049010004432811906
140169199213064005155139004436267206
140066162047139093089118004431512506
194202171039138145199250613485988217
016012080226237042073106000805040006
044027179127237042073101004431315006
249070079098207012143143001230012317
148067222062244029048153000534921617
047012213098207001129237004432829506
044021030170050254095178004430121306
073155112254199204071146004435379806
116152239232215106210078000805819606
041244015124244205122161135314261906
153035107196073165090197638330044506
143232121191199152014224150502943506
195037203016050056082029368372725817
016012080235237042073106004434210406
016212182045192167124037004433953706
015052116079205071020216634652254817
044026181255237042073101004435342806
140255108191205211122026004436004606
049196021245205211061128004435097106
096071077124205211043037547950688106
107079205012217010239155461160514917
073155112254212030199041004435675606
097234194024199224107044638632844917
247003120169138152126233000803675606
092016015050202029031150617591699606
080207159146205071021003022594489617
079121155110198247249163451970002306
037010002091199224098189460270312806
007236109088116246215243536550904217
197243251072192182019062267465228806
141183211149202029072078004435333106
085128150012073165228196254390044506
104067210133073165172054529250044506
125020145094064005155139000805918406
044222122099207180189136004435845606
228222218142212195128205000000000001
053002072232202029094021127603146317
135084107093237042073102000800772006
097086084219139093083243072250002506
047185094180205250088220004432843306
203224026105199137224001049040312706
253102008178215167027173001230012317
084112087153073165073014360150044506
159158030124215013072176142154995417
254216004113202029176228101615468906
136053123191205216097167101954509317
248138141038244089054164001233634817
044009041189116246215076004435564506
044002161222237042073098004430235006
157202008207198253220163321720012317
122022101208205180012190000802617706
016228094234244157135057000805751806
057184217043122193087121001611209506
063166040176116246215070000804491106
063166040176116246215076000805693006
213187199253138152153115052222342706
050075028226202028214077081014938606
119136137162194114055066004434214506
086203229120205213161098537910115917
049196070034016233082200000220008006
044006157000237042073104004432372606
114138127019073165059124503070044506
228202120167244003026152004430104406
140242146114116246215087094825376606
221147094008192029189110004432752706
013157209173237042073102080022969806
016012080225237042073106000802888006
059166073202205066245181242886046206
033236230128116246215084094825792706
135214115124192182097087004432211306
208019071079202031160004628764927317
113106213197050057215099068815114717
124101052211135079171152004432352906
127101028217215177242182544982759317
243054081014231225123081000532674617
044021176170205236091041004432629806
131134146233251224004206001232560317
218225236252116246215069004434725406
044027144165237042073095004430502606
034108101098139218240252183140808006
055233073168237042073105000803598006
218225236129116246215242628890904217
239213054095240235109085052222629406
104160174090231225123090000532339617
114077099181215176180175004435494906
070243079058205200173086000804199606
099169220210073165081083643760044506
030170086241207020027127270324724217
075067180034194100126165080654945206
042093111045244003240047010953616117
223007030181237042073099004432667006
200094225233205112117147004433556006
027136153123202030187048037246301206
223007030182202024017107004431334506
213179055073251190083176004432863806
047124149255207022027075004435017706
016232234031116246215095000805891406
047168186061237042073104004434259806
146074221204205236231226516300105906
016013243073240183007110020050120017
062206042000050254095245004432810406
016195143026231225123080000534148317
074144126252244127157196566922566806
032179199000199224151090004455871206
213175201183138091022086004432626206
008250060003198209159050000804092406
231148133122199208053196004435815406
047027028108237042073096004431917806
237042118016237042073097551380008006
062200046208198253203197004432581606
083122012113050123170110239456383917
218225091067231225123077000532722417
140242176158064005155200004434438906
213179055007205187186221004433473306
007232071059116246215156398800904317
016012080235237042073098000801902606
231128055195199153105131579860548206
194187210001202030162027332895784617
047176088068237042073092004431752206
107215015253215167248068587801993717
131021132178064005155181000803865006
044003205117116246215093004436249706
248199225146192030038196000802827206
057184217037202118175060001616403206
032103069001199135046253001233339517
044056037156244248142029004435968206
041167162195202030163009000806043506
044060234054116246215076000806441106
231128055195194115196249579860546606
036218205057215176008146018680222206
130150039160231225123090000532647317
048213019078205187184126080013955006
193253240048016229023026330470044306
253102008178205184035113001230012317
196177090162205032251042004435436306
057154198222205218030093637310808006
047101246214237042073105004435933406
223044129146192030057115151510409717
218225090003116246215071004436183306
021120108114199152008217004434929806
231232010087192029095201017614533717
062208079208131115009085004435962206
239197004086215013075193071725297706
202217215229205071038231539510403006
070243079058207020253194000803243606
025168170199205217251232203830105117
044002171124237042073097004432596606
047173005051212030157184000803294606
248199107125202024016246000803533206
197043152173237042073104613000008006
197171166217205250038045077875379606
022175186086212195125024000800228106
237042065011237042073093360100008006
073155112250215013112198004430143506
208178083102050062046170000802728906
141236059010199153055033000530856017
021120108115215022058072004432096106
016012080226237042073092004435068806
047173247056205185134073004434505106
044000024175237042073105004434862206
088197057089193065045027000000000001
197036194146251215118253458435841306
044025168013237042073093004434368006
247003134104193065046178004435163006
239213054029205213189164004434946106
231148131187244067232090000805316406
044068050068237042073100004431898606
249149201032194114063221004435340906
086229034076202029098246171220688117
197015102164207020027127000805064406
213179055097215177242058052224427006
200162000127073165089064607160044506
044009084245199168152226000805972406
237042090150237042073105322100008006
059170032131251108225222202684050017
104220114067198193186126000000000001
085049088116199204126212400032657217
124050093147192133087241004434920506
062213188132198222247178004434293706
223080223157205211035143000805197506
143232071143231225123081000530186917
076177103199199169021085004435563706
221082247052205066141064004434084106
233045186222215006174053102020002306
213175202234192132094028004433849306
210030029151215106210142004435040206
015076235055202031186106648574778306
041167138164194031041250004434466006
047109124198116246215094004435909206
112081188215244038195045080684923406
135214201048205239062153004435224806
034241184227192182036056005873967306
047109011029251196216145004435176806
211253220172194031033031521121167817
211247090171138091016163004431550206
213175195115240235109034004435905606
044208148222205239062133000803429306
224131140092231225123077000533445817
080199103083205125078113526552685306
143170204072198032084099606580812906
016012080226237042073105004436086006
016012080210237042073107000802661206
141236063126135079171167000536382517
075022168017135079171185004430323306
044000190172237042073095004432852806
075091212243237042073098000805151006
223007030181237042073098004435098606
249237198119249237198146001795784406
109141062091212034179230595740002206
147189011090073165105153524880044506
076083243068199153047106004434940206
113175002229205216067105405530513406
104053132174064005155181000803396406
047032110241237042073104004434175406
098147042014244038133045275722916117
047063092145116246215082004433764306
253102008178199153052244001234402617
148107240159192030007219000531953217
132121235228192022167203632014916017
154025066201205138176063501003710317
131174243018237042073097004433603006
044004052172205187184005004435392106
134194243076202024005112019350657006
223007030183194207242066004434974106
044039015074248200034125004434306906
227110019242205180013085129113881606
002196177179202029111184638570899917
044200011030205194213177004435881906
013024074201202031052210321001925917
062225046029194207240033004435266006
151198129011205249044202189940190017
047100153006215177110252004434373506
016212182045215160090098004434647506
152230007156215161044141051953613706
063165127222199177248201081066174406
050063098212122195111160090780044306
208191227194192166212149004435103706
015043163109138152126210000804596006
075091213014237042073106004433019406
066137095039205212178253000255373006
212129169215135079171167004434027206
196052037242199135037042151520409817
057184217037199224150141001612657806
147000004227202030125115023994198117
250171038012199171090115513953988006
113111205099139180034162490873327617
032181035131192167234157059380704606
213179055122205127097050004435574306
134009127030231225123092000531382517
142215087124212230037230320006124006
226154176178215176181128004432720306
200222118227215006068138000806007306
243165162048202024017063004433252706
044000015180237042073105004431039806
213175195107205251202230004436079706
044021013055116246215076000805656206
105197163132194114091045514135115017
016183186024244020056032000000000001
131134146233199153047216001234553017
044048010240199169005021004434107106
008075075230198243031159004435206206
016012080214237042073104004431417206
075236040201116246215058000535083117
244014071021215007246013004435408206
044025006094205066246012004436049806
131210135121231225123078000531662917
218225090099116246215086004435268506
062248084111199153099215004435891406
062247018015244205131220004434573406
135084107093237042073099000800586406
127242060191199169205015004430177506
208070209183215255200002004433858406
070243078214207001011144000000000001
141204003055205098029167000800111606
044001001217064005155175004434496606
213175253212199168225246004432628406
097132071162116246215093004435133906
022196105122244248165093081065337706
136053096056192029095215100250928317
015145030175244038134057372050808006
032243075234212202218079563696493106
136151102220202024017151100062137606
048181080144192182096032004434222706
044198088054202024017097000805834806
105145113218073165079071598970044506
047119196251116246215071004435803006
134075124054116246215021000804687806
062199180086244248213082004434223506
131003116161205180139218004435301906
044005076192237042073098004436134206
016012080235237042073096004431060606
048165211228202024006099070006035306
100243141183199168152210068816294017
197016034018192182170056004434592906
044004112121237042073097004434836606
047101000113116246215070004436009806
219122166028205098239114514136468917
063161004001205236224151090013785706
213179051255205195123237004433960406
106220187018199223126076615894956306
116069050251198255185129004435319906
131134146233192030021131001234788017
216098152196064005155148000805773006
044003061204116246215082004433803706
237042071049237042073094004434649606
202217215109198247242085572750511006
044020212005205127099016004435940706
008075075143244003005243004434050306
110038052187199171099193030740307417
213176048114207183082162004433831306
007234225066231225123094000530283617
097085193109194078195129177715725217
044009151213199171111039004432670806
224134218246244029048153004432773806
133213054225192182228038534862742606
237241146012202028182201004433789206
075091213024237042073106633120008006
129105069053073165105053637410044506
044022237179116246215120004434755006
136053198152050065250075605860044506
232188051087240063017174000804800306
044039154002205112188166004432796206
126199180073215019149245321166384117
118122075245231225123091000532304517
016012080234237042073103000801763406
199245174091205126033241435532656317
200222118228199224154086000801300206
137175039249202029027055645710688106
092016015050202029031150010261699617
237042084202237042073107231720008006
073027217212237042073104004431328206
196042229131050062046170000804392706
218225237185064005155174000804975406
136053100094205185131013000535704717
070090145152199169201019597760338906
223010207032205180074000151524915517
110104194236251190082084603330598706
089116227236122195111160534860044306
073164076242205239053110004430486406
153071177220199152015182004432387906
002002132227212197209023004435153006
041146197133138152125149004435518206
195067165001244127067110117704730317
085131132188073165090139492080044506
213173027170244248167186052225048306
100197036128139005144145004436421906
135033200082116246215068000806103306
044222122051116246215083004435879406
062244027004237042073105004435777806
237135152106199136065109000536519717
047123172000138152126165093396041117
213176048175194038094202052225770306
237042071023237042073104000803227406
231120103118135079171145004432873706
076084085018205250244146092120930917
102176138043194207242004010500935117
047168113113199224145253004432678406
152157244218205125079236000805338506
253102008178192132041161001230012317
075091223112237042073248020010200117
047110181203237042073099004433591006
124045100169205125180090386753343517
141236059140231225123090000532451917
124101052194135079171198004432223906
141236059084231225123078000530593217
140075251107205200226152000534899517
109028147115205212180024509435624206
021120111005207022026079004435173206
218225091066231225123072000532625017
231148130185202024017115000801643506
237042071038237042073097000803845406
136004097232198247228194292550102817
070059162084050065216179576590044506
218192201032199224149004004435796206
213173043230205112188193052222647206
139169064229116246215069004433965006
213175253240244158083033004432630306
034108125178244127141129036460808006
075091213055237042073093004435239806
034073138047215018095037000803308606
075091210247237042073103244800008006
093123090035244003007245646710899906
146094052144231225123072000533805817
044001001217064005155180004436011306
149042109042215019233023092170930917
140066160185139212124083502420005317
047032110241237042073095004434126606
216077172048064005155203004435945006
016059196091205125180236004435068806
200127104211207020019036000805513406
047124176161205184032065093390275717
223040073070116246215087004433557306
096050139120202024166005258601480517
223007030181237042073095004435770206
073165226057251100210164004455788006
213176048185205139034077052220171506
196092076159116246215092004433894806
044219076047202024017239052232619506
044090247097199224156213004430467406
016036124160064005155193000804359806
130150037145231225123079000532786217
110169255012212232237246146043485317
223044129146244205242088151534915517
155017137152199136083117287172206817
048181106054016230168186364560008006
197193124226231225123092000534738417
197143138162244248167058004435377206
073146022027244248042061004432835006
218225090010116246215071000805926606
122199012192192030023072021875007006
135081225139116246215234000000000001
223010192238215177242038000805018006
141236063131231225123095000532844017
213187202255139152086154004435362806
119033057112205219057180145090005317
044022119044215163164155004434116306
226154176178205166253128000804460406
123188126157205218015149000802642406
213173033193199224222250004434990206
047038002141198231053138004435798106
007239235063116246215070004434363506
047119177027116246215068004434323206
070058056166212230173063004432629506
073155096003215004018236004434558406
047090001176244248167022004435440106
096189177194202118035010445730808006
091219149154073165173162605570044506
047100144058237042073099004432885206
103119004169205250094072000802266806
036046111036219092009071093200910117
130004046117192182041057000254964206
238063217233205216206199408860012317
083036129069199136067055035733988006
063167050192064005155235004433280306
130004046201194041040061000253677906
136053123146202024007196000804850106
062199082095116246215073004436080306
232188067125215022004182000804760906
127168149027193065050066070794921606
047109074090237042073097004430724206
195222041230202024017062000805871706
085009247098050122231189186836171117
096009192133205166122175004456090506
149042101045192030220233092121033317
047100153006251100165026004433368706
044048021083212195125025004435987106
044025079037237042073097004433009206
021120124167207022024194004434955206
070243079033202024017135000803217306
243054196224199169214223004436182906
063165076061205055201022090014986706
050084201034205033005181152254915506
067008117172202030006105068816047617
126003129233231225123081000532645117
110099038255205071047204213583418406
104220057128215004019210033895328306
062217194029116246215079004433573806
213184192012215176003245052221699906
076084179115192030047042080643934306
016198184190202028162102004435238306
064004255129231225123078000530780817
218225090016116246215087004435528206
016012080235237042073098004432543606
231148132059207183083066004435446506
030010149249205166042137058042682317
218225091066231225123079000532090117
140075193255205055203100004430239506
044029125017215018163150004430311706
080210034218192182087135010351308717
213176048006244001169077052224734406
251103156004116246215218019355948806
041144006215237042073104000803698006
032169075190073165104119571830044506
076177103238199169003109004434217306
197136100164193065030197059385368406
016024120178194038091109004455168206
213175201160207001186130000800228006
030155146032073165105028628310044506
155038086071212195089170000803304006
062247021110205250089102040105875817
012130128129244212050188000803331506
076177103211205138176011004435871206
193253220039116246215053516740008006
044068040039237042073099004431657806
231148131083194042202195004435569506
050084201149205251202012294684580306
140065118211064005155245004433552906
062242213018248200034121000802046606
098124184197199177082113427093760706
062238208086215177108030081045936717
047001242055199153042029004435071906
147250125154205164117114000804987106
156243032191215161111253000804635906
213184192021131114051114052225722906
237042091048237042073097515060008006
044027081128237042073105004435683806
140066183090199224148145000000000001
213187199227205066248140004434973806
100208038211116246215086004435567406
241152130068215177165018599012980417
048167030099215162036101080005188017
136227068188192166168090594120002206
042054220009073165090016219920044506
109040106144231225123081000534616817
110027210104194038149087640165389906
237042093034237042073106004433143406
075010177249202029139040611925138117
070231208182237042073102613000008006
123188126107252248147117000803117606
103222080014064005155107000805253206
102011210071244038133045217700404706
141183211149205194210075004430291806
081100059058131026048064642040044506
213184219088205216060225004434885306
047006235119215177165018004435288306
129048012205205139086220092120930917
075095166072199171104072550025057106
044002246015199208048165004435060106
218225236073064005155210004434140706
101221189082050065189110599580044506
131210252196205066136230000805001806
062232029149205238169146081180102717
062254186005199171100001004435018406
231148133016205112174190004435833606
197122065205192167123098004430260006
072156152240122195111160359220044306
126035041075193065050114004455534406
141236059042231225123075000530676717
047160234039205219223080004436011206
131190120054139143018199004434501006
058116070082198247248212550850102517
114066046099205166125220004435344606
152083107093138056079079080904936206
048181080127244001199058068682633606
044029250168050056130221004432703306
196093065108231225123076000530128617
042090175011050065235096200940044506
218225090026116246215093004433872806
247003032031205236089082000534394617
148137206208199136069168004432642006
218225234239064005155229004433291306
111199203062192022167048087665120917
057184217041198032173126001616300906
134164178099237042073095037560008006
141236059183231225123090000531237417
027136163099202028167178004431027306
103155113147073165064071510650044506
109226083127212195130255068894650317
062246073063205217180050004430331806
079080228217198033079155561870143306
034152068176202030189177201281008317
146180088152073165228053531840044506
129031097183194017228038000000000001
062194080078212171016078090015539906
047033146254237042073095004436170806
054108243116122195111160594130044306
016012080214237042073102004433647806
016242056115231225123093000532702917
143238249247198243181183004436203306
050019110114050065143088610610044506
122144057075205148017045082924530006
073155013102198255165210004455971306
076177099146050254094248004434963806
203093003035244038134057047620808006
047123007234231225123094000535814817
122143159112198247224048001100416606
080082152208205164099200000804313006
140075251124198243029005000533582017
044006226094237042073095004432522806
075091210252237042073098230760044306
209088107053192182097215274823914017
193253252148116246215026320650008006
128064103043231225123077000532696417
075019096141192022160221055004925006
210056105022198243077213521805547317
121208006168244003007245557790899906
044009195091244001020026004435096806
141236058027231225123090000532842317
103113186049194017228064000225444806
070053230154073165108132621850044506
133092239189073165228056584480044506
146094051016231225123075000534554317
047030150108212232088050004436043506
100124021229202028222226004436142206
044072030007139005154013004434956006
075014075197215019108010000530205417
047113216160205167104005000805818206
108074093146073165228025303910044306
075000118028199208153134004434954506
062196211223202167046110000800303506
047187149193215163164234004435101206
223003174028194078251127080805730506
197016034127116246215093000803940706
048162040236199169194038561140008006
131024048041205033005155000000000001
008074003149205217086043000805397106
073155112250205185134087004436050306
237042066203237042073102000805589406
075247165185116246215244371930148517
021084067171064005155201004434639506
016012080230237042073092000801257606
224115233227202024007102004430102806
211023002087207183146152005874472206
030214172167207001175125004435006306
102033018131198209152169452964050017
152200233234050251219057004430219006
149158111124205250090098088976083906
073027099015237042073096004431917806
149158116052207022029165004434915706
119132120174215167248091004435136606
148094033229199177248177000806006706
044001124039135079171198004430286706
030015078045202024007048004433843906
110126178073202031108004010245219617
070243079058205194244185000803751306
153170104025050065170111441480044506
062245204133237042073096004432931006
016215208159237042073097000802967406
075249190070064005155133000803849006
044000007196237042073096004431426806
025013203217205187185217351680891017
016215208159237042073105000806482806
193217126091192182023114146753179317
062201085059199137231134004435630306
204004066103198247233086000806027206
143011220112116246215015000805250806
016242056115231225123079000534545817
096065245171207012143020107261281517
140200069174064005155064000804575906
048160009164205217151125336430312806
237042091048237042073097514820008006
213173038232139143182125004432974306
137245213223205138232083314115500906
197043153081237042073107000800703406
237042091023237042073103000803453606
044024176172064005155209004436418206
021091197133116246215070004433692106
044063241019237042073098129211398606
140169207211116246215092004435971706
218225091066231225123073000536345817
055233075062237042073104000805568206
218225236112064005155210004435194506
047045155105251224088158040175060306
093022195085212171082154514135152406
073155098048240183007107004432644806
040219196030122195111160010850044306
197115078063205251200120004434861206
112081188215215006142185080682633506
086106088001193065118109080805073906
044036068142212034078229000804395006
195021029064192029095201153605869517
194182061228205035078210429730105017
076188203121192167233053000801014506
070243078224202029091194000805112606
127107225023231225123072000534831017
016198086058116246215029395600905006
081239012231207008082218130980002306
047011154200215177242075004431817306
062255178105135079171145004453713006
223007030181237042073093004434184206
136053100094231225123076000530821617
044058231250207183017005004435719606
231148130132244205008224004435222206
087024094246205164119021556873063306
137210053109131026013211158110044506
113187009216215163006231136620102417
021091199204116246215070004433677506
223007030181237042073099004436322606
097133082160231225123079000534757817
208178086224205213185182000805889706
131210253052194043146249000805181106
141204003055202024016072000803030906
109195228007205251200174628800102917
153114147223050065235163519090044506
044003062111237042073096004435978806
124044067215251073162224232806548917
237042091035237042073104004436337206
044007004233237042073104004433815806
073027217212237042073093004434377806
044008033006205126032162004435377006
105004185054116246215075118914148306
196177033039205166059066004431298806
041149159087202030065158099983782606
044203243181244038133045004434754206
044024248059237042073100004435944006
037167028201073165091201616460044506
113181143020205239062137263734246206
103238092240073165108049583610044506
139088103244240183051067267795643217
231148131015199224155162004430431706
104235164133198247252114161335080417
223007030181237042073105004430593606
096189149020251190158157000803989406
047160146119064005155175000804893806
097133087114231225123081000533270917
109247000255251224032205246082837717
082029151080198252033090632731419517
237241143068198209182127004435362906
044204077165212195089174004432762206
103243102233199169197049524742834417
149074024144064005155244004433710306
044010056200198253203037090012633406
225018101106205250088182080833527806
016012080224237042073094000804925206
047100179217237042073104004435640806
047230055048231225123093000536404317
136145193105050065214052637660044506
218225090099116246215086000806316606
030214173112244029212091000805980906
070243079058202024017073000802613406
237042084193237042073094324280008006
070059142037192182220113433085591717
203127068090073165059174551600044506
124029245047192030004237555010005317
134164179074237042073094025156231006
124045100169215162057212386753343517
192113167236205250089242412845133717
137109016165202024150037592600002206
103227026163116246215083004434495806
044001110112237042073106004433418606
030015095000207008086205004430114806
195129121135207020027127270320878617
055252131193205186046038089991734717
037146090237073165080174532370044506
135079189237135079171207080801259506
047101064034237042073099004432094806
021084065148064005155132004434406706
047110201205135079171142004432797006
077023208110244038133045199933545706
015055154242244248041067405004893817
129117087084192030101227000254193406
070243078107215027184250000802715406
047161227072199208058207004434028106
198140007065116246215027353840044306
112078144100207008082059622791671717
136044110021205112117059548410104106
044095105071199208055174004431662806
044068040242237042073103004433224406
140065118193064005155245004434896806
238063126187198255181085310052655906
013024146246202024016116000803789206
021068196217207001013094004435963806
044007138236244038133045000806466106
041216171184212171149168000224168006
100124185097202024006022004434276806
206157043064205185134075004430163606
044003214238237042073098004435707206
131000131135199168232145004435094606
073027151207237042073102004431472806
203085173226215019148157000802720606
119039226251212230042092000802736806
047049222157192132094024093392756406
047119053042237042073098004432207606
141183211149199153111009004435172306
238063074219192166174059489480002206
016012080234237042073100000806122206
042095062212199152081107051334943317
106215144138192182151197000253704106
097132071162116246215093004434902806
135003062237205164099210100012233017
062194190163064005155183000805786606
197135179072050254095178004435378606
063150131175205219219138004433491606
099210052209073165073009606820044506
062228148042138056032176052233586406
213175202218244127158222052225819906
079121155115192133028107390800002306
130229140154073165104223563630044506
098121230104240223014011122630102917
113205152193244157049236068814594317
213173043238138091022105052220172706
041147214040205183124152004432979606
047100205253198193188198004432725106
081126132070202030099010522855432517
152200233114138075181186004434971006
074105135065205239049238519843381817
213179055031050254092220004434958206
015043163109205218041116000801850306
088210204235212197210044285915312217
114242104157207180048009000805095906
044039153118252248203203004432898606
197016034168244089100218000801653506
223011121080231225123075000532783917
223003085117199169195068011944649317
016036124186064005155193004434528406
044072227219199137233223004432561006
002193069053202030145004514135707706
213175202121199169027163004432634806
152148062254207012141040004432650006
251103139035064005155107004435348206
223007030181237042073107004434606206
049196070034016238146141000220008006
247003207021202024017078000804198406
223007030181237042073103004435013206
236222172140205211043031178784981606
237042080195237042073092350400008006
047049076187212227153064093394198006
228079218253215177165018004432748406
055233178165198032120114550600002106
197209039077205113246034298083331506
244014179103251108225207004436413606
135084107064237042073096000801811806
196054220021194038080095004432410906
013025210071202029018029052235058806
008075075230205251202002004435088206
109050012042248200033193004432647606
197209039121207020027226413003339106
030015074163205212176228004435790206
139044150245231225123079000532406017
239213224176138091022109004434932706
142079205164135079171128000804408406
202217215109212232236153572750211006
072013072158194017229138004434874306
131210218147244067135010004435096106
047032110241237042073092004433671606
104048181215212227177234545630688117
016242056115231225123090000536381917
231148131013199224149108004434991206
047039010147198254090130093394395306
134211152076205098029141055555732706
098018186086205239062153204960102417
130004046202192182018099000255474006
062192142166199137226188004433334506
021120109084205032021168004435808606
102207146090199137224033270326415106
135084107064237042073094000803910406
214202232063205217248207099750002306
238041123190215013072176000806187406
231128055195138071021253579860546606
047186180086116246215070004434239306
097133082094231225123076000536144517
204096127004207022045039004430715106
044222188236135079171185004435998706
141236058066231225123075000536287017
044021084218231225123074000535555617
044025045054237042073104004432964006
114242109008199204069083004435128506
072011211078231225123080000530932217
044068198003237042073105004436031406
064030167185251215113218004434611206
208070209183205187184085052225312106
072011141009194017229034000530836517
002193102227050121229061572434343617
047011074112237042073105004432447006
044053070163199171206115004434854106
249158180126116246215076004434841506
044001110112237042073094004435087806
062205036255205187185082000803880306
064004255129231225123076000531737217
044006157000237042073101004433118806
044027179127237042073107004436369806
223239025152205239048153004435063506
093211108186073165111073546700044506
097133087114231225123090000535508117
135079188005135079171002000000000047
062196019159064005155181000805701006
044001136159064005155228004434153206
073138248089199153111101000805545006
044022093045116246215084004434949606
214133095129207022024166446642724917
206091050060244158139225394090104117
226102049198135079171063566340044306
139241158204116246215234000000000001
097072066246135079171104004431953706
062194073195064005155229004435566906
062193192241205250090026004435952106
222081102075139093084078011945090406
149221070212064005155134620611234717
016002133245205180024034000000000001
077023208110212202160199199920411606
132242183236194038155157116082301217
200124200090192182193067568310012317
044027253156237042073096004435140406
195134088149205200174029242855522317
016242126182251215113218004431288206
224181090066202028123232576565750517
058091080232207012136155000805734006
214024099045073165065114618740044506
218225090099116246215086000805056406
041144006215237042073092000802126006
102065033100192030028106495336288606
132022215053192182046253000255605506
008075075157212195130212004431004706
021120124171139093090226004435222506
128157233146231225123080000535698417
151198129011205236157176189940190017
049196070034016229018114000220008006
098172227221205126032071555612903406
044042096174205180139137081044923117
212143024179116246215243604130904317
248176087045064005155228004434547306
135211169114240223215108004435933106
101244026047073165107075606420044506
047019204231199177095242000805994206
073131086237205055128253000000000001
202217215109205230153096572750366006
062196047072237042073097000801664206
239213060006205251200208052224757806
131000232124050120061121080965489206
226154176178199224110098004435159406
047033146254237042073095004433297006
113191057144199177082224068813579817
062192142166199177082124004433281606
075067050190215162050050004434839106
217166051016116246215038577480044306
075010113057193065038164493760044306
197061129195199169214086092172741617
044026206013237042073102004433579006
044000024175237042073097004433694006
104108024131202024167207269650668906
213173043236205185135041004434130206
080199130038202029147115466050002306
206097033019194102254237409595032117
131175084198231225123076000530435917
091177248076192182193067147020012317
116246198171064005155157563420148417
050075028226202028247136081010151706
103222080015064005155103000804034806
134134130249237042073107004431494406
238204146002205167107181160005328506
231225163101199153097060004434581306
236237175209199224151090004456048106
033241125041064005155245004435667306
137234065157237042073092129520008006
128050171124050248220169342590200206
127168092206207012143245034780180806
153190242153199168152226010913949517
152157254217199169214025000801679006
156220108086202029111184351610899917
044040103203215177165018000805936406
124101052202135079171175004430946606
213176055230244248167053052225609606
156194059126244038134057000863915406
073155112250212232224034004432870506
048180136105252248025120434720012317
118024236151205166209254038000688117
041155105116050056130221004435741206
062194058225237042073098004432426606
080205077065198255185126369250693117
048165186056252248025120451530012317
202217215109192030100003572750288006
073027222125116246215024000804371306
113110144158205127099139010240121117
130078173003139093080163004434930206
135108087122116246215022118913697706
053010028134050065172139628750044506
140072052045202028234108004434929006
130004046202198209141021000255468606
151198129011205236157183107040190017
197041165199199204099076000801685206
237241146012215019149253004435769806
151198129011194043096042570830190017
044035025192194043179159004435799006
223044129146192030126061151534915417
074231118077199177248208491603031817
130230137109205187188205000805109806
055255067021202030179015446140002306
194131212187194102249026503211803917
112042207083212195128205297712654506
119132120180199204120254000806276006
021120124194199169217234004435867606
114091154037199152122177260022959706
073155112250212064082250004435372706
192044165083050253169183492161275617
016012080213237042073100000802022406
044025168013237042073099004436208406
135084107064237042073100000804947206
223007030181237042073093004435998206
044021097126198231053138004433658906
070243079058202024007084000803132606
073025090225205202142063004432676306
041150227123212227179051004433667406
096134002203131115058060251790002306
140065118193064005155245004433428206
133236196034205249003219277153153417
130004046202192030102114000253351906
194059065237205249053052360873830517
130150039209231225123073000535961617
044054075193199171096142004436219206
114242109010205071045039000805883106
044070198065205139035162004434340306
101207199103199168152226555366013217
100219060153244127032244004430210606
131148087034207020027130000530694717
200109040166207001184197000945602506
062211252060205239062137000805667006
032135215089192132030066518680307417
032023162010215163180066505104529017
016195143026231225123080000535281417
044025168013237042073098004434279406
114219176119050120063004508300139917
070048059038199153100019004434009706
021098062008064005155201004433797506
062199082095116246215070004433686906
153181179167073165110035568670044506
044018077204194017229109016265197106
073025090225207001190109004434676806
231148130149215163007035004434955706
218225161144116246215045004435306206
101081106085192030124032004432646606
140075193213050120195113004435084806
214027039037073165054089609260044506
063166175114050254094253004436005906
044039226161244127158154004434462106
213175202147212171016106052225325606
044054132120207001174138004434051606
138054123145199152012215150662380417
044003214238237042073101004431358806
148094169017202024004080004435446306
231148132106192182129019004435088806
218225091066231225123092000535801117
197190098123205138162154401090338906
074144043075205166122254248840104317
041144006215237042073093000801048206
088193162154202029085028100020910117
047030158193116246215068004436334906
034162167027198254090022424360103917
072011141162231225123076000533277117
213175201180205251200212052223837506
194187210001202031155250332895702117
062217216202219092051205004432800406
218225013198064005155139118915083906
100197034182202024007054004433226406
110101180248205218244149514135150917
253102008178205212182061001235392617
213179055098205187184005052222666106
016206189195207020029041402420905006
239213054011215163101157052224601706
218225091066231225123075000530643417
044084123076198247242109004435034206
055233058034205249058184531476542617
063165079047244001196218004433111606
047050153231205032031205093396082206
106143095172199169214181089990250917
097101023179138147089186004435341006
075255020109116246215122004433553706
030214173035199137227017000802585806
132036010131231225123081000533370317
131210218147244029242058004434161006
044206076001116246215094004435782406
197016034160194042197060000804803006
093170120127205250089037159494437217
223080046232135079171056000530766117
070243078228192029062067000805558606
197097071095202030214037004431551106
229019252111050065234201520680044506
033183167035198243028002004432706806
202217215109139152086127572750311006
041150227113215163005078052223841306
215167200011244248024143190481487517
237042093032237042073101000805320406
016003076165194102251049654696020217
047113220060205251200098000803642606
237042094136237042073248000000000001
218225196178205070214031000802762106
201211242019205218042153001234474917
044051253090244248142058000804577806
044218077070202024006059052232693406
208181084085192182038020005875876906
005254134064138154105125404413760417
109210154012198247237098444880825806
146017019058231225123094000532121917
238063074219192166174036514100002206
125096142066215177154201004433099506
239213224163215177176058004435138806
047186230244215177111128004435758806
062241038136199208054078000802636906
152200233193205218156151004433403406
196092076149064005155247000803875106
041144237072237042073102000802884006
070243079033202024017236000802390806
047169187236135079171145004432063006
156188113210205239077164527820002306
044026009006237042073104004434569406
016249230244205098239108509790148517
134134130179237042073093004436342406
044203212164237042073101004430960806
213184192005244031011015004430164406
042055220011073165069088605300044506
047048237186244031008021000804571106
093047217184064005155180000805551106
021120111002199224154086004435195106
119135206222205216164092004432743406
016195143025231225123080000530503617
106222115221199153054042490450103117
127023036162139010250131362360008006
032049079031205113193043000803162106
032072113003073165034054614050044506
044051151013199177248241004432719306
085128123239050065172191571920044506
198140109072116246215223625140008006
244200038050205200149129004435855906
131134146233198063097172001234372417
073164070223215161044148095005788417
116116100118251108224001085835001406
114079248001199153033115004434492806
104053174172212030198226362330002206
105204008069199169197049219982834417
231023054051240063017178000000000050
002019043159199169214086142255155117
213173038235205187184009004434636706
247003065126215177109245004432743306
030015095008202118093145000000000001
148067222062244158083125000533575317
076177102216192133030215000805093706
073165077060193065050114004456318706
044004098210237042073095004435893606
022196105122194207240041081105055306
253102008178205239034024001230012317
134134130177237042073103004431876406
016012080212237042073092004431708206
099146232189205212179113454210102617
033245008083116246215095118915079406
016202245111138091084040000805171206
044003127078237042073106004434436606
070243079033202024016037000805662006
047008147015199171108229004435983706
141199230179192182234227000806209406
078173060093050065234139552860044506
134249009026116246215075004434736906
044001009033237042073095004433656606
213176048210215177155191052224267306
197033197058205125076201000000000050
253243238246244248213085001233417117
057184217037202118179072001611109106
245098078119194100115167528480044306
193253193245116246215053539380008006
047184014031199168152106000804205306
131003106130202024016097059761388106
231148130195205113201135004436267006
202217215109212064082008572755999906
008074003158192182082107004435188706
077180108082215177176058001104949306
197043153081237042073099004431406206
213173038224205251200098004435425306
048180136105252248025120240790012317
253102008178202029209235001234056617
085024064084073165034147521140044506
044210196129205070213087004432749506
044026206013237042073102004432344406
044005076192237042073092004431446606
030015091113205151251147034785650617
213179055097205187185093052222672006
073155112250138145213185004435987306
218225237184116246215036000805697606
044000133249237042073104004433104806
016098134090244038204221255652715406
069207226066240063114060497430008006
044203219133205183123095333840008006
049196161219193065004146004434977706
044022069105205239087212000804082906
063164150187205126032236004430389106
070211051150138146060070548145269717
007230149061192166213034322350107617
147142066041073165059194372040044506
049066247109073165090235520390044506
204096127022205066252199004434398006
213175201186244158083125052220215806
058001025043199192038202059384921506
250020063094192030007221000534584917
213179055101194043177078004433835506
036218200065198255179114267270002206
021084065137116246215045004434815406
135079164148215162057118304930044306
113175002229215019148138238290500006
106215144157192182044062004654616906
213176048228205216103190052223619706
119046101194202031149177099984823906
007221187198193241061248068812243717
054082065242202029010051225943324717
044094204103212227179009004433569906
130004046202192182210209000255767306
109141135226202024166253503210457106
237241146056199169218091004432131306
150243019196192182150151000255787306
197151001243205148021030507060854506
141183211149202024007048004434063306
047034214121237042073107004436163006
044026234095237042073092004432667206
058121102216205218157149537050651917
070244145231205125083184422560002306
135210009099205071032134070424944606
062194191096240235108141000804184806
134134130249237042073095004434702606
114242104157205218030008000805517806
148083149212193065056217005140384606
101036153208202024005159531773368317
079121155110198241226187453100002306
062245209077212171083145004432877106
047037137229212230042093093392721317
108020115059050065249176518910044506
076191124031251196218162000802641606
105106152194244038133045561154212217
197069098250205125127089000805682206
237042067020237042073106088180008006
104010033150198193179219351690677017
148067222062205218074022000535476317
044076111146202024006112052235317106
075091209203237042073101004432595806
016147136238205216060224004435516806
141236058201231225123075000534100517
044008076092050254094253004431576506
135081244145116246215234000000000001
244199090229251224032194004434582706
243054196210205126032201004435555106
044049128038205139035089004432805706
196092076191116246215069000804100306
129090126096215162112216106665144206
047027068147215013072176093390743117
122016151097205211054234000804478006
104160174088231225123076000535042817
100203252164139072051154640180555506
253102008178205211041032001230012317
131190120055139143018199004433468006
140169207157116246215068004435183106
097187022111073165108101492980044506
062199125090194114121117000803740006
201204205106131026048139623780044506
194187210001202031007170332894117117
114080035196215163175039004435923206
141236059007231225123081000536247917
197191229021202028027112207935012617
047030158193116246215068004435153406
114054235139205218041103450055479017
063170027090215007238132004430914506
213175202250050122167218004435456606
243054081005231225123094000535199417
206111136074135079171185030011715106
140242176190064005155230004435306506
141236063126135079171204000534102017
016242056115231225123078000533996117
044001001217064005155183004434370406
040124096204205167107197221954332917
196055066143202167002161004430400306
044023141017215007246013004435024906
058237189046202028043100597660002306
123188126168202167131221004433919006
153191050000192030096173557211313217
153115085060050123138105004456371406
064004255129231225123095000533920817
073024217069237042073106004431574806
248199037074202030118006173280012317
200162214027073165173104063700044506
047169175164237042073099004432611606
243054081012231225123094000533060417
005085043000073165073124627850044506
097085238086207180012223036583941217
073138248089199223125150000802634006
109231196199205251200174164260102917
062248032057116246215082004436132606
223007030181237042073095004434926006
116086068189138154105125004433303306
136053123146205250089105000801188506
131190122018139143018216004432002006
224134054125212230172044004435647606
096189132250202024017157004434469606
104255195197212194041172019194038217
016228094234244157135057000805749206
244200097154205251205218000805165106
044021049223199171206181004432935506
016242056047207001132216000536470717
044219076019202030051255052235010906
073155112248215027186068004432660506
248011150055139093092153424500002506
131031158012139061080232004435014806
217242123249199153105054088804896306
131210253013251215148151000802871906
008075075157212195130212004431004406
141236059003231225123072000531485417
080177140200139096108233328105822306
143090033065251100098101004434935406
047011147048237042073093004433692806
158121011089192029086051072830002306
213175253197192166212149052223291306
197064127178199169202100216594905706
210001158212139105124075004435197406
136053123146199170237103000804360506
044026009006237042073092004432709606
116069050196199220223226000803091606
080208218205198253042194543352469106
034108125079244127141129607320808006
044210118146198231051131004435012706
247003110196194031028172092124991617
237042067052237042073105000805859806
110205006077192182190021560704102606
016012080233237042073100000800849006
116247099228207001165075599190148417
223003068069202030172037031116117306
016212015240205239062137004436028006
147075163055212227134049000000000001
076177103236192022169174004432707706
223007030181237042073093004433418406
055233073162237042073248020010200117
196092076159116246215069000804701106
235048079155199165045075004455699306
044068187143064005155228004434401006
155038086108215163190166000806234906
249070079098207012134041001230012317
224134046157205164112158004434497506
137087147218073165054215152700044506
083178001043205230095181000000000001
143000199093205249051081570751599517
134009127030231225123091000532401717
129117087084205125073042005876088806
086106196062193065045036000000000001
223043024053205180042175004654743006
206019124226205098234026030616172517
213175201180205251207191052226007006
103105010219205200031217279364831517
062233199076207001012250081000102417
124101052210135079171187004435480106
238063254254202029108110537340338906
047012052083205032021171004434328606
130150037145231225123079000531534217
203203183102139218240237000535732817
075230124150192132001171004435029006
047048028137199153098023004435793606
226132226050215004019210033895408806
230123000233198193190097590325341317
135238147118205127001070080804940106
062198118173194038091253004436286006
249070079098205185131150001230016617
147142083185073165034025597460044506
080211234140198231233029168195007006
044095016040212227177125004434021806
044214135091205219222068004433886206
093119054206212194042121547160899906
062196033115237042073103004436381406
044068078155116246215068004433512106
202217215109240202063065572750822206
089179237174205199057031430782624206
062226168229205239062153052233750106
044085150012205251202072004436108706
156245189123207008082059164560103317
047034096136237042073094004432425606
213176048053244031010008004434867906
037043043097050065138023498540044506
080210216069202029036116010574442317
101081106099215018244002004434501706
158051009053202029027055068815748517
204124074102205218244149046983264017
213179055027050251189121004436045206
204096127004199177082120004435227906
244014070053205212179080004431980106
044068235051199137232239000802309406
146252234053244089149057623455686006
139157030165016229046128512920044306
197043153090237042073101004435026606
104243182242199168233108000805090406
231128055195050251219135579860549106
133075120183073165105231537770044506
101134158100050123136146593573378017
238018038132207183080030059384918006
214018035029050065216146576550044506
218225090099116246215093000804989406
070233080252205219172197000532492717
047008147015199171108229004436015706
193095167157192030094063607730338906
120125072133215167250091030760307617
213175201183240235108141052222717506
041133116238240183048041000800005317
128100083100205148086063000251543906
047038016058199137231132093395785917
076115138003138152126186533614958706
044007185019205066043130004434085306
223007030181237042073097004432063806
083027114008205211034018000935260506
098163130153199177248243459342662917
003167197209231225123075000530117717
141186047190205239062137004435956406
062195108004135079171167000804436006
196093065108231225123072000531315317
140122054182138152125198004435087706
111024142230205217251224258890104017
155147166215244157135152340110044306
141236059116231225123080000530862417
041144006215237042073096000802504606
096039014095073165228026266810044506
135084107093237042073095000802626406
021120125253199224149005004430793706
062201090226199169020129004435070306
086100064099199152008027080002778517
243054196224205126037146000803670206
100208217209231225123094000532280717
044068040242237042073093004433939606
091028077222240063114060590670008006
134164178105237042073103000801549606
047168253007251215113218004432742906
062210203189199168155224004433972306
223007030181237042073099004434369206
136077040183073165108081407470044506
199215069165240183051070308664944317
200163181061205070211158090190044506
213173043241207001130205004430495406
113012233055205113194110494472050217
101160237152205236148042374100190017
196042229131050062046170000804392906
137181043099050123171147000800188506
231148130158198240055142004435009206
238063074219192166172030537360002206
075110153112205066249242000532454617
070054112080215004016173518870526806
044201196116064005155209004433283806
100124201018202028161067389780590006
236216129113251000115140497774085406
085059243128050065138119534740044506
080032226198193065075131131132020717
210030029151192182159103004433501706
080212135166073165104229607910044506
149042109042192030222086092170930917
200162231093073165080211050590044506
075062217254131115010070000804473406
149016108056205126033101004435122006
218225090099064005155210004435540606
002120212067199153108018000805067406
044000104120212194052151004435556406
044018236114215163101104000804692006
101246139060202029046176088886260817
047026034015205251205181004435217006
021068197203199152008017004432842806
062212001053212195084193004434723806
193130135067192166171151586403866006
044000201196237042073092004433410006
044092253132244248213085093396176506
153170104025073165107226350760044506
042180104024212195028084119270688117
148094113093199224070181000531774417
062214195074199177248203000805513306
075091209202237042073100165180008006
037162229247192182186075622240930617
021120111082199169205213004434934506
224004042166205184066205595084854217
140169199138064005155193000806347706
213176048018205099158196004435736506
202217215109199208150063572754333006
218225091111231225123081000535758717
079001037067199170237173593124511506
065042012193138056035109495480102817
223007030181237042073093004435953606
113175002229205216067105575110504206
049097072145198229186126566960008206
047011147048237042073098004432460606
062196188064199224155227000804993006
123188123208139005144060000804955206
080201250049202030254056274655917317
231128055195205184040062579860548306
223002235107212202149093000800237706
044027170124237042073093004432003806
002002129240205239060097004434398606
239213054009240235109082052223775006
127254243114131026013080620030044506
213179055025207001131073052222477706
057184217039198032211128001615961506
131003246189199220219005004435717106
195125255168215018246212134176405206
238165050249215004019210033895973006
021091198024116246215070004434803406
076177103213199168159192004430269806
082175121055138030243172510850002306
073155112248198192237081004431859906
048166070169205112190062286225011406
076191124062192167126179004435111506
047113006092199137224143000805703106
097132228080231225123075000533108917
123190098116205148026065018535277417
016195143031231225123090000531958117
253102008178212171135204001230012317
123188126168212030203101004434935906
150217170017139061080170004455343606
062201084181199208059181004434336106
044061075036251100098016004435317006
103225054197050065189172575950044506
228209111145205249048218000804926906
223239026122199223121193004436110906
047038157013205185134073093394479306
103173169171198193188208000805485406
044021040082205066136143000804886906
016012080235237042073103004431109406
062212016046135079171167004434619106
044062164231248200252010004436376306
073027146097237042073104004433440406
070243078214202031170251000804254606
213175202233198231053138004431385906
076177103197212227179006052224275906
223007030181237042073103004432423806
228209116130207001013216071725024106
092018254152205230082162232626205517
076177099136251190082073052224059406
044031160205205239048154004434082906
213184192019240235108139000802633206
141236062053231225123093000536173117
198140042047116246215053543920008006
016003074205199138218122004435118906
218225090060116246215070004434744306
064004255129231225123092000536195217
141236062158205251200152000533314717
074226147021205203028025405720115617
016212215207212195125140004434653806
073155112250205218245037004432914206
085054062207244038204221000000000017
213173027125205066245184004433986106
057184217039194114112141001614107006
016012080232237042073101004433259406
048167222100244067133125100180910117
041235128056194043187000241536300506
093049204244205250092096246812151917
058051041069205113200070301620373706
137234065157237042073094564960008006
021120125188205212182117004436095006
122180021077050062034037004454936906
135072013192207022024184465495666106
021091196016116246215070004435038606
197043153096237042073106000802991006
047191098079212195089174004432844606
049089171061198240075197514540046506
062243112112135079171142004430387506
119132120173251196218229004435214706
100208217209231225123076000535472117
231148132080199170235154004436504106
047160184017237042073093004431432006
044085160066050056082031004434999206
223007030181237042073100004436062406
209198085027192029092226080976090806
213175202216244205130217004435522506
201163019156205251200174503211094917
137114125013138147089032000804310206
148094169014202118042242004435512406
237241138200202118093145000000000001
141183195240116246215034118916385406
040244221208199169217172596840002206
251103139024064005155235004434494206
044062069217205113216251004434586906
196115231136064005155203004435060506
073137241110202030127210000805615406
047183191119205032030030004433588906
055233073156237042073248020010200117
206157212119205249010089012003387717
238041196186244157132105388840312806
119046101194202024166245099983729906
044095238095205185134075004434144806
047124006170198193177140093393567417
032130198247202030067109405005349717
044055168044199224108029000802700106
213179055083205187244234052225248206
113011059102050065250048516510044506
100249124108199169214062545154333106
238063074219192166170057459140002206
076177103219050062034042004435066906
218225090017116246215087004436031306
116246150120064005155189004435481506
016012080229237042073094004430459206
075091223097237042073104434900008006
063164044170212202218045052235472606
137121106020202024005178000000000001
122048066026135079171104000801790306
195222041230202028195216000806068606
123188126153050251141178004434079906
217242162062199153096053320054915406
044026181255237042073098004432544606
218225090099116246215093004433703906
044033118075194086013223000803415106
064004255129231225123073000535684317
013025236239205055128226000804019406
119132120166199221124124004434092906
086051046189231225123076000534329517
213173033214215176003017052221512406
048181080197139005144216000800660106
016012080226237042073095004431056606
202217215109139180039052572750722206
106096110037194017239252488900038917
044221063049205216101250004431445806
075029136044198192035230118914512206
073155098048244003007254004435371906
112105072213198193130094602564224617
203123124019205125127041369155805217
103193216100212195130200127623150217
126037056109205180020189045190002306
008074003148199152013205000803275406
016173149032244212230125514724362406
148067222062212196232090000535286017
047100179217237042073098004435712006
204088224129192132030066030740307417
140173240250205098232195004431675206
213175253242205251202137052225359906
238041002201202024006117004435443406
140066172100116246215234000000000001
070077156205194043097190000805548506
047122026064215162048224004434447506
213173014180240235109089052223574006
133212152039205218157013152660102417
044004196113198231050179004431285906
047100068026237042073101004435142006
111002174088199153047033000802833806
021120126061207022028249004434996506
063164129005205239062174000800291506
062196168250215013112221004435831606
070243079058192029080111000801135306
075062217236050121229050000805459006
044072204087131115182135004434886606
213182130020205164096210401616226906
005233001008073165059227628700044506
013217216216199169022229004435037406
044068047245237042073105004434537406
058001019151212195128205000000000001
115097024001220021119250000230323806
062208226054207023228216004434418806
223007030181237042073095004435965806
079121155110198247230010598150002306
044204116024205126033098000800395306
085056197111199136086033366980128517
223012237037199221119051333925830417
062201252168194043187147004435054106
249070079098205180139218001230165117
047063002131199137224016000803374106
132016242125199169214099522231696717
096205010180202028225081128464050017
114178216077215163005170336892352117
109248195003251224228010452882430617
197090139081192182042123000802726706
044062180037199171111083004435393906
097132228080231225123073000530453517
197155091164193065038029004435338206
245212089123205201029009392880044306
213179055121240183033111052225355606
213176048119207022045052052222521106
016012080234237042073101048760008006
047084229098237042073101000805128606
044068040039237042073097004430315806
223080018231192182151129005873944606
047110181203237042073095004436099806
075091213020237042073106000802408806
210030029151199223120065004434777106
047011147105135079171198004436453006
141183211149215167114013000801357806
148068184013207008085172004434577906
136053123146202024006009000806251006
044213014167251224229118004434974006
204163239016202024016004068815501306
223007030181237042073097004432688206
016232234031116246215069000804543406
213175201165138152152245004435586506
253102008178205033029057001230012317
047011160052237042073103004433720206
195194052210073165107184652390044506
196043026097231225123079000531905117
233056083038199170225194607915350606
214000200131251196218152000236092006
109117232073194102246029200750899917
249158180126116246215076004435128706
231128051157198241162181538280199106
148067222061207183083187000535788417
047049248055199137233223004434457406
047100097008237042073094004434929606
062193226142116246215079004436085906
044204051246215177109027004435077606
237042091045237042073103022740008006
041150227104192132094024052222642406
146230062102205212224015601112644906
213175202228205200149207052224297706
237042071046237042073107004435361806
139049126004205250089229004435729806
062212090207205098232152004434493706
195073039012205239087212096974925317
072011141008231225123090000532272917
070110199084192254115114000000000001
062244027004237042073105004432670206
100124201018202118057038535340590006
131190120054139143018199004434490406
108254253077073165034020542380044506
044068054122237042073096004432081406
136151110106202024007026000806282306
213184192002205183043084004434250306
008068103108199169201028004435674506
101018233026207012129086066723039617
021068197206205071047235004432241906
131001129220215161105085083606328306
044200167145240235109089004434300206
138179167131050123066175136604607117
125020145094064005155228000804001606
159090011074244157132165546840002206
016012080230237042073098000803964206
076177099130251108156219004434195906
135243069107244029048103004435634106
136227068188192166169166469110002206
044063049160215163203169081041517817
131134146233194078247248001233540317
197152136247205212182178077776338506
062214208148116246215069004433610206
047090031029240235109085004435011906
109153041043194100117164068833408117
197202025100202031160194004436461006
197222188038219092126127347740338906
135084107064237042073095000802364006
058024018112212197176129000531823517
002197254182199171104067356114031417
069207133040199169193214000806223206
044000190172237042073105004431770606
131174243015205125103071004431114806
141236059243198253205132000535229917
223007030181237042073105004433573406
016012080212237042073107004430390606
101157085130215177139175510200116717
149164124059215177155130004434906206
237042124143237042073101025520008006
153071177216199169195096004436439506
130180197013205216066184334650103017
203028166134202029027055522890688106
002179099032116247217234000000000001
134164179074237042073092025156445406
047124087221205055205182093394049017
041241118132205184043045004441496206
238017074070199224155227004455413006
016195143024231225123076000531900117
044057095167205032029047000803549506
140083255111205219172197000534951817
153216046202205251205198111115723717
047095036105135079171128000804952706
223007030181237042073097004432693406
064030115185064005155029476000905006
134164179074237042073105025151350606
206187252013050120179166552390338906
149054242189064005155230004434314406
016012080195237042073096000800905806
047170067192050057213173004434097306
033241125155116246215076004433656706
044085251243219092051174004433973306
117081062196251190162132177400012317
063161251057199177248013004432687106
148083148055205251205178000532212817
223239026122212171168138004436047206
227003192033240183007175082606002306
123190184063139113197144000000000001
075091212231237042073100004434770406
206048207188215013072176271104995417
044221172237199224155225004435494106
127107225023231225123078000535184117
143238250212240183051070004435378206
218225246057116246215069004435472906
044068047245237042073094004436010006
148073085144064005155189000804705806
134134130249237042073096004430774406
152157244218205180084198000804023106
136053123146202024007000000801292006
044222122051116246215083004435888206
103229103078231225123074000532992617
002089151112198241225144000000000001
213179055029205127098246052222802506
135211169114205219152002004431184506
080205147201198253042195010585609617
134164178102237042073103000801515806
062211209076199224145074004432670206
147246227114205187188205358973343517
099141148220244020056039341990148517
244200013172139072053034000802804506
213175202226205071139118052222834606
047025057152205216206105000800298206
125016175025116246215045118914195606
135243074253231225123080000535645017
196154009237192029095216080000925306
230203221195202024007232045001869917
237241130097202024007154004435950906
037112016197116247217133000000000001
125206040209064005155134000803646506
016012080234237042073107000804088406
062196170063205239062133004432669706
047001192080205219220034004432889906
119132120167194043123017004436485906
021120125186215018244002004434969606
195120064171244001171032595473732106
253102008178139180041250001233973517
223047225084205251200179004434504906
081168020023212171170184502696228617
244200013172139072053034000802853606
044011053048212227179006004432625106
047169175164237042073093004430876806
113177229111199137227109408483190717
047050196027251224118043093392639106
251103139018064005155235004436442906
136053112096202024017218004432378806
213176055205244212230125000805750606
119128008123193065028162004435037306
224134218055244158083125004434472006
110024164165073165059039508520044506
155085174123199224159048004455087106
097132228080231225123092000530591517
073027199013237042073101004432828206
057184217037205213163205001616457306
047025067198135079171145004434922406
123188126160050123052187004435509806
044048188034244157168253004434957406
199245167098199152014036602413037517
044000048038139010250113502790044306
016041155209205070221095004432636406
044006157000237042073094004431042606
030214173024251224088133004432729006
088100028144199177094155004432644906
047100122012237042073096004433176206
062243254108212230181054004436044906
070243079058207012132205004432626806
209114231040138091029162533674217117
030182042096215255061085004435308206
050237022207244089083195594046337506
048166059144199204078172000804148206
110245139153205180014195522206084317
079011210023194017229141000805461506
135084107064237042073096000804455006
073155112248205212182066004435840106
063172111071212196233190000803970106
202217215109205199062081572753444006
223044129146212195128205151536537717
092004009105073165173000036930044506
096133245188205187244157016100338906
042204053233205187246226070082012617
044060237079116246215070004434574406
044073132087205126032236000805872306
034040180014202029091027004435882606
050238181193207022031101046090044506
236146136233192030060114004436222506
044063142186199224154086004430701706
147000004231193232168141023974469017
223044129146205180048199151511208817
253102008178202031067227001233959917
127168149027202030113106070795010106
044009075252205139035042004433591406
203024112130202025021198501890044506
158148041130073165090118515530044506
100197006105219092051205000805431806
119049004009212064144098034782731917
062201252168194043187147004435054206
044025010021237042073104004435553406
044060211007244248213085004433348906
218225090094116246215071004436032806
037011176170198247236195055445908917
070243078127205216060200000804735606
047100179217237042073100004433915806
223007030181237042073093004435354406
047119020233215007246013055025304617
124028081120205218012083000000000001
243054081015231225123079000532559417
044085125207205251202111004435665606
086114118192205250094090533670143306
238063029005050253157071300002639906
016061125192139061191102004435104606
244199180007202024166094000802673606
121149058199219092207095331821296517
050075028226193065086210081016083606
123188123209240183051087004433754006
049073168012192030069111000254461406
073155098053244003007254004435246106
047034208243192029209118004433808406
047082009197199153100181004433800706
112081189113215167153125001230216917
044068040039237042073100004435653606
030170080061050065216047625410044506
097133087047192166212029000531280717
053157155178194042201154150970307417
013216124139199152011094242002676517
248199037074205239105115603150012317
062202185199205203039026004433663006
213173033207215177242138052222660206
213176048077138091018042004431048906
148003126153116246215069004434237906
101216085042050253157055441940951906
047169209171237042073100004432468806
141218041217138056035251004436296906
093122105203205195120052510530044506
149042109042215176008153092170102717
047045155105251224005070040175001906
112178096213205126033241013372656317
073155112250199177248057004432757106
022194170077194114125249004436023806
208191045247199224103022004432766906
200223240217138147089115500634916706
016010006025244212050032000801119906
197016034252215022059233004435390406
062196047072237042073093000800313006
047168203238116246215068004434693406
047123205185199224109255000802653206
130004046201205125121084000255474006
088133069164202024016203000801937606
047034184031237042073102004431846206
221197115164205184073173004435111006
021120096193205071036076004435479406
100200180035199153034081513262816617
119132120165212194091138004435130506
096253233186205113207089546030108006
047101000113116246215070004435469406
195072073091199169214029593043332006
193253141242116246215026499390008006
073027047107237042073101004434977006
197043152169237042073248020010200117
249237198194249237198146001793367806
119033057113199177254246370270005317
044006226094237042073104004430369806
072011141002231225123091000532455817
204179227153205180014195611025806406
099141148210205211122024407800148517
073155112250199137227082004432927706
131058204210199135037222086665111006
047124062146215161113214093391411206
047100038064237042073092004436119406
016012080234237042073099000803283806
070103239240202024006038000801194506
044007243054116246215085004435056506
124050093144193241060137004435217406
111077177248205126032071635462896617
218225090019064005155132004436537906
231148132144050123065236004433504806
064004255129231225123080000531351217
237241130097205098234051004435408606
204009235250073165054082551700044506
208181150170198243179139000802683206
223007030181237042073105004431594606
105035205167207001049112000255209206
073026245032215163112205004430186006
030214173073205055130078000802971206
105150095190205032024094339431444317
247003044181205219173142004435832506
021084067145116246215058004435581906
237042066004237042073102000000000001
141183211149202030124018004434067306
231148133185202024007205000805648606
094242184077202028003235450364247617
058043015074050123066195000000000001
044085129099205112188074004433095506
202217215109192030102103572750177006
147159022247202026020009043250002306
047187094066240235109085004435023006
047108167236116246215080004433814206
047170140165237042073101004436418206
247003121221215255118254004435671906
119132120183198209131254000800260506
131250193014231225123079000534532117
148067222061199153099165000530747317
044026206013237042073099004434435206
021120111093194017237109004433265406
112081189113244212230125001232771117
237042071040237042073106004433575806
047169075075237042073093004436314006
113182070225215163101212125320220106
050051168024212195084193004445678306
059252155150244205046093001230561217
075201191013205139169045000000000001
196043026097231225123072000533420517
062205030183207008085229525840055506
237042071046237042073248000000000001
044068041155237042073103004435977206
253102008178199208150087001230012317
147129053081231225123093000534189317
044068041184237042073103004436040206
049046063031073165228025283250044306
228043079073194078243149160010105017
196154091186199169214026080002212406
128219192117116246215234000000000001
196093217231064005155023644480905006
091194025037050123053226000000000001
016195143024231225123080000532323217
109249086226207183023220441960002306
213173043239205251205213052222699706
140200069229064005155181004436116006
213173027127205066251113004435620006
195077011027131115011170059384916306
146053211001205251205198171444916017
197189050104205218014134536814348806
239213054002205251200174052225048806
108095092199207008082059510775204317
123188126162199224110162004433694606
206171198126073165172069531980044506
228202120167193065018237004435114606
044007004233237042073101004435018006
202217215109192182073203572751666006
119132120173251224032205004434881106
213179055021050254094248004433710006
055233073154237042073102000804990606
149211112138135079171128000805789806
044068100254237042073099004431804206
218225236210116246215156605840904217
075091223094237042073248020010200117
128234177101199153055036319630005317
062243112112135079171128004431659806
047091229173205126032162000805741406
224160117112192022160239027705551917
211246205005199137234143205805630706
244057123250244031008188001192725306
044034125192205216060215004432802406
047028221177215177242178004430236406
016226083096064005155183000804273606
135243069107192132094026004435058306
053154213215050121119148112190827017
119132120174199137128138004435015906
044023141017198247248249004433692006
149078013063205217250130588452664606
044027170124237042073100004431586206
096161132069205032017211004456191906
148094169014202028243232004435221406
135243027108205203039187052223621406
079001012082205230082162552985626417
223007030181237042073105004435534406
036138091171116247217133000000000001
213187202230212196235244004435224806
237042118042237042073106272220008006
138141063133202028178175476525973217
196115250017064005155247004434077706
062253106196199171096094004435609806
114080052225199169195027000000000001
131148087034212194090093000530884117
218225236252116246215087000806147306
044025190174205126037146000805204906
213179055004205183046100004434004206
079121155110193232170194494550002306
062200101139237042073096000800958406
131188048101205180109125000000000001
206157040181207001050164004433652806
042221140250122195111160442960044306
109010116097131026048247457750044506
231148131100198192126004004435636106
218225037006116246215087004434456306
044002161222237042073107004433869606
231128055195244127020128579860549906
016012080212237042073093000804015206
097169128148199169195158466624729217
247003246234244157168169000801103706
124101052206135079171152004430538006
114091155251251000115138260020725606
109018137007207008086205233935318717
063171152225135079171167000804018106
062198045192231225123095000534458517
072011211052231225123094000532387517
062216180149199224107117000800224506
205062252117205250089082063222082417
073155013102198255165210004455973206
073027151207237042073106004433908206
214029194091073165091078608890044506
140169199221064005155233004434098406
062195108004135079171128000805414706
124241049097244067208165424810044506
044069006114237042073100004433458006
136053047100244205008122302324796717
076177103213215163115082004435604206
135079184238135079171006463100445506
086106177176212030201125000806506606
047108167236116246215080004434668806
047119110184194086004010000804229006
138002130223198193176013035355877606
075009167161215006253045004435514606
223007030181237042073100004434106206
148229023108199153109196040006023306
044000024175237042073107004432225806
213184192017192029187018004434117306
231148131205202024006126000806061106
135211169114251224167058004433330906
218252205045205212176066000804961606
125221175235205148028138000531800717
102083100179199204125066514132687106
253102008178205033030161001230012317
196043026097231225123073000536005317
135072013122205164119185386366160717
244200016177139212103198568880312806
107033183172212202151081080880708806
048164046170212064071085070195142706
237135185147231225123076000531340617
196052037242199136091065151534846217
041055119110244089081038575993820917
214169151249207012138117355185297406
049119025249193241060091107190038917
197016034252199204088180004430429106
044048180141205187186221004434787906
253102008178244029033015001230012317
237042083121237042073092067880044306
044037241186215177165018004434864906
213179055065215162050050052222727706
062195108004135079171158000803966506
016012080230237042073092004430916606
062210141094205166055169004435370006
089188193016202024167114522313660617
047063077016199152013247004432491206
067024252213215163006224068826498906
044005214128138091016006004434033006
119132120173215027045080004434391906
062194058225237042073106004430910306
047038196156116246215069004435561306
070243079058192182097159000804555906
075063248032202029183229099980362206
075062217254244089055196000803410406
122016143082212196232090000805162806
131190120054139143018199004431551206
086015198080207012134080375136380417
044039223199116246215082004435375706
064004255129231225123080000532817117
213176048006139219137109052224432306
203017206047215106052139496850000106
135084107064237042073093000806519806
159090011074244157133075585430002206
090051040209212232224021004432624506
148083149186139212119173005141170306
077031054031050065189206524790044506
016003076170205200146090652994064317
047003243099215019149245004434927106
078142099171202029013031011314050017
210061112145215177154200004435759417
016012080214237042073093004434675806
213173027180198231053138004434011806
136053123146215167114022000803499306
148240190208231225123094000000000001
079228040027240063113219122120008006
210030017043199204093184004435404606
070243078224244127067110000806114306
070247074121198220158163404936218806
116069050233202024017213000800259206
122021075202139113197206094824717706
096043043137198247238054237510102417
082140163130064005155228000000000001
077013246236199136065245529890721106
106096110037199169206128405650038917
197043153088237042073107004433132606
213187199232240183033115052224551206
208106161104194114055086282290038917
047081231144237042073102004431329606
122024229023016045106041000000000001
021120109090207022024189004434958706
149042109042131115181117092170930917
099035121236050056157236069075299706
002188210227202031149091265976187706
131176096171205164190034052235353306
078167050019192182032243038130044506
119132120166199223122141004435248806
056021221149205112119107004435590006
213173027171194114090178052224126406
080208193206202029111184010515331617
047123007234231225123076000533170817
044049189115251224228000004434165906
129212251083231225123080000535395717
203022005137202030210171011172476817
202217215109212195028096572750622206
140243042254237042073093004430604606
047114170027202024006154080902400306
152200233114050120063105000804940606
131176096142215163203186052282626706
107035090131205113193046047115289306
237241145146202024007048004430146006
102016207033205200149026068810688117
238063074219192166172012420180002206
243054081012231225123091000531267817
047169189014205070234009004433408106
072059187031205211048021000535803517
076177099151205251205173052225209906
070028131006202118049109544205141306
197043153077237042073095000800997206
112121190145215004019210033895030306
055233073153237042073102004431289806
090051040208138145209008004432631006
047001242055244248213085004435940406
135168078128064005155235004434924106
194059202130192022160221628734489306
135197173250202030144118000805615406
042092017112138152125018010285039017
062213037219116246215079004433339506
067024252213194017229137068820344017
062205196134237042073099004436443006
075067180034205071033122080655954306
044008168017138152126233004435042806
213173027120192029187136004432671506
112175204162231225123080000534180717
075063248032202029191092099980174806
047011180119205066251179004432810606
044007060143237042073100004431743406
213187199225205211030129004435107106
002002132227192132183212004435968406
206242250010138056035109640025538306
197016034234207020020006004435397006
223007030183202024166062004432281206
073024217069237042073104004432023806
086077200111131026048079593140044506
238174103137192030099064030743680917
044222188227064005155230004433412706
196043026097231225123092000535245917
074224152086205055128226190591457517
135243069107205055128122004434503406
070046171145198253195178550020058706
109019178025202030077129443623998817
062253109247116246215071004434371406
062199050044205127098220000806051406
047038002141198231053138004435799206
047032110241237042073103004431390006
197043153094237042073098000801033206
127235037021198243029005004430923506
047056007114205239062170004433555006
113103246207215013072176297290832217
141198057159205166059008004433277106
077191221175205187184009221235028217
035138182174207001170180260850955017
044048188190207012141017004435746706
008075075230205212177043004435137606
195082203092073165034219508620044506
016147136175212171107016004434877406
062212098169207001002209004435021906
096189177194202118035010429690808006
129161061229205249014187193104643017
128087134178192030091154004655191806
040216199148198247232094393340012317
100208217209231225123080000533314117
044068054122237042073093004434855806
044027105057237042073105004433491806
218225090026116246215086000804753106
044060228076251215113218004433717006
016012080208237042073106000805384606
087118114044205250088182403060808006
044094001135212227179009004432642706
097133082094231225123081000531541017
007234172239116246215075004435625506
210004157118202028144223004434965906
073131016228199170073103080004938106
034111130111205055128221000803900706
226154176178207022024194004434583706
130188043174194207242002004435010806
140173240230205126032067004433084606
202217215109244248165147000000000001
140169199220064005155244004433833906
044023023224205218013123004434418706
042053238001073165089171649110044506
044072136039205098234010004436482506
030210075153219092204046004436178306
044004213176237042073097004435443006
116152239235240183051070000804924006
096065117143202029169012122070109117
016012080216237042073105004436033606
100208217209231225123080000532359317
075062217254192029095211000804842806
123188126160138152125118004435292206
047011074112237042073096004431414806
223208143086212202046243000802733606
015063036055192254115114199725236717
073027217212237042073102004436291006
015133249132073165172122580180044506
238063116234199169004114320054915706
097133087114231225123081000534972917
062200101139237042073100000804619006
016012080209237042073098004436265406
044020221114050120178037004435574906
044004012033205251205198004432698706
097132228080231225123095000533712917
210018047249202024006180000801358406
070094014189073165109235516410044506
140065118211064005155245004435061906
062208142246244029212089004432629906
202217215109205125103097572750133006
044039146218199137227236004435087406
237042071044237042073097000805172606
100153109005198243139090000805045206
221050231194248240123169000000000001
050075028226193065086210081013689406
137234065155237042073107020720008006
112038191202073165172225529920044506
076084179115050123053192080024290506
146017019059231225123090000533369817
062193215019212230063175004434991806
122063135030199204085130000000000001
148067222062207008087034000533876717
030015071072251224032197004433328606
133212170022199208153213408842712117
136151096106202029249216004435263506
047176245120199153033170081040134517
047001130171244212230246004434950906
207119002041016229026046522300044306
113131175147202030125195577165024217
233058163125199169015020036580365817
044221034014237042073093000805855806
098089133229194017231240474485032117
076084179115212030126023080023853906
070100028023205032028230524405836617
034108125079192029092226244500808006
034200195234205250088192514095141317
229019229178073165064247625390044506
200161070227215161031064219573490917
237241141022202118093145000000000001
223007030181237042073092004433575406
147129053081231225123073000530110617
044048197001205216060033000804053206
040244221208138071022220396380002206
047038002141205183041024004435380706
044068128199237042073100004436175406
102199050052207023230146405034320417
033038140231116246215082004434302306
048181116084192030061204004432668706
122020134190205212176206534860002206
119132120168205203250119004435143106
075067211023231225123074000536179717
089230008051205250082070572106447717
239213192230116246215073004434697106
047049143014138071026249000803712306
147209211201202118020161059384917806
195162241043205187186006309865170617
146242044027202118035010595950808006
245209093137199224155125433970338906
041144006215237042073100000800814606
044068050068237042073100004430787406
109204097010202028133024586435083417
047100061067116246215073004435778306
218225090017116246215087004436107806
097133087114231225123090000533951017
076188245109231225123093000531860817
063166068238205250090093090012707906
013025047218215167112218000805638106
196012008117135079171128004433035706
196092251116198253220164000000000001
075215142249251215113218000803719306
103240064219135079171145004431312106
254065254105205251206148004433453906
201193194160202029212245491032925717
080119100170202028017033257594523617
136227068188192166172020372420002206
149158111009199221114102000802667206
099035041018199171090167069065558906
013158073119244248141253004435369306
127092234104205032251044000805330106
030214173103199224155225000806049906
148104082146199171103086004432793906
218225246110116246215212000806221606
218225162143212230061008000000000001
058001025032193065012186004435127406
222081003032205126039009000802965906
129254218165215163115082100250189706
210052088234193065009085005875130706
070071046146193065002189080126462906
213175202249205251075022004435750306
048213131186205112188193080012623206
072112134230073165091006588580044506
047048148187212227179253004431896706
223239026122205217085054004430189706
070032085113205126120157588150002206
047100122012237042073098004434851206
091145051252215167112210000000000001
249070079098199152010025001233050017
096240252041205071020216581332254817
135210206145231225123080000531160017
044002105251237042073101004432633606
130004046202192182208077000254623306
109216014051192030096009514134920606
044008147088205184032093004432026806
064004255129231225123080000534987017
096189100090199223116082004432776706
047169094069237042073106004434361406
044024098189116246215073004436033406
213173038250205251205198052225133806
056112055050231225123080000533035117
047110201205135079171198004433359606
248199092124205236224226000803420406
243054009052231225123095000530150517
124101048141205249005161004430404706
047033126174212034245155004435191706
124045222169205236228027004435443106
134164179104237042073101025154957006
149042109042192029095209092114915806
047006010240116246215077099043644906
248240035130199224155227045065052606
114242108253202118117035000804916106
131134146233192182222123001235952117
062195108004135079171207000800371606
149158096184199152001200077802633006
016237093032116246215095000806362006
196092076142116246215069004436364806
196093065108231225123076000531493517
148068184009192029082114000804309406
047012204076244248165093004432863006
030214173127199137227017000802585906
099141080151116246215163454740148517
218225161098116246215013004433340206
036223184150199224098189537620312806
233097024107205098029085068811817117
139049126004205250089229004435730006
053108076220199170229205010732608517
044007112011199171110005004435902806
047187002056198231052169004434946906
218225236113116246215087004435457206
041194035253240183048030639600005317
008109205039131115011169000805465306
197043153097237042073103165980008006
044068050068237042073107004430382806
048167178066139005144177000803436806
099205123104212194042228229105587706
151198129011194039038142570830190017
070243078228202167130035000805011306
030214172133199224155225004434444406
119132120180199153056069004436279606
047081231144237042073100004430884806
213179055006212196235086052223826606
223007030183244067211034004431556806
123188123209215167248146000800203906
096189177194202118035010507070808006
146180068045050065138192509860044506
080207241113205071047208590045210417
223007030181237042073099004431905606
021091199204116246215070004433680306
041144006215237042073095000801331606
075091211159237042073107062140008006
213175202197240183033109052225624506
213179055064202167001094004432628206
036223184209199224098189138310312806
196055183065207022045110039991608817
047111131234237042073093004434166606
044011157158199171098150004435822006
050084215093198243161200268402737306
070111165065199137132068000532262817
013192054104251224032197004435061906
218225237063116246215092000803713806
047082194070199152015180004433034406
204133016201205218157149610500658517
097133082094231225123095000533207617
089164080211194031035243439800002306
044003062111237042073102004434690406
116246011050205180089148000804948406
030214173006205216060217004434775706
047037239075252248201172093393546017
058024020031205066042094004435532106
134009116161231225123073000531744217
253102008178194039050069001230012317
135243027104205187186093004432639006
213176048209215177242138004432779906
075091209225237042073097004430622606
238041038218205148081055000805010606
223007030181237042073104004430419806
044002014134237042073096004431313806
226154176178205184077111004436032406
119128008123202029115132004435448206
022194036017244003026187004435008406
140065118193064005155245004433637206
016195143020231225123094000535052717
155085076168205239060097090044982517
133241086221212171043173324636069306
142108002149215161076111001235243217
197016034018205098232177004432880806
197009177173205113243186306534185417
044003159019237042073093004435199606
218225090099116246215086004434976406
109092176068202024167092075536282217
062242179156205250090026004435952806
146072194136199169197163004434834806
036218200065198253221072333100002206
016242056209199208061122000535078517
079121155110198252047069428480002306
123188126212215022059152004435185906
237042093031237042073102004431052806
016212134234207001003110004434744806
148094169017202024017093004434359606
097162040068139180038212520190782317
131003246171139219143054004435329106
112081188215194078246185080683918606
194147067206212197087253068815039917
204096127004215255119144004435269806
044004213176237042073102004433123406
242029031007237042073105000804283406
047012124241212227179009004434881106
073155112254139218240254004434712706
228202120167205070220021004434915806
044007208032237042073107004434935006
213175202232205216060229052226506906
109234074218050065249135624040044506
044221148047205238171198000801417006
157195188122231225123078000533284417
063167242100212034079159004431925806
196052037242199153037167151532623917
103218046253135079171207004430383906
197038148067251224005012051450506017
007238181116116246215156597710904317
141183211149050253170234004435400006
116039018064244157132105500040312806
201136109051135079171150501720044506
243054196204244089100220004432954606
044014219099237042073092004431067806
105100250003194043181019128952274117
196043026097231225123078000530378017
200175056088202028024230501065902317
140173240250205098232195004431675306
224115233227192030020197004432460506
044048135207215013082039004433601406
016012252178192022173005083445222706
223011093129202031017091004435833306
030132176144073165089163012400044506
200000013065212171083145004432726706
062216130149194207240041081125055506
047109173158237042073100004435743806
073155112250244157221056004435688606
124045222041199137227095177714276917
131151065185138030251129000535969517
044039212030199224154098004436026906
047044186191116246215082004436302006
064004255129231225123081000531789217
223044129146192182074113151530105417
116116069151199170075218093385094406
059170169203215177138239571853261717
047038054089215019149253093390172117
062253080046199224154074004431286406
070237237071202029211177604324712006
016253002250064005155101418140905006
213175253202212227179154052225554806
197241237050139093087169497815338306
062196047072237042073106000805229206
044026181255237042073092004434583406
030015083165202030072221004435242606
047175200063237042073092004432805006
044004063177064005155209004434759406
122022101208205180012190000802672106
079102187027193232172080000000000001
047122169043207012134057093393657817
149016100024139093087157099995918306
062254163028205032018174004435467206
007234225066231225123077000533384917
100200209174073165065200467240044506
035071158194198192207242252612701706
081101239142205187245037134890002306
062195028070215005011237000802699406
249070079098199152014228001232755517
197143138162207180055025004435276306
147211187046207012131033004434739506
237042067022237042073095000800661206
044038181062131115160077000804261806
127107225023231225123079000533126817
047034215095215163113193004433625206
063164129005205239062174000800290706
101086216098215013073148004434637106
134130250196198220154210000802262306
016012080224237042073102000805001206
093178161237138030241117000802073406
101128028157219092051184079340714717
238204142132207020253153021534006517
016196006171205236095026491260905006
002195126098199223124076652342010106
133220009069251073189165648992704417
062193227239212195089178004430962306
197143138162199153035133004434044506
149210180175199153057090004434967106
047168186061237042073103004433267806
044000220059237042073097004435112206
214134246149192182243066210320102617
137149073248139093092186559690005317
200124200090252248025120468920012317
209058234051122195111160383940044306
213175201162215177242002004433313106
124202019080202029163178004436482306
213176048223139143183086004434788506
127089142188194114055034000805183606
013025032113205200173086052225920206
027053143030050123066175207014607117
036032048002198255185047000811563206
119132120174205180090225004432766906
044084086223199177082106004430258206
135084107093237042073095000805086206
047119188021116246215082004436350206
073024225211237042073106004434878806
070243078224244022063037000805019306
102174125200073165228025637290044306
066138065096251196218143004435582606
055224066017205217149100468800008006
148137011104064005155202004435387606
062210153108138152125077000804974606
197243251072192182151179218386051906
047080124018215177242075004431817106
119128008123193065028162004435037406
213179055091244248041227004434996906
081126050160131026048175524440044506
103211142168192029092010335132669017
141204015193231225123094000533557417
131000235231135079171142004434732706
140075251098131115104006000535537617
007088036001202024007180415431833317
052135059111116246215252000805524006
127107225023231225123079000530507417
131092229001231225123090000530259517
016215208159237042073099000804449406
073025088123138071027141004435785306
050084201221205239062133235383509806
121159166203199153097254000805735006
237042067059237042073107217460044306
131208002217192182071019030740307417
148092183115205216067025027032076906
070243078224199204110059000802703906
030087255152122195111160589260044306
002074010002198231073009575880521606
103034057172207183152092068810688117
109030086179199137227017623480424506
044072131242240223037058004432971506
110244097055199168238105514133636317
094151178014199168158126000224559606
159069050059192182091066618050002306
049088042123073165059079621520044506
149009082108116246215094004434651406
131176195152192030007221000533776117
105161207122192022169010350785264017
016003076044198209159121654063966417
101160237152192182216063510440190017
217242145051199152014227000802851906
062193109008116246215070004434799406
153173191106205218157121004433979906
082136111242073165080000627490044506
050051227146073165108096586790044506
238041045070205066250164000806319506
231148131116207001182105004434778306
047063067097199171104071004436123906
214231055037073165109028504270044506
213184192012192132030190052222725306
218225236157207020029041000806139306
133237158009139212101245200282852517
125149139020064005155195000805927806
075062217254205249060233000802705106
016012080215237042073104004435038206
202217215109251108008243000000000001
253102008178192031070004001230012317
044219076215202024017069052231030206
239213224191192132002109052222653606
044007103049237042073097004431994606
116247100027064005155030465390905006
193248103227016233092142622200044306
056014186153194017237222004435148906
021068196216207001013094004435964206
016061141061116246215082004434136006
223007030181237042073104004430421406
135084107064237042073096000803361406
152042117005192030007221000533259717
047186099120244003241056004430371706
070122022022212230154189565840143306
214132224222205180215113642284622006
078094190187240063113219556140008006
197143138162050062046165004430346006
213128071222116246215043444460008006
210011249038215022006163538630899917
139130177162116246215223511880008006
120200178051205113195104414850102417
044059251039207001000248004434925206
044000083182237042073098004431540206
253102008178244248205099001231021717
073024225211237042073094004433465006
213179055023194043181244052223579006
213175253226131115181114004434393406
224134211245251215115082004433979306
058024018112212197176129000531193317
206111072131138091016243000805847406
207117057083192135131125000805146906
016012080221237042073101004432444006
213173014168215004234122004435856006
127168149027193224216089070795608406
098161121077215007140194000805285406
123188126243207001131073004432626506
131134146233244089100239001234203817
062254148251198231050050004435096006
044025089096199168152106004435468206
044068100254237042073105004436522206
090212110067198193190046033220002206
140065118211064005155209004435537206
140065118211064005155245000804953106
223007030181237042073105004433569006
021120096242251215113218004433220806
099141148220199170078234341990148517
044035155029116246215083004434350606
248199204031205249057252000804326606
044005076192237042073104004433682006
016012080228237042073096004432105206
087150049116244038134057619230808006
075091222060237042073098359840008006
223007030181237042073106004434458006
213175202147205187186221004432661306
127254177245135079171150000535435117
062198118118240235109109010014322706
047100179217237042073103004432219006
231128055195205032028136579860548706
062242004230192132028040004430237406
110063192057205184032152163862297817
054126044193050065235048563300044506
143232103116244003027120004434670306
133187098047073165079230506810044506
062194119127207022045057004432580306
075066094234135079171071004430504206
239073148108205066252180274295301017
044030243060207023229155004434480406
146119207230205199054017514135827306
117018089157138152126186068815011806
066138065096194017230122004431422506
076177103219212227179009052225040706
044037028096205066253151004436033806
080045027210198032033078549990005317
021120126070205212180030004430269106
021120124163244003241162004435035606
125209088015192029095216000803026106
114028110079202029231130550765544606
140065118193064005155245004434304706
213187199250205251205173004434156306
241205073238050252039173004433935506
056021221115198243028002004435033806
149042101045207180012223092170276417
016012080210237042073095004435761806
092018129195205166063097220090115217
047026191117205066249189308404959706
245098021250198061061249004435049006
243054081006231225123078000532338417
099141032176116246215094004434334206
213176048071205217180050004434989406
008075075210215176008157004433392306
126052081166205098232162320055272506
218225205114064005155229004433831406
206157043135131115180208004434502406
124145217144064005155107000805978006
032210039024192022167077497962643906
047123048087207012134015093394675217
047038074042244248041112093394462717
015063032047244031200112116174234917
016012080217237042073103004432794406
044006110233215163165250000802636606
058226172003198247250163004436301706
119133105126251196145072000805537206
047171060008135079171207004430634506
044056027135135079171104004430434606
217242215042199153107179347360800806
122028054252135079171167004431281106
218225131056116246215092094824809206
123190098122199223125061018536543717
213179055004240223023122004434378106
213179055104215005008170004434877106
047095036105135079171145004433732206
137040255172193065070237000255012606
075010192210198193176013092106427417
047081219017237042073092004434365606
063174215194064005155209004434388706
129217131167192030062053598540002206
005010225162122195111160437780044306
196054199195231225123092000535052417
213176048088205113211154052224917506
134134130177237042073095004433962606
116115090060205250090093000800796006
210030017245251196218162004432707906
148067222062207183082230000535851317
131208002244207012129086614563039517
081216126202199169210202648350002306
213184192010198231053187004435206606
050084201082205126132098250984922806
021016182108199169214025004430391506
097133087114231225123081000531318417
249070079099199152015184001233167217
196092076194116246215069004434492706
127168149027139212098002070794934806
244199223155199192032241080000278506
070071044246198193184093000532097817
047169209171237042073099004431780406
135084107064237042073107000803582606
146086155163199137129131004434737306
062206164043064005155149004434480606
062202143243135079171142004430863806
016034250209205251206254004435062206
073155112254205212231213004434652906
213175202214244127158123052225712006
035097058004251073188066000000000017
218225236112064005155210000805689406
062205196134237042073097004434981406
030015071078205126033100034783668617
104053228084138147089186009935363106
112109120204205071138198174502819417
124045100205215161047250377743343917
044021176170205236086098004430401106
021068191133207020027207021955502106
149021023072116246215213094825579406
131208002213212195128205030740346317
062254111174194043183190000805459106
044095242042231225123072000534789817
016012080230237042073092000805269006
057008218012050255049114354974473317
203203114062215167149193000805336306
016242056115231225123078000535499617
141236058155135079171149000534220817
209095102156073165069101637880044506
218225196032116246215093004435196506
131190120054139143018199004431807806
137046071087194031112194000804421606
090208238199202030068132024100379417
213173027108240235109109004434691306
109138118121073165228198550860044506
073155112248194017231031004431491106
016012080218237042073106004433412006
128041245043215161106251244940002206
027136158090202028000210037245443306
135207161188199220216147000535031617
005009164135240063113086536696401417
047187139074215167114172004433510006
239213224163194114091090004435726406
102199008196199169202100640424422517
152094017013202031105015034780776617
062205196134237042073107004435973206
002002132227202118045189004435555406
101160237152199170077187086580190017
044084123087205098232148004434091906
044002161222237042073103004433992206
047006147049194114010218004434808606
112174026098199224148155000000000001
058001002202212194186229004434970906
238204117021194038091253000223826706
100124154067202024017200000804756506
237042093050237042073094000805354406
073027099015237042073107004435429006
141236059211135079171137000534007717
111234251011199169214025004431555206
135211169121205180011229004435079206
047119221190116246215076004433990606
129048012205215018170046092120930917
047101000113116246215070004433818106
062201012208215013072176055140696517
048181106054016230168186428620008006
016012252178192166238235080462761606
112081188215199177255242080681936706
119132120165199221124124004435345106
238063216038205066255157000534789606
047168134224199208058222004434955606
076177099149205164190021004435799906
199096214000198247251165331130105317
149224060208205032022208000802635606
103221004190202167077125490794926706
231148130156205126032162004435375406
157010006055199153102059121286470506
231128055195138145202224579860550006
062196198196205187186136004430164006
218225090026116246215093004435420506
140065118193064005155245004436066506
042204053160050121229061060086178217
140078232171244022199004004432884306
057184217041202029169250001611590106
239213054090244205137147004436224106
072203097247073165172093461790044506
148137206208215106210142004435026806
100208217209231225123076000530763817
107033183172251224006239080886102506
016012080213237042073105000805674206
223007030181237042073102004433709606
097132071229116246215093004436197806
044056189209205139034077004430219806
075091223109237042073101328380044306
104160174088231225123076000532369617
140075251097207023144230000532942017
125024113200064005155209094824790006
048160009164192029094254400980312806
135079183031215162057078158790044306
137113192032073165081124553300044506
044027253156237042073105004435283206
239213060014244001196166004432666606
110123022186199208048027000000000001
073171192226193107085129000804331106
248199037074202031167234137940012317
213173014176240235110166004430225706
016012080232237042073106000801486006
072011249117251000115135000804494106
141236058140251190010041000531801517
041147031006205138232140004433411706
030214173091205218033042080806132606
127168149027202029001131070794939706
016059195118205249181211004434086106
149074024035251196218162034782733117
047185187116116246215070000805113006
016012080194237042073099000801587606
091232000010205185133109004456255406
097186130090199169206186161560110417
044220061188237042073107000803428806
033228141006050255049114004435488706
063165182007251100165146004432684706
007172003247205250244013529640373417
016012080225237042073102641200044306
016212160090205249053227004432752106
213173014179244001171249004434149706
047110201205135079171207004431326806
062193226142116246215070004435686206
131003246171244212229077004431373106
196093065108231225123076000532561817
049240242002244031072102150243945717
206111136074135079171147030015032106
131058204210138152127052086664545406
130004046202205125123188000253465306
135211169114198243139002004430496706
211210163195215022057105080615462606
135103010186064005155150000805564606
203212060057194086002161000532204517
070243078107193107087033000800162006
082028232248122195111160352580044306
096036045095205199050028004432885306
032181132130138146062141069691881117
202217215109205216097066572750744006
099200058208050065214068555945739506
022175186086212195125024000800224506
047009206035202029097139611130420017
015063035009205113246205048606548717
213187199233212195089174004436062106
141236059004135079171202000534162817
047081007197199137224039004433390106
070243078224212030198085000800448706
049089171061198240073066652980046506
210011220154205180067030509076410106
030015090211202024007048004433215106
194074048196205032025125496495905217
139130164254116246215017653090044306
050084201114199169195232140065014706
070028006124205249054079632500002206
200175194142202029174229010245089817
075225035185116246215122004434814606
122144003077215162059203081950819506
044222229132237042073096000804925206
082164218067205184035163234094584617
139169064229116246215092004435485406
140075251107207023144230000530528017
202217215109215106209223572752222006
081175111216231225123074000531142217
122163211204207180012010004431540806
137105205049231225123078000533210817
048165214160202024007178000805907006
197143138162240223181087004434641606
131031158078194017229143004433282106
008069236093202024016148000806540206
044085251243219092051174004433971506
131051240215139128098015088014099317
042088196003202029037177180682369917
092181182015205071021003089994489617
044009107186199152014237004432276506
016012080225237042073103000802896606
119132120174212171149174004431300006
044027179127237042073103004435865406
044006237119205239062137000805052906
044196090249202024006026004435264006
047100122012237042073099004435113206
097064027113122195111160026950044306
067016065211202030242063010355651517
130009054073116247217215000000000001
016012080225237042073094004432343606
237042093043237042073106004433706406
075091212239237042073097000800480406
126004232126138152127165004435490406
244200030051251100165021000805674906
075091212219237042073106000804536006
196092076164116246215079000805352406
195222041194202024016061000801632306
231148131158192182185058004435866606
027136159168202030252000037245366806
197016034242205217254012000806013306
079045207227073165065094571520044506
253102008178212232013020001230012317
044004112121237042073107004432894806
119039229107207009053091004430108006
016043068171064005155139375680148517
220253073085116246215223269260008006
130004046202192182150015000254888806
131174242045237042073101004435553206
213176048140138152153069004433595206
197056182022139072051014000535673517
016181154222231225123075000535572017
044038190010244038194244004432644106
041150227116205195208158004435100906
016031108225016230160237000000000001
016012080220237042073106004430784806
218225196096116246215086000803439006
237042083123237042073093256500044306
196093065108231225123078000534776417
254116215086215022059134431285543906
073167032117207180054207000220408806
231148130043202118040005000804164306
070243078224205194243126000805774406
213187199230240235109042052223764806
044060114153240223181066004435209706
047081219017237042073096004431547606
237042071026237042073100004434537206
123188126215138145213185004432705606
218225162156116246215242458730904317
072253178212251215113133237430808006
030015069119202118093145000000000001
123188126250240063017174004435127406
047123137096198254091182093393532317
044068128199237042073106004433422006
244014071050205148082171004434095506
075091210207237042073248020010200117
223239026122215013072176004431268506
044006096245135079171145004431995606
140066162047205219153122004433668306
008069236032205070220141000804916606
147116178162131026013200497960044506
056021221152252248203203004432902506
197155091164202031108178004435223906
108021114017050065143146550320044506
127168149027202030124123070764402606
103242057244202024016004341435057706
096019048038215163005230177130124906
131190122252139143018199004435004206
131134146233202029108215001233943917
218225090026116246215093004434921506
203014013145202031017027083274844406
076177102218244067234216004434384206
126064150162064005155132118913440806
062240083181244158005051004435001806
122022037188202031164131000800257506
047081091076237042073105000802324406
116247062069116246215087004435999506
228079163214138145213022000800278906
131184001166231225123076000531650017
130004046201207183129060000253509906
049196070034016233082002000220008006
085012110233050065138007545030044506
047033211166194043177036004436160606
238204139187199221116053080815399706
044094193145199208052154004435266406
041145043167215177165018004430958406
063167129054240063017189004431873906
062196195220198247250034004435095406
135207186068205166055178000000000001
218225094005139180042039004435064906
122024154231064005155230004436194606
064004255129231225123091000531609017
124101052203135079171146004431115506
140076018204199137227131004435400406
213179055096244205137020052225536406
140169207158116246215092004436318106
223080018231192182043183005874533806
139042065028231225123093000531858617
030193143156205185136205398562683906
122027112158205239062061000805696806
022196106029138091030195081085261506
015254252228231225123091000535166317
062202173206064005155174004436323806
119132120158199221115134004434321606
109129144153192029080140523161782317
050225231109192182249226010392759417
073027226199237042073107004431656806
030060039131198222245011263761608317
047028042020198192203069000805604706
108060220108205216066184547900103117
089085078233064005155175000804311406
218225090099064005155134000803674606
016253002250244020056039570940905006
119132120167194102255065000805225006
037045043075050065188209037270044506
044077066163244089082113000802720006
213179055115205127099009004432668906
104099105139212030093130508171051706
071120019134212230228014514130120417
044068040242237042073097004434473606
062236230071215007140142081180350806
122028053239135079171128004431772906
123187011009207001003110004430496506
041237237055192029211131089990104917
042095212145202118019045000000000001
044025250041237042073103004431181206
113174230028073165089078593660044506
117112239160205112115008093060102517
044003210198251100165146004435089406
016012086156237042073097044430473606
106208056243202029096123001105073306
218225091067231225123077000530518217
042204053184248200034121070080639017
141183211149202030193187004434650606
058240000239205218157149560640613417
148003126030116246215069004434392706
044004112121237042073105004435563206
103236154086073165065081583380044506
134254130131064005155189004434639206
047100122012237042073102004432435806
195223030236215007140050000000000001
224002181076139061080223591920114017
124101052209135079171132004432384806
111205150218202030079221503213139817
097095229226073165073057602250044506
213176048134215163115082004430330206
075091223098237042073097304960044306
140065118193064005155209004436331406
047160019129237042073102004430441806
226025240171199153104065125000102406
121158048131193065040130000803663606
032210018071199169206186550601443306
070017221086205239062137252655467406
134164179074237042073102025152386606
047030189255198193188110004434271606
047123172000199208063006093393830717
016242056045217008247098000536359217
135154224247207020027157004435587906
073155112254207022024173004434109306
013157064042205167130002004435382706
140169207157116246215085004433701806
044051090052139219140023004434967406
007234225066231225123095000534658517
044196061181202030107230004435899606
201206026034073165105115371050044506
016012248154244003007143069761940017
113180028110202167044253496285274406
016012080226237042073096000804832006
136053123146240235109073000805025806
135243069107205200173151004433890406
130150037145231225123073000533068717
073155112250207020253204004435095006
130004046202050123082088000255109906
101086123043192182012096000255183206
223010192209244003097182270185367617
076191092229205164097223073514971717
032246099004199153035103273722856217
072011141009231225123094000531225617
135084107064237042073096000801135206
070223015135205098029246247996127306
021121021017192022160221163863080617
212187196002016198230025126410044306
085130101073073165089081650970044506
140169207146116246215068004434334906
063161076215192029190156004436094706
047049213071205194243043093395586517
070032085113205032247179588150002206
044037017006116246215084004434751006
070243079058205185136196000804689206
197143138162212195130250004434592606
224134233062215018093054004433772206
152244038122139136058114000535479617
044072052115244127158066004433040706
113175002229205216067105093790531806
021120111007205212176066004434973806
124102076167199152014231110283135917
149042101045205148029010092120930917
047101027083205126033241004432624106
131176096159215018169051052285774206
140200069095116246215120118915154406
253102008178198193187236001230012317
044059153197199152006136004432662406
223044129146215006004001151526489517
153073162119192182010253000254632506
033038140231116246215071004434145906
237042071048237042073106004431681606
044002162165237042073105004434929206
213176048160192031161040052223984806
062193103056199224159048004436069406
146242044027202118035010594960808006
097132228080231225123095000533630617
044037081167116246215073004433471506
116116093211212232227085000803039706
200124200090252248025120392130012317
062199098040199169001133000804298606
042206247209205187188127243540289617
070243078228199204100067000804920606
237241148221202029182099004433577406
148083148054193065076126000534553617
213173142219135079171198004431808606
042004248088073165065023567170044506
243054081008231225123080000534442417
192009236223205164097206000804922206
053111040066199169206186160910110217
044048010240194043183234004432862906
070243079122202024016085000805501906
198140042047116246215053543810008006
097133082094231225123090000533365217
218225031129016045106041000000000001
218225091066231225123077000532157717
131210253057199223116082004432793906
048167237066202024007158000801770606
195222041194202024006058000806292506
044221148156116246215079004435272706
047108167236116246215082004434470006
047081124095237042073102004434564806
037010190250212195130139004435307006
041155012053231225123072000534005617
070243078214199177094089000000000001
107073102173073165069235603350044506
247003110196215177242138092122696517
098125198247207183018018268852166617
047090154044205139035230004434252406
213173043247212227179066052224679106
143089160213138147090196004435979506
141183211149202029098180004434832406
243054009052231225123075000535242417
047050148206212171081016093390311506
204073039049050122229067004434915906
033216026059064005155065000803525006
069132154227215006071172004436038106
101145127154199177093218000800281106
109250026047192029080213383530002306
032010228237073165104051532310044506
092018140022215004232062273082941517
079121155115199137234242330960002306
113212142134193241063237491790365817
021068197205207009053016004435511406
057184217041202026019124001612901406
090150170107199192127107454670002306
008075075160194078246211004430489906
044199180005202024006233004430631906
076084179115202024167004080646335506
075063140108194041038066000536020017
049142161230205071047208357815210417
044002105251237042073093004435536806
112175016061244248205083513194397306
141204003138131115048011004435718106
030204030114244029048170486851990617
243054196131050121119148004433824506
213175253240215177242076004432707806
140169199206064005155210004435101706
053196112231073165107118507970044506
129048012205251073160000092120930917
055225150240050065143226052990044506
139169064229116246215092004435477406
195069022047205166125049000804436106
213173033219244158083125004435674706
047004233085237042073106004433785806
104089087057194038091253000224229206
062198036118064005155209004435880206
209092156146073165107159643530044506
072044107246073165105129618490044506
128103112127073165109014539030044506
088229220009202118240254076722862817
223007030181237042073097004435705806
044200000013231225123094000536309717
047028134229207001130205004431382806
110157015120205211043037265120688117
079121155110198193187082465060002306
062199050044240223037058000805235706
062242170247199137230054004434303506
140200069214064005155150004434066006
036218201061199137224001592140312706
033228141006050255049114004435488406
121149058205251000115139388623199417
213175253212194043183149052222915106
062202253022205166059069063804200206
016034249171050250223209000803769206
218225159159064005155102004434587606
044005105069064005155229004436432206
237042064224237042073094000804782406
075091211160237042073102471960044306
058158215171199221119051250725830417
079089136002202030022235258730899917
197045110254207012139248576492748206
013144103253215019014173004434812406
041162104206207012129092000804962806
042075251007122195111160592500044306
213173038229212227179002004434053906
057184217041202118151084001613079906
047008181033237042073103000000000001
054051098172199169194038501080008006
044087123014237042073097004431602606
140075193213192166213091004432807806
196055172072205251200232080003652817
213173033210192132000213004435402506
231148132022199169020051004434987006
089200251024205219216165068810364917
096246137018205184077009170412703217
131190122249139143018199004436430006
197046169036192182135031270305552517
194046044128205250093172067845480906
096161180060202030184213000804970906
249018159214251224032194428942262517
123188123209205236124229004435003306
203118181060138145199242304665011717
013217234069194017236108000805828206
062215225132116246215069004433997006
243054009052231225123072000531860217
116247129064064005155202004434131206
122163211201192022161136004432879506
030214172218207183020142004431361706
101235044100138154105125235956009406
062193125239212197032093000804794706
097101023169205217180050004435018706
096100187159050123081171000255927006
200172157011244003007245139366262406
223007030181237042073098004433066806
013217220233205218072008000805463706
062199080201135079171198004433423406
231148131127138152140101000805176306
140169207146116246215068004434310506
044039165043199137229232004435863106
016012080220237042073102004430971206
099035126206244038133045069010672106
035213040194205185134067068820688217
016036125224116246215051464560008006
230123000233199224223245498455341317
070243078228194102248233000805013406
034064248020205251202136345535328106
148077050141064005155134004434719406
062211094136251224004245004432786206
237042067060237042073101004435899406
103111055251202167046194089140232306
228079218253202030132043004436091606
218225159021064005155102004434442806
206157043133244003024144004434295506
134164179107237042073106025150787606
131121155099193065022125004436414706
062252228016205218010172000805438806
075219045216251215113218004432326506
044222019235064005155189000803445906
108206060174193232161097000534047417
044027253156237042073104004431972006
244200013172139072053034000802853306
044000073176194038088034000803003706
237042071025237042073097004434438606
096068003068202024016004068815057717
202217215109205211045212000000000001
238063116234199138218125320050410006
073155108246251224032194000806479306
156240157113205166123025370973197917
197161194180016229024087412430175206
202217215109199170235059572752555006
114228166056198247224113504992859917
137125219118205055135243476492762917
195222041229202024007222000801102806
044020221114212202218156004435505606
124101052204135079171142004434050906
100197036136202024007154004433706106
044024176172064005155209004436072906
197016034018205217165074004433606406
058107171196202030062012623080365817
044029125017215018163150004430311606
016242056115231225123075000536095417
098127237089194114091045000000000050
112182043203212196220006004435643006
036219095039199152011093041200555506
109141028098244001196133004434121906
113190242048205212176228291262096317
140076018204212227134220004435225406
041145018030240183051085000800761306
223007030181237042073099004435353006
134164179071237042073094015141168806
122027135042207012140194000803412806
092000203212244157135234000000000001
070221082089199168158126000222091506
016013196077244212230252004455540406
016215020012205211029213000804994906
131019022105139212124060080802653606
008074003136050056080229004435307206
016195143026231225123090000532441417
044006122120237042073093004432794206
044090219078205066248159004434746806
134164178096237042073101510300008006
053155235015199138218122241522355306
213179055025050254095245004435030706
044009198070251196218162004435302906
213179055092205251202239004435305006
106096110037199169198062058700038917
053071181066199204083254163225515317
218252106253016229020034513860044306
201206011109073165090024627500044506
134187201137205098239114004435587306
044222125236064005155175000806088206
058037131168199152005043000000000001
213176048019205187184009004435922506
047034096136237042073094004430532606
231148133071199137231132000805046906
025134155117198247228021615240103206
201204152061212195004004548840143306
203046140092202030170136281500688117
047169009129199208063032004434199806
204203161130198247236104279603051717
079121155110192133024043346190002306
127242036027064005155230004436009706
222081081172194031045076522930002206
124117015124135079171128004430528806
062250043188199153040229453023064317
048165205028205035001136099405317906
047081024140237042073098004432320206
147250114103139130005232000804046406
156208220166212194040070186031357817
075255020091064005155230004435098006
016173094073198220158251000805548506
117176172248244022186056441090038917
044003062111237042073092004436437406
027136166074202029115002434365078817
213179055108212202219011004432719906
030147192029198033089228537540044506
153007037210073165059137402420044506
070051171109207001005195525780102417
047026082236199153101116081106541506
047123053253205236226140081120281217
126050033061215106209216000804952606
102058246068215106052229521753119006
218225236225116246215070004435202906
102032207073050123066195511592784517
015043163108251190158157000803685906
243054081014231225123077000534213817
098178087003240063103163387841197917
146052000165205180033045004655828206
044049087190205055128221004433311806
218225159004116246215111487760044306
239213224176205164190034004435299306
135084107064237042073103000801102406
070243078228050121196245000802792306
041150227108240235109089052224150606
213173027166251190082073004435733306
100208217209231225123074000534625117
223007030181237042073107004431208006
101045157250205236086098596965053017
210061102133215177154200004434608917
050019109048215106210138580953493406
130150037145231225123075000530260217
044006226094237042073098004434726806
127011096009244067209230004430226506
210001152013244157134221004435371206
044009208074116246215082004434972506
076084085018050251002013092124366617
076090078157205166126205068894690917
080043183215215255063180268145327517
047034190173237042073101004433393406
049113075249212195130200307695921006
218225090099116246215086004435344506
034040180001205212180254004435439006
205143242040016229027041470810044306
151072124018193065075131174332020717
101092191058251190074029511905151406
073155098053251224032194004434342906
076177103195212227179009052224281406
212143078145207020027099004430233706
047001166212199153052056004430642606
213182131057205251200212100034621017
047160251000199153060118004431608806
213175253212240235108141004433764706
077167085255192022160221309334292606
238063102118050251002015000803459506
040219037048193065072202017951684517
016173086205116246215092004433767006
099194128222073165108159321780044506
030214173024251224088133004432728306
210001152013205032251041004435843906
047122055233194207240231004434124306
196093065108231225123079000530875417
237042071028237042073106004435836806
244014071021198255185129004435312106
044222122183240183033112004434234306
134009120193198033105217000532696417
062205196134237042073103004434277606
131134146233202029255230001233354617
126052098190205249005220071724999606
137206215061193065050114004456494706
083058203244205071041021536100143306
109210154245131248239114516780909606
002002132232202029056109004436059906
021084065147064005155201004433387706
248231140250192030071021000254762906
083019026210207020031042018634934117
203203190218231225123076000531566417
093041047086205125073252000254495906
047032110241237042073106004431126606
244067231141016229020034235970044306
044020079045050121196206004435090606
101160237152215161105180381800190017
073027146097237042073101004432696006
062193227239199224101251004430281506
197043153094237042073106004436527206
044222084100116246215084004436051706
124210154254192030016203004432636406
047038011186205216205175004430254306
213179055106215177154198052222638206
140065118211064005155245004434162606
044006096245135079171167004431859006
097132071211064005155219004434651106
103245145247212194089204584570102717
122024159010064005155244118914990706
140065118193064005155209004434973606
141236058101231225123090000531706017
112081188215199137239073080684636706
059176149124207001164180115801812417
047090211168205249057170004433711106
097133087114231225123072000532563017
213176048215205166050045052225718506
217242175218244020057008125002229606
204166140161138056076139639395102806
016039133240016198225103000000000001
075202145012244205152170095451301417
076177099149244248167053004432667706
143234090077244031075061000805315406
100124107234202024016226000805156006
133039235239205184042146124274926906
044085208115205185134074004434916606
223007030181237042073106004432901206
108022198015050123065253205054014506
030214173047192182227000000806486106
127168149027202024007005070791623806
116078050118199153050205000000000050
047034040082215167114145004435279206
147152175084231225123090000530808117
047100253181116246215095004435599606
218225196032116246215093000805680706
134164178103237042073102425920008006
073155112250138154105125004435979406
218225090034116246215092004436227206
075091213030237042073103004436329406
047160006137237042073104004431434406
119142160188240063017189004434516606
141183211149202024006208004435960106
105129120144131115053041000806192906
139130167064016229044160590290008006
030162038092199177255182000802715306
016215100202198193189008004434309706
047081091076237042073096000800668206
053148173104192030017235000503456506
076084236255240235109034080792616406
044036104204194114091140004435379906
218225090099116246215086000806141906
101082127216240235108140004434200306
147014045182050062046165068865072017
127107225023231225123095000530854817
044002171124237042073092004436332606
030214172133199224155225004435373406
238174020053192182202151100656166006
042094041094205180048112010243200017
044020145009212230042093004436228906
081033104119205249004240457620143306
100233022034244003004177275390002306
047123147031212195089174093392770806
204150195115205200226114440182652406
213176048057244248167237052223859206
044039016193199208055097004435600706
116246197150064005155245379240905006
033228141005244089149057004435644606
062198118118205126032234010030849806
135238165201207180015003019355005806
048213208231205187184126080010874806
218225090026116246215086004434999606
044219076042202024017020052233863906
100208217209231225123074000534003317
048181081245199204068222004434048306
074103216082194038154131592685042217
119132120165212230042071004433946306
069078218086073165104017624750044506
047063067097199171104071004436124006
247111130074215007246013363424559717
152229198194192030020051077795330506
092145053219194042197207469050002306
042094121186251000167184104470112117
075091212232237042073098387280008006
048166074155193065086210250003296606
140169199136116246215121004433306506
223003073010244031200112004432645406
076084179115050255212237080643355506
016215208159237042073092000804672406
044070002056202024017190000804226806
016242056115231225123079000534892617
124101052193135079171198004435377606
044062002102205187184146004436077906
200095139228202030123205010000100017
196043026097231225123092000530928217
097133087114231225123094000531243517
203199091141251190163116643810108517
120184196105215162059126499160044306
044033056034199171098170004435876506
049121106231205112117059590312724917
140169207156116246215082004435209706
075062217254199137237066000800734606
230123000233192022167200367175341317
091232063162202029111184010325331617
204017180126073165073205636120044506
218225236113116246215087004435101406
044035087092116246215073004433678706
044206199247192022173005000802646206
134134130177237042073101004431677606
141183211149202028183185004433362706
108121226041202031147139522702297317
218225091111231225123091000530176917
044001179238135079171207004432577106
070220204005073165104246537010044506
085120088187205098232228000804894306
087062241185202024017042004431996606
044021220136205236085072004434782506
114076206078194017013113000254890206
210056093042215007246013630766103917
103245145013205184078118397055787417
044001001217064005155158004436485606
197143138162192166213036004432676206
214161220047050123066195322272452217
193253252150116246215223076200008006
044004043178205066255239004435436006
050065247015193065050114004456106806
238063122043202118092066320050407406
101081106049199152012217080802536006
140169207218064005155132004435250006
064005149059064005155148000804113606
044222122027205219217172004435354806
086020049068207001128086020430044306
096117066202205180022064000000000001
233062056157202029073135066090002306
132221169035073165111129644830044506
102018043200212171043203068815641917
194034142087205126033101320505618506
113175002229207180015129116580515706
218225159107064005155201004434259206
202217215109194043127170572750722206
097161096059207001001127197895566617
044061123024215006172166004435254006
140169207205116246215069004433713406
073155112248240063103135004436394006
089071097250199169206186393440434306
138130027158224134173009615550044306
016253002192064005155055586980905006
062215016236212034246134004433402706
073027040006237042073103004433704006
047122148187215177179221004435032206
047036199183215006172191004434947006
228202120167198240074082004430457606
112081188215138146061224080685020506
057184217039212034244192001610502606
141204003055202024006168000803245006
047032110241237042073094004435760206
096036045253199208048165004436380106
131190120055139143018199004432986606
213173033200205112188193000800171006
239213054073240235109089000800293606
103207200019192030069093004656001806
112086120224212195128205004433427206
054062070219199224100174000535670817
238041157243212202150023070750218817
218225237123116246215058000804078606
047063073047192031167041004430442206
097133087112231225123077000532470717
119132120158251215115082004435426406
044006252250064005155229004434908006
125145081232205113207140000805984106
016012080221237042073094000802069806
149158111124199169223195086074264806
151198129011194043107185646850190017
090052234004215163102078202611222106
016012080227237042073105004432913606
016012080226237042073094000805093006
047081091076237042073101000800723606
047081091076237042073093000802255406
213175202253244248026168052224550806
047109173158237042073107004434980006
044022093045116246215084004436126206
094099088013198032207088314070002306
116246011049192182133196000805016906
044220085166244020056039004434648206
131208002254199137129214614565734417
021068197202199152014239004432268706
204003051018231225123073000533983817
213179055030138091029120052221983606
121149058189050062113119445463234217
016012080215237042073095000801460006
206240162228198254091157059384917906
044006059187205236232209004435120006
104015019213205180031045593952736017
240183075229194017239253190280038917
158079171252050065172212316540044506
105219186111199204097114119063415617
218225236133116246215087004435814406
125149175076116246215095004433887906
070054012173138091022070153155385906
044025046023251100165037004435170906
206242245066199169020200648712861106
062245003127205166055169004434945506
036098048103122195111160432960044306
208178091070205071137155170005123806
202217215109205236119110572750133306
239213051223244248024143052223586206
097132228080231225123073000531906917
050084201090215177242138310106101806
116118134065050122184135004433055306
213173038231205250011052052223919406
101088232098202030006105444275683106
198243247001215177154201574162681406
103211028145205180066196260022844806
002111124066202167046163001232707017
078021140167202028064234056350102417
139169064229116246215069004433972806
078089220181202029111184010240899917
044003127078237042073102004432989006
105052191118199168152210068815606606
122199012173192182090031537371250017
140066159103116246215220506200008006
213175201176212196234053004436017306
044203039206050254095178004434030006
141236058125231225123074000535728317
076177102216192166212199004433644506
122013121166199208059180004435162006
075163064187064005155228000000000001
044068054122237042073104004431056806
122009015060199223123197273950124017
075091209224237042073100004432845206
016012080204237042073093004431311406
208070209182205166055177052225863106
197016034252205167205204004434446806
223239026122205199063220004434389206
223007030181237042073102004433499006
070033011205073165069191546660044506
076177103243215255217033052223517006
044011084029205212236045004434062206
134215142023202029114201000533346617
119132120168194038153041004435329906
044001110112237042073106004431518206
196177033039205166059066004431299006
131134143130199168152106001232633317
218225090003116246215071004436171306
197043152171237042073096004434091606
015044129138244022255097267070002306
121152191033207180012223000536055417
044093162210244248166237521245153006
112126014084244031127021402743168117
107223077111194043104255350850102417
047122151167199208059180093394896106
136227068188192166172034533760002206
047124049093198253201122093391888817
208191252150205139035106004434463706
204172195143205180014195510555806106
125229017165135079171079000535418417
131184042150240223014226001230012317
058179160154050123065232017285669006
030223057076215004018234468955303906
135108087040116246215234000000000001
247003110196199224099094092122646117
047100144058237042073097004432054006
050084201162198192225166004435539106
087151031130205251205173000803385106
062243164162205187184146004430251606
152115222021215162057212004435674706
047011135122240235109053000806034306
249158180126116246215076004434846706
124142109083192182039010000255733406
062209187217064005155235004434688406
034220209122199169214025396181309006
075249164094064005155150000805881806
062199040202116246215073000803687506
062194073195064005155209004435052006
047054071000202030129044004435241806
226154176178207012131036004435796506
044020238013215163115082004432689406
141183211149050253170234004434719506
134164179074237042073102025152385206
213187199230138091031110004433261306
040090036252198033104132361870005317
044008134097199224149108004434991106
202217215109192182172186572756111106
197043153104237042073107000805385006
062246014154199224098189345020312806
049196074180205071016066080883512806
063162111035244001021201000802281806
150166085182251196218143150296100906
222225140081199224155051004435675206
070243079058202024006021000802048106
094067225034215161108117054770002306
098161094186138056035229004435383406
125144201073244020056041000000000001
076177103217212227179009052222624206
047108165166207012130035000803795006
044084157030198192208155004432872406
122028053032135079171207004433454906
089086228062122195111160390580044306
223014026205205184073236004435362106
119197166187199137227212000802489706
044202153201116246215093004435496806
016003076169199153097129654666002717
138153029139116246215234000000000001
089006009100073165104106083360044506
116086069053205212180022004435392606
195211208244139180038212116444120617
211038129069215177154201004435292306
076177099139139219136143052225906706
049103165096050062046165130912782817
062194119127205213166161004433654006
062238064064194114011085004435816306
044003061204116246215084004435193506
058051041069205113200070541440689017
202017083254205239079024050600522817
194112240001244038133045109995440906
140065118211064005155245000804759906
137188004242073165054069633960044506
141236063184231225123090000535713617
063147161101135079171185004432964106
082083129186194207240034077474828717
238204232120215106210138000805100706
136053198169192030021131652615975706
021137022219064005155202004433282406
135159110072244248167178000000000001
224115233227207183146147004435867806
025189156049205249006065125476202317
197043153084237042073104000801136806
008069239058205249004227000802624206
231148133167202031000160000805745506
105004186234116246215058000535513417
131003120059199137236115004435455206
047011074112237042073104004434894206
066138065096050123066184004435979206
109246113191131026013087563480044506
093047254074064005155182000806389006
050236232109205113197196285620128817
070243078228194017014243000800422906
055233073165237042073092525840008006
044068100254237042073100004436398406
083100119144212202218060531742361806
104100070174138145199250456475988217
082074103119244157221238052224428606
119132120165207012136245004430413606
066136121073205217254093000255690306
047108127139237042073094004432117006
149158116052138075183216004434979106
008075075218212195130212004431002306
135238185058199153098096084280945706
209089148084244020132013004455450806
229019229015073165090254085730044506
106047168021131026013232587310044506
119049193093198255181006004435048806
082242143175199169198149080815967106
213179055000205164190029052225665606
049017201209215106210142508372702017
047082212172240235109050004435561306
069124001049192182083186004435027206
096142019133240063017189539142277817
044002014134237042073095004435202806
122028054253135079171142000802067706
213175202203205113206033052223384206
091127167234073165104070605720044506
041190023227199137231135647542546106
062226065012212202218021004434638406
016012080215237042073100004430321606
237241128237193232172201004434812306
213175253233215177242182004433619906
016012080209237042073101004431397606
044200000012231225123093000532624917
116247053099116246215074000804074206
152195191091202118049109600003277306
119137092197116246215071004436339206
091232063189244158083125000000000001
132057143029199204099076000000000001
030060197204202024005122570770399706
044000133249237042073107004434671206
032181035157194207240032059385693106
062195108004135079171128000805415706
223010192226192022160221000800200006
076177103216212195089174004432827506
239213060020050121196221052223538306
070243078228244157200117000805592906
016036124160116246215122000805186006
030013000029215027088065203860102517
016195143026231225123080000534434217
044072131242205032029047004433842406
148019074125205200149026050562873417
016173094072207001010061000800744706
148067222062207008087034000532282917
047001162222207001006020004434281406
044006145231205239062137004434889706
153053194191199220222064034780506017
141236063064205211048021000533216517
133095133189205184042146588394925306
149042101045244067209146092170930917
140169199221064005155235004435011406
193253220039116246215053516700008006
053196137022131026048125536380044506
050074119126231225123092000530300717
091047254125193065081086000805197606
047048111021199137231134093395478606
070243078224215161079110000800177006
059211238235207020019036000803888306
056014186174199153106205004434627306
125209088008244003249185000804206806
044202053247205218014239004432426806
044086016162199152012216004432392106
049079229105139136059144080804371006
127249137006139010250131388150008006
241064100070205251205198583014745417
044003159019237042073099004432649206
237042090150237042073101439360044306
050084201005205071040024155504086806
147145124223244158005053117796394917
223080042142135079171150000530620517
016012080227237042073096004431615806
128065061041073165172022529700044506
070091214071050123214112630940727706
097133082094231225123079000535097217
122021088038251224032182004435106506
134194243115193065015057000804314506
249237199098249237198146001793307406
016012080220237042073107004431435606
070114204038194017239253641980038917
223208143086244089100205000801900806
239213054022212034078141052224465806
136053110215205250092010000801548606
094105217124202030185238085705141317
047034214121237042073104004433660806
231148133051244001199058004432831306
037166126237199192041106513374828917
195005231131205071033176154700141217
131190004015199220223180000805034406
074227102167205126137105246390102417
016012080207237042073093000804054606
132017014014207022029238430860002206
021120126059205098234026004435984706
102157052106199223127128619985343306
021091198024116246215070004434797806
203162063125205166045021544760002306
047051059159138056033185093390223517
073131087147205212176012070203132406
016195143020231225123094000530953617
136053123146215162120168000802411606
223007030181237042073106004431138406
013217216216199169022229004435037306
200162125180073165105187499200044506
016242056115231225123075000535474817
231148132091050056146082000800450606
047168171093237042073101004433279806
147237040035050122228221458335948306
223044129146207001003094151510320017
237135129047205250036141000803919406
229019107086202028221026175062462106
141236062013231225123077000536040717
044060241131212227179009004435183106
044218049101202025249228052233540706
044085208043205211055142000802729906
100247146074199208159124622402685117
107050159229207183132053519246237006
128041247063205250244096329851772006
115152170178205212176066629913401117
052135059080064005155064000805193206
042204052015251224228040060083672617
075011030163139212123098050026489306
035001001043192029211131524460107217
125108027192135079171186000535478917
044068194088205236226103000804037806
073024239137135079171145004430397106
055233073150237042073096000800640006
044025190174205166056009000000000001
109237246237251224119081500840688117
152155090053251196145197556430688117
072011018108199137233204004435862006
213176048156205099158030052225306006
159206017055139180038165393720002306
044006044041237042073093004435171006
140242186217205212182217004433181106
218225091067231225123073000535625217
047034247075215162051060000805561206
197143138162202167077043004435211406
044004081143237042073096030003538606
062204109093205126033114055042645117
048167178054207183022060000805471906
084239001117212195068115554253785317
062243125210205138232174004435815006
067016109185205203003077125030230717
200124151238231225123090000534781517
008075075143205249060018004435179706
201002144034135079171011026180044506
016195143015231225123090000533617017
148085199106205166125196000805033906
002177066088073165081046560240044506
153071177227205184041237004430434906
016003076165199137226238650345174017
073155112250205194114114004432336206
044010232251194043188207004435198606
073165229232199224151090004455527906
035163163098205194214138093060930617
076084179115192132095119080645884206
213179055069205187184009004435667006
053085138040192029060132132875223406
208070209164205187186108004432647206
016012080195237042073102000801181806
081013239163073165081007621460044506
212143078145131095179114004436049406
070032085113205098239108588150002206
047100153006139096109002004430367606
213176048152199224221141052224485906
146086146172244248167178004432873406
110124032045193065093237000233660006
244200066045205113245002040013079306
135211169115198254094250004434351406
049205142110016228007216548010044506
097133087114231225123095000532309217
113174230028073165069084496020044506
099159132074199224107225089995383417
103226125160073165090122628300044506
027136163088202024006001000803923706
201081175186073165089135569100044506
140169207157116246215085004433714406
073155112248207022025144004433363706
152148099157198255165130000804928706
007234225193231225123093000530503417
070243079033202024017018000801734006
237042118042237042073101000804934206
245062023088205125069190256760102417
062196159178205184032178004430287506
062226058212199177248013004432635906
044048002021116246215120004436446806
047036053113231225123075000532799417
223007030179194017229143004433280506
218225236115116246215092004435808606
123188126168215162120154004434851506
016215208159237042073093000801853806
202217215109198193130068572753555006
100208217209231225123091000530892117
062201166238251196144001004433076906
062238079098207008086181052233432006
062241058019116246215082004435447306
203203204161215163005205000000000001
022194187012199153047020004435061606
113058211174050065188006494340044506
204159155098202030153143517415003417
073027040006237042073097004431578006
127198243206207012129092150000122906
013024068179202029022167000804367806
238063074219192166174023556740002206
062248108076199177248241004435634806
202217215109205125121193572753111106
084193216035205180043178000254702106
140244061161116246215058000533852717
245251025053192182090041521295123417
119132120165199137236251004434476806
047032016048237042073096004430550806
047011160052237042073101004434493406
135079087194192182128053513724662217
062196185181199153039042004434042106
044022237179116246215120004435459806
213175202245205216103220004435858406
103090174175252248201163589892167606
008074003175212064082250004434330106
211247232227192182174187001235708017
097254170172050065172231639130044506
075063079093202030130212004435768706
151091189154199220219174000800193606
016036124160064005155193000804675206
213175202233202167002161052224418706
238041087217202118049018000805755606
047169175164237042073107004433430006
077023208110199220214205199925846106
044004012033244248229162000805920206
098009043062205211045105630841237017
044222003060199224156213004432837606
050075028226202030000177081014733106
097016032030198229188188242990808017
202217215109205195122252572750733006
111092046218251100096119508241046817
063164241115240223181066004435380006
206194160255199136068166613242733917
075067180034205184032153080650394006
044036157111194017231122000805314506
196093065108231225123090000530992917
223044129146192029080161151534915517
197209039117192029094254120423425406
021114180052198241225252004435136306
194129081202205216063244552215942017
237042071040237042073092004431621806
044010107099240063017153004435390806
047091154043050254094252004432810406
223080106065192030091021004653836106
044219027059212171137188000802641706
044026121187237042073105004435215206
047012046192205211050051004434854806
073027056049194038095204196370005317
210008232176202024017166000803666306
158103195091198253221049092551818317
124210139186199152086227004435436706
126052080250193065091205004433396706
044047036203116246215093004434899006
047160006137237042073094004432544806
224134233062199170233054004430217006
135243072125199223120084000803565706
021120126064244003240037004430281606
140065035074116246215234000000000001
044002105251237042073101004431582006
016012080195237042073100000802935606
140065118193064005155245004436070906
074146033182192182045097564746218406
135243027110205032251045004435331406
106114206046207009053128257530102517
041144149077205126032236004433593706
047161043039198193188011479580005317
204139039202192182190021497995118106
070236130254073165110234104790044506
021068196220205218074045004435097506
016147136234139180032109004435752206
223007030181237042073098004431243406
030015071079193065002246004433960706
030214173011244003024022000805053306
135202178146224134173121468440044306
141183211149202024017212004430249206
086106107168251108087134000802704206
136053123146205071138055000802675406
134134152080199169214025004431663806
203117136080205139168159575680005306
050067189144199221119165004435992506
062204039108251100167078004916515306
204098175224198254091149000806051506
245026247014202028159081225495077317
070243079058193065040217000803680806
044201195042064005155229004433474406
073026160166240235109118004435354106
034188229219073165105100592760044506
239213054090199168236096052222684406
140066160214199153061038000000000001
079202055245231225123073604890005317
130017098238231225123079000532760317
042094235064207180048013135744353517
090130000136231225123077000535346117
242229175089251190163139089990175117
243054081005138030251129000532941617
109253139158199168233018637026372217
044084085165199171104084000805795406
047160161102116246215084004435810506
158161069007122195111160486410044306
244014071050194042207049004432699006
192044165083050253169183564071277217
073167072070139061080170004455115206
069095020254244003006174129282222617
153172170021198192207172550030909006
022246087050205239062133364720167117
047171019198244157168176004435865506
137181043113050123171147000800185306
127235039186205126034221000806324306
195185024010205211049098614745317117
070121143211073165173079641300044506
231148131016202024007095000805688906
041216094177135079171178000534887917
044025218175205139035162000804498406
032243075234215004018236563695328206
213184192017205218012075004434724606
027113005041016229033132000000000001
130150037145231225123079000533046917
015068141022205218157155000000000017
139044150245231225123074000532366017
062195108004135079171145000804156506
041144228080237042073092004432617406
088046030109139061080251092534909217
047109144143237042073103004432102006
050084201018205200027043183585733106
103113186223194017228064000223688506
237241130097202029114072004435287806
239170051080207020027127270325830217
044006252250064005155229004435459306
203123081083050065249194572670044506
079121155115198241203114332520002306
147129084109073165105038279030044506
044004079180198231048022004436048006
137031085009193065070237000255021406
110047228114205098029246359832673617
088100059079205032030201000253811606
237113105031231225123077000533971817
210018047249202024017175000804863606
195130088228073165172037518020044506
113098115003199208057054004436405806
122024154240064005155132004435604306
210030029151199220219031004435458606
223007030181237042073104004433902806
140169199206064005155134004434054906
076177103213205251202106052225060606
211038129079240063017174004435493306
136053198152050065250074605010044506
148137206134251196144061004435311206
213129084104198209155185093335241406
152082018172212195128205130220751117
042204059170138145209075060080120417
123188126162139061080218004434873806
127168149027139212113121070765278506
044001146208237042073095004432966006
213173033195244029213005004432309206
044002173140116246215079004433309006
119132120180199204110090004435014106
140075194019215161085032000805119706
135240035165139218240123000535968006
075227179136064005155066633380148517
131174242045237042073096004435681006
050074105080205166058221004435417106
204016195089073165105013515700044506
153065168219202024006123004435069406
122013121166198229111115004434372106
213173043236207183082110004434867906
223007030181237042073096004434792206
131151065185199168152226000532830817
070243079058244158083125000802663706
047108167236116246215080004433655406
041155105116215013113167000805657606
047049019061138152125061004432717506
044002050077199177255044004435055606
073027217212237042073105004432342206
057184217043193065036169001616125706
044222197038205236227163004431046606
075063204016205236228042068891385417
044025190174212227179107000804493606
196092076108116246215092004436423706
063146242183237042073093004435364606
044001136159064005155229004435050306
109210154205199153055039168420338906
119132120164205180094230004432650806
041241186250050062113101000804155006
063160146128207001000248004434924206
085128150054050065196110470470044506
044039101189205183041046090004934906
070032087159244001168105568620002206
249200183052202029108008511131050617
127107225023231225123074000531344217
213179055019244212229073004434398506
245061007233192182220113604395591706
075009044168199137234143004431986206
104103207151215162057070333680809206
122016151149205251202114004432660206
013193011202135079171175004436344906
150176136160116246215214000535650117
223003018222199192040165080251459106
097133087047237042073106000533535617
008075075157194114063138004435229306
044222084102205203002023004435318206
117038104222138091065014155535141317
070243079058202024006045000805761006
243054200222205148029010080325186606
218225138027198033143048000000000001
044007043033205187184005000802734606
044005247250215162050005004434989406
016012080219237042073100000805430206
033228141003198193176013004435204906
243054190091205126033123004435961006
073155112248205151253184004434356806
082137097106205180045078000254334706
049196095193244248167082004434761606
044004063177064005155209004435453406
131134146233202028185058001235509717
202217215109244157120235000000000001
044084080129205126033101000806286006
044050252093205194245019004433279206
047100186253215177242065004430273106
047080018130212195084217004430163506
075091210212237042073095000805873406
197043153083237042073095000802774006
237042071041237042073096004431386406
044000024175237042073095004435405206
016012094104237042073095044436062606
016041136243016048144184000000000001
239213054011212195084205004435992006
044060250187212227152255004432637006
127198184157199177248203068812981917
197043153086237042073107523460008006
135214201048202028053059004435116406
148068184013244158005050004430264306
197180023248194100120176355202623906
119132120164199153110167004433748906
007221124140207020018220514130106217
223007030181237042073102004435297206
153170104025073165091230041680044506
113125180134205167059219357583150606
007157222011202031167039103766213817
196092076159116246215082004433523106
072011018228215007246013000800168506
210030025218199136086047000803830106
102059160034194041038066219332788606
233035203094199137140179068816301417
027242027206199169197049569492834417
197240013103207180013084589813119917
210030029151205211045174000804972706
218252036004198255176121102040328006
213179055092205195120125052224086206
072011095101252248027066004434361606
077157214212202030112162255654953017
218225090096116246215086004435140506
062243246205244158083125004432839006
213176048055244067234057004431646406
047081091076237042073096000800654806
048165205028205035001136088412694806
075091211151237042073106530140008006
115097024001220021119250000230322606
223007030181237042073098004435098206
096013168127139130006120301753594117
202217215109205066250076572753555006
129085214193202024017171000803284006
076177102197050251189121004431668406
127168149027193065057253070762243206
231148131133205218043129004435015006
237241138210202029173210004435342806
213175202236139143183086004435176606
106046019090205187188205361735160506
227003044075194017013053000255107506
076083247096205239062137000804605906
239197202190205251207058310050596706
016036124160116246215122004434718106
076084179115215006143189080025249406
121158058127231225123078000533460917
030205232138212195128205200794654317
070065137140215160090208090985353706
200016024012202024017077004434895906
047124147119231225123077000534991017
136227068188192166174066371680002206
044087067000199171101031004435276506
231128055195215019232171579860546806
101167013213073165111167575310044506
213187194117205139035217004433448806
070243078224193065027002000804944406
204098130024219092213062004434044106
079010008029122195111160472720044306
044093254195231225123072000530177317
112192134025244038134106093062671017
008072209240199171097002004435341206
119132120164198209185000004430321106
254216107121205250008064150055636617
223014026253199169201028000805674606
103040176126251196217063068892050517
152151005099240183050076541770005317
152045064195205166055169004434801806
211210184133251196145117193424945506
134052166188116246215069004435322806
062199098040207023144002000804859606
148068184013240183048145004435568606
131000232124198247235245080383724906
140169207146116246215085004435480506
047090172033231225123081000531703317
073155112182224134174112589890008006
044010087008207009050230000804639206
121211213015251108226013473716113717
049196101075202030243094004455966606
025206158222073165111087592850044506
116210145056251224117111642012727706
044038105216251100143073004435285206
105046138094073165173203644380044506
155161091248135079171133000534661617
146005154132073165080114407950044506
130004046202205180042027000255204706
124117015052135079171198000800377206
050086190228193065079005009936255106
044222122156212230042120004435694706
076084179115205126032064080644335606
047063067097192031161127004435040806
103229102111231225123094000532628517
032191132156244031127236004436280306
141204003055244248142058000803292906
223007030181237042073094004435556406
243054081005231225123078000531587017
044055024170050251219057004430217706
016195143025231225123090000536052617
016012080230237042073104004433771206
055233075060237042073092111400008006
041241186250199208048165000805981006
153071177226205098232213004435054506
021120125180205071047193004433450906
044002162165237042073106004432117406
032010228237073165059251566140044506
049011075017207180013084652683119917
047081231144237042073101004434905406
247003207017205139035106000800322906
063170042025205250089045004432640206
047100097008237042073103004434203806
149042109042212195124035092170930917
124045100137251224253098385953344017
050075028226202030065129081015095906
044016058093205194243094081184965606
238174020043205126138141100655749706
007136011210198247235138518076138306
030200018248199153054042408630103317
204167201240192182190021639755129306
127168149027193065102214070795577406
070071046255199136103029080112687306
239213224191240235108140004430247706
044031063214138152125118004431710306
047101246214237042073093004430223606
124016192062205126032106004430357306
030182042096198253203037000804344606
047048064110244158083125093392659917
149158096184199177247124061035360606
073167155200202024005004004430497206
044007060143237042073095004435583806
047081085032237042073101004434771406
213176048207205251202137004434424506
100202253159205180041056005874540906
016195143020231225123076000531576617
202217215109192031160027572755888006
124101052208135079171175004433912606
044002114207237042073103004431427606
213179055105131115009082052223714406
249070079098207012138180001230012317
213176048144244001196166004432684406
044007208032237042073105004434758806
044026158093064005155247004434906606
047050214090198254094250093396086806
110097001125050065138034165320044506
192249250207205066063145080005273306
047170248188237042073103004436017206
047122143212207008086202497253450506
210017172136198209137114004654411506
109153002177199169195224000805533006
237042118042237042073248000000000001
072075182030212030199041080805998806
070243078245202024006224000806235906
016228204179064005155149000805574806
127242060237192022160239004435687906
070243078224215161079110000800177406
062253154011205066249001004435675106
015043158073207180048193000536236717
016012080234237042073107004433821606
086117192184251224005137172505124517
113175002229207180015129263950517806
021121021016192022160221163853080617
016195143025231225123090000530241317
148067222062198254094066000534275717
075091213031237042073106004436165406
025078006241194115212030333470002306
123188126245215018133166004436363306
239073144078199169214136459025223617
044084080082244003240018004430317406
047046236215194031089230004435981306
058122177137050123066195253482784517
124210138237050123066175000801440706
044025218175205251200212000805030106
223010207032192182091122151514915517
133074057162192182003124592715642006
003144073121192182189171004435725606
202217215109199153109206000000000001
211247227022194038091253000224690006
044213051217205239049229004435688806
148067222062244029050160000530103617
140065118211064005155209000805442206
253102008178192031068150001230012317
058212170125207022029156093932802517
157162158062139093084110452210143306
096036045248212227179002004434980506
131026022004202030243094004455791506
047050194093207001175121093395724306
044025052213237042073103004436099406
047228223011205126032065000801396706
047123062044215006174101004436090606
146074221204215176003193603830187706
122133241249240183051069000805293406
149042109042199223112011092170930917
016012080229237042073101004432554606
218192220239244003240144000805048906
113108065034205032024094147081444317
047044186191116246215068004435360906
016003076058199169207056650814296817
044026181255237042073097004431590206
096068087126194038149141621530217606
047119010121138152125152077574012317
113137189105251224088150000805282406
042204052222131115160236070083559617
047008147014212195069065004430957206
118122079027215022058050000805376806
044003062111237042073099004434260806
044068050068237042073093004432694406
134164179107237042073106025150769606
044027170124237042073100004431196806
200241243085212230042123507620268206
070243078228192182133072000804949906
123126223247205211049098205082807717
044056110011198240075029004435536606
083181136088073165089071506510044506
021120125252215167114013004432764406
214030178107202031028194422784947517
073027006102237042073093004435632406
223010192237205211057180000804963106
213176048195205055204206052224388306
047229075188198240074216020956049906
013217130149116246215084004434086106
131190122249139143018199004432019406
130004046202205180045063000254127506
105061056169231225123081000534598117
203212202205050065196001560790044506
021120111095207022024194004434982306
062233055217138071020237566910005317
149140053084194017228041118915681606
044010175215205187184009004435418506
228209238232135079171207000803407306
124101052201135079171175004431814406
198140021186116246215223531330008006
041225089040205251205173004435173706
073026236180205032026208004435037006
047049128106050121196096093393998217
249237199118249237198146530810017906
133088211250215167248091221113425317
243054190091050123066169004433213906
053223080091050065234104442040044506
131143133229199223125108000535598117
202217215109205212178002572752222006
044003143131207001003110000805101306
072200234154193065038133234170002506
131051233003116246215058000535937717
141236063071231225123081000534205017
119142160213240063017174004433172306
242071226190050120061049197632274317
080209081084207012141215545405915817
044004112121237042073102004431519806
218225196032116246215086000805153806
044024197246192022160221000805484706
036084188012050122231189093056306217
062244023238199177240157004435106506
025237130205073165105158524010044506
033252135022064005155107000805163606
197155091164207009053019000804829506
213173027172194043185089052224381206
050075028226202029150245081013723306
047044171087248200243194004434986906
197109216211237042073105000802865606
197210006237205217247190603220775117
123188126253205218042153004435109206
226102051063135079171063191450044306
134187091098199153099253000000000001
047091030165207001131146004432474606
044027170124237042073101004433746006
030216067180194114059022004456165406
047123237054251100165146004435716706
044024248059237042073093004435300806
124101052204135079171205004431652506
044002237020237042073094004431268206
112182043203192030022120004435280206
047005216219207022045083004435944406
063174215194064005155229004435047006
044038190010244038194244004432644306
047091090216215013075051093393824206
109011019038139093087072000806332606
200162122146073165110067541020044506
213173027103244248167058052222971406
047081124095237042073099004433356206
016242056209231225123075000532043717
016195143015231225123090000530990317
016012080230237042073095000806327406
044020207235131115160069004430163706
123188126245192029170002000801945306
075215142249251215113218004433724906
199114153229192182145001477833861817
147003154118050065234184519000044506
136227068188192166172051352410002206
223007030179192029095211004434666306
070028006124244089102253618600002206
016242056115231225123074000531093317
073024200079199137227212004432473706
206089105192240235109082620420718517
044026121187237042073092004434206806
070243079058199204104033004432722106
247003121221202024016178000805901506
131210253054205125077176004435263806
198163071046205180066111405002968017
047109173158237042073095004433018806
076071154006193241061248514133373417
062255061038116246215074004433464106
247003065126215018244002004433680906
044025079037237042073107004430830406
237241146012202024007028004431631306
240083011053192182010251005873534006
119132120170205184032085000802113806
075205198026064005155229004434604906
131003249210198231050078019355130806
048166070169202028114253286223969306
249248021024116246215077000804153706
030214172136251100166226000806205806
070243078228215161084018000804968406
231148132148199169020018004434075006
127058076167064005155220642551164017
084094070163202024186155342370002306
134164179107237042073093025151838606
196085001142202030099010482584147717
044203165102212195089174004433366806
073027217212237042073099004432421006
047177116171237042073104000806219806
044059208175205055203066004431466706
119132120171205180049237004435726806
002187040142193065050214266050012317
016195130018116247217234000000000001
044085125112205219222015004432684606
072011141008205126137133000531347817
075019108050202118092066092120109417
047038218199205126037146093395220506
213176048230215004235052052225670306
034080172090194207242189193010002206
044039013000116246215084004434081306
148083196032135079171167004436489206
136227068188192166174098423820002206
206157043135212171014178004435028106
076084179115138152125118080025575206
153039112164199153100107199926493306
131134146233244157223050001234277417
196043026097231225123079000533967217
200162054009073165105251581680044506
140242176190064005155231004433473406
237042064234237042073093000805353006
213173027177199168156217004433837006
119132120170198209155115004433427206
150217143243073165054137651720044506
130004046201194017013238000253577306
097133087114231225123077000534034917
107002244133244038133045000000000001
240085143164194017013121005876065306
149042109042215161076203092170930917
213175202234192029209118004432657506
213176048080202167001099052223791706
203024230185205113240244265083913217
140065118211064005155209004435530806
003157072042194078242090000805213606
044222227076116246215070000804960706
202217215109244212074136572754111106
044026234095237042073096004431074006
099113173009205126032066000000000001
112074200090199168152210613980688106
202217215109194102244144572750877006
237042093033237042073248020010200117
044008202051198231053138004436426106
044060086244212230042077004434973406
245209093137199224155125400150338906
147209211199202029232039059384929106
047122103109237042073094000802746006
013024134012202029065104004435827906
213175202216215177154198052222643506
135084107064237042073107000801278006
119132120180205199058020004432249406
049243102162205200149026068810688117
131134146233199169005144001234929317
207080236141064005155111493390008006
062205196134237042073099004435679206
062194040168050062032186004435517606
062200101139237042073095000801422206
047034190173237042073106004431999406
213179055096251190082045052225066806
135072014191215004018236362032733006
131225228102135079171056000531019517
213179055031207001131121052224335506
134164179106237042073102025154248206
101081106079205251205037080805020506
062255147126215177177082004435880406
196043026097231225123072000531805217
131134146233192182064019001235507417
044068040039237042073100004431999606
062200101139237042073095000801428006
044002014134237042073100004434454006
016012080228237042073095000802612606
218225090096116246215086004434024706
149158111218198193183080093755861806
147138176092244038133045312295703206
075091212239237042073102404940044306
237241138238202118093145000000000001
047011034226131115052077000804435406
125145081235251224032197000805907606
125229017171135079171167000531373017
063150021007244248205071004435675906
209136146071122195111160452210044306
130004046201199152104082000254720906
016012080216237042073102004432900606
062249164233194038088109000804992106
070101106022050065189172530510044506
047011196102198231052090004433767506
195068237199215176008130140322601917
147159022247199224147004043250002306
130117032109202167076184473830103817
047091167003215177242038004432938106
131210219147198254094106004435023406
223007030181237042073095004431805006
047184002156207183081167004435027206
223007030181237042073097004436266006
196093065108231225123072000535256817
237042064209237042073107000806252606
047049248166138152126074093393800506
044010042124215177242038004434997806
093041047086205180109110004654488106
119132120170205212176221004434970206
114078186108202118026061345110125606
073025113049205236253109000803541106
218225197239116246215095000804136406
196094171168116246215220522050008006
003144073030205125081080004435017206
104160174088231225123080000536071617
044068050068237042073096004432695006
118158143195205249041134597044964006
057104127189251196144199385440038917
251000212192244031072112310975943317
062251242246237042073124001795216806
015007171191205166126205621815949517
207056112047199153103206103253612817
047119176053205071139118004434419206
073027099015237042073092004430601606
127058076167064005155220358941164017
053124210025212171149168000224299806
096019190018139061080218362813492217
200162251249205180066111438722968017
047049233002205138232074093393602606
197030218109205212176228004435990806
034108101082205251202136253495328106
044046124005116246215085004436200506
047062092060205199055081004434930706
245098018073202031055048100180910117
083016036143212194172190000801100906
130150037145231225123077000533689217
136227068188192166170019532350002206
135238162118244158004033093325222306
196055183065198254094122039994365317
075062146152138030253018024260242617
140066161130064005155235004435229806
159098228134205200027178165675969917
151198129011205180022222570830190017
073141085164050123138105004455427106
058159137012199208059068118881133917
149042109042205230095066092170930917
044092107071199137227018000000000001
213176048048199168152106052224059706
223007030181237042073107004436086206
096016012052215163005170476290102717
075091212216237042073104000802335006
062206101183212230042092000800252706
100208217209231225123081000530948817
131210253013205238171184004431419206
002183070096205139035230000804406706
074224003220202029212020130884539817
119046101194202031017153099986059806
036114198175205200173191485514105617
202217215109212197032149572750322206
105217238162199137234143101530337017
210018047250138152126165000803700306
226025145070244003004165254615874706
041146140019194086009038004435894306
063166106124244248142026004434489906
247003114212205164191112004435629606
072011033114207008086218000531122417
070243078228205071137142000802686306
223007030181237042073100004432459206
016012080220237042073095000800559206
030013029107199169214091459626039006
062196001091199169004236004435421006
044026009006237042073096004434273006
044039016193138091022086004431539906
206111182225215177177146001235468817
062239131164215177154201004436057006
002089055162205199051228279210105417
016036124186116246215122004435901006
015043163111205217254078000803395406
086038140086202024016004068816426706
044059211077205184042255004435785406
208181035074205212176066004435192606
044085129200205112188198004434898406
157228050038192029092226590500808006
224171156041050122184251004433179506
251103139190064005155065000805297806
206238079190073165089219565360044506
119132120165193241061248004435626406
197016034168205098227203000805902806
223007030181237042073094004433593006
119132120170192166238235004431626706
047100158133237042073095004436176006
021091198024116246215077004435846006
047176195096116246215080000803421906
218225236225116246215073004434637306
113175002229205216067105106810530606
140066161130116246215120004434371106
070243079058202024017073000803425006
074144236237212064144218432386270717
070243078228199152106244000805290406
148072083145231225123074000531697017
062244202083192029185100004431297506
062229053223139096098160004435512106
087150060155199169194038366400008006
070071044246205250089013000536459017
119033057108244067208191460990005317
141186045158064005155201004435783206
223042065162139093087064005873893106
044001110112237042073095004434412406
112143226184240235108140183583271417
021091196016116246215076004436122206
119034060159215162059127566400044306
218225236112064005155134000805919206
049146123194138145212167233061647117
158178219046122195111160451600044306
204098006096237042073098004435185006
030135024087207012138117177316460617
049152098252131115224148258256050117
047091075213199171099206093395781717
047001162222215161085003004435219306
085024185054050065234124550900044506
044037160143215161087119000805081606
116086068205199153110105004433794606
237042091049237042073094000803870806
131134146233202118045246001234635217
035097058004251073188066396884611417
041145049105199224099094004433642406
047030007083192022160221500100560706
238063074219192166170136474280002206
200124200090192182193067502770012317
228079231241205199050005001824916906
002002132172215022050173004433966506
223003109009244038133045320153320206
022194170077194114125249004436023706
044020221114212202218156004435504006
098143045216205212179110000802533106
033171121036116246215058118915893906
152148105234205211029097086425115706
224134102213251215115082004432894206
044068041155237042073107004434878806
153053194191193065012010034783374117
251103139018064005155192004433596306
047081116200237042073096004430482006
070112049245202028165128551874360006
253102008178202030176139001233745317
231148130239199220209078004436167006
223007030181237042073099004434535206
089049252225244038134057604760808006
044026234095237042073096004430389006
062200003166199224149004004435698506
070243079122202118020194000805077706
148083148054193065033162000530174817
213175202246205251205243052226097306
063175190147135079171207000803947306
080055174103192022162050186580002306
030171016187073165109167519760044506
072011141001231225123093000531102817
062236026087138152126109004435090106
070245127217199137226070031890044506
047006173229244038133045004434753106
076084179115199169009030080024249606
213173033219139143180053004432652606
044055126179199152013237004433249606
100208217209231225123077000530146617
151128055186202024167114336270545206
135240062190205239062013004435207306
048213131186202029021075080015828406
063160168142050254095245000804621206
141236063126135079171175000531588117
146017173237202024005070492506520417
072115128190202029214164267263781817
251103139024064005155203004434749406
101188009126202030158085019504971506
123188123208192182186048000805980106
044037206168116246215085004434662206
082176163149199220222077635883669606
114049170117205098225230265255188806
044005076192237042073099004434396006
196093065108231225123090000534286917
062206222166194207240002004435250606
158051210110212064145050247131204617
002002132227244038204221004434102506
016012080214237042073102004430468806
218225125241231225123078000532187517
223007030181237042073106004431137006
047123063087240223015137093395238017
047124152003240235108141093394940917
103231071157073165109168631900044506
119132120174194102252180004434667606
070198073086205213163137090020015006
239213224176198231053138004434989406
002164208121199224102173000000000001
075062217198205239087212004432751606
016012080220237042073098004432957806
016214089141237042073101004430318006
075164096216194031042164004436415806
244200030051192133028125000805582506
044059160114138152125013004434996806
213179055067244212229069004432779506
047063125101212227179104000802720706
114242108031205113211032000804934306
192044165083050253169183562381276117
097133087114139072051021000535697817
044004223006205137109053004430215306
211247096031050057211102205804500106
062247003052237042073100004431350606
076084179115199208051111080645014906
027136153090199169193248037245992006
044085125143205211122071004433977806
192044165083050253169183611871276017
213175202219205166055177052223589206
218225090026116246215093004435113606
049101235076205139034077493004915506
119046101194202030170112099983794206
047107137117199208059184004434463206
047025095252192132028121004431450606
244200013172139072053034000800985206
072002236160207001181106191550044306
077023208110251190157126199912134906
016253002177116247217234426600905006
059211238234240063113219000800636006
021068177226207020027239021955501406
025242026013199169022142068892358217
008107007128194031045249000805183706
084113242096073165065116568620044506
197143138162207020255023004435480406
044008020227194038093231000804405006
238020106129139218240254004435427306
044089089114237042073100000000000001
201011137190251215112202483790143306
072208032201050065249110043490044506
206157043133205250089072004435829706
223007030181237042073097004430578406
113097233109199152013237180852577017
064030115138064005155023520580905006
047091109113199224098074004433293006
044026206013237042073094004435868406
155038086088199171105124000805552706
223007030181237042073094004434261806
124101052197135079171198004435991706
096066220140139093082041575560688117
222244094022050065170197652770044506
222081003032205126039009000802965706
148137194057064005155190004434908506
198140108134116246215053632820008006
070243078228205125127137000804922406
047119031145205251070001646680044306
197074243063152098209009004654437406
044002237020237042073094004433408606
044002162165237042073107004431585406
044003159019237042073100004430835606
096194024140244031010013361732751906
030177210131212034245141588716130517
016195143026231225123094000535691617
044210010039244248026173052235092606
148094035236050056157094000802008506
085024177177073165108130651520044506
063161037133050255154189000805403206
044039016193138091022086004431539706
131003246189199223122141004435246506
127165136218064005155102118913897206
148137011112064005155202004434615806
113187248139199224156157626726452417
113175002229205216067105165980534706
111234250012207009051121004433915006
206223196232198252038204538300002506
235195047178199153050191452625058806
223044129146212195130176151514915617
244014070013244089100201004435669606
156243032191215161111253000804072606
044084128050212194052099004435559806
213175201180139143183073004432656806
087223035047215176008218004434139106
044029105110205185136213004435285706
066138065096251196218143004435582406
021068198046199169214066004433434906
047045199077138152126165093395296406
124247190128205251200208052285418106
111030153065198229188199068812687406
047050211237205139035178004435232106
100080151101231225123095000530148017
210005100070199169194038582640008006
253102008178194115169023001230012317
156079240196205249003219516702796317
016036188174050062046165000802726906
007163216248073165111112603390044506
135079118091199223125094001431968106
119132120174199153056069004436280006
106082231042244248041067647074893817
116086069053205212180022004435392506
195000156187240063017189118880126017
044008077238199169002222000805663906
239213054000212227179141052224749306
124117015052135079171198000800377406
131134146233192030044162001233290717
226025000026205126037146400004946506
215009042007131026048100391640044306
231148133015193065075082000805884006
136227068188192166172040594050002206
044009248033116246215084004436325706
072059166233205251203192004435667406
103245144189205066136005553750107417
049192155177205201186128430842861917
062192250145215162048199004434920506
238063074219192166170123483620002206
218225246108064005155100000805760406
114028071047244003004017276394545617
237042064229237042073097111560044306
073027006102237042073095004433199606
202217215109205236108194572755444006
002249117079231225035014418000257206
091157142062192135130167045005896417
047168186061237042073092004436464406
016215208159237042073100000806373206
244200116040244127032114334453344517
119132120170199138217178004435021506
047177042171205194245197052232552306
078077069170138145213185010472289117
044220090156116246215040000804567506
047124135219207012141062093392638706
016215131012205218014189004436163306
141236058120231225123079000531906217
253102008178138152244189001230012317
075223238191202030214240004435910506
063174088157139096098160004430660606
146086146172244248167178004432873206
122139052064192182223084000805250406
073027146097237042073101004433625606
244200013172139072053034000802847506
124101052197135079171142004434128406
086039025157073165110020531560044506
148067220032199204078204000535446417
044026091054135079171142004432830006
013005197030205249048218000805454306
213179055030244001169249052224509306
240083027006192182039102005874955806
053046187135251196147123068810103617
062255088134205035005096000800240206
044037234209237042073099004434063206
238063096186138018046178059000002306
044022205025215255201158004435909106
008068107014199169201208004436054206
041241054108215007140194004432630506
204098130024205099154205004435354906
044008147088199168155059004434957806
047100179217237042073097004435644406
086038019075139061080218213203880217
248206216240050065143160579750044506
044032226160199224099218004432672906
047122206062205218008153004435212606
196092076142116246215069000804829806
201013072041016045106041000000000001
108120195062205071032190623480113817
016012080206237042073107000801460006
148083149186139212119173005141170406
213179051254205218014108004434842806
213184192023205216101210004431099006
047109144143237042073098004433856006
047191098079202024006233004432010506
033239237031199136085102004436498006
152157254217198247227131000805611706
195120094196205187185082158495010806
050084215093199169002109268406448106
244200097153202024017104000804849706
044018130122215013072176004431583206
062196047072237042073107000802199206
223007030181237042073106004434457206
125206040209064005155244004434216906
140229104121199169205028004435128006
243054009052231225123078000536326617
052135059135116246215094004436529906
075091210255237042073101432520008006
047183064078198229031013052234571206
127107225024244020056039000536223017
044005045056244205226230004436301106
196093065108231225123094000536407117
125221175235194042193179000530106217
134164179107237042073100025155588806
218225247191116246215069004433806006
075091213053237042073106000802100806
047168012143050123203063077023770306
238063029005050253158163160000105306
070025013209073165107185640930044506
070243078216205203003040000000000001
044060233212215177155253004436069006
044028070012205139035237004434137806
210000121113199169220065104000688106
131000237118202030113031000805087906
025201178032194031041156365900002306
080203177185205166063097010655485117
135243072074199177091090004434032106
008075075222244205010238000806179706
127107225023231225123079000534542317
057184217037212230061048001613764106
047081091076237042073097000801394606
070068186254212194041172221264038217
218225009205116246215095004436190006
076084179115202024005053080024728206
213175195099198231054114004435116506
055233073150237042073106000803715606
016012080225237042073093000800218206
141204003052205070214232000802818606
047081085032237042073099004430853406
076084085018244001168186092120930917
075011047119207001000192004433817406
119244111117202025249064423590044506
138044206190205251202072587262637317
119132120165205180058226000804986006
047049019061212197179215004435013106
197043152148237042073102000800359206
073027110110237042073097004432465406
213175201170205211030189052222653706
035226227193138018046126541860002206
140169207156064005155202004436204706
016011124170199177248017654685946117
016098134156205071047198255654946606
149164124023205251200174004434959806
070028006053215027186205495660002206
109153241005231225123073000533574717
064004253063198252174183000534615917
058235201024073165228025537820044306
206169221013202028069175485364692917
129048012205194100114140092120930917
044222120188237042073103000803724006
053038177139192030073078000253294706
100208217209231225123078000534982617
044049099043199168232085004434956306
213175202215198231053138004431819206
135216036149194038091253000223561706
101177079151139218240189068813805017
237042091041237042073095243040008006
016012080225237042073100000801190406
213187199241212034246185052222993106
077079219216199153034081626072816606
062199082095116246215084004435294306
141183211149202029106028004434686306
158049162034215027089013414474451917
016242056115139105124085000530646717
149054242176064005155233004434894806
087151121000199224098189523470312806
114078186108202118026061412960620006
218225236113116246215087000804988706
097199247222202024004214153000121617
059186155245202030189132162170104317
194081183029205126037089122960197417
106117005230205066140058451480102417
016036137244198241202211531570044306
044049059027244089083201004434079706
148068186181050122037064004435481506
223010195121207001003111270185643617
076177099148205139034019004435789806
032215252226073165110187627890044506
085053109210073165110053505570044506
131121155099205238169234004434113006
146124016145199137234160059384064106
082242143025199224099045080804017506
047030149158198231050150004432992406
218225237063116246215087004433464606
047045231157050254094253093390523017
047123201106139005144060004435629306
062245204133237042073098004431036806
070243078228205125127137000804922106
057184217043193065109100001612738706
113114006146199169214054000000000001
106052107208199224099045506442667106
044001009033237042073105004436413406
119132120173199204121002004435231006
204195180123198247232227143213713517
149240091110205199052063004435687906
096233129191050065143123626920044506
152084155111231225123080000530390717
135211169114205099154038004435658706
127254177245135079171186000533518317
237042093040237042073104000801133406
213187203115251190083166052224505506
114255019085199153047033438204219917
131134146233202031133033001233983717
099140174201064005155156000805102506
133207134184219092051205325875363406
223047225084240063101009004435203006
030214173103251190074029080805405106
200175194142202031094000000000000001
153071177196199152015187004432991206
223007030181237042073097004433269206
223007030181237042073102004433493606
044089088061237042073106000000000001
253102008178199208150199001230012317
016012080218237042073092004435759606
213176048007205187185082052224679606
101157100239212232224115604425565406
213179055110215160090111052223306706
047049205230244205138023004435894506
213175202250205164190058004433631806
075062217254205203249062004435161806
237042091041237042073101461580008006
134134130179237042073100004434658806
053050253012199169195222118551401317
083100096252198220156031216095667706
047161213216192133027048000000000001
096039014212073165105186059990044506
236146136233192182096146000805500006
016012080220237042073094004430850806
044011105069231225123077000532853017
044026181255237042073092004435025606
047160161102116246215093004433420506
159075154185240063113219498000008006
044007208032237042073105004430879806
096016143220205166126205610672645417
131210218147215177242038004430144206
075091212223237042073105004433215606
047124086122198229186103004432663106
196093064210205113251037000532203717
103227026008116246215083004435968006
062200062195199177243253004435823206
037045041232073165110051561500044506
085054062207244038204221482052998517
077181171052073165065101591370044506
002136106142199169011177000802795006
196043026097231225123092000536118517
203025082032122195111160162710044306
016012080209237042073106000806419006
206207219039073165111033608500044506
148068184009205055128125200010228406
142093044231244029242217000805109006
002192040175202029119024494265307917
042094207089202031186106561464778306
148083149213193065006185005140472906
101160237152205180022222627640190017
129048033243212194041185092170930917
047059142049202024016065004431347706
212163169019192030034137000255265406
040216158026202028168184031674693017
112080022086199169214219000800896306
204249168156199169195222558261401306
044068054122237042073104004433556206
236146136233198254091149000806051606
093126237008192167125111517100002306
047187107211240063017189004434944806
136053123146212064144066000804095506
124244081067231225123076000533541817
238041127162212195130175080815422306
082074103119215019187199052223998406
002249117079231225011187418000550606
047169175164237042073103004431258206
112074221202199153100052102226450806
062213143060194114087042004433093806
206111136074135079171147030010966806
003144075149205250088202004434102906
058024020007205184077093000805599206
135084107093237042073103000805962806
119046011150205184042231004433955906
213187199233244158083125004432719706
047110181203237042073102004431568206
002244226097205249010141342192003517
134134152046205251202236004435176406
197255105122215013113167004435657806
079098210248199152013213028890312806
047160222006135079171145004433650706
062205098033198231050111106460008006
248240216070116246215255000805324406
200222118162198193183042000802650106
218225236073064005155210004435154206
237042064229237042073095000801678806
218225236113116246215092000806139806
042094116025202030080087015423232317
200162213196073165079104072630044506
128121247061244022029178004434071506
213176048018205195127188052225216706
027165192045016233080157000000000001
041155124043202024016194000070509406
128219153231116247217215000000000001
044024248059237042073095004431364606
002075171142207012131059000805311406
113025154244207022029142391364369917
127235037021205216065178004435069006
016012080216237042073097004434011206
096047115231215177139175393710116717
237042071042237042073100241880044306
073027146097237042073096004430986606
007142245080202028141036387493732117
136157070208231225123092000530160917
030054086185207180015129588340435206
062199205161205066250111004432729306
007234225066231225123090000530434917
210030029151205249004133004435996706
070028006124207180055113628420002206
249158180110116246215084004433811406
218225090150116246215019000803353606
148072082176205219222009000534243317
062246107255205149045097510134369106
129194236173192135131210645630338506
139130182033016229022225650530044306
213175201190205166063179004435370206
213175202098207001186130004433807006
055233075053237042073104486800044306
130004046202205180042233000255246806
047035164008205099158030004435156106
193253252139116246215053483660008006
047185187116116246215094000805999406
047187080168205035005040004430629206
232188068251199136065245000804489506
114076206078240063112094000255600106
149164124053215177154201004435750817
103173175076198193188208000804321806
044094105082207012129092004432640106
044069158132215013072176000804857606
239213224178205066255028004435531806
130120117227205236085053514130103317
008069239111215027186168004435146906
042204050215205251202085265402650806
238204081056198255185126001235300717
134134130249237042073100004435437606
244200030051244038195045000803364106
124028122154231225123090000534651717
122016143106202024006228000800222406
135084107064237042073100000804508406
131021132178064005155181000803321206
140169199221064005155235004435010206
141216184215202167044253004432768906
016195143026231225123076000534241817
002102009083193065060108632840338906
238165046030215004019210033895570906
196092076108116246215092004436520706
106223223224073165080157644940044506
134164179105237042073106025151015806
231148131041199169214025004435098006
197143138162244038133045004436413506
044204082126116246215084004433412606
047123044045205187188124093393817117
237042091021237042073093554840008006
197243251072207183128093140486051906
206187252013205200227009551570338906
104021255207215019070068371200002306
213175201163205183125090052224749606
044002014134237042073101004433536006
213176048029212202217052004432642506
044207240149207001173066004430195706
131134146233198247227244001235099117
206205132151205113192143308544360917
073155112250205112116140004434362706
044020211213205138232189004434083506
062209203029215013082039004434212006
122016143106202028019006000805091206
107100153246193065007105487806443017
040219157003202028017181012533934917
135161013065192182214219000804262406
213179058177212034247118004433868106
213187199255215176003201052226216906
097213104004050065170001547660044506
070071044246198193184093000532693117
119132120168199137227093004431920306
085029249026050065172083583000044506
223007030181237042073101004435855606
133150048165198240074190295982685317
204028145058073165073103532520044506
044002217229237042073099004431733406
047042179210212030199041000804754006
047119053042237042073104004432841606
137045150073215161045090310964224606
131184042151215027090175001230012317
088046109126202167044253086062664606
140169207158116246215087000803586206
062226031247205213166235052233887306
212194014122194017229141142704320117
222081183139073165228196559080044506
050026135101073165034223449040044506
044001110112237042073100004432378206
075091210251237042073099061060008006
062205145019116246215079004433755606
083182059155073165073026606030044506
083183157138073165105092588570044506
148072084223231225123076000530420217
053162076150207180012223198302696706
152200233114194038152133004430696806
016012080234237042073104004434341606
030015071078198193177132034783761917
218225236073064005155210004434825706
058213219096050065138102548620044506
079121155110198252041106377800002306
135246243180050065216217554870044506
152148062241199137231134009935162206
044007060143237042073104004432279406
007239139237116246215093004433710406
047036053113205066158112000531928417
204240237198215013072176523181498806
097133082094231225123093000535663517
213179055023199169014212004435126706
044095242042231225123077000533924117
101160237152240235016232046350190017
206240150168207012143020513881281517
042204057159244212051065060064241906
141186045157064005155228004434698806
155164111023122195111160423350044306
103240064219135079171145004431592306
149042101045192182206116092172646117
131003246171194043189068004435178406
131151065185207020027130000534468117
044198213161202024006032004433662706
110127050137205138232164089990113517
213176048015199168224140004434089906
062200098065199153098102004430398806
131134146233202031046142001235132417
070032085113205164099202588150002206
097132228080231225123073000536312017
048181080127215255202035068685605306
044084132165199177082106004430349806
202217215109215019187117572754777006
047019171166202030116138004434139606
044008020191199168152210000800225806
044027170124237042073092004431629806
075067180034205098239114080665748506
099140192015198033143048000000000001
251103139043064005155135004434513906
141236058065231225123074000533171917
127164133143207183145187000254459406
055249208225205219172197000534342217
040216240250122195111160026910044306
063163051092244248167053000804832006
243054081023231225123074000536357717
197043153104237042073095004431942806
159206017055199221116182393720002306
127092234185135079171071000804724606
205128049144194017229138566062907417
149189223023139072048231000000000001
197222188038219092126184149070338906
213176048036244001171211004433264106
008074003151205249052114000805353206
049157255247073165173171618600044506
090248128204192167239170087652649117
213179051207205187186221004432798106
138022062142199177248029567495038106
128219101082116246215068000804594806
154001197056138030205127292896411506
016012080217237042073103004432492006
229012121070205035005042491844319706
047111131231237042073093004430413806
090250055131016230168186356200008006
044024248059237042073105004434748206
135084107064237042073092000805557606
128062090172205032020169004432699506
152060186100205211122024000806297406
073171192114199169214025000801110906
070055145169212171105117316145698917
063150089125205218074002004436302006
131184042151240183051070001230043517
201206190133073165089234639690044506
208070209182215163103225052225221406
044026006079212197254168004434545906
048181114210244029241162004434699606
047034214121237042073105004436489206
141236058050231225123076000533992517
049119025249193241060091259690038917
129205124239116247217215000000000001
044036104204212171082110000805140506
047090218108116246215094004434706906
200016042243202028162210004435068206
057184217037202027154168001613210306
135090232060215255051045004434046506
021091197095064005155183000805188006
122028053239135079171175004430905206
141183211149202024006155004434850106
122016151151205126033101004432681706
218252076049205113200250068814692417
231148133190202024006159004431090606
198140095123116246215062592480008006
106131112112205251205218000531830917
103213216245073165111159146730044506
213175201190050122167218052224086906
135214201048202030110213004435829406
062245005071207012138242004432938906
047034096136237042073098004432723806
070119005253212195130221146385228117
073026194181199208059181004435858106
044006157000237042073095004434109406
223007030181237042073093004433623206
047100056104237042073106004433706406
210022242067212230042160562585080206
253102008178202028071055001234507217
152009169171205125121004000255281006
139169064229116246215092004435469806
116116069151194031030099094181066806
073027006102237042073096004431974806
141198253060064005155200094824992306
135084107064237042073095000803659206
213175202217207022045037052220498706
218252045132202029079125004436450506
218042024043252248203203354435873217
050074101097231225123079000532582917
135214201041202024017233000805528006
002109022032215167248065000000000001
015133240227050065216081105910044506
053173086002202030240105377675312117
002002132220192132181096004435310906
197183208064194100126165545920339006
152157244218192030098094000805327006
124101052202135079171142004433208006
070250047026205212176221070006024806
213179055094205099159253004430192106
007029103156194038159036373255930006
047123063170199177255213093392687506
044000024175237042073098004433884206
226154176178199153111147004436188606
047100216221199224108095004430189106
097132170116116246215029498800005317
106202113105205217250130011062664617
047170254249237042073097004432547806
223007030181237042073104004435599606
047030158193116246215068004433621806
141236058093231225123076000534371117
213176048139205213189184004435533606
002164224226205126033101004435167306
070243078228205213166080000805052206
050075136190202024016253000804735206
252171219033193065011122020134923506
113175002229205216067105173820513006
140169199221064005155235004433559306
075223238191202030214240004435910606
141204003237202024016176000803032606
105193227059199224099045319922835417
218225237063116246215087004435680306
016012080226237042073104000802337206
056021221149244067209210004435225806
049089171061198240075221502490046506
076084179115244067133125080646340006
140169207166116246215092004434846106
070251197001205236085045084866097217
016225186040064005155139395810148517
197016034093207001000185004434973906
140065118193064005155245004434956406
044201195042064005155209004435486606
013192132240240063100121004435201606
128214125094205032020169004432699706
044025045054237042073107004432555406
226164051080251196145076101405327906
146020232064205071020216607162254806
016012080219237042073100000801744206
044084085116205218029126000801387206
076086009019244003004211004436200706
244200013172139072053034000800982806
131210253054198255190173004433681606
202217215109244127159196572752666006
041196091237205071021003595024489606
211210165186205218026115001435220306
044039241034199169020018004436480206
244199180007193065086210000805669906
073027056049194038095204294810005317
231148132070138091022105004435243706
112086120115199169001133000802674706
103245145105205184078118104425787417
062245058127116246215093004433341206
243192241109251224228010260856471006
223010192238240235108140000806230906
231148133008205251202002004435186506
111210006108050254095178518564689106
044085191238207022024194000802669006
097085125034199221113034000802629306
124050093148199223096066004434917106
195069026230139219137053000804425906
116152239232194114063138000805229906
127107225023231225123074000534578817
062193226142116246215079004436290706
114244047035219092009137239602168417
044084080142240223184085004434981506
214200132214073165081214076660044506
204017164087073165090126590330044506
070237088176073165108244479050044506
196052037242192030008172151522654217
249237198148249237198146549570017906
021016167057240063113188004435409306
237241130097202024017024004431607006
073024254225205212238160000804558806
206157043135205239062133004430746406
127165143154116246215215118913613706
136053123146212227179154000803598806
102254154132199221119051443465830417
126047086005199223125061082006543817
079121155110198253207132534750002306
139169064229116246215069004433978006
139248100132240223012081307432507017
044060250187212195125025004430224806
116152239232193065048051000806112606
143139131114237042073093000802793606
064049067040198209188083088886243217
047101064034237042073106004436116406
098138179011205148029025270254916706
041243110182192182234227000806249906
122048066026135079171071004430341406
113175002229205216067105532910507606
073165225141135079171142009992993606
210030029151194207240054000805909406
016235201136192030007087000000000001
213179055075205164099093004434970406
100222083106205250094226004432158006
243054009046231225123090000530169417
047100122012237042073099004435288406
148064201169202029231199270195706617
131010245119207001054114004653480106
233026175120205125103142147600232306
044055064081198193176013004434064906
147197142172205249053052597913830506
033188198202205216065031153670038917
074225140210244248141253421743785406
062196047072237042073103000804836006
016012080218237042073098004433242606
047101246214237042073095004435651006
036223184150205211034018639760808006
109076194071073165108019497210044506
153158081219231225123080000532874417
082051130155073165091043196610044506
239213060006215163005184052225101406
133126072200138145199250124246160906
131208002252199137132015614560102417
109052079186240063103161590986519817
223007030181237042073101004430763606
253102008178205166009031001234482717
033166223008198241226236143240038917
200162142141073165104133173660044506
222081124003139180043007652760164806
072011141002231225123092000534056417
202217215109205236113226572756333006
047050108034205238171186093390505106
047036132222205216103203000800360106
047119177027116246215068004434004206
196085001142202030162027482584078517
005079117015205239062170145420686917
059182037232202118024061013202440017
044001009033237042073106004432303606
135084107064237042073106000806314206
033189067214199224148157000805445806
194237222029205200026096506880044506
153152216008205113203155000000000050
247003121223205187184009000804619606
021091198024116246215070004434803806
078021131224217010239228276640102417
036173218076207001002053548530143306
013158179067244022240189004434971506
070118218237251224117111334144103917
050075159252205249014183000804975406
016049112217116246215079004434217306
248106226166199171110073333201201106
044021176170205236086098004430401606
044036053161205194212130004435920306
213176048077138091023085004434469206
195254060156202029101215048181924406
213175253225205071139022052226060606
247003114212202024017218000802182006
141236063242207020027130000534400117
253102008178212197177154001233954117
062245204133237042073096004433803406
213175253235205183043118004436078506
062207178219244127158176093392744606
076177102193205055205187052224817606
047100068026237042073098004435726206
033038140231116246215082004434286506
073155112250215019068211004433744306
047110181203237042073100004434661406
015084094196240223014061227375397906
096237083120199177245245051562796017
083019204093207008085063609880002306
124210154254198241230037004432462906
013192167013192167127138004435921806
044206042074135079171175004433670106
082074103119215167250168052222636506
103110175051202031147139130152297317
044037160143194102255065000805217406
070243079058205033004021000805685606
136160139102202029165171348573983717
206187001234199169214058004433534006
016232234056116246215095000805387206
092019103091205125075238000253920606
112081239164205113245002004433112506
156123021146192022167005555464134317
103119023016194017228064000226009906
153173165053240063113226000803280806
057148118116202118029090456243738917
137210094128122195111160614810044306
062207024238244248213082592775674106
107090049131212194145033575912105717
075091212237237042073092401000008006
062212047093199171109138081045805806
055236162242050065172218606630044506
073027217212237042073107004434376206
016012080222237042073103004430600606
124117015038135079171207000804002406
109249001149207001175102485353763917
002175073201202031134008646856194817
063166040176116246215094000804448606
058037192163198247228194000000000001
214151154166251108224014004434938806
129048037214205032025241080812625306
213176048183240223029005000805370706
135091047047231225123079000532901317
058101129017138075181186004435011406
200124200090192182193067051080012317
021120110120199224155060004435941006
150065166169139180043208026601331617
139169064229116246215092004435482806
058024246092199168233023082551339806
149158111124251190160007082262769506
204130155217202024167201551832976117
210022110204198241226021009932604606
126051079058202024006123201874624406
148067222062205113207083000532619917
044003180134205213161082004435196506
196092076115064005155135004434047306
140169207157064005155132004436346806
196043026097231225123081000531833217
127030215146205250090057466400888906
016195143020231225123094000531953917
238063074219192166170231422400002206
083180176171073165080204573350044506
063149111223194038095255000531764517
119046101194202031140026099985003706
136112222200205249003217004455501606
218225091066231225123075000533989617
030015068059205218074061004433887106
049017059045205211002109325925348306
226154177242215163007202004435547606
223044129146192182022243151514915517
156095015023122195111160519480044306
100153046002050254095245000805849506
119136137148199223113024000805032106
047108127139237042073107004431989406
096040009235199137227246640786077706
122039017218215167248138510115213806
213175253248198231235191052223500806
044025168013237042073100004435071606
119039226250212227179009000805602306
091127206054073165073208570150044506
206163133099199153098198581160312806
122028053067135079171158004431490506
049196070034016233084105000220008006
210008097026199152012216000802519406
152148105234199222139061092425342906
050021029010050065138118039210044506
075067020074202024006218004432007306
253102008178207020019218001230012317
139056088209198193176119004434387306
021120111084207020027128004435030606
047110201205135079171185004434229106
073026254193194043188207004435208306
076084036044202031094115366366076117
134164178104237042073105103860008006
048167178054202024017031000803110006
150167180122215027091158004433495806
204212163168212195128205303055643117
099141080150116246215232503460148517
016190105173064005155190004435929806
196043026097231225123073000531624917
197113104040192132026031004430187606
066137093054199177248170004432657506
235135113105194031038216068892655817
047160014096050254103162011193032806
135079173032135079171185004432206406
044200109241205216100107004432624906
106123167120215106055127030743836717
226154176178205236095117004434867606
108242167230199224102173289753672517
044068128199237042073100004434451406
237042094139237042073092000802265806
044027171229205164190029004432649106
210022242067244158137155562585080206
057184217043199208150087001610092506
101160237152194039043140086580190017
135243072074207001175121004436186506
241249236100194041032254004655162206
194147055016215177165018200646054717
210024100068139180034162476263327617
204017168165205187184169615922658606
021091198024116246215077004434281606
044054030115207001131073004435190906
239213060018215163115082052224997506
062204109093199208052175055123939417
059172028097205164103210503610044506
112101062134131026013113162490044506
237042093023237042073101041520044306
044084086132251224032205004436119506
147098034040244038133045069010829306
091231199056205230155012080802658706
097133082094231225123093000536199717
140200069228064005155149004434174006
073155112248212171016152004433910006
002002132232202028243083004435720706
247003246130202031027064633376045917
044058106209139005150157000802666006
218225090026116246215093004435486306
047062069159205212227045004435153606
047113011130199153105181087653502417
130004046202192182140197000255538906
015076043098202030194212459993629717
036043075189139180035250381150143306
105217171096199223126165137814469617
062206164043064005155149004434494606
223003039002202030076065011940102417
044002171124237042073106004433842206
203083148233212034078144417600002306
072011211078231225123073000532716417
196043026097231225123073000535346617
058001024230240063113226000803285906
044068041155237042073096004431475406
237042080197237042073097025260008006
237042093050237042073101004433380406
206233084160205251205198043153996317
206031203122212195128205224146079217
070243078224215027187238000802660206
044016233029212232237245004435207606
226102051058135079171063544770044306
139044150245231225123075000532923917
091123208198073165173206594650044506
149042109042205236092073092170930917
221197133038231225123079000531748517
044001146208237042073094004432074806
097219019048205239062103633080008006
153173191110207001014254059385126506
140242176157064005155231004436426306
152020034212231225123077000532001017
044213014167192022173005004435254406
124101052213135079171167004433264506
047008241099237042073100000000000001
041147251047240183034136004433840906
090250055137016230168186451710008006
148083149241194115213194005142280406
140076069207199204126131000805295106
034225198021073165108050640670044506
237042064235237042073100000801247006
030214173025215177176029080805981706
008075075228205126137101000802871706
047160113040237042073098004430742006
111014136057205113245099185646237006
075062217254050121119148000804369506
074144115206198192215078139682309317
062198118118207001175093010033460606
047168171093237042073104004431174406
104089068229205219152032000531606817
213173027103212227179002004433929806
223007030181237042073095004430825406
021120124164050251143236004436095606
151008222114131115011249469045029806
135214201045193065061109000801744906
135243069076215163189247004434162406
025224092064202031036067295974902106
016195143024231225123094000531885717
213176048080215163103084052223714406
081116213174199169027251311063318517
016012080224237042073248020010200117
041146168035212034078148004435036006
213175253208205127099193052225142906
139130182253016230108026495910044306
200124200090192182193067312020012317
103200051025198229021098601380008006
092003193168199177091086021840143306
103245145059131248239241405004910717
109192232012244089100219211293343017
200035249006202024204020182030002306
158053050204050062034042000806322406
047038149193050254095210093391056206
247003121221202030162044004435334406
062196047072237042073093000800343006
223007030181237042073098004431986606
048166074155193065086210250003295906
070094014005073165110022635240044506
049042125100244067210236558980243017
253102008178192031068152001230012317
109210154149194038153126178140014306
047100153006199224099094004433202106
202217215109198255186129572753888806
103245145117198247238054064360102417
125020145094064005155139004434086306
196177107235198241226028055616079806
140065118211064005155209004433376206
197202025096202028087189004434994206
214132085045215019235078543764961517
253102008178199136067097001230012317
055233073161237042073101576680008006
013217100125116246215082004434280206
044068235051207001003111004435475906
100197036137202024007146004430236406
211038040242240063017174004433728306
070243078228205187184005000800224506
047172052059199137227093004432828306
109216158089215013074081501312723017
131003246189251224253122000805123506
116086068191205251202012004434953106
153071177240205249003219004433813506
196093064208139072051021000533896117
062193226142116246215070004433890106
113177218097205217251232221694538517
049020017255205218012116010475032117
016215099074199169001218004433365406
002142190171199168236166068812809206
016179007218116246215157544960904217
231148132142194038088109004435064206
104054205154192029095203622071672406
223007030178205199063106004435035506
016190248190116246215093004434356506
119137092192116246215071004434822706
121210168158199137227028030741532917
075062217254198247250092000804321806
047124252044116246215070004435674006
049008051043207183082085000805133906
213175201162205099159081004430587706
050029205202212196221138431313359117
147211187046207012131033004434739606
021068184067207020027239021955499906
047091149100212227179051004436392806
119039226250212195219025000805156206
127107225023231225123074000531353017
213175253224205166051202052224162906
223010207032192182074197151524915517
113105034060202118039133214324983506
062214090243198231053189004435510706
089155054122202030174008652755969606
239213054085244001198242052225688306
030182042067251100210117004432773806
221147094007199169214223004431138006
044085157184205194242106000805722806
218225090034116246215087004435453606
047050187087215177110003093393852606
044007004233237042073107004432942806
140169207157116246215085004434851406
064004255129231225123091000532899517
136126198001202031144145061110688106
044020211213205138232092004432627806
047186039131199224110034004433572406
021120124193205212182061004435019206
213176048133215004234032052224468206
044084086140240223029005004434792206
218225091066231225123075000531695017
146107156171192029094130004436063706
080200009199207001175121098543344517
153099030248205249014118288412826217
041147174141194207241066004432818506
131043140165198220156187000531574417
062196047072237042073094000802694406
146086155076199137227054004432001006
047095193229205203039104068170005317
072075064034199169218033494600590106
075010138193131115081126109830185706
139044150245231225123091000533426817
047039014191199171105155093395830006
116069050194202030072099004434989906
247003110196240223037058092170930917
133211173146199224155194136162457917
044219233248202024006021004434046806
076177103213050254095178052223319906
049101235076212195071082492904915606
077065158107202029013031405004050017
049101230026205167104037399804915706
075091213019237042073095004432416606
062211094136207001170186004434051006
152175076105139105124170330805545017
044004204212207012132197004430257406
094031105004199171099206539183708617
213175201168244248165126052224298006
032152018166205071021003329334489617
047008153181205249054131004433864106
131003246171199152012219004432975106
044204116024251196218143004435072906
213173043243205112188198052221145706
104099071208199177188018467482811717
243054081013138030251129000532575317
251000212128199169214136288365689706
237042094131237042073104000805135006
212143024179116246215242604130904317
044009242033138152125118000806261106
044002161222237042073093004430715406
047049082194199177245230093392892906
068082220150064005155149000804158406
075247165151116246215069004436440006
131190122252139143018199004434026206
124117015038135079171079000806469406
223007030181237042073099004435352806
096232032100244089100235065674941617
211247237099016230163166442380008006
196042189056116246215234000000000001
047101064034237042073099004432093006
141137050167199204069162004436176306
197042128219205113207089000254640506
148067222061199153099165000532129517
058158075134215255200013191590248717
021068198047205251205243004435582506
075062214008199153046003000805070106
231148133180192182163045004435051306
047100158133237042073107004430826606
140169207157116246215068004435177906
138099193095205212181001325321700817
044025089100244248213082000000000047
091001076020199169195143263560107117
213179055006205187185082004434036306
147003221185205183043058004655527606
130150037147231225123094000536432617
070090145152199169206185597800338906
104013138026215176008226585601498006
074109108178215018095077275762681617
231128055195199177241230579860546906
021091198038064005155183000805591606
103210118219240183033106375705528106
097132101087205166127066000805927706
091177248076252248025120002700012317
062200101139237042073104000805976806
044004098210237042073105004432565206
008107007128205218041038082451850906
047160161102116246215093004435686606
047176089083194038088109004435512606
062196033115237042073099004431283206
213173027172244212229072004434972406
075205198026064005155229004435628306
213179055087194038094202004433376906
237042071040237042073094004430430206
129211018213116246215083004436545906
218225196178205070214031000802762606
140066195199193065099193004435262506
044051204171198254094066000802838706
044068040242237042073093004435888606
248199231049212232237238000804657006
133038052067205218158090264451670717
075091213054237042073105281200008006
044039165043205219217137000802623106
073155112250199137232044004435397206
239213054009199169004102004433859306
136227068188192166168125368110002206
047010030020207183016222004434907106
049028209247073165059230523540044506
099035124255050056156100069074995006
075067098188215007142053004431296506
247003137108202167047011000806432906
137189245143073165059135613430044506
197243251072205180125245520946051906
044005076192237042073101004432967406
116247129036064005155245004433817006
223007030181237042073094004434265006
070061183140199204112066512022815917
142208122053138145213181000000000001
062196047072237042073094000802691206
114071234205244248213082519005669106
047034214121237042073099004434505606
142215082130199169214219004433795106
015043163109138152126210000804595506
113123163103202024005167516181461917
062206064030212230042094004432888506
073138247041207180053046000802664406
213176048223192132094029052225670406
016010006050205185134095000800146206
253102008178212064119078001230012317
048111024206199223127236331910114617
058225225135193065070237000000000001
113175002229205216067105237450516206
099141032170116246215069004435979406
248126214134192030020233054956226617
251000215137116246215061323440008006
044049183217237042073102129212297006
032171105033202030093015099984332306
112184110045202031065137242402150117
237042090148237042073105357020008006
044023048236199208062059090014610706
058003213131073165107153536870044506
203212060102198231054218004435718606
044221034014237042073105000802455006
044032240052219092051205004430179206
044221172237199224155225004435521506
231148133109199204096002004435317806
210061112230205251202087004433479217
113118088034205113255034004432636106
041055119110205239048152575993170906
044072030007212227179009000803809406
130149123147202028018034000805122606
072011211078231225123077000534199917
111024143194202030214199537841510706
131058204210244029241023086665072606
096212034061199152015237225680038917
055249150121205126032071035564535006
049089171061198240075219556960046506
204098229026050057213189000804943706
151198129011205071019173320380190017
013025154056202029002076052235686706
129048033243050253233250092170930917
218252003176202030017045004435346906
136053123146202024007244000804733606
076084179115205236081046080643507906
223007030181237042073104004436459606
139169064229116246215092004435473806
149158116057194017229098004434915906
085086221074202028007112018641794517
078140118215215176003207498305628706
044210114160207001170186004435047806
108127105068240063017146592060155817
053216128219138145199253202842734817
063163095186205251200212004436370406
050075028226202024005185081013292606
092019103091192030034152005873723906
208178086224205213185182000805889406
212143024172116246215156544110904317
040005211020205032025040000806208906
117098070206205071044230642736256306
196092076204116246215069000803908606
137065135104073165054219315020044506
141236063245199169198037000532569517
110124075144193065093237000235666106
040244206040138071026165414240002206
213187194082205185134095004434187606
253102008178205211041131001234637317
130150037145231225123076000530102617
245212074040199136093198516950002306
237042067013237042073099000803717806
249149130217116246215094004433994806
047081007197192022173005004434962306
135084107093237042073096000803213206
070243078228198241224183000805357406
209055241000064005155055332830950006
047001132005215007237074004430213006
148067222062215007246013000536280017
047081231144237042073107004435387806
094223238192205251070019435540905906
016227153240116246215084004435718506
213179055099244248165093004435919706
082060204059240063113219568520008006
113098014153135079171071004430729406
140169207157116246215068004435293906
213175201161207000086021052222642406
196092018234198192035232000000000001
231148130062215176008218000805061006
110115053165205212176051248746323217
047110201205135079171198004433359806
135081244194205113252247000000000001
116255061152116246215076094823997106
077046212023192182190021491865106506
239213054094207000086042052224145406
153173165053199177241042000804948606
073024141071215162048224004435486206
130004046202192182213178000254857406
070243078228131115083018000805016506
063175189236064005155229004435063306
136053101143202024007115000801337406
113104171012251190074029000233506206
044201209204237042073097000804935206
110166230087205166055032042870038917
131174243014199204078097004433236106
125228248223199204096145000805136406
156248237240231225123091000534652417
133153159026050120061111438743280317
129226204118199153037120339780002306
218225236218116246215241537700904317
097134081196139180034162602503327617
126001089125215177154219000805086906
223007030181237042073093004432141606
238063217233202031083154461710012317
237241146012202024017252004434189306
030015091118199152011063537303595017
193253233023116246215010511380008006
044004012033205138232074004435181006
021120110122138145243109004435434506
223007030181237042073101004432239606
116246198149064005155066563560148517
135214201051193065093058000805166606
096243152076219092051188124825117917
047043088042138145213023004430342106
134164179104237042073092025151296406
016237093079116246215082004436108806
213173027107244029212196052222692206
047169079216237042073105004432194606
088046002013244157132121052225040306
150067066072192030007219000530519917
016147139138205195209075004430594006
141236063220231225123074000532433917
108083102101192030027243646526287417
016003076153050122184226651315709417
100197036137202024017019004434078306
103240064219135079171142004430897606
148094169017202024005227004432122606
086106177176212232184154000804955706
242134067041212232021005000803085806
127107225022231225123073000535947617
016012080225237042073093004434325206
213173043234215255200002052224488106
233044251234202031061059564120002306
107218235238205217248053605530104717
079121155110198253196211600170002306
243054009037207022024153000533255917
248176000131064005155228004434394506
064031253168064005155175004434789406
062196033115237042073095004435656606
030201234241205164190029527601988306
047172179224207001003131000000000001
063166173173116246215069004434214606
109253137137240235017030469950002306
223007030181237042073107004434547606
058001028212198192211235059384920706
206240150050205249056039526915953717
204136073184205166055032463590038917
204123197117073165069067653830044506
196093065108231225123079000533143517
036223184178205194212091333540808006
253102008178192029095208001233995817
044026234095237042073107004431721006
092193019077199137139015508670002206
078173175252131026048036572750044506
063163178208240183050076004433604506
062204109093205200247125055134218417
131058204210205184035196090205895206
103077006244212197255200270320102517
101002037013138145213189130003138517
135240062190244001019238000800142206
044031063214205055135013004435889406
047006091217205180139137004436031706
050084215093251108156187138504938706
044039153133116246215082004434489706
137181043112205200226118000802654206
021120126066192022160204004430231306
130022091007199153055039007370038917
047177053195205236237054004435369506
100208217209231225123075000534458117
146124016188205211062119059385186906
143234087238205070215244004433883906
044004012033199208049150004435032406
206146139071202029105241140330688117
213175202232205203039119052223403206
152244036005139136059143000534147017
238063074219192166169139607280002206
044086032176212197255012004433839106
099141080150116247217026651930148417
062224175160205149043085004434920706
044084080103050123066188000805236806
132208229174205184032208183690683617
122022037188202031164131000800137106
237241149147202024004019004432573506
076084236255202167077051080705035406
044003127078237042073097004431989006
047160006137237042073107004434587606
109024127042199169214080271314176917
044205014163199169007017000804072706
100197230074237042073092204433005406
074099205208207180051185537764942406
062205051026207180189166000805277506
117027110204252248203051247064596917
096036045095192135131125004436229306
047108234002205236237226004434919906
044068078155116246215084004435051406
047081091076237042073107000803322606
021068196216207001013094004435964006
030155150087073165079060321780044506
122027095133205218074002000800198906
149142037054237042073104000803706406
129048012205205148091213092120930917
148067222062205167104037000530102517
135072013018244067209230416983365817
044016185060135079171142004433658306
030214173105199171096213080805346406
202217215109050250194010572750488806
213187199224205183043114052225483006
125024113233116246215094094825056906
233063129004251190010105635504564717
097162174160198247241124030740102417
044085251006050057213163004436062906
103227026008116246215083004434794406
152148099157205239087212000804671306
213176048139205187246158004435052506
076177103216244158083229052224863006
016011104228199177248201654224860217
084055153234251196147032436303810617
070243078228194031045116000805017506
044002217229237042073107004435793006
206157043064199224154086004430165606
098145146057073165107077025860044506
111234250008199168153056004436528106
243054004000205211052009004433448806
218225072142064005155134004433452706
238174020059199224156213102652636406
007238133190116246215081000533311617
073165070068198243031020004455975406
193235172022016198224000152630044306
148152007175202031017091004435813406
070027059242073165228005642450044506
050029057077073165110149497660044506
210052088234205219154165009930823806
008109205039205113193015000801293806
123188126153244158005055004435639206
030211066069205239062013649565741717
016036124160064005155193000804684406
036215130210207180048013000000000001
047101025201237042073099004430554806
147131130039194100122147000000000001
146107156190138154105125004435025606
211210167021198247251223082804986306
113181040162139219142162634411157017
116078045151205139168157576290005317
105249178091116246215010339710008006
219247235082194043108013583840044506
047048045201202167003242093393742017
070243078224215161079110000800177306
042204053175050062046170070082628017
134220150184192030127243000805762706
096189177194202118035010602730808006
044068041155237042073099004433823606
149158111009251190162243000805214306
128230085101116246215010613110008006
119132120170251224004068004435253706
087253183079199222141169000254033806
016253002250207001132218351500905006
113046183062199224102173533683672517
062209231150244001198242004433705306
007172003247199224155125529642166917
079121155110205219223092382920002306
159242097010205251207006589062242317
016215208159237042073094000803049806
047045208246202167044253081083450917
033228149152202029242216000804870306
062197057040237042073106004436405406
113021127039205251206038352510103517
141236058083231225123091000536242517
213187202242207001182076004433152706
213173043246215177242054052223624706
015152176151199169214025004431624406
047084223154205216101084000806223206
041166031197192022161191004435498606
047123136195212194251014093395090917
223007030181237042073092004435663006
209101210064116246215095000806068906
075062217198205200227044004430218806
131208004233192022167150000802433006
107098146016215022058180001234159017
008074003136050056080229004435307306
048166074155193065086210250003297506
218225090024064005155132004433427006
131134146233199169214054001233598117
204123215172202028035037556780688106
101163159024199223113024004435051806
002102009083215006074157624480338906
044049108196199177082069004431726206
062214173016199168155220004434997406
033038140100116246215086000804787406
034175102242073165069137589340044506
223044129146244003025245151524915417
213187199234205166055169004432690906
044051241084212197255074004434537206
049046178121073165228025017720044306
021120111083198193176013004434950206
044060234054116246215076000806528706
245098014056251100097152004435505306
150203209088212064118168209040002306
044000133249237042073094004433595406
047011173018212195089174000802691706
210043205201116246215058000536089617
048166062209202024006048004430928106
112081188215199168238079080685218306
223010207032205180058011151524915417
044027167065064005155209004434729406
070112246128073165110146517170044506
127242060189205212181123004435141306
044022187038205194217245000803426106
041144006215237042073105000806436806
062253070109212034246109000804782706
113175002229205216067105520650502406
196093065108231225123075000531820717
063167050192064005155235004435866806
213173038240215177154201004432717806
248176087045064005155230004436291406
135072013043244067210254506134593906
044093123168205055132140004435661106
075062217254205167104077000805586706
243054009038199224100173000531989217
044072240137116246215074004433586206
113140148248192182085112004435105206
124101052195135079171146004436141906
047119104128215163164234004435675906
141236058118135079171149000531556817
131134146233199208063021001234006917
117120055144192031167080390800102817
136086013185192182100098222860002306
047007004152207000065130004435068106
044000133249237042073101004432638006
063147052086135079171142004435363706
101020044034116246215076004435530106
242238057078212195084217523124915606
200124200090252248025120144410012317
130004046202205125121033000255999206
220205105180122195111160236030044306
253102008178050122228221001235329917
068116036250198247228246093060104317
044005076192237042073107004430295206
199200089077194017229138557190688106
197085004079207009253109011942743017
197183208225016233094243441670344006
131170083102207022025037000534370317
149078063148212232238108085884919006
196054118239205213185204093392633506
139130189167016198230169339830044306
044068041184237042073105004433230606
047177053195244089149057004434621306
081066186201202031054013013535245117
088046102016050121086174086124281006
213176048218244001196166052222637206
070243078224202028202141000804925006
135084107093237042073098000803231406
073024250052116246215070004434443506
097133087114231225123092000533118217
247003170016205251200120000805052206
092000237201116246215156645970904317
213175201183244158083033004435115906
044011076124198247243071004433957706
213179055113215177242138052222919506
070058152116199170229205272932608506
044220067226237042073097000800653006
048166059154202024017107004430344506
249070079099199169214054001233633217
109207192144202029111184415190899917
076102091254244029048153089995318006
044027144165237042073096004436533606
231128055195205167059014579860546706
218225090010116246215071004435917906
047109144143237042073099004435382406
073024200079212195089178004432892406
047160019129237042073093004430625806
136053123146212195029127000803307906
202119053130207183151219379680102817
237042064231237042073106101140008006
136053123146202024006190000806419706
085054087179240183145067619132674417
047090057084198193190226004434956906
076177099141244248167058004433757806
119132120174199136085127004434329506
084126163044073165172152616780044506
243054196204198229191201004432682206
085147028132251000112221278120005317
044026075184116246215084004434325806
148083149241194115213194005142280706
047038242010205180139218093390185817
047091056165205137110070004432636606
231148130141199136087202004436261306
016012080208237042073102004434508206
063165076061244031010029090016168506
231148131128244022111131004436359206
044004213176237042073095004430357606
091029124200244022196149000800444006
062245204133237042073098004433042606
239213054002205213189166004434873406
016012080220237042073106004434458206
223007030181237042073096004434178406
218254240053215162059126088300044306
086106128229202118049161515370312806
016253002187207001132217354280905006
213173027174205164096147004435418406
044001143049199177248209004435293306
062240106067199224154086004430692106
136153069051050062046165000000000001
102174125065073165228025225470044306
131134146233199208058194001235876617
111209175066192182217180645734760806
047004134067064005155158000804200306
196115231131064005155218004433417706
044011213078212195084217004435715306
070067248138073165064046646160044506
231148131023205218010153000805383306
086117192184251224005137591414947217
044025168013237042073099004434986406
137234108111138145240055446270190017
131190120055139143018199004432789806
105035246084202118044073004434270806
195073145099073165109233127470044506
109153018162194114058106462400005317
044019125177050255049118004431871306
140169207157116246215085004434851006
243075130167199224098189509220312806
021120109080199224154086004430364206
062197064083116246215080004433829406
097117109210138145209184101910193706
206219217075194100113178518863698106
237042071035237042073094004433172006
124101052207135079171152004435616906
027246163249194031038216380562655817
016012080220237042073097004433575006
033239237031138056034242004434569306
111010227188193065070237000255008706
155038086109215019109057000804235906
086106064132202030243094004455323006
044058107074199171106128000805312506
226102049056135079171198004431633406
047011174045237042073106004434111606
222231167200139180046029089995966006
251000214132244029240023244553976717
214133233203240183005225643231932217
139169064229116246215069004433978206
196042228191116246215183633900905006
219103116034016233092142523040044306
202217215109205186006120572750366606
021120109085207012143181004432668306
126055167112202024016179000233153417
098143161085215255062175570602942217
041150227118194043185158004435019406
044002161222237042073107004433397406
198013136080016233081123577460044306
033228168012199171106052004434932706
149042101045050123066186092123579217
047028061181205213161141004434231706
197056182022139072051014000535471517
106131112112244248205107000536508117
044221034170207012140113004434654206
053216132224205251202109512655334406
016043068168116246215232469960148517
044004199049237042073094004434997806
251103139015064005155192004433957806
090051040177205055130254004435160606
074109126221192167232180607946244306
124101052194135079171146004432871606
047012052083199153102167004434585306
035203194254205250081109224240002306
073155112250050123065242004434678706
197043152159237042073105336800044306
127086127057016233090187441360008006
111232121245205249001136089990106017
044061080224192167125156004433442606
016012080232237042073100004435803606
050027069210073165034157536970044506
053190097158073165105041298540044506
136062251157073165108188517360044506
076177099148251100143073052224933706
047109074090237042073100004432523206
239213051223050254094253004435299306
223007030181237042073094004434897606
057001248145251108224098405005032117
203127070137073165034232544210044506
047081217108199152014233004432399806
062194021073205139035237004431295706
134249009015064005155202004436307406
124045236217202028001058328333343517
239213234139215176003245052221740806
062199080201135079171158004434067106
044000024175237042073098004433878806
034108090032205251200219439535328106
237042093031237042073094000800698206
133074218085050065249087497480044506
213176048218205185134074052222696606
112142064079192254115188248741998817
148003126153116246215069004434228506
213173027113251190083010004435785706
227003145126193065095010004435040506
077087105237139180037129086214214217
044009208074116246215068004434934006
044074173040199224155225000804170106
044039226161207183082110004433983506
197190098005215018162156436150339006
204215227111205184032152346782326706
148067222062251100165037000531298517
146215086106073165110045536730044506
153182185207202030190069404413543717
062249025013240235109082004431553406
223007030181237042073099004433873006
070243078224215161079110000800177106
140065118211064005155209004435532006
076177103211205195127170004432948806
044000240156139096098173004431029306
021068197202199152008035004435682306
053042025228202030070212521473680406
044000024175237042073104004430605206
042204053160205071021217060081168217
155043122135050123139119587894730506
047032016048237042073096004432605606
074231208100050056082206628295701617
135214201034212064144218000805670206
097133082094231225123094000531686617
223003073010212194042192000804718006
047175076182199168153056000806529106
044211120133231225123079000536146017
047050047250199137227234093394582117
059183152198202024004032010274101317
136151110106202024006198000801597406
074224010135199169214059496114333106
044003061204116246215080004434822306
245212078074205164122099371856035217
148097021013212171149168000225410606
153233112122135079171128000804068806
041216171184212171149168000224167606
047012118067205200247094004433727906
016043068171244020056039375680148517
047045155105198241224181040175373706
149042116181205185134086255650213706
199089017083205180073171339163036317
062241038136199208054078000802637706
041147020091212030023009000805037606
196043026097231225123092000530770317
016195143015231225123076000535490917
239213054073199169027112004432664706
148137139137116246215093118915169006
063174070247116246215071004435693706
114224247192199223119163013831610117
099158164219212230042069648541714817
063147042207244157168176004435145706
071112130247116246215043634690008006
235229117058194042039122575733700217
021120109080199224154086004430364506
075067180034199192043056080424025906
111075146202205113200070168810368906
064000046006205032017210000000000001
047032110241237042073104004434683606
016212186194205139035178004435481106
008075075233199136087010004436349506
021120110123205212183176004435278206
022196246109212230172115004434683006
080210114212192167126023635280119117
016003076173192182221166653212628417
141236063126135079171202000532212217
148068184013205180108047004434988706
249158180126116246215084004433696706
218225236196116246215074004435197206
047122237229199153105028093392651217
130150037145231225123095000536212517
194238076221193065077009560865523106
140066195199205200226101004431698606
103221004190244248229162435155824506
044000083182237042073106004433189806
140065118211064005155245004435864806
075225035172116246215122004435424906
213175253241205187184169052220198206
135090250137244003027005000804141806
044210114160207001170186004435047706
243054196150199224108091000805875506
087089061089215163006039167620121417
002089047103212227178066000000000001
213175201183240235109089052224333406
223007030183205180025144004430646506
034230243184050056082029241092725406
067180091140139180033116068815644917
042204060035205213162073070080718617
110101019056205236228042594031385406
047001021235207023144230000532258517
050084215093205199060242268405850606
044038038054199224156157004435849806
062205038099198231050050004431812106
131151065185231225123091000533545417
220161197227202030092206000803796106
197043153083237042073097000802065406
140169207158116246215081004433791906
135243069093212194054108004435492206
072011211057231225123080000536046217
210061167043215177154201004434975206
085247217042215176008218070022748406
135219031209252248147068004434929706
044026184049207001000063004435303006
212143024172116246215157544110904317
237042091039237042073092151020008006
073155112248192030104150004430718506
044203001195251224228062004436378806
044058007238152098208200004435094806
195084012113050122228221531085695317
119136137162244089100223004433299006
044002161222237042073095004436537006
044039212030207001182105004435959406
140242184136205098239106000000000001
069051212131073165107051130610044506
213173038228205139035237004432707106
110100128124131115053042467005317506
149042101045215027234134092170930917
229015188188199153035181435250103717
047018188064202024007051000802672606
047109173158237042073102004434345206
203046053212202029214164000000000001
135079160210215162057112357640044306
008069239058207009243064000805258006
141236058098135079171141000532888317
075067180034205148091006080424925106
242238057078138152125147523124930406
124029251082205180109246004654603406
148094169017202025066225004436239706
075091212212237042073103004436017006
002002132227215022050173004430497806
030193143156199221125010399254935306
073027099015237042073092004434638006
223040073070116246215086004434278106
152157244218202028018086000804489306
044085125031205219222128004433679106
146017019058231225123076000536434517
141236063174231225123090000531119017
063150076056212227179058000804224806
016012094101237042073103081806533206
044089088017237042073096000000000001
003144073055192182091059004430203706
119132120180192030050144004430621406
247003228234205186005122558394274217
197127060058193065075082346783105217
226154176178205139222150004435830506
253102008178205216065184001233909817
214160151216193065007105148416074617
072011250203244067209242000803412106
216038110165202024006181000805524906
008075075160194078246211004430489706
044049195013194102240050004436077906
239213224177212227179102004434934306
047081091076237042073099000802315406
146086144185205126032106004430379106
008069239058212232088058000803627006
099140060249192029062067034785485717
156183092131192167239171004435955706
239213054067050057213164004435341906
131208002253192182140199614565073417
047026011031050121085125093392461406
016012080230237042073092004434954606
197016034018205180059230004433808906
141236063183135079171204000530279717
218225205083064005155219004436439206
070114204038205211056089641980038917
195112136255244029048170496255465317
136053123146202031154191000806015706
137113216162073165073078131840044506
100208217209231225123093000533634217
217166051016016229037218579790044306
148080010116202167207037050730506017
070060253005231225123076000536260417
091145051252215167112210093064996017
131000253142194038094103000804099206
070243078168251196145078000802455206
218225236225116246215070004434020906
142003029163215007140221004430342806
016234099208251215113218004431358506
134164179107237042073098025150425806
016003076164194017237222650053733617
047110160103237042073092004436264806
136164210246205200226152000533284917
223007030181237042073092004434902606
007234225066231225123077000533968517
149158111009207001014131000805900806
101160237152199204124204589870190017
218225091066231225123075000534033817
197155091164199169214058004431579306
194166150253202028201134477904000417
200163013001073165073239114400044506
223080043235135079171104000534811417
044028163088231225123077000534161517
197016034252244003248180004435912106
114242104032251224004240000804023006
059252155150252248203051001235016317
140174185039205166125036001233886417
146094051016231225123075000530811317
134164179075237042073102025154823006
206193111147215161031064639773490917
002002132227199204111095004435522706
206154066094202031162027031355384517
249237199113249237198146001795366606
213176048175205139035162052224095406
073027047107237042073093004436204406
075091223112237042073107481560044306
244199180007202031060230000806225606
075091212219237042073106004435272006
103195139119073165108086020880044506
140169207098116246215046004434342406
140066163065194078194189004435181506
223139084032205211059001004434805606
112078181148199169220096390972722717
195222041194202024016061000801577306
148112067135192182150147000255330306
062238100159215177242138052232780206
223007030181237042073093004435499206
221082247052212171136189004435909406
148067220032199153099086000535680017
247003207027207001133117000804500106
062255055229198192214058052225108706
128041244143215106052167080802377806
112108074088219092204046617811145917
200162035079073165080095581500044506
047008154009199224156157004432920906
201200114186073165091143298370044506
047168171093237042073093004433575606
197143138162199169214025004431681306
157123226061244020058147576350143306
245212174224138147089186031285359506
253102008178202024005165001234178717
070199012158192029211131212610106617
044024116039237042073098004433558606
016012252178205203242009080024506506
016036124186116246215122004435934606
133250109139138056034157167622785217
044004247143237042073102004432751606
204129244083207183082162491971339617
223014026205205032025050000802740906
047048009096205183043140093395997017
253234109156064005155245004436404106
050021109188207183151219499864368306
148003126058116246215074000803920806
206157040179205112188097004433939906
073128141155207001014154004452726606
156183092131215167248173004430241506
206187252013205200245210551660338906
073155112248131115106108004435588606
213175201182207183080186004435147606
021091198024116246215077004434486206
050084201157131114050104128142849006
101081106092212227178005004434748606
204022033024202031147139616102297306
195204179142240063017146128010204917
218225159151116246215051483200008006
062193226142116246215084004433847306
042169084034205249012107089790825006
047100067038237042073098004432165806
047034190173237042073107004432737606
049079096088205195113079004434616006
050084201162050057215119000802767906
070032085113205211003196588150002206
224006059113199224155194514132457917
044058124182205194245172004430512506
037148053122251224118151514132534517
149147074148131115160074001234124117
073164088201205032029252000534628317
141236058059135079171202000534889317
076177103197205055202107004434467006
237241143108251100194138004435568006
044095096205205138232132004434158306
202217215109199171084193572756111006
044084085163050251142002000804601206
016242056115231225123072000530260917
021120111082199169205213004434934406
199156135041205218041111391084152817
213173033195244022242184052224302406
008075075233205113203157004435824606
075091210204237042073104004430719606
047101025201237042073102004431443606
119132120165215027088131004433863206
210030029115244212049199004432550206
096196189072192182205008093066408017
016035125047205127099214000533929617
124101048194207180015003019354955506
135084107064237042073093000802117006
116247129036064005155245004433369706
049146079071050249204033466934892417
231148130079050251189121004435159006
097133082094231225123094000531692517
070240166232251100166039591743318317
197015102164205184077012000805224306
016232234056116246215069004434572306
015043163115215006071184000802453506
049152029167215007230250000536348417
030214172218219092011204080802808206
076084179115205216065234080025025506
146175085089231225123077000534476217
076177103249244248042022004434021906
197043153080237042073105000801766406
131143133229231225123076000535304917
227010076155116246215092004433355506
105153053099244157132105602370312806
148068184009207183150235004434345406
131225228102135079171057000532013817
047001189120199208061181004434943106
208181140212135079171167000806104606
133125200134202030014153068815977717
044054015137244248165117000801675806
148068184015050122037064200005480006
062196033115237042073103004436413006
213176048218199168159243004432975906
044001009033237042073094004435546606
239213054068215177242122052222908206
033239237031244031072226004435439106
044007212213219092051161004434301406
218225091111231225123091000531410317
107036246075139180038212294370782317
033245039238116246215092004433440606
128121247014212230042126004436042406
197143138162215177242185004434933606
016012080228237042073102000806447206
135211169114192133027098004436126806
033239237031251108150013004433824506
044007016245237042073094004430387606
030015069082202029182099004434542906
044202153201116246215084004435742306
047056007206205239087212004432629506
097133080209064005155247000534055217
047011160052237042073106004433831406
203224186078205055130076000800214306
135079191199135079171145000800343206
016237093016116246215074004433452606
237042091033237042073103004432835806
041145052178205138232089004434440806
034020007243202031094107223865775506
047028049020205239062002004431226506
223007030181237042073107004434605606
211247025185212194145126000806058906
210024117127192030221044415700910417
044074087114205035005069000535626217
221117136035199137227109561963190717
111024135031202029229106107426244717
194161026207193065059054225645965406
112045134079122195111160350600044306
237042091048237042073097515120008006
135211169114205099154038004435658506
237042080226237042073094141820008006
135090232012194043177000005875216806
213179051207205139035069004433894106
047111158061240235109089004432693406
100124113083202118042242004435845306
200124200090252248025120459770012317
086038150220198247235138279162177217
037166210066202029185022021644663306
146072194136131115224173004432695106
208191034172207001130205004436060306
248199068090064005155064004434491306
047124252044116246215083004435997906
197043153083237042073097000805278406
047049123011215162115047004435170006
211247243212205184035225068813655217
003157072042207020027251000804860006
197043153076237042073102000804644206
228079014116244029213188142453725106
044068100254237042073093004432702806
044037160143194102255065000805217306
033239237020205199057051004433577006
042093142221205199051210182310105106
047056007114205184035225000804997206
002002132227050062114068004435288406
140065118211064005155245004435202706
044004213176237042073105004435104206
037045231222205236228042173941385417
124016111250205071140042000805108506
136053101161050252039173000800206206
048166074155193065086210250003298906
070243079033202024007044000800111406
155038086104202024017251000800751206
074146002205193241061248010263373417
116246011215116246215116424290044306
213179055015207022045123052224078006
063150076056205199048086004434579306
085039153084073165228225614710044506
049156153144198033144017499580044306
016012080212237042073095004431191006
153137118188205184035219386211420106
047050097162199224099214081145980406
044025062064237042073097004434614606
105216226190199169004209428070002306
213173043228240235109089004435581606
223047225084199152013173004432745706
049097072145205071025115566960008206
077191081174212197177155132853579817
048160009164240063113219468300008006
195123194198207020021107234805723917
231120120239135079171207004434171306
131174242045237042073093004434025006
197143138162240223181087004434640906
047091045048251224230166000804548706
126119135191244003007111580035032117
149042109042215019014000092170930917
070243079058212196221222000805387206
150249211017199223126180393415461717
146005143219073165108068525350044506
196092076190116246215074000806287406
022194030048050122228221081065581906
205076107056205126037195142745533917
044084085085198243182050000800174906
148072082176231225123079000535908017
041149159087202030147050099983476206
119132120170215019149194004436540906
213176048157212227178035004435331406
131026049132212194173250004433479406
131176195152192030007221000532350017
200109040168199224098189000885632906
135084107064237042073100000803343406
002192231134198247235138191846192806
062255061038116246215074004435007106
140169207157116246215085004434842806
047100122012237042073095004430753006
044025052213237042073107004435277806
213176048200205180139069052220451206
134211125071215007246013004434213406
033241125179116246215076004435466906
206240167117205167107229004435051506
047044186191116246215082004434969406
134233127038202118053111004435087606
206163133099194042194108581160312806
238174092028219092011204100202806517
077155147015192022167203568934916006
249070079099207012138180001230012317
112079010130215163006231364680899917
223007030181237042073104004434155806
128187122129135079171128004434543706
016012080214237042073092004431075406
124085080231202118018173000530103017
197043153099237042073094000802884206
131099069079064005155189000804489706
239213060020050254103162004430247906
044068054122237042073097004430264206
070243079058215004160072000804303406
099213247010198243028002371504922506
016012080217237042073106004431162206
126055174210192029095215000252651417
099113245225192022160239230261340217
073138248089205185136206000805395006
047183147019244248042018004433275206
210030029151205032251057004435331306
213175195122205251205243004434147406
237241143108198247229081004434633706
140075193213215177242185004432689806
228079225065202118095109000803292406
047100056104237042073102004436369006
047105056055205230153050000805548406
016195143025231225123090000531634317
047012211021205066253151004434939406
049105203240205211056089325070038917
223043024047205180042072005874136806
047056014001205219218027004433137506
213176048047205187185194004435376006
105171107243199220209131000233507706
044006157000237042073102004431142606
223007030181237042073095004436385006
047100066217237042073107000802824606
063171152225135079171167000804018306
044201196116064005155229004435684706
079240080067199169193248113851697006
047026093048251224005229004434728606
237042118037237042073102000801294206
063161214222215163164237090015196206
210060036068202024167168004433113206
072011211062231225123077000535961117
196115083186116246215083004435628306
223007030179192182223016004430206306
123190109103207183158128082004739617
223007030181237042073098004433182906
077007165052073165111131638030044506
050063184169050123083029000256054606
040244221208139093090247342350002206
072011250170205166254062004434006306
230082236037135079171128004435143006
044049094188244205137133004434422606
119136137088192030038166004435379306
100202168154244157050196000804923206
044222229132237042073095004432985006
223007030181237042073096004431709606
050084215018215027045048000803439206
193248122001016230169188533550044306
044073142231198240074142004435294406
223014026201202167077120004435863206
044068041155237042073102004434711606
027075225083016229018216000000000001
025206002059073165111130642450044506
122144003051192135136013082925770406
057001215011205211049098630032807717
016012080232237042073096004436011206
098142187037073165091250553470044506
016215032138205099158030004430402206
084044250206251000112221368060005317
251103139035064005155066004435472406
148067222062244029050036000535889117
134134152064194038089158004433327606
016195143024231225123080000533866017
044076150239138152126194000803325606
223007030181237042073093004435954406
213173043234202167002161052225012806
063174140146212195089174004434958706
131092242153194017238073050634995306
049196096176205127144218004450566706
047063099163199177080178000804892106
013216085009244205139197240401104017
210030029151212171246151004435130306
206107237016205218042200547845395606
224134233034205070220141000806208206
047109074090237042073094004431473406
021120125185215018247123004433390706
103221004190199136083115490792165806
047081126041135079171207021812659806
199087025143205250095175453174586417
070213069045202030141146562191688106
062225037047205218015166004434933606
044018161203205219221024052232569006
208178018019205219218046004432980706
075091210214237042073092004434173006
076084236255199223103119080794358006
030214173014192182003204004432676206
213179055112244248167050004432775906
013005197030202028190249000805860706
047123237054244248141253004436181706
223007030181237042073101004434235206
048166074155193065086210250003296406
148067222061199153099165000530438417
080204062022207001174217620763650017
047091152162207001004100004436404906
213179055116205066248225000800191006
030182042096207000086042004432815606
202217215109240223014102000000000001
123188126142199223116107004434969406
088133253196205166124231059910002306
047028144242199153041109000803783506
213176048091215163040213052225187906
075000118029240063017174004435164306
213179055093205166055197004436067406
044206122095198240074189004435791606
075091212222237042073107000806330006
238063111209205148092030000805408406
197134100137205126137100453692577317
062209135249205194209067004433134106
197095110132240063017146180190116817
149158111124192030075020088972623006
244200061166202031141188045050450517
047160184017237042073092004432933806
044058164036244001171150004435821806
113118187127073165105130175800044506
047119206115116246215068004433642406
085128123239050065172191572630044506
223007030181237042073100004430998606
036218193168251215119075195120002206
062212082026215007140142004432749906
135084107093237042073101000801536406
047100144058237042073100004430816606
242029219077135079171128004431540906
062199082095116246215070004433808806
047101000113116246215084004435105406
124117015038135079171207000804003606
236146136233194043116200000805448306
249237198190249237198146001796221306
062245204133237042073098004433949006
159090011074244157132172499760002206
238063202215194017236241598800002206
047059172239237042073092080540635606
213179055094205112188193004431382106
213176048002215176003242000802894406
013005192006202024006233000801920506
196092076194116246215069000803689006
139044150245231225123093000534818817
237042071032237042073097004435399006
140169199206064005155210004434719106
073027099015237042073106004433102806
112081189113215167112202001232638517
122027138110212171014189000803092806
109028241244050120061049276942274617
130004046202050123082170000255893506
062227160207215163006043004432099906
091177248076192182193067426280012317
253102008178205211041081001230012317
075019108050199153101124092120930917
075066212053193065012186004456018806
047123095182207012138134093395945406
237042093047237042073105000803477206
125144201073244157135234000000000001
078087197039207180054207000223280206
140076018207205200226101004431697906
204073061033199152015184455602188006
047081091076237042073105000802294006
062194119127205199052207004432713506
109156009192199168152210068816294017
064004087098199225033135000000000001
213175202241205251205173052224143006
044056091253205236086098004435384506
124210139068192182213205004435500106
016012080224237042073096000802791406
213173038233138091018165052223827706
070243078228215162120164000806189006
032003221053205200226102000000000001
044049055075205239062137004430293306
075091213060237042073100004431802406
237042071034237042073101004430980606
108206111082199153107130044434919706
203203204161244248074101000000000001
016012080221237042073103004434432006
073027047107237042073093004435271006
016227205096139105112086004434040406
133043109060073165064193642300044506
047034214121237042073092004431821806
213173038248212195084193052222655106
214158073035194038082237004435017506
016215185071199171099079004434321306
238204242017207022045110004430205506
142152160113194100115016482034464417
044004213176237042073101004434572206
146011215022202024017199000800965806
047100122012237042073104004432782606
070243078067202030021245004433748706
075010084096135079171198000804279006
044026206013237042073097004432395206
213173038235212195084214052222655206
213179055121215176003194052220970106
237042065008237042073100576320044306
075227179137116246215071390510148517
047110181203237042073101004433807206
044003214238237042073096004433527006
123017205183205066159065004435982106
197049216092202024166037503495811106
044000015180237042073100004434448806
021114183015199177241169004435117706
206127146043199137237103000805123806
075091210216237042073097004435899006
070243079058244127157230000805914006
044002114207237042073093004431349406
047009045069116246215074004436209306
147246227114199177087073358893344017
090051029223252248025120530190012317
016173094073244127074114004434536606
219247248104199220212034572040090206
047049059032207001007191093394493017
131134146233192030123030001233820517
016012080229237042073096000804203606
055254197128050065172030534880044506
242037250148244127023149340720005317
148068184013192030035214004433711306
087118114040205250088182599530808006
231128055195205032249118579860547906
070243078228050121196153000805340106
131066071013231225123081000535514317
127168149027202029089114070764924506
139183175082016198225094608480044306
196092018234199170078231000000000001
148068184013215163164113004435893006
140255108189205230095205000805138406
047168124093205183123073166680008006
008069232035215004019003000806005406
075091212235237042073093004431545006
205053132200205126033101250075257717
249070079099199169214054001233300317
197155091172207001005151004435456006
075009205015205217086025000805110306
238041192037202024016062000804026106
078179199138205184067002621920002506
085128236033205249006075040740002306
016212208183192029209125004430466006
089179237174205127002104374955019206
206089105201212196048209574286552317
119163139054240223013199099105158717
016012080217237042073104004432027006
202217215229215027184177539510402906
233113015011212195068126531000338906
088088016236192029095206001232724517
075010143078231225123072000533901117
133212212050205251202108118370814617
245209093137193065085197242870338906
200175059079202028024230000000000001
056021221093244031075061004435764506
065003145161244248229162284075768917
237241146012202118063109004435313506
213173043233205216101133004432983706
213184192011205218014178052224847106
123207180214251108226013160786113717
063165127222215007237074081125325606
064004255033231225123091000533176117
030015068015212227179089004432025806
141236058236199223125108000531764417
097133087114139072051021000532205617
104098161066205187188205459382145617
030015072227205212176228004433978906
044007043033205251206114000802686306
106215144157198209170061000255223106
107027037085135079171128004432276106
044002161222237042073097004431260406
135210139065207001009025080003551306
016195143020231225123076000531120517
117162079221215027184232068812766217
236159199005199177240213004434235606
237241130097194017237076004433074506
127011126223050250223189004435281306
213173038251240223180061004434691306
213175201163205187184009052225674706
047081219017237042073104004432030806
231148133116138152125045004435417406
135243072017215163175034000804367706
044024098189116246215084004433967606
062195108004135079171128000805416906
224023182199135079171167004435972506
057184217040202026240139001614192706
148083149210193065057050005140740306
213173043229205112188198052224264306
076084087163192182061089557455804117
073171192114205180215009000801257806
007205028221198247235138137095930706
217242007040199153107181087662704506
213176048157207183080054000804834906
150167180122193065085090004433335006
130017247253050065234023542760044506
097133082094231225123094000536301317
093241036105205148025190000000000001
047168040098205138232129004435150406
047045210082205249053099093394472917
047101162154205149043225004434777506
042204060035198228177145060082664817
044050048081205236089095000802222106
044220067209205167104077004434633606
116154050097202030069089270175432817
196092027015116246215107638770044306
047081024140237042073095004430207606
140169199206064005155201004436534106
112173020212207020027062101980105117
212235042017194043149149061000145906
044213051217199177092130004434514806
070243079058202024006141000805882406
231128055195212171017067579860549206
143093198225231225123093000533810117
192249232014131026048052566560044506
063166040176116246215094000805085806
044024116039237042073101004431757806
041145059124231225123093000531084917
149164124168215177155242004434832206
016175038146192030218203050565253217
044204208239205066250126004434557206
044006122120237042073105004436479206
016012252178192166234024080465087506
069226221207198255179154000534253417
044004112121237042073098004432957606
096189198224205139169073359700808006
197122065207215004019129004432611806
108236163220073165107200597600044506
127168149027202118016158070794305706
044007004233237042073106004436404006
044025188102212195071205000000000001
202217215109205203254073572751666606
237113105032231225123074000536329817
135255251131192182032124005875874906
007234225066231225123094000536381717
242238057078215018090048462404916706
016012080234237042073105233400044306
206127246250205250089098000802846506
237042077076237042073100372940008006
200175066028073165107086516520044506
044204229085205183039139004434446506
224005114202219092011204509691969817
002199113242205239062025267884954717
047100153006215177242038004432815306
062248156024240235109089000805205506
075091222086237042073099166360044306
141236059007231225123093000533400817
223007030181237042073096004431143806
075091210255237042073105000805278806
141236058245198253205132000531285617
098173073149215163004187030740102417
062193226142116246215084004435150606
048181080127215160157172068683645506
042204053175205126032234070082696617
218225090096116246215086004433843206
073165244237205066157180004434596806
062196085182205139032058004434191006
047090212083116246215086004435501406
044001071031199152004167004436413806
080032069114202030183233343671800106
053030237065215106210091606880930617
047123078021205032026208004433819006
050084201114207001131121140065018006
044025221186205219223041004432840806
109206234033199153100052312800142217
073027199013237042073103004435230206
047011043180192167126179004435093906
104160174131116246215198019353754806
114028059234194043182153162983462817
204104075121205167104077089995200717
218225090017116246215092004435810906
119046101194202030134065099985481606
070026181121205139239028613614049117
201143164181202030158172136340899917
044007060143237042073106004431860406
223007030181237042073103004435747006
209063230169122195111160570020044306
223007030181237042073103004432976406
042086157090050065216027627230044506
152227208237205211028195532960008006
037040162110073165109197621050044506
093208075149135079171130402200044506
113175002229205216067105199800504606
238020104230199220219031004433737206
070018138168215106046044516301141106
044026236096215177177146004431964306
129090230000199224155227603250808006
150166085056202028168033034783249617
110097001107073165054233145140044506
116152239232193232167189000802077906
042055118074073165073008132390044506
075063248032202030169188099980226706
130150037145231225123074000532411917
047109074090237042073092004435672006
064049067040199177093138088885856317
127168149027193065080185070760139106
100208217209231225123077000536235217
044089089117237042073103000000000001
021091197012116246215070004433700706
062246100010205217181043004434501206
053173058163212171043226221693978306
218225205093064005155235004434558906
016012234019205180108156000805521506
253102008178244248167237001234766217
136227068188192166170145563210002206
044007208032237042073103004431892606
016242056115231225123094000533784917
049143002132199177248061104870990917
206097022158192182068013180702549317
044024098189116246215079004433321406
072003105187199136067118001100269106
195197158055205184046251293940104717
062241253014251190082084000806159706
056034230110194017230008000804951306
140169207158116246215092004433572106
047170170177207180188197004436295506
021016176134207001004140004436394406
062193227239138091022086004435614006
062240148102135079171167004431479506
008072209240207000070147004435125506
215018220157205249051081333035080117
228079171249205251202232004436193006
140242186203198209185086000803740006
015043163109138152126210000804596206
142192243029202029068130577630338906
238041045192205211038236100511897706
044092026136199177242048314540008006
129214018178193065061188004434940406
213107184216240183048189595105413117
213179055028205194212207004435439306
047110201205135079171167004433237906
016215208159237042073107000801761206
153071180092207001050147004654607306
124210154255212232014056004435042006
147250114062205251203013004433437806
130004046202205180111119000253476606
044025002118205164191110004434959506
080207024052205239062137121025470606
135084107093237042073101000801536806
131210253057199169223188004430198806
044205124191212194052040000803604806
227003145126193065000178004434958306
196092076159116246215092004433928206
197228082006215013072176155254995417
044006226094237042073104004435635206
016012080230237042073101004435146606
242037250015251224119142468030044306
070243078224215161079110000800175406
076177102195205066253151052225774506
212129169215135079171145004436004706
047082011003240235109082004430317706
099017193059199224099045512936445506
048160160127199169194038560570008006
204107119087244029048170548571990617
133212242034138091022066404423848017
044008004016199177082224004435762506
140114212235231225123093000530598917
103113245018194017228064000225569006
149222071149116246215058000533445517
062196047072237042073095000801375206
016012080221237042073093004434218806
214017113049198033197173181730002306
136053100095207020019036000805431606
070243078214215162048147000000000001
047034214121237042073097004435575206
195127183230215007143171520020044506
041245232180199169214062004431909606
062208046214205249060123004432746506
239213054005207001129233004433708606
149078063148205236155016085865172806
047030143078244127157148000803762606
218225196086205211122024000804868006
044222189175205239062013004435866506
106159172114251215113195635530338906
253102008178244212051122001230012317
202217215109139180037158572750122206
206244017197207001051187000254068106
044205081019205199050005004434973406
206157043068199153034100004435679806
077023208110240223013150199920410006
044005037171251215115082004431574406
044039226251244001199058004432830906
150167180106215167250054004434155806
101177079034139072053034627236054517
213176048175205139034077052222645706
223007030181237042073093004435500206
218225054151116246215105610970044306
131184042151215027088014001230012317
044000007196237042073098004435181806
073027047107237042073097004430779006
090212110067198193189199028940002206
218225236113116246215087004434990806
015043183026138145199245000000000001
058060142117199152013237496422571817
055233073153237042073100004434790606
213179055067205066246026052226043906
047101246214237042073097004432698006
016012080206237042073092004435226606
148093019205231225123091000533450817
131134146233202030139015001235449417
213179055114240223181066052225882906
096253233186205113207089546810108006
048167030099205126109059080001807317
044193082130202031142067000805092506
044091165150231225123072000532174217
087104035144205066255028069145458706
197222188038251224229151419290802006
237042090148237042073106486360008006
047050131247205166254206093394158317
044084128014205195208152000800482606
012130003168207001013203004435541617
197091195129215255116179088834384206
082184019124205212234091597850102417
125006135017205238230214030742732217
105035246084131114012187004435095206
202217215109207001144011572755666006
016242056115231225123079000534318217
083109041026073165105224141960044506
211253200204139130007194592996275417
016195143015231225123076000533760617
130004046201205183043178000253578606
226154176178215019149253004433829306
146017019058231225123090000531179217
044090247097199137232025004431193606
047124120237116246215080004436010406
015043163116050123136005000803233406
149158096184199152015185060603127506
047024149013231225123077000531576217
044002161222237042073102004434655006
112142245218192030218206530830102417
062249252056207000086042004432645906
044009107186199152014237004432274406
195222041230202024006228000805269806
044027105057237042073105004430946406
152148062241205249062206009933993906
044026213167205032251043070652633106
047080070234207008084003004435395206
223007030181237042073096004434791206
130004046202194017013052000255428706
213175202233207001182076004433121206
155038086105244248142026000805510706
047111122036237042073098004435333606
033228029059131115050078004432664306
058001025045202118035082059384916006
049089171061198240075207499770046506
047026093048251224005229004430239306
044007016245237042073102004435232606
082136133068073165228160591780044506
050084201149205217180050294685243506
073155112248199136091080004433362706
121106097145212171137131641242651417
049097072145205236092063566960008206
063165076061050122165201090014677506
047011074112237042073098004435588806
223007030181237042073104004432353406
101108213021205250089072546774526917
139169064229116246215069004433973006
077025040190212195070168261682294717
127018007146199136087015000805246606
048213031176050123137206080014383806
131174243013237042073097004436097006
016005182069198255165210004456002006
213175202241199169023025004433480706
131094172240207001008176004435260106
140066183219116246215234000000000001
084094018250131115081243272220002306
044084085116205218029126000801387006
213187199249212227179066004435855706
253102008178207012133226001230012317
047170170177207180189167004434436006
044085112243251215115082004433609806
131184001166231225123076000533607017
062200023104199177248170000804958806
044004063177064005155209004433463406
044050105189215019149253004435727606
096036045017205185134075000803430906
050075026206199177251097004436037006
130130131075205250093172620782613906
044025189108215177165018000805363906
151045153003199153102059284370115117
119046071197193065041210000805493506
237042071021237042073099000803023006
213173043238138091030197052220838706
148068184013192030035214004433712206
079001208080073165172035584030044506
016012080211237042073104004431787406
047028072150198231053138004433871506
062205145019116246215084004434657706
197016034018215255062237004435175906
231148132108194038154245000801067606
208070209179205139034077004430206606
044068240090116246215075004433489806
239213060017205164099210004433875406
197016034242244157132149000804864106
047038233202199224149004093393568117
238063074219192166170065359420002206
097117121028135079171172004435537606
091029124200244001019047000800737706
131000237118202030113031000805087706
099141148220205113252249620240148417
047034184031237042073100004434230206
047170140165237042073105004431212006
080208208168139005155159010303690717
135210009099205098236075093065297506
016012080223237042073103004435598606
109077150198073165034198549330044506
206157040179212030094165004430552606
196014049134231225123078000533101017
134038128036205126046216000531376917
139169064229116246215092004435468006
134164179106237042073095025150233206
044059096034215013082020004435562306
122022037188202031164131000800256406
213173027120205112188069004432722706
044222229132237042073099000804902206
044086050119199224159106004432655706
122016143082202030053228004434118606
075009186254202030145254081016320306
253102008178215018095184001230012317
223007030181237042073101004430768406
198061018140116246215059505300008006
021120111085205212176066004436369306
148003126153116246215074000805511306
044068187143064005155209004436011006
073027110110237042073097004434654806
107189182057073165108049573400044506
219247249169050065249202346850330606
049103138163050065216089595810044506
113141201051199153099166532800002506
152041050143212227179002004432652906
107196052091205211044067589273981617
225197097013064005155229004436516706
106162043116192167126179613733598406
122133032004205187245074000805715206
195135006201212194144247547415625717
047168186061237042073107004433954206
044029150101050251141190004435401406
044085112006251215115082004435426906
229012108076207012138096320052633906
218252053227139218240061208906033717
047101025201237042073092004435910806
213176048057212227177082004432982106
231128055195244003025196579860547706
044056151190198254091237004435063806
047091071048244248213085093392675306
047160238065237042073094004433832206
140066161023116246215234000000000001
213176048175205066247171004436049806
205167180150205126033101492302728517
136053123146251000115141000804717406
149158111009205126132098000802705906
062197057040237042073105004435897806
044002105251237042073105004434157006
047185187116116246215095000805156006
197241237050244127020013497815338306
096182082239192166234165448490330606
112148147033244248165093343180854517
044072175203205236124242004430193906
087118114044205250088182580060808006
136227068188192166171095503640002206
231148132070199152013240004433244506
044000007196237042073095004431725806
209155083218050065189007600500044506
025206007126073165104059144550044506
204160039111202030125195636315298517
047109144143237042073098004431193806
055238046091192022160221508254292617
050024124029073165110023626470044506
049101235076205250010120371204915806
042091254209244001169249029064916017
041241028176240183051073004434214306
075219045216251215113218004435625106
063162110108215177165018000803968306
062241025066240063017146004434921106
119132120180207001002035004434419006
044039223199116246215082004433549106
032123050203215163007228068890122717
223239026122205199055050004435703406
197253120173231225123074000535046217
021091198024116246215070004434802606
140169207166116246215092004434214206
223045058192212196232090080304977306
076084179115202024006015080641471106
127101028082215177139062638956199117
200162026026194043098046303136113717
124101052205135079171132004433688706
002074010002198231073163575880521706
092019103091192030101244005874643406
047050094177244248042022004435976706
097039103021205236083095107280339006
211038129096240063017146004433394217
098110025033192166212026342070002306
114218011240073165079201527040044506
202217215109205200144254572750133006
047036202045215163164223004435676206
197043153098237042073097000805730406
042204059170205213161154070084533817
073027177001237042073095004435492006
047049167169244248204037093392960617
044221059077212227179154000801013506
136053123171199221117209000804207906
131134146233251108008109001234331517
036218200065199224099198300020002206
222069115138215162059075579400044306
237062027022251196145111411870899917
244014070013244205242088004434988706
114242107249215019148157004432749506
225197118110205219153024004434889506
247003202163202028153014004434922606
091124143120073165110231566000044506
121155232098202029094110074320201206
041144227167212171083065004432647006
237042071045237042073248020010200117
204088075090198255185126410925240817
070243079122199137227173000802229606
126064150185116246215076094824057506
126111021009205032020118591070002306
062209178091199171111143093390733206
047185202182215162048224004435037306
238020104032212195133124004431557306
062207024087205251205145004435371306
119033047068192030057071005876054106
102206050065240063101240175324821017
058001021203194038152045000805704906
047005192012212230042092004435249906
050075150025192028055181320050161006
069084101177016238146112000000000001
248126214187192030101172084754469017
139202028199016198228239624630044306
127107225023231225123092000530870217
107091051215073165228002017890044506
101138199173205113192143565334246706
062204100164205212238209004432654606
150129235228212230182115236691133717
063160219088116246215069004436469606
248126117115215167248157000805533806
016215208159237042073099000803523606
099146210061205164116190010681257517
111057172008199208051072500005041806
047169094069237042073095004431898006
213175201181205216060201052223858406
077163216137199137227017117751043617
016215208159237042073106000800725006
101088249058212230063158004436534106
127242060198199204124246000805401106
102111250032192182190021511045124806
200000013065202024007041004435647006
064004255129231225123081000533612417
195077051077251073188229059384916506
044069081137207001003111004434276406
200107041045205166253108443400002306
135187224183202031135107009935783606
111095171190207008082059435780103317
106096018144244029048170594866239017
215180093109198247225039223925314206
041054193192205199056164000250470306
048180136105192182193067149390012317
047032110241237042073098004431257806
122027138119205250094171100863356506
247003110196244205079016092170930917
044103183198202028149177004435655306
086106156036205216101040000806471206
231148133188202118040005000804706806
148083148055202030118081000530660217
141236059022139072051021000533515017
235201107094205180073171136533036317
027052033056212195069012642990420417
070243078230244038035201040074978006
016173086204116246215087000803613106
091145051252215167112210093062333417
085048209052199170235146567290789117
206110054207205151248112000804319306
062196077086207183022139000801323506
047027064019215163112217093394528417
213173038229251100143082052224728206
044202243174205098226066000803960606
197222188038219092126246390260338906
152155087175064005155149004435241406
099035082202199171090167069045677406
062205145019116246215084004434872706
223014026255207012141040004432649006
044000015180237042073100004435858606
237042067028237042073100475680044306
213173027100205187185082052224184006
136053123146199137128040000801223706
008068103108199169201028004435674406
103213216245073165111148146030044506
044025188102212195071082050405080006
044206000003215163164223004435150906
047100179217237042073093004434488006
047119192077207001170180000806006806
044006157000237042073096004432970806
213175202233199169207040004436072306
206027105171050065212228569610044506
042085070018073165065234603620044506
249237195039237042073101000000000001
034064248020205250088182446300808006
196092076149064005155247004434874506
128116177037205251205218205793614917
099141148218198192035231429190148517
002246103074050065143009179780044506
094017227218202024167114351375942806
063175190147135079171207000803948306
063149111223194038095255000535368517
204096127022205066245181004435404406
088094077135198247245249356321022717
134009120193231225123094000536377717
097133087114231225123077000531430317
208191045247198229186010004432812606
044007075212198247247084000804164906
062194056115205055128226004432963306
074146188049202031131194437514050017
048180136105192182193067495020012317
075091211151237042073098419180008006
044201170149207183082178004435354906
044200121248251215113218004433133606
131134146233205217087070001235030017
119132120165205167130002004432702606
237042071036237042073097004435643406
047124231125212195089178093394863817
016195143015231225123090000532798817
002212165113193241063168237553355617
119132120169198192203069004435058006
247003065126215018244002004433681006
047048102066050056157047093395010917
108012124035202030006105068815545006
139185148133192182151211005873675906
122193198080205148080091034786527317
141236058037231225123094000530694517
127168149027193065015057070790626306
140066162047205219153122004433868006
196093065108231225123072000534547417
030007090057240235108140607143271417
199102022197193065125226100005932217
030211021075050255049114250462751317
044026127111215161087119000805076506
113107167163244212229038068810158617
247003134104202118044141004435112606
044006252250064005155209004434668606
076084179115194043106048080644756606
101160237152192182181134510440190017
047032110241237042073092004436078806
203203183253231225123079000535741217
015068141022205218157155513790113517
202217215109205125103172000000000001
047123180151199208059010093393670217
223239094096199152014036004432945606
146255148210237042073103000801205606
140065118193064005155245000805572606
036223184178192029092226108780808006
088046033130199220223186150000460006
044207162119248200034111004434210506
003144073121194031041093000801127706
135207186068205217180004000000000001
062242048064199224155162004432093406
129174199013193065038133004433715606
062194122027205216060199004435343606
134164179104237042073094025155017206
213176048238205113202011052224843106
213173038244215177242173004430424306
021120124194199169217234004435867506
141183211081202024006237004436077706
044068123008237042073101004431570606
063150076056199208052042004434933806
016049247156199170078231000000000001
149158111009215022056087000805299906
053147152243192029083017497902653406
016212015240205216101250004431461006
218225090140116246215019000805477206
050075028226202028087221081014930406
087223167033251224117015457790143306
075091212234237042073105004431034006
100124174060212202150023070750215917
062209139121215007245012004434943206
022197203230198247250046081006299706
213173027167212195089174052224245606
198238185085240183051040011020474117
218225246101116246215036000804220006
218225205122064005155136004435371006
016012080210237042073099000803018806
136050227178050065196223185620044506
127168149027202118054182070796143706
073165088206205239048141004456129406
104237155233050065250163517750044506
121149089072207001009023004430640206
218225159168064005155102004434326006
013158226047244031125098004435401506
143232072140205249054125004435634506
211245149114215004019003071722716306
062252203107205032251042004434880206
041155068095231225123095000531098417
197046171010192029095209270186055017
021120110120207022029227004436368006
044025010021237042073092004435013206
047122159215205203039119004434909406
044006157000237042073095004432636806
222081081172205184036223524060002206
056001144212240223015191004434559606
075010177186215007236204564722980617
049196031171205066139204000000000001
103113186021194017228064000225489806
231148055069244031072219000805065906
073131085061198243029023080805540406
223007030182194043119066004435957206
122028053239135079171175004431385406
040110051155205071020216514132254817
210028117156193065005126000801244306
044000223239207001190114004435618006
224000250254202024166184607403984017
148003126058116246215069000804164406
131082226199199153048250000805103206
044221195031198192209146000802703806
075063248032202031054214099985269406
157243107044244248041167235301951817
197043152170237042073104004435418206
213176048053244212229068052222633106
223007030179194043146249004430470106
140066249106139180046154004434953806
137210038250073165079144030450044506
075010094033194102241181004655125306
016012080229237042073094000806213006
100208217209231225123094000536382417
202217215109192030124130572750633006
133044207219199169201093636034211617
032181035149251224032205059382424606
141236063174231225123090000530442117
127165136137064005155136118913966206
075099097153212230042069602451714817
197222188038212227177110357390338906
036222005230244038134057082940808006
141183211149202031101034004434443506
076177103228205217181027004434622606
016012080217237042073096004433950606
135243069178205148028083000805719206
044007049164237042073094004430712606
034061123254198220146248607904798006
200164022214205186046038580566541217
047171019198205138232165004435371506
062237190028205216101234081123730917
056021221099194031042164004436415706
047108127139237042073094004435035006
070049107165205166044171000803589906
044199119050251224032197004435869106
047100205045212197254063071714968606
223007030181237042073101004431781006
200137191077064005155200000805989006
124101052200135079171142004433333206
085054154058073165109105550300044506
251000215102207180190093549820008006
021098062003064005155132004433489706
048157163128205251202136000804156006
047175076182138091022109000805732606
044006096245135079171185004434278006
223007030181237042073104004435723206
097132071238116246215079004435995306
110132203017212227182222068835505417
022197048061207001174194081005838317
070243078240205112112160000802629206
070245097060073165064117642490044506
044055172050199171102097004435574506
135159110072205098029179000533455117
016242056115231225123078000535658317
133147128183215167248064179294817806
200124200090192182193067459770012317
249237198155249237198146001791767206
047185187116116246215076000805265406
066139251019139180032109004435751606
074106087135212194090031131300102417
096206042059202118031213590955673417
208229082224212194052028108955390717
230203206002231225123078000530676317
213175202217205217181201004435813106
128087134178192030065239004654403706
213187194080215177177218004432744406
134134130177237042073093004434439006
137172118035251100165146283200177317
249237198203249237198146001795232306
086106156118215027187240000804419806
013217245214199177251097240305433017
007227141142244127141066121024973017
044055168044205236255034000805486106
055233075063237042073102170180044306
249070079099199152008021001233174817
107033183172205219222015080882749906
044203029060199224155225004435059406
044060226126050254092220004430467806
047009053121237042073099080544773206
127168149027202024017196070794285006
066139251027139180035105004433916406
016145222019194043149148493194994717
041155068095231225123095000530759917
244200013172139072053034000800982706
213179055090192029185124052224426706
044058164036199152014230000802901706
140065118193064005155209004436335806
106215144138194017013196000255584706
213179055019205187185199004434667606
200124200090252248025120262480012317
198162037107205125089089507373436017
062195108004135079171167000804436206
047081231144237042073107004436492606
126051079058202024016140201875038006
047169083037251190082058004435697206
124045100187199224155225386743343517
135091120005231225123079000531770617
044222130020194102245226004435337106
210192035098212195071205004433992406
218225159109116246215120004435264106
044206115062131115180166004434906706
063160173157202167003207090014136706
105141150242215004019210033895714806
044008001145116246215082004436541006
047100144058237042073093004433085006
062226241244205032022208004435649206
213187199253198231049141004436372006
044004081143237042073093030003223606
204004172166073165089012509370044506
119132120164215162114224004433831906
073138248089215006004166000805020206
044068100254237042073101004435248806
202217207085194078195194000802843406
073146160192198231237013000804924506
021137021052116246215046004434955406
210018047249244020134154000804008706
109120023016073165079006624240044506
047125059087244089081190093394224306
200113022212199224099045080913723306
021120110125198193185065004435754506
055251104208073165064089564950044506
135072012191212197255252327914444106
021120126074205032022197004430517306
002181183019205236085045150075720617
224134100049212196220006004432653506
127249137057139010250129367540008006
134164179107237042073093025151844206
214019088031205218158241622595271317
063174153145199171102193000803790206
245212150145205166041190000805909106
127089142191212195004146004435175206
197155091172192029094130004436063506
070090145152199169193216597740338906
223040073070116246215087004433557906
062255106104199152015189004432464506
062198088183205098239114004430684006
232188067125205250089202004435843006
210028117189199170226153004430719106
136053123146202030194229000805731406
193253187203116246215026499800008006
197222188038219092126236299490338906
116069050239215006068162004435402306
013156016119205139035162004435992906
041147104255207012141040004432648906
135084107093237042073106000801075406
044000073176050251219057000800217906
096039014112073165073176556910044506
034185022136050056082029645561673317
213179055067251190082073004435651406
139130189167016198230169043180044306
030128052047073165228073518850044506
131000237118202030113031000805088206
044022220203205218010161000805088206
148067220032198255179178000535603417
047091109113205203039119004433761506
196093065108231225123078000532569517
044201192247064005155229004435638606
016007058090016229046125000000000001
050084201114199137234143209725517006
096189177194202118035010522490808006
092019103091192182010050000255966906
201204205178073165091012535840044506
199124100057205250089242245072649117
016043038171116246215017580560008006
131210218147244089149090000801215506
228209162153198240075009004434307706
213176055205205164096210004435062206
140169207166116246215094004434448606
047177005226205138232167000800164506
197036194146205251202072438355250206
044005128105205184032075004435726406
075091210217237042073097236820008006
128083184044073165110136524710044506
238174121177194038149128100510165917
073026208156198231053138004433648806
076191125006139219141245004435078806
213176048207240235108140052223809706
127233182157205250012082088880202817
073165116236193065103254004451763406
119132120158199223126011004433539706
070103239247202024017241000803417306
130004046202192182056192000254103806
202217215109215177179249572755999906
047011147048237042073095004433539806
007234225066231225123094000536128117
032171105033202030161048099984988506
044004213176237042073094004434454606
041144006215237042073100000800792206
044027167065064005155229004436438306
125228248211205180108046100864408806
093073089220122195111160451530044306
119132120169205113207089004434378206
044022158036237042073096000804146606
116183034245205211049098010242807717
195072077229131026013108648670044506
048213156120205035001136088414131206
047119182032199177245242004432628306
131000247058215007206031102000409806
218225236112064005155134004433467606
112081197019205217181130004435406406
134134130249237042073103004435252406
081164140163240235017070004435096406
228202120167251073188242000804959306
239213054013198231053138004436026906
119132120170205113203248004430196006
044057061155199153037097004435003606
079121155110192167123078329070002306
062238028225215013073107052232841806
223007030181237042073104004432272806
140066162047139093089118004433551606
075255020091116246215122004433681006
072044209052205125085254440140143306
044009165100198193188208004435270006
226057142063116246215082004433449506
202217215109212197178045572750166006
197016034252205180029108004436438906
213176048197212195084201052225313806
139185148133192182044167000254794206
063150146075064005155229004436104106
244199180007202030193239000805363006
062241226061237042073100004431139806
136033113154231225123115500125028017
044204163070192029185114004431923006
244022183144205126032236000000000001
016012080223237042073101000805538206
136053123146050122167218000804452806
069078130066205203028025391000115617
219117230111198209152169613534050017
044090217189251190074029004435563606
226154176178198243031006004435585706
047084229098237042073099000801030406
140066195199205200226101004431698706
213175202098205216103212052220303106
044068080104207183082230000804627006
076084085018202118092066092120145917
063149111223194038095255000536316117
146124016145205211061139059384917406
049090152052205203250105471550700106
021091199204116246215077004434694106
062227069243244248165126004432627706
112151135107199170237173653924997817
044089088037237042073100000000000001
100208217209231225123081000533937717
047038218199251190082084093395050006
196052037242205164112005151521270917
146072204211244022141040004432979606
016012080230237042073103004434751806
016012080213237042073103004430275406
062192133148205236228201000804664806
030211130176205212183115076366075406
231013221205199152008193000000000001
108074093103073165228025362600044306
073155112250205218245037004432914006
101048195104205218157098069542546406
030015071078205126032236034782666417
206128230248194031040162315280002206
062199084153050254095210004435325206
213179055064205187184009052222274506
055224054234215027047100334606474817
137234065155237042073101378040008006
089179247030205148028106000533479017
047036182097240235109085004435652906
044005076192237042073098004433281606
206177009023205249051081147304956306
085037249015198228176162495512949806
147138054221192030100049000254488506
213173038251244205128121004435150006
030203243023073165172078514360044506
239213051201139219136104004434309406
131190120055139143018199004434212406
016012080214237042073095158140008006
223007030181237042073104004430253606
200163183039131026048016120350044506
127107225023231225123074000530127817
213179055108205185136196052225219006
117117028169205239062170500735866206
050094126096205149042200004434105006
070255151053073165079036542050044506
044068041184237042073106004435975206
015154173249205167059215539780143306
197076246112207001050147004653609106
104141142117050253202075585662048117
149042101045202118092066092120384017
033245039250116246215077004436245206
063149111223194038095255000532158017
047063067097199171104071004436123606
062206049244199152015185004432933406
133212235210215177165018296295859117
016012080226237042073098004433732006
125020145094064005155228000803740806
201206011109073165090026504290044506
124029100251231225123074000532971717
137121094146050120062088526840002306
082083160004212171138202167620371206
047032110241237042073098004432604206
083183054164073165111101580840044506
249158180126116246215076004435128306
044039187033198231235091004435268206
044073177243199208059168000806082206
223007030178202031165172004435059906
062201252168194043187147004435054006
213175201167138091022066004433825206
047012121084192029188227068611081906
249158180126116246215076004435110306
008075075198205212179110004430458006
114103168129244212048047273892392317
213175201173205112188193004433773906
108074215192205164190018068816315006
123188126168248200252010000803140306
213176048107138152152245052222787606
104048200242212230042069193163467417
126004232126251108087032000802739106
111007005202199177255031510830688106
044068063152237042073104004435495606
047100179217237042073103004435805206
008107007128205239062149000805710906
073027099015237042073093004432180606
223007030181237042073101004430349006
153170052214215163006231038440899917
159090011074244157133073206660002206
213176048187240235109102052223873206
123188126253207020027130004431681306
206246243060205211122209001795220006
047125158100138152126109093396536306
231128237085194086004236357014918106
206190011143050065250119592470044506
030015071079139061191102004434322006
237042071041237042073095429680008006
218225205096064005155247004436536806
124101052197135079171175004432607806
044007060143237042073106004435803206
044022237179116246215120004435471806
044026066129116246215093004436363106
147020010216215177154219483943197217
104085110040198193184093000530325617
047051245086205164190034004435502506
202217215109205211032163572756222006
196093167105207020029041548270148417
249158180126116246215076004434847906
156132076062135079171070545800044506
075091222086237042073098316000044306
135084107093237042073105000805231806
113160042123192022167203272494916017
223007030181237042073096004434177406
141181126219135079171198004430890106
244057235017202024167181004433007706
202217215109138056073248572750999006
044019202065205236239026004435172206
032097139134205249054253409020002206
083177144081073165172246607230044506
099254192179207020018220570425247406
044085251243219092051174004433973106
119197075090194017238150004434518506
230203220040198247252058045006099117
118101179049202030117186004434940106
213175202253207022045080052225824906
131151065185207023231171000531939017
123120188254198254090022068810104117
140180095093237042073106004432653406
213175202240205113202052004432158106
149042109042251224004212092175925317
251000215095212171168138596226129817
105243019102202031149091313332426517
044007208032237042073104004435426406
150166085147198252035143000806185306
044001141230116246215085004435362506
082051157091073165104091585850044506
218225159076064005155245004435049206
047109074090237042073105004432986206
091026209011016229028118010396285517
070243078230199177091228040076101006
127092234054205180042175005873543806
236146136233192030043145004434774406
159089146105244127141129344650808006
044002114207237042073099004434178206
030015080192251073189029004432804106
213179055026205112191013052225178106
016214089141237042073101004435612406
047186253131199137224249004434655906
044022136106199222139016004434033706
233055028023207008188236358851862417
047160019129237042073102004432813006
002130159046194115213194552550338906
044009041189116246215084004435535706
237241130097202024016142004432949306
221197096168202028135104004435069806
249070079099139180036209001230012317
103113195163194017228064000225245606
085247217031050123066195070075858306
047123080064251100166226093392843106
047168103175237042073094004431119206
063174215194064005155209004435488006
058001025032240063113226004432105106
047119074047116246215068004436224206
082095023111139180040036245700002306
118122079027138056032176000802622606
227005251102198255178226000000000001
013217245016199171106145240403704617
206187094025198228176162136402941517
101024107165199137234143010276161317
016242056115231225123079000532101817
044054194195207001186130004431081506
122199016250205113250141021871049606
134164179075237042073106025156462406
201201086229202030185238213325141317
044003127078237042073098004431826806
218225236197116246215083004435091606
042094026031205218158082000000000001
083019204093207001135090609880002306
048181106054016230168186622420008006
214191240031205212179110352641676817
016195143015231225123076000532696417
112081251032135079171167004435331806
102099079017192182224042571172845717
243054196193205249003219004435459006
212143025087116246215242435370904317
047170248188237042073101004431044806
137173102212073165172230562970044506
098123123070240235017023498560002306
016055215070116246215112357800044306
106071076045244127157196113342566817
047123201180205071047171093392882917
193127227135016233092142567360044306
105089233201205199051156234765744017
213176048154244029212116052222950106
044025096147205183046254004435288806
131134146233202030160168001234036017
146017019058231225123080000535183817
196085037170202030089117321401134217
070211172085116246215057000806151606
213176055205139143180107004435681706
016228207034116246215087004435009506
224017187158198253194217581450002306
099032192003199204069194603966477406
155038086103251224032205000803740306
197129020104244158005050474405682706
073027099015237042073107004434448806
033228141057198254094122004435046106
070243078216202024005026000802172006
063163059215205239062149004433594906
047124218158244031008007093393021206
101155189170207020027130505003905506
072011211077231225123093000533576217
239213224163205187244234004430367906
223007030181237042073095004430992806
047119074047116246215082004433565506
213179055084205187186221004435393806
231128055195050253168063579860550006
213175253251205195126241052221880606
224115233227205180073110004436238006
135243027122205112188173004433222806
084239035178116246215240412110904317
141183211149202024017006004431467906
002188168222199136067118615253988006
210187145027212202151081083470879117
073027177001237042073093004430588406
217227193110199153045141367780008006
237042066202237042073093261640044306
214014252014219092207152213190002306
076177102193131115182082004435441406
206053138148252248201171560270372806
047168171093237042073103004432981606
135059219180237042073107004434616006
080200087197212232224029188115106817
047008147014199224156213000802694406
130150167218139113197176599940148517
016012080223237042073100004434092206
195004087194050062034042202351295317
141204003182202029137107004435031606
141204003138194031112202004430493906
083129134146073165172225166650044506
042095064038050123066195215524168917
237241130097202024017252004430361506
127168149027193065050106070790706706
213179055125251190082073052225531806
213176048080205066250164052223428406
230203220124224134173170512400044306
155216242121205185135037236540002206
016012080221237042073105004432653806
016195143025231225123094000536010817
211246205005207000086021205802801506
131134146233192182222185001234957417
143234087238205218029022004432829706
057184217039202028189165001616169906
197016034252192182186206004434674306
119132120171192030042015004435617306
008072209240193065039210004435187406
223080218069244248229162000805058306
030214172133199224155225004434444506
200124200090252248025120435820012317
149042101045205236224151092170356017
062211102164205236089095093395535217
112174026098199170078231000000000001
025189232043202031026174302174916017
119046101194202031166085099984929706
153216085037199224149004537815893406
156162070184199177255113512690143306
149140045081064005155233004434796306
141186045158064005155201004435785006
044084123014205250094251004432635806
016242056115139105124085000530472117
103113186033194017228064000223561206
108104218170217010236162587606333917
044006155040237042073102004433752006
034241194006122195111160534200044306
134134130177237042073098004431479606
062196047072237042073099000802216406
119132120168199138217178000805019006
208181140212135079171167000805521206
057184217043244031011243001611120706
237042093038237042073106161420044306
196043026097231225123081000530175317
073027217212237042073107004431363006
231148131122202029051103000806255606
135084107064237042073097000800525806
122013118052138091018165004433932506
109028207111199169214089558612780406
091028077217244038134057535080808006
140169199221064005155233004434905806
231148130065215161111253000801279706
075010149024199170237173412346242606
141186045184194100119083004435351906
097133080209116246215029000536194417
016033078172016229018095549110008006
075091222060237042073105025560008006
044011175249198231053138004435712906
236202047023073165109028510930044506
134236113096205239062149000805465106
062196185181205138232073004433415706
050075054125251224005253004433812706
034120106165194017228184498600044306
047119206115116246215082004433292506
129048012205138152126233092120930917
197137092031215176008157004434924306
057184217040202026233193001614722406
062192054071139096098173004435386306
044196226216244001021253004434995206
044050020177205251200212004432646506
195112192255212171082222010484475217
158120240035199169014172494345835517
122195147023207001007116004434788306
197155091172202030248079004435136106
206189170109202028146044292855212617
016012080218237042073100000800714406
047004134186192022166189004430372906
153158246154199170237173000805089406
092227243253192029094254499880312806
135072013126205250094013424552830006
197002037254131115059073000000000001
083183249117199224149110206500002306
021137021052116246215048004434070806
041146146139139096108228004433334506
223208143086193065082086000802062606
218225091067231225123092000535565917
134164178099237042073106000801825806
070034161137205218014134555274348817
044037017006116246215093004435843606
064004255129231225123095000531702517
044028015042231225123077000533714617
036218200065198253221093303830002206
036218201176199137224001412830312706
044000190172237042073100004434689206
048166070169205148029021286223448406
149142037053237042073102000803519006
008069239058205218246102000805028206
131252145092199152015184004432497606
091223223055193065070237000255005406
070243078224215161079110000800176606
154040165080212202075077103694028117
140066161014064005155235004433717406
044221094076237042073102000803075206
125084123176205148086063000251546106
197155091164207001131073004432625606
075091212213237042073098000802478406
140075251097207023144230000532727817
213179055023215176003213052221740906
200174071228139143182108010273426517
047109177040237042073093004433415006
147108106053073165069060503650044306
197222188038244127140071410750338906
047160238065237042073095004432626406
213175201189131115182007004435902506
008075075198207012131204004435130106
080205036246205112172199646380106217
063160063158237042073101004430343206
244199180007202028068161000805306306
213186002215237042073248447930044306
078010025192205035005156587130002306
141236058000231225123080000532602417
196085087154199168152210068816294017
237042093023237042073107004436151006
239213054008219092126248004435241906
200127122044205250095153052255012306
044060109196199137227027004432135106
016098134156194041037212255654955806
062228126044198253200189004432641806
044051083211244205136188004433996306
141236062047237042073107000536038017
127045165178199177255113004434937806
131052030178215167149211000000000001
249237198077249237198146162720017906
016242056115231225123090000531027817
134134130182237042073102004431294606
073025084250198231050050000803498006
044027034252199152005213004435864606
213175202247215176003200052224330106
107219039079215163006231416990102417
201084058053202028186171463595963017
090249157139199224098189536850312806
231148133206202024006156000800246206
075010138193207001005129109830217206
136053123146198192209130000802750806
105243109253215106055084408194476606
044039016193199171096142004436216306
030214173058205202229081004435233206
139096120250205032029187000802864206
237042071042237042073107004431238806
048213080013116246096153431560008006
044086139215205187185093004435225606
203203204137231225123092000536070917
030214173006205239049229080803280806
128037227190231225123077000531094517
112191112067192029211134100852650906
047050207172205139034077093394275106
086088021240215162112018495923662406
248199197157202024017158000800637906
197045226188193065012186004456015306
079121155115198193182105347360002306
077187222192073165079141562940044506
140065118211064005155209004433684006
086051046174231225123076000536133617
127107225022231225123075000535717817
079121155110193232175144460000002306
047061086015199137232025004431175306
238204120238050123054018004435073906
047081024140237042073095004431496406
211253199031199137227090647390262717
140169207146116246215068004433670806
103216052103192254112204004436092006
073138248089205249063028000804957606
042095029119138152126210090911486106
099035041018244038133045069021917606
073027146097237042073097004432643806
130150037145231225123079000531222417
148067222062212196232090000535224817
135243069231139072053034004436199006
036223184209139218240252481880808006
222060063169064005155184377690008006
193253187041016198230169580100044306
101130140112205217247056386345529617
204096127014207001186130004433742906
035001190231199169202100068812790517
155070172129073165104092527440044506
016012252178192166238235080462671206
223007030181237042073102004431966606
213175202205205187185093052223614206
016242056115231225123074000535664817
127198242084215013112198320050126906
141236063177231225123072000535159917
021068196216207001013094004435963906
048166074155193065086210250003298806
119128107095064005155218004435839706
088090119195240063113219509620008006
044208199070202167044253004434038906
070243078216205125126039000000000001
113175002229207180015129632590512506
196115083205116246215076004434078806
124247190024205251202106009934374206
100208037063016045106040000000000001
204098025117244031011002004432638606
100197189027251000164106043290005317
122027118143205218025013000805928706
075091212221237042073103000801211806
050075028226202029162192081014998206
062242075111116246215085004435437406
016212159216205251202237004434700906
047101064034237042073094004435435606
124117015038135079171104000800238706
141236058028231225123093000534112617
213187199247050254094252004432706906
059106036255202118240254565774857117
221197096168202024017241004432754606
062196047072237042073096000802822006
101130114241205112190062164995381706
119052253036240063113219446680008006
127168149027202028087220070794085706
044201195042064005155229004435264106
007234172223064005155247000804902606
062199080201135079171167004435134506
135084107093237042073096000801619806
200173183161205212176051089852787517
141236063126135079171198000532078517
245098082143251215113110516130800006
021068195095205212176073004434997906
062192233105205186046038004431170306
070109174030251108226013238856113717
106122022153198243139106491991345217
044042091228205066248203081043564717
140126025066231225123077000532793617
047100144058237042073107004434848406
116255061180064005155219094826545406
013159168040205112190098004435840806
015097035038212197179250582154433306
044009173213199171109185066034674506
044059014094205139035237000802633306
104254004248073165081025545560044506
044003062111237042073097004433319406
233071160249205187244144380100002306
044203244220194038088018004434525806
042207243122202028195010393061968817
208181140212135079171142000803854706
119132120167207012138242004432991106
213187199235198231233043004435433806
149158122027215019012001004434945506
070071231188073165054065599110044506
076084179115205126039009080644529706
041145056035199169004236004434961106
044010209208116246215032000804281206
050231068035198193187025581670166517
132027104154193065006161100685622406
131052030178139180038212000000000001
044073049136116246215085004435259506
193253233023116246215010511490008006
118122075245231225123090000532869717
079121155110198243068149585150002306
070105039133050065138056102160044506
213179055015138091018059004434461306
062198036118064005155229004435617206
044206028002205184037120004433953406
022197098205205071132225081083206206
073024130123050251189121004435738106
030015080252194039048129004436031406
153078193076073165108097563750044506
202217215109192182239149000000000001
203123039080202030078114010264697717
016012080219237042073103004431482006
135011170075207020028157417880002506
044059006109139005145045004435831806
059181099234215007206182609315202817
034253199253192030101083005874114706
244199163042212195128205099951183717
091177187219205236228202000805138506
103173168037215007244098001230106317
131117142250116246215029000534594217
141204015100199136065105000535834617
044005066003199208053127122014941506
112081189113205251200212001234585317
044005151003064005155133004433547506
131010193087192182010040005873291706
044049177161205070234009004433737706
021091198024116246215070004434800206
027239018021016229037103000000000001
253102008178207020018231001230012317
047091109069205239087212004432637506
002192160081202029230034327375881906
139255141240244003005240282481917206
050084201042240183033096061085208906
016215129011139128098172000801318306
136053123146215161047242000804087506
106029098002199136068166557052726217
076177103249212230172154052225216006
218225091111231225123081000531847117
070243079122202024006182000802820006
013024021023202024017151052230164206
021068198043207012133227004436528006
125020145082064005155228000805256706
075067180034205184032166080652891706
050023037209073165064069578450044506
152098016181251224005137060750910317
122013122213207008191107004435692306
140242176156064005155245004433958906
076086061171205217251224510215235817
047109173158237042073101004432865206
122013116139192182067254004434699306
096065192087215163006231484260899917
044039212030207001182105004433659706
149210180175205216102254004434916306
082175089200212194054215453901018117
044201170149205216060093000800963306
214016195106050065234069527480044506
016010002185240063130041050025001106
146092006098251224005137491414073617
140169207253116246215121004433483106
243054009032231225123093000530506217
047091122038199171099112004433397206
032039165221205125072135000255158906
002183070096194031084237000802682506
072011141001231225123091000531723217
208178086224205213185182000805889106
099251170167202029231062036580365817
148067220034199153099152000536537817
140243008152251190082084000806159406
196088223175116246215157421000904317
036218200065198253221099277970002206
055233075054237042073096000804458006
140075193255192182248174004432689106
152244038122139136058114000531160117
048181084044192022173005000803546406
050084201162199153057106000802741806
135187065149202031037072000805129906
200172157050205249011254180894913617
047084231039212030093150004431228206
044051245121244089082111004435619206
092004012039073165107227065780044506
101088249054240223180061004434431306
013159226246205098029167004435458906
076177103229202167002170004432659906
044003061204116246215082004433380706
127242060189205212181123004435155106
047034190173237042073095004432268406
044002114207237042073096004433105406
136151110106240235108140000802640506
098168090197207180014009068890105517
213179055109207022045110004435530306
013217100064207001003106004432723506
212143024236116246215069004435707206
199115081237199153053006537490163917
030208243219073165228025616120044306
062192093002194102244235605040554406
119049193093064005155132004436538106
096040055062192022167231444400206306
062242067066199137227236004435134806
213179055012212230182070004434124006
112035043043202028168184548374693017
141236059192231225123094000533526217
223014026255192030060114004436122506
007236109084116246215243457020904217
073155112250198193190223004432636306
127242036017064005155200004435069106
125229017022135079171191000532612617
127107225023231225123081000535698117
213184192016205183121122052224029906
016012080204237042073094004430704606
044000024175237042073102004432412206
206241189153193065070237000255004606
157227060154199224098189587770312806
041145020158199152014239004432573206
211245203115199204078039471780119806
047161051234212227179002004436083306
137169187022205218013051000800164906
044068198003237042073105004431700206
213173043231212195089170004435248106
249070079099199152014226001233176517
062208188092205167107197081025195306
141183211149202024016173000802779706
140169207157116246215085004433792206
044007049164237042073106004431502606
097133087114205219155114000535352117
041150230253192029185100050561251017
044004213176237042073094004432402206
147209211198202031163048059385450606
131128133046050253171141000000000001
044007208032237042073103004430679206
125020145082064005155228000805916906
047082194070199152015180004433033606
140169207211116246215087004436194906
196040118088064005155021546900905006
135084107064237042073092000805835406
062204093218199152012216004432390006
202217215109215167113137572750466606
238063123093212195125024000805084806
149129187117237042073096000801421006
223007030181237042073099004433632806
100124020139205218015130004435120106
114229082056212202160199366595174206
196093065108231225123072000535124817
237135129047202024007000000800602806
047045155105244003026236040175089606
044000073176244248141253004433750506
157002111065202030022235084400899917
083159220179193065072202509960899917
062206049244212030157188004432671806
243054196194205239062149004433428206
148067222061199153099165000535674517
243054081008231225123091000530457917
197054060041193065049213383486269506
044038064086205211054154004434566406
202217215109205125096035572756444006
053038177139205180045085000254975406
055233073152237042073105000802836406
044198159141231225123091000530599717
111234251011199221119219004432952506
044003062111237042073102004431614006
105150121007205167204207603342117017
221197114020205113192226004436082406
121158053223202028067136000805698706
239213224183212195089178052223083106
207231074090192022161219254390307417
231148133177205201029005004430562506
070243079058202028025073000803897806
149042101045244022140210092122696517
037008061120116247217133000000000001
044068050068237042073099004431282206
047032016048237042073100004432803806
080203248035251196147123000000000001
245209093149205166210072498120338906
025202243206199177190039502880002206
135084107064237042073094000800974806
050051123112198255165154004435189306
249237198112249237198146001791606506
056021221112205112119107004435582506
218225091067231225123075000534703417
104160174090231225123090000532339917
223010192238205200226118000802718606
126002222195244067209210004435223506
140169207146116246215085004435517906
047033146254237042073094004435728606
044209091165207001050205081180104717
124101052205135079171187004432427406
113104097208240063036245271476139706
237113105030231225123094000534284817
016190105194064005155190004433282806
086106177193205035005006510063316517
197155091173202024017055004430887606
130004046202192182210009000255633206
131003246189199220219005004435717006
158159158192202030147076413010002306
131003246171215163007086004432769306
226025128048240183048199220035612917
050086186075064005155202004436192106
249070079098205211054210001230012317
047028220237251100166062004435563806
050048096156244212230125514725044006
223080127145199137233131000802838606
133075126201073165111208497570044506
213175253248205139035178004434056506
148137206208212030146093004435254206
041146196180199152013240004433247106
070032085113205211050042588150002206
147250115180050121119139000803898606
047173125035199153111123004435252006
235228026009199204096058300026389206
062196168250198247228083004434458806
015230250086198247226056516810414006
197174047210192029081013093391566406
062248127090116246215068004433695106
231148131161205167206218004435079406
070243078228202029091194000805112406
047180014132237042073096004431282606
140075251098205127001102000532441317
044068187143064005155209004435153606
063161009208244205137219090015838106
200162165112073165069029645890044506
206110068039212202150023000000000001
075205198064116246215122004436309806
124055108178116246215084004434027506
106161102188215004019210033895567606
047059172239237042073105080514703206
204060211209212195128205265521401606
016012080223237042073098000805345006
047028086079244248213082004432734806
013192054036193107084197000800366506
016054228022116246215084000806219906
099141032170116246215094004436418206
021120108117199224155181004435403306
197243251075192182049046099993394706
201166013133202030182248004435257206
213179055093205216060038000804840106
133250217250205125088104602175425417
218225091066231225123079000531430517
073131090029199222139061000805359906
016012080205237042073096004431609606
016195143024231225123080000535314117
041146196180199152013240004433246906
224199210190139010250102087360044317
148113051214205203026143000805038106
127242060237199137232149004435208606
016012080232237042073097004430798806
127068199076193065009178004436414206
119132120164139218240061004433807906
015043163107199224110098000801299706
213173027101205218072119052222622706
206214131118207180012223580155838217
125206040188064005155134004433442806
097132228080231225123081000536313617
231128055195205126121098579860547306
136053123146202030017069000805775006
025189156049205249006065430276202317
016012080229237042073100000803970806
049152190122212171168096284330002306
141183211166202028157216004434290306
113020146145205217247143609311991517
152045085031215255118156004435572606
057184217043202030008148001610375206
027153141132016230162023000000000001
016179000040116246215075004433537706
135072013244192166169190334433342906
140169207034116246215056000804709206
005198029255212197085191325360102717
073155112250194207240039004434081906
070032085113207020018001588150002206
076084179115244001168192080024251906
044095249250212196235204004435067606
218225236226116246215070004435381006
063146034124207001174217004435065706
213179055072205251205198004433896806
131031158078194017229143004433284606
213187202234198231050150004431768506
113107138091212195084221512760436117
044027105057237042073103004434588606
104151011059205239062061010286098417
070056104197131026048141608270044506
022196126022207001003108081126089206
135079179080215162057126078170044306
016012080229237042073095004431616006
218225253135198243030091004433727106
044068047245237042073106004433486806
211255069003205138232077500791954506
076084236255212030095174080794155906
013024110221202024017222004432591806
069125124184199169202100281481072106
027165133147016230168100000000000001
218225090017116246215087004433346906
062195225080139096108158004435261906
106178002055073165064118094510044506
087249075152194207242005641545242317
077017085149199135046184554270044506
002002132172194078222218004434650806
237042064209237042073102004432046206
047186215057199208048165004436248606
237042064226237042073105121940008006
149078063148199170071245085866375006
033239237020205071038169004434392706
231148132125202024016161000803099706
058115230033199137235245635090255017
073131074023244158005050004435037806
047109144143237042073101004432223606
222069115138215162059075579520044306
033038140170116246215068000805345306
016253001004116246215051350340008006
100208217209231225123079000534138217
237042071041237042073095004432052406
148067220032215167248173000532626217
075062217254138152126210000805734906
202217215109215163183245572756444406
218225009205116246215076004433445206
062247045083205187184146004430159406
230013208114199221126174184466318717
197243251072192182060117297780806806
098135153040205098232229089994267917
197202027125199152014037000804239106
041162104206207012129092000804962506
149042109042205139034180092170930917
016049112144116246215071004433279706
066219029168205230095205255650102417
203169252136244089081011312090103717
119046068062202024166106093002166906
008074003070199169214025004431635606
083014221206202025046104425410222206
106054142038202028047152639194886606
210213100095199168152210068816294017
062244167151198222247237004432841606
050074105080212197086059004436409806
237241143117205166210170004435870206
050084201157131114049130128144923106
141183211149205194221234000804891506
044007004233237042073099004434616006
074225145154198228176162621712941517
062196047072237042073098000802002806
109210028020212195130006220691284817
047012192172192029209114004432428906
075010138193205218157173109830457706
016215208159237042073104000805862606
111070058108194031047101491602485717
057184217039202025096202001612327806
044022252167215177110236004435078906
072200232150073165059051566240044506
021084065137116246215058004433921506
078021140167202028064234243300102417
158252120222244067234094087364408717
148067220032205238230214000536049317
096189047230207001130247000805203506
002002130255192182223018004434412906
047084229098237042073105000804470806
231148131084205218157141004433149706
196092076104116246215069000803435006
212143024236116246215069004435705606
044001193220199152015189004433029606
110097001107073165054233145150044506
063191037250205183034064000804841606
210011223039202031157160511051414217
214132245106073165089083647220044506
077019158070199224156213212805743617
033183167035192135136018004434932406
220205148134199224151090004456169106
213176048100205183039059052224636806
101081106071192182170117004435041706
211253197119194086007127556592716317
044054244126215255202178000803748906
047032016048237042073104004434434206
119132120180192182024082004435018706
072011141011231225123090000535408517
096036045095205251202002004435201806
197121122182202024006165093392239406
062197212061205099154038004435658206
223007030181237042073102004435386006
062200101139237042073103000805601606
119132120164199152106172004435051206
016215208159237042073098000804964606
034175102242073165069137589110044506
237042071035237042073103000804690206
208178086224205213185182000805886706
044001073042194102255065000805218006
048181080127198253042194068683513406
116247129029064005155232004433749106
047049131241237042073105004435143606
075214015184116246215030489540005317
141236063128205219172197000531735317
033245039128139113197171506406553506
114152228216205239062133036584982817
113175002229207180015129243680533706
106002147197202024005193001430741006
107135030251198209152099550374530506
085037084052073165069130496000044506
223007030181237042073092004436295406
047049125210205071038075093396535917
049089171061198240075030527280046506
079047199095199222136130505874557317
147250114042215022004161000805092206
044006157000237042073103004431746006
050050115116199171090115519023988006
197122065205212034178202004430709606
114159207196205239062157149335539006
201196000045073165054171646180044506
021120096193205071036076004435479206
062216180149138152126165000803645406
016006031156194114055057465290808006
206222140242251224088150645670175806
103229103086231225123079000535375317
140158233002231225123076000535133217
149042109042192029088037092164919406
214024202100202028122088038002456017
047108130114212230037158000800110606
131121155099202029150146004436379406
044204163070199177093136004434102706
021020015195050123065233000804668906
044005105069064005155209004434679706
044000013139205066248037004435166606
239213054001205187184131004434217706
041150227114244158083125004433908606
219150005251116246215075000805851506
223007030181237042073106004430663406
202217215109205180012065572752999906
103175150202192182190021583185954917
082134037166202024016211004433273006
155022116125073165090024252340044506
075091211152237042073097171120008006
062225022194139005144111052236188506
237042067021237042073103004435644606
098013081175139218240154140235449917
070248153229215018090044237011885317
073027217212237042073098004434599006
204129025207202030014153068810688117
119046101194202030170112099984904506
055233073158237042073094571080008006
113103184091240063017189252570235617
050051143222139093089034177205321206
030214173111192029062010000803875106
124149120038194038095050004433139206
237042075073237042073248020010200117
218252151123139212124060004432080206
243054081006231225123074000533728817
238204198094202024006170000804335206
141236063224231225123095000530639417
140075251119199224146018000530554417
097133080209116246215029000535049917
047034184031237042073094004436372606
218225205096064005155200004434430406
021084065144064005155132004433314306
113129113090193065033237542120899917
044060081153139096108232004432623106
110105055011205167204002622036113706
008253077245194078244194000801385706
016196002233116246215139425580905006
070243078127192182216079000803752606
098073035038199136067118569723988006
124050093149244029242053004434915706
016012080227237042073095004430410406
047081024140237042073094004433814406
202217215229198193185066539510402406
070077156166194043097190000805549606
240083009029192030035112004653967206
041144228080237042073093004431342006
146094052144231225123077000533598417
203085162048231225123095000536365517
204125171145073165104247555100044506
073027146097237042073092004434922406
047107169252244248167058052235573606
213179055086205164190013052220192906
122199016248212171168046021875434806
047081091076237042073095000802220806
097133087175207001132216000534694317
070243078228212230042118000805031706
044026241102237042073105004430883806
153173183074240063113226000803286406
198061018140016238145171403480008006
044060065158205055131006004435259306
134134130178237042073103004433804006
044193243204205236085009052235595206
140169207210116246215092004434455106
238204209241202029057233004436541306
047101246214237042073104004433393606
062197110008212030157188300003503006
063166040176116246215094000804904006
044200062123231225123079000532607017
213175195112205251200177004436269506
072044106099073165064049508310044506
081096086141131026013250518370044506
101160237152205071029148456130190017
196177054118244038133045090803290806
116247173118064005155040374820905006
110062099234212227179051552444219417
140169199212064005155201004433829206
030146053237073165069166121760044506
086106177176205071035111000802800206
148067222062215162057212000534931717
047161043039198253194209430460005317
044025090193237042073095004434076206
079121155110199137226027330020002306
148083148054193065003021000533503917
063160168142050254095245000805036206
248199237176215162093247363000008006
032210104114205250089072004432622706
030214173101198247253051004436444106
213175202246240235109085052223636906
152055119023139010250152389100005317
116055115195207022027044392304517117
016012080215237042073102000802664006
016249228148205236095024650980148517
044011045144199171099112004434043006
076177103216199168226039052223978506
223010207032192182085021151524915517
047110181203237042073101004432240606
127107225023231225123079000530150717
127089132237215167114013071722628806
124042017022231225123078000535506017
100208217209231225123092000531208117
243192025006199153048236432980106617
231148132113207001182105004433286806
082085176130050248122112011116032817
218225236073064005155210000804220906
070243079058202024007077000804391806
041144149193251100210007004435813206
199212193077207012130178619055861506
110137093015131026013112513720044506
237042091029237042073104004430606406
053055092130199169214167567185823917
110122022161202030156027508723912906
152148062241205126032069009932368306
237042070086237042073095004436149006
070248070218215018163243561830002306
047036135131215177242038004435222406
206113160242073165091187653590044506
057184217040202118039034001610598806
087106190167138152125013021342835517
044003127078237042073107004431082806
220111190042205251202072214215333706
086037143050205180072177004455259506
062196221249198231050050004436269006
243054081006231225123092000532011717
077181049129138152126194001233930217
089218249066122195111160417170044306
213173038226244067235102004435883906
223239024084212195029238004435249706
148085199112205071024069000804958506
016012252178215106210142081984934006
137114125013212194146133000800681206
196040118170116247217100442340905006
127029207239198229186131004432645506
015063032226198061000145013502532417
032191132039199137237235004435728306
047186253131215018246243004430794706
047012119226199137231135004434293706
105249168140116246215017503880044306
047012091109205055131042004433938506
047063067097199171104071004436123706
213184192012244001196133052224338906
200162127104050065196196620190044506
155021093137207008082169406842725717
041146223064139096109009059991315017
100124107234202024017174000803894306
124247190128205251202012052285523106
213173038228205251202236004435832406
146074221204205180214038548842623906
130150037145231225123095000532022017
141236062224231225123072000534054317
085024235079073165111214652560044506
044006226094237042073093004431219806
193225030197016238144096446110044306
218225236133116246215087004433858806
100085079106215004019210033895940806
231148132039244089100220004430349206
047090214072131115180031004434575706
044039153118205218010153000805390506
244199223155198255169093080215091406
131134146233244158137054001235511017
124045135085231225123073000534748817
218225091066231225123074000532532617
073165246020199204071252004453121306
062206164043064005155190004436210006
092018131028202028028028345741454217
066139251152212194041192004434947306
213187199254205200149036004435430506
136227068188192166168053456520002206
192045064212194017229141520975947017
109253179111131026048213629600044506
070243079058244157132173000804281506
152148062241207008082223009935353706
047038011186215255216139004435140006
053223215218194043118237516791986906
062197167104198231052218004434956506
109210154012199136070154444880823606
238063202215194017230135429480002206
223239004172192182236223004435442206
134134130179237042073097004434295806
238063003181199221127164058520002306
147226178212138147090093000804957406
122144003055215162059136081950819506
015230250086207009048014516810409806
050051205039199204078138444500808006
197143138162215027221010004435255006
099244027145205071025208550720307417
103211028144215019068173004435418806
131134146233202029013205001234231717
131188048101192166238235000000000001
103119081087199224156173004434942306
109119105063207180012205084813098606
147075193231205251200098000805363206
070209163022073165089166565090044506
152041050157202024016079004431836606
223014026255192030060114004435759506
016012080218237042073104000803349606
070243078224199136085035000804937106
047034184031237042073102004430287006
066018134130244157132105646530312806
075011030163139212123098481791500106
251103139035139072048234004433460406
036218200065199224110125247360002206
130004046202205180041084000254182406
153170104025073165089230504630044506
237042071035237042073095004436493806
196093065108231225123079000535388717
247003110196198192211201092175367717
075225035163116246215122004434813006
213187199253205200149026052225699506
237042071031237042073102004436513006
047004169031138091022066004434868806
062196113201244127033022004435683306
140242176210064005155200004433684606
044002237020237042073103004431987406
016012080216237042073096004433376006
062248156024205126033101000805658006
047119081048116246215082004433446806
062227219236199177092130004434333706
124029251100205125074096004655150306
213173033214212202218251004433530306
047005247102215019203029000805272506
213175253243198231053189000805125306
055233073149237042073101000805987406
132017119188193107086064000256052006
044004151051215160157211004435959206
113175002229205216067105147560505106
084241127160212171042063104073930517
047100068026237042073099004430322206
116246009148016045106040000000000001
109235227103050065170152620100044506
223014026255192029060094004435132006
084049166154205199056099449360044306
141236059151231225123072000535344517
149042148152244157132233000530138517
099168013232199169214220089991650806
111234250012138147089075004434616506
044029231170244038133045004432579706
135243069076251190074029004433695606
047186253131244003026189004435355406
127107225023231225123095000530987917
076191125006198229189128000802842406
206240164246194039037050004432350206
197193197118073165059224578690044506
157201211038199177242139527120143306
104234152057193065125250490013592417
062243226210199224110254004435909106
016012090106237042073093524280044306
251103139043064005155235004433938506
044219076168202024016249052236341706
135084107064237042073094000801811406
097219019048205239062103632440008006
244199065033199136086040001093678717
016195143015231225123080000530316317
050084201162050057215119000802768306
213184192000205216061052052222782606
114218001028073165089211521900044506
030015071079202030211059004435500206
155038086106199177245230000802655806
044076101200202024006110004432508506
244014070053205212176179004434315306
087108132099215007238140073202794517
021084065148064005155132004435188106
044020052195139096098160081160738406
044008001145116246215068004435177706
248176087032064005155132004436132006
077048176065205185135018536943027417
218225236073064005155210000804266106
231148131033215162165117000805514106
016195143025231225123094000533432217
070243079058202024006030000801683706
021120109063207012133227004436526306
108104201113199168152210068816294017
154042203245192030007221000535477017
197243251072205125122140537800104906
231128055195205217255230579860547506
137234065155237042073093062260044306
044061205191205098234051004432380806
213175253215215176001104052224409706
130202207033073165069195423330044506
016012080213237042073094004431286806
213175202220205216060218004432989906
044025079037237042073098004435500206
250025176234135079171128004431870306
223007030181237042073106004432132006
025079236212199177255059530270688106
139169064229116246215069004433945206
074230250149205166055177488602449817
213173038254215177177218004430401606
073026235202202167044253004435576006
062254234012116246215069004433525206
096066103075198229022074319385440917
073027177001237042073102004433158806
097113163125198243139213000805623106
214136057242139061080239529012795717
049063062054215022056248295196466917
047045155105138152126074040175116606
036222005039244038134057143610808006
124241049097244067208165561580044506
158051001012212230228186622130104106
231128055195207009054014579860548606
033236230095064005155065118913485306
030214173109212196221147000805761506
129216151025205032020169004432699406
237042065008237042073098004431469206
122027138110212171014189000803092906
096097223083207008085229433993913617
142052092051231225123076000530387417
131210253054199223126175004435585906
223003174028205071033109080784934906
070243079033202024016007000806425206
213175202209212230180141004434129706
062205196134237042073107004434014006
016012080234237042073104004436424406
237042093043237042073096004433229206
213173038231205139035237004435791806
103211029156202029232070260025581206
073155112250215163182241004433343306
016012080210237042073095004433949606
063174184033116246215086004435925406
126052064232198255177173320055555406
047053209027215163203216004433148706
080205206079202029231130068905460606
047122143212215163004203338555914006
104088017222198240075071273821100017
135187065149202030112113001436432206
140065118193064005155209004436524206
074224177107205212182122623393162806
148077050141064005155134004434719606
044002014134237042073098004431016206
141204008149202024006077004433783306
201200058037202031042120000000000001
067057251219205239062002004432689106
119132120173251224006163004435899206
034044252026205126120223413805086706
041144006215237042073107000800253206
131208002242139180038212614560776917
040005007082194115203121000802633506
007239235096116246215082004433841006
075063248032202029236237099980398106
110202206210199138218122623484754717
047123049198199137231135093393520106
016012080209237042073102004433847206
075011034148251215234030000805666506
213184192008205139035178052223314106
044023141017198247238140004435326006
030188242027194017230209510690232306
044027179127237042073106004433846606
044001146208237042073105004430552606
044056189209244248229162004435442706
047187107211215018245106004434952606
047028187056202167131129004435181606
217242028149138071027233011004979206
033236149233139136058073000000000001
208178012075199136066151000803040206
047100019196199137227028030741533217
218225246219116246215079004436384906
250041056189237042073101000000000001
196093065108231225123090000532116917
055233073159237042073099000802111806
131141072166231225123076000532048417
047168103175237042073103004434165206
044025052213237042073097004431343406
116116069151212194202248093115703206
133250048071116246215043495460008006
091201010097205184032120225975600317
109172224070215167149193548392734217
007234225066231225123095000531849517
106161255123050062046165000800560406
218225159112064005155201000803451106
135207186068192182102029000533513517
141183211149244038204221004432642206
030214172218207183020142004431361906
113104084151205218014134446474348817
218225236226116246215070004433760206
048181106054016230168186388860008006
108043053026199137227063004432934106
044212058095199224154086004436044206
047001146143050254095245000803919906
097067000019122195111160021100044306
021120125181199168153015004434947506
047033066165237042073095004435534006
202217215109205125113152572754999006
094128027173202028016248509173817917
044008083215240235108141004435654406
197151001243205148021030507010854506
209069007135244038133045235152669506
047063099163199177080178000804198806
213173033196205127097050004435544706
047081091076237042073105000802325206
035014188070116246215163549260148517
105165194245202167044253356846383206
047109074180205239087221004432424106
214134194007192182212064420295398506
213176048048215255200002004435454606
073146001050198255170194004436095706
231148130141244001169249004436242906
098143045216205212179110000801253006
041144006215237042073096000802488206
133125021175202030193045520243948506
197016034234207009050216004435014806
044049128038244022242184004432625206
047081231144237042073103004433748406
100197036137202024007107004431625506
196093065108231225123091000535101217
131170083102231225123079000531342717
070218090220193065093089503143968706
215015026087231225123075000534033517
047186063228194038095018004434951406
044005076192237042073100004430885406
078078024211073165064093108090044506
203099045253194042193237589370808006
244029153024205250095175265264586406
016030106133139212123098355050543206
119132120180199153056069004436279706
223007030181237042073101004433333006
247003110196205202141248092120930917
213173033206138091022066052225958906
067003106036205239062002649865700417
076177103249205166051147004435910306
044201137132199171106138000804764206
146017019058231225123076000535173617
146178195082192030100020005873871806
243054196209199138217149000804180206
249070079099199221122111001235668817
146023039041215177084170000534203017
134227089105194038154083004430289906
016030236215193065050114000000000001
033234060250231225123073000532135917
016212157248194038089236004436274506
213176048093207183082178052224783706
131174243019237042073094004432497206
084193135223240235109105490033517117
141236063126231225123075000535347217
047053222129215019149194004435853906
073155112248138056034209004434219506
044092021214198231048022004434700006
242066001020207008080123045002647917
131003106088205195211078093395791006
105035246076205166253006004435172706
062197230053135079171145004433936806
070048059037194078254086000805940306
049109121215073165054017630150044506
213175202107205251202012004433790506
044090247097212034244094000805941706
131175184133212227177234093245706006
047091100157131115009201093392687406
084118040073131026013036555970044506
107138205196199137224066004455091006
057017160067219092051184539536273517
119046101194202030153214099985373706
013024167081202024017148052233436706
097133087114231225123090000532278017
237042080203237042073106004434193006
148067222062215162050050000000000001
100135000139215022006163578646173517
079209008092205212176228281463138217
205016141152199223117202081960279617
033038140231116246215071004434140906
215015026087231225123077000532286317
044051117120251215113218004433496106
100227229096192166213131477456021006
127089142188199153047019004436105906
193253131030116246215223513900008006
016012080226237042073103000802080006
131208002247205184032003614565137617
044039102251192031167041004430441706
044027105057237042073099004434790806
129101238229135079171198004434449106
053000102124198209152099405004530517
130004046201192182151121000255647906
139033017081205250095175274474586406
112109042092138075185024068824689106
070047189204205219218041201271917617
218225091066231225123075000532112217
047034148063251224228054093393610906
105129120169244003004243000804928806
050075136190193241061248000803674406
235128151177198241224174004456131206
124101052195135079171142004433945506
075091210245237042073099475680008006
119039226250220245006071004435973706
053125087005205180045030000255901206
133212255077215163101226338324781017
044007060143237042073104004432186206
213173027180192029209083052225355706
112147245144194043097046506812641117
210055059096199169195133001436180206
044068040039237042073105004431169406
153071177213215007246013004434918306
077079034248215013073071000534915317
016188229204116246215125356231164017
131026006035192029095216004456316606
100225207210194114011250613160102417
195241160252244158005050551363142417
217242162062199153101062320052674706
085247217031205148026157070014965306
223007030181237042073099004435935206
025132003091192182217180630594760817
116116078007050062035219203335518506
016195143026231225123080000532747517
094254055172202028186008500526172317
204073001091194039040082004431516406
044198159141231225123076000530365317
002184176247050123065253179274013217
044007080120237042073096000804513206
200124200090192182193067002210012317
110127065151202031027064399581174417
062249102236212227179058004434231806
100219030157231225123073000536172517
053005171083205249005192406165526217
053009041078205249006200546003666406
041147031006205212237048004430807706
124247190164205164096216004430152306
050048112153212230062131023983414606
131190122252139143018199004432196006
073026199115251190074029004434608406
131148087034231225123091000530171317
253102008178202118117137001233525317
213176048053205164190034052220374206
047005247102215019203029000805272406
140075251107207023144230000534067517
127168149027202024166244070760892406
197152136183205194216031000805212206
228202120167193065047157004434915706
086038174174202118034226564875147406
070243079076202024006238000803995106
132210162084205184042146335864926706
042204063195205187184126060082597617
140242176164064005155230004433982806
096197134014244067211018087824963717
062248141057205219223045004432733606
081059202188202024166184111913984017
125016175002116246215080094824814406
044005076192237042073092004431474406
007234225066231225123073000533786617
103211028144202024016087260026234806
047033211166244212229043004430398206
228079229073193065070237000255004706
223239025072193241061046004435002706
158051227074073165108067643180044506
073155098048212227179009004435683206
141236063126135079171146000532538217
042204055065205218157165122800344517
112080017226231225123091000535741717
016012080228237042073097000805119406
044058106209244248229162000804103606
139130177080116246215053502510008006
223007030181237042073096004434748406
213176048185199168152210052225943306
044028015042231225123081000531121517
230123000236205032017094481525341317
044041170238135079171198004436222206
085056014198073165081020532150044506
086106156127050123171147000800197706
021091196016116246215070004435445406
097139226004202030158172517760899906
098101160207205151251253371235966106
073027177001237042073107004432213206
101169138120194100122147152800243017
197016034018205212236155004432766906
141236062240231225123091000535749317
098169020000212195128205010256218117
134194241215193065006182000805178206
002145193084122195111160045880044306
044005105069064005155229004435879706
198238054176240183051040611670474117
213175202241215163006215052224344006
237042091040237042073100379660044306
159090011074244157132141513610002206
053187221034215106052240414591719906
137072067116205187185217244670891017
211253200219251224229119625274319317
041146225108215013072176004431488206
132222181045199169218089000533586517
076177099153215177176005004435435506
044206162237205239058027004433784706
016195143025231225123076000534585017
213175253222198231050150052221766706
149042101045192030094200092120930917
131208034020215022050163004435146906
096189055102192030219094092171033317
002141102051251108156178303443491417
131176096163050122184040052235195706
122139039152207020027082000805126906
140169199139116246215121004434935306
098114085247194041046040045000450017
123188126153205125077054000805032406
101016165016215006004186090804929306
015076100082212030198220516723915006
135084107140194031037070000804768206
197241237050199169199207497815338006
062200098065207008082059004435666606
047001213122212194052217004432507606
213173043248205216101041004431215606
091093235150050065250243637580044506
015074139179073165172073508050044506
254065252079192182003225004435514706
013217222004215177155169004433476106
090241193063122195111160510830044306
073155112248205071138237004432934406
113175002229205216067105337430503706
202103000086205125114255217155281117
085247217050202167003034070032725106
077023208110205148029166199911000006
062245204133237042073093004433163206
047091148178207000086197093392693706
127254156103194038091109009935062406
223239026122138030207165004434969906
112081189113194043177020001230012317
203046179236202029214164000000000001
143232121191205251205243051905022606
128150216225073165034021566380044506
080051120162193065062210130534007917
105042150033139180046217393792216417
131143133229207020027130000534776817
197155091167193065009162000801103606
217006055045251215113218002576188706
063166068238205211049011090014187306
044218105190202024007180000800458606
048162040236240063114060427660008006
131003116131205211055021004431912606
088046033130138030248186150003402306
202217215109199223106085572756222006
008107007128194031045244000805993106
047049019061240183048231004432543106
008075075159244020058048004432885806
063167162074205239062002004434101206
135084107064237042073096000803360806
248199037074192132031230184010012317
202217215109207183143142000000000001
232194029150116246215094004434615106
076177103236139219136020052224657206
044222187179135079171142004432156106
105237092172194042198121000000000001
195028177225199137231135000805144606
247003207025202028217130000804697406
063150146075064005155229004434644906
041155053203251073162249000801018806
134164179075237042073103025156116806
002085246051224134173009267250044306
044024100210064005155229004434400206
099017184188244031072075338706417717
131210253057212230228037004434063606
049097072145050065188207566960008206
206163133099199169205127581160312806
131010186185192182210255005875307706
070243079058202024006176000805264406
122065244229231225123090000532525117
130004046202192182208028000255652206
047038029046215163115082093390328317
021120125179139093084074004431201506
150226096026205203039119000801881306
102023016225212195133137631180192717
050084215093199171096213268404972306
218225159106116246215120004435613806
096232101124199221126181010242078517
231148130240199136091065004431029306
119039226250198254094250004434668606
062197057040237042073107004433506206
131148087034231225123078000535075617
062248100142237042073105004431503406
044222188140064005155190000804157006
130004046202192030100020000255714906
213175253196244248165126052225045706
021137021107116246215081004434291606
073024217069237042073092004433244406
087062132235202024007232004431687906
075067060170205200025072004432712706
148067222062244029048170000000000001
198140020194116246215223609030008006
021020094255016198228024000000000001
092016062137251190074029350153227517
087167248081205126032071531662881517
075019096139192022160221055004971006
097010243107199169214062089994333117
211240163155207020027130068893717406
122024154125064005155200004433486006
213173038226205216103219004432686306
047160019129237042073098004434063606
044059238233212230181034004435184406
213184192007244248167050004434951206
076084236255207001005034080793283606
044068054122237042073106004432169806
044003159019237042073107004436236006
047052107154199169021129004435275806
035129004118251073188066526196398306
213184192017244248040141052224141206
016206189052205236095017000000000001
218225240202064005155192000805758206
158029041160050123080238000253477906
098138180080215106052203077001544006
063164084005139096108229004430293606
205143066251016233092143633300044306
141236063238231225123092000534061017
131184042151215019012151001230012317
146124016170207180015025059380237906
075067180034205098232131080664051006
048181080127215167248114068684441306
030015095019202118093145000000000001
226025204099198193176013004430265206
033228210226205212182217000000000001
235128145056073165172161136710044506
044086098080199137227058030105260106
116118134065251224032205004435134406
047001058096212227179051004434836606
223010192237219092051184000800717206
083125002125205035002247068890255017
036223184079192029092226248780808006
119132120170198193177007000806087606
213179055088131115011249052224375306
239213054077251190083176052223701106
114242108220240063103173000801296506
139248018107251100096119629081046817
044068198245207180189166004432692706
253102008178207020021198001230012317
112013063078205251205181565881690617
053200022136205180050239599800688117
140065118193064005155209004436354206
047160107078215013112221004435222406
223007028020237042073105000000000001
099159182026207180012223405015648717
223007030181237042073102004431939606
047022248145237042073107080025011606
047123057205212171017133093394130517
196093217045116246215086381460905006
210011239080202030158172353930899917
223044129146215007246013151535143917
013217216216199169022229004435037506
212194015201244038133045131381737717
083144166080073165109200297110044506
044054168112215176001216004432681706
016192211188205211057202000806363806
238041207145192030007216056680005317
096126172202212202218055499785971517
131000254132244248213114345470812906
238204098038215177087104324606506906
047168186061237042073100004433256006
193253159041116246215010579560008006
087016192011215004162074164843483817
103111236028192135208170080824917806
131134146233202029185078001235436817
149053203013212064082250004436075806
062200101139237042073094000801632806
047111072249199177255026004430446006
097072198083073165111062573190044506
044027081128237042073092004430608206
253243238148202024017124001232319417
124050093148205211062119004434916006
044026241102237042073095004436302206
079027115175199153102059341880114717
044068079157194102244204088834918006
126052111160202024006094000231581117
074230244198199152114078550726085617
047160113040237042073102004435868806
062199084153251196218162004432649506
047032028252215007141100004433182106
044220083249205098239108000804265406
016012158203202118035093004455396606
072011211052231225123075000534973517
032106185211192029095211634352872617
129211018149116246215083004435736806
075150125155192166212241004435272006
102172102095205071138250276883761006
203013042066073165090127602720044506
223002235107212202149093000800238606
091234120040202029211177471364712017
229019229088050065235043650170044506
218225162187116246215156386120904317
062200101139237042073104000805958606
211184024063244029240020533292034717
044000083182237042073104004432622406
131208002246205125184128614566393217
124101052212135079171152004432298306
044001110112237042073106004436351006
044002105251237042073100004434810606
119046101194202118039217099980364206
070121217110193065055022537385975106
146072194136199169197163004434834706
131134146233194078198022001234575817
072056217247139180046029026274587217
111234250012138030204102004435139506
218225159104064005155245004436320106
213173027190215176003226004430383206
044009112178205239062170004434935306
079121155110198231238181525960002306
218225090010116246215077000805979906
209139190030122195111160441780044306
055232169057207012138117269676460606
140200069168116246215032118915078806
223007030181237042073092004431031006
062194013183199152006030000802648306
073155112250212196048209004435877906
099020159093215163007228068890122717
016012080227237042073096000801397806
083014091077202030170188526355629317
044204163070199177093136004434102806
032191132088244212230125004432582506
054248204043198193184016275940002306
213175253213131115183150052225021906
016003076167192182191114651695861917
016253001004116246215051353260008006
044039241034251196218162004435016406
143011220062116246215029000536528417
213175201189205216061082052223605206
131028130055205239048141004456125106
218225090026064005155134000805553206
131190109107139143018216004435243006
109170031128205184032120279755633606
251103139043064005155234004433995606
047170001253237042073096004430839206
213176048223199168235065004435788006
044218106182198254091123000805817806
050239104050192254115114348055236706
122013116139212227179089004435189706
148083149025202024005050005146144306
081117129122217010236253546184031106
131092194054194017013028005875073606
088133069164205164191140000803731206
148067222062205113207083000530206317
120122224153205216065165522126180706
213175202240050062034042004434945006
030015071074205126032236583824807217
198140119002016229023068537600044306
214012215214073165108045066320044506
062243240079237042073105000801439806
062216130149199153048236081120106617
111010066113202118035093004454945206
016179000040116246215075004436424106
016012080220237042073104000802866806
075091212214237042073102000806246606
016190105173064005155190004436060206
025191241012050062046170423294087317
138086099212215177155215261295188317
141186045184194100119083004435351706
062247030007240235109166004434447806
223007030183202028133154004434938906
047124080003199137230180050075672706
140243008003205250089114004430388106
125020145082064005155228000803569706
146213250002215161106089004434753306
123188126142138152127044004433888306
044030105131215177242038052231465706
096036045250205211048085004430768806
223007030181237042073107004434062806
044006226094237042073094004435164806
016215208159237042073093000801855006
016212238126244029214185004435037606
044023022012212195071082000805064706
110121029036207183082162499531396917
044057107028199152008236004434901006
063161009208205239062133090014601906
044201028016205236227162000803186606
218225009060064005155235004434090406
213176048151199168232229004435250306
127033076037237042073093000801815806
195203249124073165054067264810044506
119132120171199177093140004435024006
076177102218215177242138004432630306
119142160167240063017189004435366606
249070079099205249052254001230012317
239213060019199168152226004435956406
104089145168205113207089499930108006
073155112250050123066185004433049906
130150037145231225123077000535932817
033239237020207008087096004433971306
193130135067192166171207565850104906
016012080208237042073101004432182406
244200097153212194145189000805246506
231128051115199224156124099976381606
253102008178139180043202001230012317
052135059125116246215032000804970006
047026037179199171097002000805339406
137217021029215161111233014925579217
050075028226202024004209081015785806
108010088230194078242059578092355206
213175253212207183081114004434395106
076084179115248200070101080643857006
044025190174205126037153000000000001
138061131188205032028230583805836617
050029012141199169214025000801617706
224134211245251215115082004434737006
197058164188192182091023175410002306
148067222062215007246013000536042817
203203183253231225123081000533743917
058024020007244248166226000801666206
062200167154205066244220004432652306
016212055242205066043212004435205206
030054086185207180015129587240438906
141236058099231225123095000530974517
106056033196215027203025609615034017
047160077070131115163180040602656117
033182062238116246215122004433960506
075241098226205211122156000000000001
047169209171237042073098004431052406
049013091042073165059180507350044506
123188126234212227132153004431376606
134233147245215163007214565796367817
097133087114231225123094000534132317
198165219081016230162200600680044306
136151066107240235109050000805988906
030037228180199170237173397486011217
096043100181212197087253146765039917
108126247183205201186128574500102517
025203130133050065249110529040044506
153173191086207183082093000802248206
044095196120244248040190004435054906
140169199221064005155235004434597306
131134146233139096109001001232634417
049089171061198240073090584780046506
016249230245116247217234490850148517
044094144145215177154201004434024506
047004170243199177255207004435221006
044063115227198247250047000805716206
119132120174205126137053004433501606
021120125182199152013207004432426706
197174047210194086007160093395170706
146119207072205239048143118955002917
097133087114231225123076000535906017
016012094080237042073093081814236406
119039229008205211122070004435067406
218225090026064005155210004435427806
213173038231205187245210052225267006
073158140130205127141172292943002706
197143138162194031037065004435703906
074227152207199204125206618405637906
030177113189050065250016567400044506
044008134097199224149108004434990806
044062089255199168158126000220381606
127168149027202029167023070144446706
044192226026202031019113004434948106
055233073150237042073092000804668606
044021013055116246215076000805657606
044084080077240223037058004435899506
091177248076192182193067439960012317
195117008250073165089042628200044506
141177092016212171149174000535833317
047048103077205218011213093396462506
135084107093237042073095000801350206
044193163089205071026009004434100306
047107207170199137231133000805173606
044006085094199224099214004435078906
047169075075237042073096004435095606
077013104056199221121052158025881117
016012080223237042073098000805312406
109060114127131026013135555240044506
231128055195205032249146579860547906
013147253052205211040133135252674717
062242096192212197208067004432774306
237042065010237042073094470280008006
044033068160212195125028004433914406
047111131229237042073102004434486206
237042070094237042073103311820008006
016012080205237042073098004432896606
124101052209135079171205004432711706
016036124186064005155193004434593006
075091213021237042073101004434180606
203022077144199168156166151455471517
143234087238198254091157004432624006
073155112248192028052172004432649806
200049058006202030093231474992383717
016012080219237042073100004431656406
237042071027237042073096004435295006
127107225023231225123092000531075617
223002235107212202149093000800238006
062249158026212227179051004436072606
129228139191073165108049580750044506
062249164233212171083145004430159406
044222069179198247251182004435016906
197028216184073165064137535000044506
072011141007194114058104000532790117
044025052213237042073105004435214206
136172201034205164099189004435781806
131003246171199152012219004432975006
047009053121237042073102080024812206
062201134176198231053138004434919806
139107190037207012138096004435724506
044010006170205164096223004435903206
096036045250205139035190004435039806
080215033237122195111160058040044306
016012080228237042073104000801087606
218225236115116246215092004435909006
124156152161231225123073000535654517
044089089061237042073095000000000001
047050153206205219216018004431264706
048165186056252248025120512880012317
044021194201205066043097000805863106
213175195118198231048022004433665906
127168132018202031017091004435830206
218225236252116246215087000803594306
131151065185231225123075000533189717
109153033244215167248138004435267006
210030025218212194146194000802692906
124101052213135079171152004431006706
070248093029073165110153536170044506
047080097028194017228119221890005317
147202253096207183128182000253283506
050084201109205180015178328282692506
107079200188205071138046254155147417
208178018019138056072252004435280406
047119043070205055130231004435604306
213176048100244127158122052224313606
030015068060212227179089004435205506
044084128254205055128226004432652406
130004046202192182212197000254418406
223007030182199152003219004432738506
197222188038205070212194508530338906
047025072092240183033222004434792106
197016034252199169214025004433230406
231128055195198247247061579860547606
238020104230199220219031004435244006
044022050207199171104065004433353106
223010196108205071028106270626112017
139188124011192030091128000000000001
070243078214202029092192000805696806
245098037230205212176073000802758506
138131028014199169218089000532421017
212143024236116246215094004433664006
047034005217205218074058004435940106
194232012182205071132009429505524217
208181140212135079171128000801261606
062240106067212230042118004435118706
016003076146199204078068650823483217
205129198125194017229137507064097206
050084201210199171109182303825494206
237042071050237042073096000800350806
089177195074205250089013000535256417
223007030181237042073104004431426006
223007030181237042073107004436083606
112113071160215004018236291315107406
077109197063205200025059408454423917
047049229189244158005050034806282906
153071185080202024017090000802241906
135084107064237042073103000804451406
091177248076192182193067278910012317
140169207210116246215092004433673406
047109177040237042073102004435195406
099141080151116246215232454740148517
048167203075192022160251383260002206
030015095027202118093145000000000001
206157043133212030170141004434106306
200163185193073165065028054990044506
221147116036202030115131004435213906
073027028022194114089102004435760606
116093063252231225123092000530113317
243054009032231225123074000536284717
075096078198205185133109004456266906
210008027101199192033094082704959406
092018137230207001005195617405529517
124101052207135079171132004435948606
131174242045237042073099004433876806
213176048230212196233059052225933306
101160237152215161105180456130190017
116086068205199224154086004435739606
050025241162199192042237140226140406
042204130207207180012223600224309517
041163065159205066136005000805577506
206240164179251108225025059386468906
135072013122198243031006389475190706
057184217043198033224209001611899906
224134046157138030204238004434986006
197066068251073165228182516080044506
096036045054199153060118004431444806
073027110110237042073099004434296806
076177102205244001199058004434358106
044060223230240202184167072752267206
044054039161212195071082004432442406
044025079037237042073092004430230406
074146227197205139035237171570699017
119132120170199223122141004435243906
047011174045237042073099004436281006
108053159253205180041143005874160106
016043038031116246215010477280008006
047169075075237042073102004432325806
082123197021205218156147514134666717
135243027105205216060033004434713406
030015068015205218074002004433381006
218225236225116246215070004434693606
111232197116207180013084541673119917
076084236255192182081199080332081806
077103132130215019232002610955466706
044197073184138030207152052235392706
091177248076252248025120278910012317
007068200176202024006215515154486217
228209116130244038133045071726137606
110122195176073165108151569460044506
070039233066122195111160452990044306
070071046255215163181034080113462806
223047225084215018163165004430249406
044221102122237042073095004430317806
007234225066231225123077000535383917
218225162157116246215240635650904217
214016193215073165228216565770044506
251227177085205251202236004432091006
200090106204198192227246607630044506
231148132100207001175041004434933406
041147019243244038134056004434936406
044023141017194102251046004435205206
055233073174237042073106000800803206
044004204212212227179002004434979706
122052198105244031201086000534980617
137098069162073165080055553640044506
152227208237202024223021470370008006
218225159126064005155201004436012506
021120101157205151248123004435016606
062245204133237042073100004432436806
070243079058050056130221000804453506
109128250188205200174016514132858717
062195007204205249049057004434434406
119132120165215018094161000802657806
075066055227207180188197004434141306
237241130097205185136196004434452806
044002171124237042073097004431487406
231148132047205211049107004435090406
016242056115244038192024000535455117
127168149027202024166047070795892306
130004046202192030102007000255229506
251000212117198254091085548093126206
016000173246199153034218074480012317
203123006164205070220062544956020117
111045217078202028016032598043789106
197130100072192182074123250002763217
021068196222205212182125004436237406
044057209045116246215084004433280406
136053123146138056077085000804069906
044062095160207001164181004434022006
016012080214237042073103000801697806
050094174106198231049133119575358606
044039013000116246215084004435379306
239213054085198231050179052226057906
198140003035116246215223526020008006
213173033200215255217181052224090606
141183211149207020027249000805228706
206124077205073165105173574190044506
050070000201207020027052100000108606
044028070012212064071058004435210906
119136137170050123137115000805126406
139092253146199153100097543584700517
124210139185192030038217004433780506
073155112250202167077125004434408106
251000214230016198230169586350044306
007170087112202030114032495135223317
070108134162212171149168000225504406
079109156110193065075131165882020717
042204053175202167044253070083506317
041144006215237042073095000801312606
194081183029205126037089122930111117
044005076192237042073102004433868406
127242101105199153061038000000000001
097133087114231225123077000535584317
197043153079237042073107000801243206
213175253247205251202012052224770406
138078028189199177247058000000000001
016012080220237042073105000806497206
047186014067212171081016004435250806
129190164176231225123076000531548117
047001189248212171080140004432724106
058001171071073165109107507780044506
047032110241237042073103004434689006
044021191190215163115082004432714606
136053123146205200149026000803493806
149210180175205216060021000804923706
007196086115198241226023395045766117
086106078034199137135090543212123717
044222187179135079171142004432166506
076191125006050123066195004433744906
210030017245212030199041004435278606
062194013183207001129237000801296106
044218054017202028177104052233625606
210061167160215177154201004436079917
013217107094205216101114004435980006
140229104121205250088066004433884906
047160251000199153060118004434639006
223044129146198209159170151514112517
213184192016212196233013052222642106
249158180126116246215084004433802106
201032127210122195111160502650044306
047048167097198193186238093393903817
044068047245237042073102004431562606
135210232160205126037089444405755806
002002132232205126037150004434124806
049097072145199153041189566960008206
003130126202199204078097000533169917
129033027060251196218162004432703806
213173033196205217181186052225579706
047100056104237042073102004435328006
027114093000205071020216299152254817
047062092180205184032224000802902706
044024098189116246215079004434685106
136053123146202028052061000804187706
107069036162207001007195598082996917
223239038191138056077082004433299506
044008001145116246215068004436120406
079042180028073165111086631760044506
062249158026215167114022004432747006
044006096245135079171167004432152406
070220245171050065234062614390044506
076177103215215177242010052223318606
149078063148199170073045080764945806
044004063177064005155229004433656006
021091197133116246215070004435796606
047036182220199208059077000802714806
109210154009207001049044557200013906
129023209111205184077093004434981606
133212186038192166213066416100104917
231128055195240223012250579860546806
078081114157205166043014419602930517
044039243120205251202002004435194206
007234225066231225123078000531579417
097132228080231225123093000532429517
075009046158207183082085004433817206
253102008178215019071144001230209417
122095172143050120061097004435945906
239213054012205139035178052225022306
139203000229192182089006109516409906
053000240238050065212070154790044506
062209248244205239057154004435460806
121158048131202024016088000804662606
232188068251215013072176000805747906
124101052205135079171132004433322306
070103239240202024016209000000000001
141183211079202024166099000806180606
249237198240249237198146611300017906
148067222062212196234222000535747717
103240064219135079171145004431603706
245098113218198033175234333710330606
062213012168237042073096004432884606
253102008178205200028134001230012317
114073241044231225123074000534108717
047170001253237042073092004435192606
236146057093193065001226000531404617
223014026253192030060114004435959306
197249130229240183048228467903956617
030054086185207180015129585140454606
135243072074215167112218004434429706
156134232073212230042113268812775906
133088102126194043104115367892898217
210030025218205250093044000801992906
104067210070050065212038599140044506
089048164054202024167114602483660617
016212246100199153046202004436477706
062245211073050255049114055121129517
062206049244215167112218004434813606
202217215109199177095229572750711006
148067222061199153099165000530803117
134134130182237042073096004436016806
066188143181202028052098000223340006
044026066129116246215093004435733706
044022119044199177255173004436078406
210206026081205211056089085900038917
247003110196205138232079092120930917
097133082094231225123080000536486717
196093065108194017237164000531233717
044221062066205218013051004430175106
131190120055139143018199004432240206
062249037156212196234101004430258206
200124200090192182193067375040012317
105247027024215019148157447195113917
044002253081198231050050004430954406
047045178111215160157143093390880317
224191171060202028052038068816146917
021109008013116246215024000805989506
062200062195212202218015004433962806
210056010031205098239114004432781706
032162202057192029093153594500044306
044025254018139143180023000802722306
223044129146205071022132151510409717
114077251040073165090243418710044506
122228078193212202150060525350261617
008072209240205216066128004434972206
148067222062198254094250000530218517
047081091076237042073098000803769406
138126048113193065077009494705523117
022195168199215163005170081085531806
047063038136205236237154000805776806
073027110110237042073103004433783006
032025130100202167046230238410502617
131093150138202118055042000253736706
044007016245237042073100004436292006
148097136097199171103041000805595306
195172073237199169218192438640002306
114218009056073165228047542110044506
062245204133237042073095004432456806
231128055195205139084185579860547906
044073247247205251205181004434805006
044000152184135079171198004432889206
076084214083199168152226549734272417
098124056239244020130075027225365817
124055108178116246215084004434031906
124101052212135079171132004430256406
044095038137212230042082004434646906
044094067184064005155181000803609806
139169064229116246215092004435476806
041146143194212195125028004430272306
047037132236192166214122093392674206
107212193215192030011064266950114217
221197114020192182220122004436214206
201193105212202029111184569770899906
044203026236205239062137004435603306
248240218021064005155202118913576106
027136153207194039043007037246381206
247003110196205166009063092120102417
044032226160212030170141004433782506
223007030179202024005028004436402106
158051077025073165105234558150044506
044039015074248200034125004434308006
140075193213205219172218000804973206
116247053099116246215074004434521206
146103136154205211049098552852807706
254216197182202024005228004433861806
058013024041122195111160537710044306
208181150170198243179139000802682306
111234250242207008082249004436095306
033024033120205218158237004433823006
124101052205135079171152004430684706
149158096184198240074107071025024106
048166095089205236085022000800196106
097135190249199136066086068810688117
016242056115231225123078000534590617
128219101075116246215068004434101306
147003154118050065234184519060044506
151198129011194043104159570830190017
243054064011244038204093000536537117
131134146233199223112088001233718617
148094169017202030191068004434319806
243054081014231225123074000530139917
099126049065198209152099534424530517
044058231158207001182104004435926206
016041091122194043101186004436326506
196093065108231225123081000534447017
096050219228248200053233172640002306
131184001166207009052093000531876117
062196047072237042073098000802020806
062204152218205164096216081111874706
111199133010251100096119108531046817
044019216009194043182201004433816806
206111072131138091016243000805847606
204096127022207022045110004434421806
112081189113205236237062001232484917
041144237072237042073099000802054206
088089216103139218240252311130808006
062229008237194207240005052233373106
218225196096116246215093000803793606
121149180226202024005004000801654206
136227068188192166169226490290002206
074144069169194017012242494841645417
062201012229244020058048004433581906
093041038052192030057008309910855406
044007041030212230037144004434307306
127089142155207180012223004430632706
030177131202073165069138575820044506
062244004101237042073094004430241206
112146130134207012143020542391281517
044095096205205138232143004434674706
124101052200135079171152004433499406
135214201038202028070211004434175506
148067219088231225123041000000000050
101160237152205180122220627640190017
148073085144064005155150000805444406
063160069115207009052105004435972306
070243078224215161079110000800174806
044068054122237042073103004436093206
064004255129231225123074000534221317
244014179103251108225207004436413406
042204053160207022024194060086464417
213187193247205183043180004432631306
036090087164073165172229647390044506
030015095044202118093145000000000001
223007030181237042073103004430724206
099141148219116246215244387030148517
047090142173212195089178004432676406
103221004190212227179002435154916406
135079191199135079171185004431799006
123016126240205212179110000801377206
103173169166198193188208000803818006
088234196001205211063086388030002306
141183211149202029024019004434934806
131151065185231225123091000533818817
016012080229237042073101000804819606
016237093069116246215082004435803106
147130219069240063017146176615863417
070243078230198247255219040064927806
135231061242139180044137000534070117
147250115028205249050223004435409206
210030029151194100113041004430427006
239213054091205164190058052222926106
100197036129131115182082004434761206
092004016049207008191234082624034417
123188126170205124103240000806353606
073027099015237042073095004432556806
074226190005205098031034572745775217
242072234048205250090022066720209317
044007208032237042073097004433514406
072044106171050065170206231310044506
047169187236135079171145004432063306
016215208159237042073103000805620006
243054196138194031034160000804753006
131000155167231225123078000531259217
089240080254122195111160417890044306
047101000113116246215070004435703106
076177099136240223181066004435109006
097102001141212197255200035880102517
214022100037073165090072510210044506
097072097051138152125118008005274206
032039165221207183146095000254520406
150166085180205187184085120255226806
044070052078205203002037000534757017
239213054069215255200002052224555306
238063254254212194251189537340044306
070243078230202118117061040070261506
047045155105205216206063040173713006
044024248059237042073107004434670406
104201001051194038091253000225938706
137089086185202024166239502042479806
044003214238237042073096004431649406
080208023070193065055022640105975117
228079155143202029158057004435353706
146086144185205126032106004430379406
141236059052231225123078000535472817
228202120167212196220246004435388306
062215041126199168238070004435198306
044001009033237042073103004431366406
032000185221199224155194511262457917
047100186136212227179009004435064706
093116166130202024166154407772567217
218225236210116246215157605840904217
062254148251198231050050004433553306
123188126243205187185093004435196006
200124200090192182193067073480012317
044025047024199171104069000805882806
081024089029240063017189000000000001
131210218147205230159069004436216106
231148130167050062046170004435102006
131134146233202028054188001236090117
113175002229207180015129202240502306
198140039235116246215223516340008006
126059026066205166059145000804985506
105130202181199169027251199045020406
105097024230050255049114561546220617
070243078224215161079110000800172606
047024134166237042073102004432238606
015048019048073165034216523100044506
233134116057131115106200000805256706
047183136179205216060228000803516806
047081024140237042073100004434991006
016012094101237042073101044434097006
044072199058237042073105004430981606
013146093021251190156074133494659217
104210017147212230228014514130120417
111065120170205113194110458860102417
044001238202205138232129321005311217
047018244059202024016017000802627206
124001137161192029085105519300002306
253102008178205239043220001230012317
131107161247199137224253000805462506
253102008178212196220006001235705717
025132022229205236085045447656370606
062216104181050121196161004432685506
047081231144237042073094004432671406
044000083182237042073105004435801006
044062209124138152214076000805827106
206163133099194042195175581160312806
050084201018205187184009212922728606
016012080234237042073094004434041006
131141082230212195089157000534057817
070243079122205070220134000802689406
044222133220116246215079004433347506
069113146140131115160069068814738606
002117129150244031125098090334849617
208181140212135079171142000803358106
025204020047205211002045004452905806
070243078228215167140038000802757906
237042070094237042073100482720044306
040005211020205032024038000805248506
016033078172016229027138626470008006
200175109160073165110251645340044506
073138248040212171014037004435255106
016012080221237042073102004433421406
072200234154193065039093067260002506
016147136238205216060224000805517006
047188004183215167112197000802638106
213184192008139143183158052221297406
223003172135231225123091000533180017
041144006215237042073103000804806806
113078225041244003007227388466154006
202217215109050056131179572755111006
106215144152192182044124000255040406
209114107215050057213170068811708817
062203092116199137227058522995254706
016190096096192182017036000804689806
047123031143199168157185093393320517
232188026003215163005131004436151806
047183191119205071047169004433971706
149140044165064005155200004434315406
109138118121073165228198550650044506
007234225066231225123077000536436517
021120109089207022024194004434927906
076177099139205112188193052222854206
135084107093237042073102000804298806
047091251019205216103131004430186106
075011030163139212123098050023988806
016215208159237042073107000801723006
124101052213135079171146004434377706
044007103049237042073092004432878206
101018255089073165228025557700044306
203085162048231225123090000530734817
153137074042194086009187240002656306
136227068188192166172051343590002206
213187199229215006255253052225907506
197143138162131115052064004435006806
218225090096116246215093000803567106
062202173206064005155150004436429806
199244017199205126037089116991990717
149158116057199135033193004435152006
223007030181237042073106004436112006
073155112248194042036117004433475706
209119078148199177255219503225155206
062202017164194114125069004430445806
253102008178205200027124001230012317
116047046226205183123101646610005317
111234250242205200025228004435599006
222081081172192135141127400820002206
135223120094205125074109004654215006
044024125098215007141236000803972606
125229017022135079171182000534757917
127249137006139010250131651540008006
153071180092050123083246004654119506
084126173140073165069142283510044506
213175253248244205137000004435722306
044094097241212195084201004435008006
203085187242231225123073000532251717
116247129036064005155202004435419606
148085199046205251202111004434175106
113179219197215004162174010243023517
075019108050199192042161092120930917
075164199218202024006243004430162806
021098062008064005155132004434410506
122065244229205126137163000532986417
119137092196116246215071004433994606
016012080206237042073105004435818806
044001009033237042073100004435968006
070117042199202031036067566114902117
030214173002207001175102004432625406
044222131171138091022070004435096906
238020106254194078248231004431210406
158051021185073165080237514000044506
213175202142205251200177052223666306
044003062111237042073105004430250406
112188160237202030093060536642823117
196085154244050065214202572900044506
223003051092205213167253414890812906
231128055195050253156054579860549406
202217215109050123201195572750733306
207229224004251196216067304696485617
070048059038244067211059000802672206
047177050098212202218002052236047706
154240024001207180050139455620143306
057184217042198033190120001614898306
055255222117050065170215608260044506
146041194130205071138250363374649417
197190098123205216101193043670338906
197043153105237042073097000802564406
041237052047138075185024353760139906
085054154058073165064149603730044506
121155241197199153104140517473745206
047056154226138091022105004434226706
063147052086135079171071004435117806
197151001243205148021030507090854506
062242059163205218074053004435922506
016098134156205213161207255654982606
136053123190194100122241102015102717
129023209110205211058092004435497706
034108125079244127141129268220808006
048166086022199224156157080000118017
137190216234192030007216453720005317
213187199251240223180061052223860606
102067190059194043182175629145873817
132222118038215019232002111031444717
112081188215212197254030080685212706
134134130177237042073099004432984206
130004046201205125123081000253799706
027165199214016230109045000000000001
047011074112237042073093004432806806
117231007047198247248224270325638406
070243078228215167140038000802759106
119132120180199136103018004436393606
016195143025231225123080000533518217
044002014134237042073094004433014806
197222188038199192032241096780338906
134164179106237042073101025155157606
073155113164231225123072000532157717
101091233006215013072176107614995417
086038057150198255170194000000000001
092028216121251196147123000000000001
197043153107237042073097000802370006
062246044202215177165018000802714006
027232055131016229036196000000000001
087150162134199169194038559520008006
138210052099064005155180000805673406
044068063152237042073104004435471806
237042071027237042073101004435478806
044042112166116246215076004435856006
135084107064237042073092000806481806
213176048157207001131073052226512306
044206195060205219222015000802642406
111250097027215019232002068894117917
110097153051131026013080329300044506
016012080204237042073100000804539206
210061102008205251200179004432623506
044076111146202024007050052233807206
210030029115205212183213004435119806
048166059181240223113035004435119806
239213054088212195089174004434995406
044068049030244127156248004435837106
016253001182116246215067476360044306
131235023094205211054254000800185706
016012080217237042073097004431676806
070243078228202118037189000805649706
224193197037202030120252569225996617
217166195009016229046128620730044306
086051046189231225123075000532100617
084248190106240063114060575450008006
239000225090205249055152314454778317
044197000222244001198242004435758406
002061124058205180085175541510016117
231148133126215019235066004436247906
042092094005202030075193193414050017
103091200030050065188160526080044506
086248058195205249014141363170002306
012130003168205164099115004434939006
015239254151050248123101004430152906
016147139143215177111138000801713006
075062217254199169214025000801679206
050020157052202024167201091300328917
136125219096231225123093000532072517
044039242168205251202002004430116306
146146154001205167059073255040038917
213173033210244038195045004433308906
195082042166207020027127270320374417
197155091173192182009123004433737206
055233075056237042073098406320008006
075062217254192022173170000802821806
070243079058199137128157000803447906
130004046202192182211131000253685006
053164236055205180026235010403432617
196052037242199137227016151521621717
206063081217073165034134578490044506
044001245000237042073101004434957006
231148132192205127141072004436080506
016012080209237042073107004430860006
081100110162202029198072000015250217
093223104010050065214073641540044506
239213060014199169002033004436329306
237042118017237042073103283240008006
197143138162199223122141004435248106
016012080225237042073107000804264006
073027006102237042073095004433696206
002111072071215004019210033895586406
070243078230194017014243040080423206
239213060013215177242122052222852906
197118249151073165059065601740044506
105197054107202030130242569026234806
151128038029202028203108227034050017
016012086152237042073095044444466206
062242075111116246215077004434065006
113136162010215027187202125152645417
070039233143205218029096355775447106
044073073089244038133045004435795906
047032016048237042073103004433597006
141236063126135079171140000532099517
002138084215244031146074004430111706
202217215109212230183168000000000001
195222041230202118045098000804013306
062198016071205166055169000804315906
072011141009231225123072000536445517
253102008178199137227234001233382517
100208217209231225123078000535983717
047039029079199152013205093392706617
197016034000251196218162004435778806
062195108004135079171175000805353906
070020236114199169220096000502722706
097132228080231225123073000530623717
073027099015237042073098004435818206
147003221188202031006076009956493506
093137181240199169194038545340008006
044057160068116246215120004433482306
081126179023202030211125548830044506
224115233227244212229043004431059906
097011115169205113194110541152050206
047081085032237042073101004433614206
200174222094202028023226000000000001
047119081048116246215068004436357106
070124086090199153048236000000000001
231148132153212195089174000802688006
105042131171073165079133529130044506
044084123225198247231178000805377406
210030029220215176182118000804042106
238204145118205185134077001103711606
016012080230237042073106004435749806
073158140130244248213082316962730606
146205042165073165173054101860044506
063150146075064005155209004433404006
093241036093139072048231000000000001
044025106047064005155180000806022906
140065118211064005155209000805890606
210111163052212194090031291121522917
213179055085205139035230004436056106
100250147031244248205091592974407706
135183138077192030028233030565770706
044002014134237042073093004435116206
002136235001192029187040000802680606
223080146025135079171167000530236517
213173038240050062034042052223515406
077094083060205185133109004456256306
021091196016116246215070004435448006
070243078224205200031086000805009206
197122065207240063100120004434981306
070243078230205216066192040082786906
062197153205199224149212000801216206
055233073157237042073092087860008006
047113216160199169020207000802921906
042093114046202118034226211085146906
059170083209202030076051190014614217
212143078145207020027099004430236906
135084107093237042073095000806299206
062196047072237042073096000802834206
213179055114205112188198052225441806
211247139085202024006141000801133106
244199180007202028066052000805116106
016012080210237042073096000802722206
047050234118199152000012093392676906
047110173187212030093150004433060606
132059159040244212048047327522392317
047081091076237042073099000802292406
027201203032207020027073272662876906
016242056115231225123076000530401617
213173043245194043188207052222646606
111234250104194038155157004435703706
114078188208202118026061594380550006
070032085113207022026225588150002206
197070150212199169214054000535511317
137104183165139180038212236975046806
049079116209205149042035004433586106
048160129156240063114060587950008006
049230029228251100166039516680102417
153039112164205167104077199925465706
197143138162205184077093004432724806
007234225066231225123078000532254217
044022093045116246215079004433767406
213173038230205112188193004431259006
148074155147205249011004004435011406
048181080126116246215095004436039806
044024248059237042073093004430925006
016242056115231225123076000536315817
044199208197202024017150004434772706
197043152154237042073098022460044306
213176048025244212229101004434976706
050075028226202030248053081015022906
002136240170139212098041004435019306
062197166154192167123066004435590906
075034000156202028156149089994311617
101177002032192182089041000235393706
134172193176199168152226000532751817
253234090090193065103137004436298306
119039226250138091016163004431544106
047037089185212230037170081180151117
075091213054237042073100000806093806
148095093178205098029009000805054206
139130182253016230108026163700044306
079045254045050065250081618730044506
084192043238194041047091168815032306
221082247052205212176253004435183106
213173043236205218015166052224047306
050084201005215177242182257135281306
126123177144207020027130257134765406
097132228080231225123072000533797217
062238038155198247244211004435624106
112145112153244089103057572780002306
047024033228231225123080000536244017
050239160056194043181019215170109506
044009113253199169001133004435018406
196085159181131026013107566100044506
206014117076202167129004413183491417
044076138233193065116138000805737506
070243078228205125127137000804922206
007239139209116246215080004433762106
195162207163202029231130498745544606
122136050237205212176012098634932106
213175253226131115180168052223722906
078024103058073165069154244030044506
062193195205205217248057004435942706
047091021034138152125149004433902906
097133087114231225123072000532144817
131148087034231225123092000530196217
136053114140231225123080000534730317
213175201172205066250099052225527206
201072135153205126137163000530684417
159206017055138030192097393720002306
213173033200212030023060052224111006
070243079033202024006172000804045506
100197034181202024006138004432352806
097117115024050254094248004435561706
062206113067116246215094004434971306
047004143108205239087212004434779306
047172052059199137231134004434839006
076177102195050255155023004434457206
218225037016116246215087004434148606
090217121218202029116051143114918717
062229173239251224007106052233942306
100197036136202024006084004433047006
152001058150205148030117004435024806
092154220226192030029244004455368806
211210178109198193185230118985612006
213184192001205070234085004436418006
091070129239202024166104517105298306
147250115028192030099080004433327606
044095031048116246215083004436461006
131121155099202029150146004436379206
231128055195199177092230579860549906
146094051016231225123072000534073417
218225090010064005155133000804777506
007219091169240063017189328810235617
114042255046131248239006122410008006
241249236100205032030201004655130506
047100122012237042073099004433530406
221147116036202030115131004435214406
093156062002199137227110171253243106
035138182174205164190018260856182417
078010158006251000115139390532038917
044206096231116246215124004433990006
213175253199212195084221052224538606
148003126025116246215074000805285906
131026015208193065050114004456050606
218252036004251100143073102040249506
139042104221199153107135004432634806
197090139092199152069151004432916406
204144163164198220148014514132727417
253102008178205098029141001234300217
148003126058116246215069000806480906
218225193065207001132216000533483117
047045155105205055201232040170931406
047101243137244158083125004430157206
119039062161199224101022004432697906
200124200090192182193067588240012317
223007030181237042073107004430487406
047063038136244248042022000803815606
237241146012202031155160004433413506
231148133067199152107134004434757306
080185149146194043191034219685615717
016012080205237042073104004435865406
044026239106199153059009004435062406
044004043178205055128226004435853706
130004046202199152110131000254717506
228079117030202031030160004434462006
047190110129202031028033004434648506
122024154252064005155245004436429506
197143138162205055135249000800215206
047111122036237042073105004430990006
073024239137135079171158004430558806
073024225211237042073107004431177006
101235245072205251202012004435391006
080212158103205032016189250050005317
253073160162231225123075000532733517
044010057168138152213026000805406306
147224001101215177139184004435674306
152006194120202024007228004430954606
243054081015231225123076000531930317
213187203121207001131070004430369106
058108202041251224032197564322952717
206110097001205238169180000803005906
223007030181237042073097004434891606
218225090026116246215093004434957806
030203191211199177255037616860688106
025202134074139180045015038004397517
101038053015192030021131089995040506
140169199221064005155235004433560506
237042118037237042073106117780044306
085037031109073165107254560750044506
044027144165237042073107004431251606
206089105041212196048209069436552317
047168171093237042073094004434427006
044092021214198231048022004434701006
110063137154244158005051030740307417
090249121162205167105201651440008006
099141102238116246215087004435354206
237042091048237042073097514980008006
053173106002202029044062514136381617
213175253242205066250062004434593406
152255096160231225123080000530135717
016049112144116246215079004436498506
138048253022240183051067352456068217
016012080214237042073107004436001406
063174208039205066246012004436051306
124247190129205164096189004433792406
213173027113194114091133004435542706
146234081235205212181001128840102517
153071177221244067209210004435013206
070243078224202031106214000805285306
210011209177207183018018304382166617
148068184013212171148125000804843306
016249228149194017228042535300148517
047034190173237042073104004435993406
197195208213215176003158132010849806
033228168007207020027130004431607506
047054114103212202218040077815386217
119132120165244003251035004435507306
068081232065199138218122313903334817
237042067022237042073101248260008006
141236180164139105122040000805021106
231120120239135079171207004434168306
247003110196244001169249092120102917
062214208148116246215069004433357606
013138121092139010250152169170005317
231148130152193225174019004435659406
206222245103193065091205000235784206
070243079058202028041212000805860206
223007030181237042073101004431919606
047124146193205219223041093395534517
062245204133237042073100004432437206
047034214121237042073099004436259006
202217215229192029214122539510400906
244029060153244020056041000000000001
231128237085205098225120418836057206
133212140201215177242002250660994317
097162082132050056158046408043313817
048181080127212195069158068682458406
073027056049205199049150304530005317
218225090010116246215077004433342406
096036045250205139035190004435039906
223007030182192167239239004435720806
135084107064237042073106000806084206
070096175078205185131147503311593017
047122159215205239062009004432838406
135168078071064005155230004434713006
002120139027205212234091514132648706
044063224048116246215073004435881006
076177099141215177242054004434009406
062201087152215006253045004434876206
103231168215131026048193581820044506
059179131254202027069032024060044506
085083039190202030022235393550899917
041146021128205194208216073205119506
050239104030202030131170567565192806
148097151140205212227087005874305606
070250173072199169027251646903318517
213173038254198231235215004430156406
104250109115205251205198411823078606
243054009033231225123095000530657117
114242109010205238171254000801420106
044057045000207008086205004435571206
066138065040139180032225004432875406
044068063152237042073102004431388006
151074201046199169220056000000000001
195014221101199169214025000806536206
022197125189205194242158081163640617
245060177087205212176230554416274406
156130212078199177255238563351940906
047011160195207001003111004434268806
243054081021231225123072000530454117
135243074240198255176050000533398117
044222082099116246215079004433433106
204025057117198231049133647936524317
152200233114205184069218004431363906
083230238163205218158237320613403317
047008181033237042073095000000000001
116246018193116246215069004436076706
041144196038244248167050004435322806
073131165156205249014218561184866617
100208217209231225123072000530245617
244199096122194042036113000231171417
096055069239207020027073408532083317
204166101116244158006093541543777006
213173027113215177241060004432916606
034108125178244127141129650500808006
062243198239116246215068004435672906
150135044220194017229034000532646617
044003127078237042073098004432341806
016195143015231225123076000535594617
148083196032135079171104004432152606
253102008178202167131201001230012317
044003159019237042073107004434137606
062197230053135079171145004433936406
063145050157244248167034004435366006
134134130232237042073097044436013206
213175202109205180139218052220166806
059179148014202118018037613490002306
243054009032231225123074000530216317
016195143015231225123094000531344517
223239024084212195029238004435249506
049092054140205071138250554664649417
070243079058198192214068000805550806
197109216211237042073100000804301206
097133082094231225123077000533652117
213176048183240223181066052224567206
063164077051198254094066090015209706
140065118193064005155209000805399306
007234225066231225123075000536378617
097133082094231225123091000535006717
071112130247116246215043634700008006
119049004009207183022074034795053517
072011178199205211034018004435131306
124210154255194041044017004435159706
030214172170207009251001004435192106
100208217209231225123091000535426017
231148130208199171109133004436275806
215082176146205250037157066673658706
047160113040237042073105004434938806
153113091169237042073092004433408606
231128055195212064080198579860547506
044026075184116246215084004434974506
044198110130207001173101004434878006
047038145153251190074029093395022817
016195143015231225123090000535169617
124069193026207001000068000000000001
136227068188192166170086474260002206
016012080221237042073098004434609806
078084138064240183048228000000000001
131208002213199136086068030740307417
105097173237251100165185518715129406
047081091076237042073093000802240206
196043026097231225123072000531754217
203203183253198033104134000530747217
062215095008116246215069004435642906
044206162237139143180023004432699506
052135059050116246215252000804473406
073138248146192022166237000803099606
087091121236202030130156117363456417
044220090161192132094125004432903306
198140003035116246215053529350008006
044025190174212227179104000804102406
032082038162240183147064000000000001
119039226250205249058152004432751306
044028187135050251219020004432787006
243054009037231225123081000533149317
237042080226237042073095207420044306
131252175080205032029047004435114306
213173033197205166051253004434969706
016012080207237042073248000000000001
157143074103199137227088055840369906
077023208110212202160199199920422606
044054132120215177242038004430184006
213187199236205218011126052225906406
231120120239135079171145004432384006
075091213012237042073094000803921606
213175253199207001131073004434991406
197043153076237042073101000803376206
044000201196237042073103004433449606
063147249086139219143054000805306906
124045100200205184042148377803343717
096140164235202030189132169330104317
218225090099064005155210004433961906
072011211058231225123075000533792117
016012080218237042073101004435684406
197243251072192182011191304666149206
223003018222205250038237080440153506
085134136214073165065051521040044506
070231208181237042073107230200044306
073026242226205164098194004434975306
069101093150199224155227004456486406
044002014134237042073101004436417606
137234065157237042073096047380008006
016181154220231225123091000532864017
047001178187215163115082004435434306
044002177031199152008023004433169506
040244146247251100098065004434749006
201143185130194043109015269645618717
002002132232202024006164004435788206
119132120173199152113110004436317406
070032085113205239058028588150002206
062246100010205217181043004434501306
033228141050212195133124004431557606
070103026088199169001133000000000001
223007030181237042073103004435752006
063162105119205184036215004435087206
073026221177198231053138004432797006
049169244060205212182061590194498217
214133240072215167248153638354904817
083158189186202118044098243846461706
096253087248050065214208077940044506
047110060123199224155077004436209106
015043163098192135209227000805646306
197135179116205219173037000804196106
124102074142205166208202200422708717
044025190174215162050050000805600906
085024160116194086012042523260338906
136064252220231225123095000530534317
101135181113192030048230362241005317
108012093221202118034226538064045917
044068022020116246215079004436078306
224134235041240223215108004435625806
204104052134212194251014257235389317
105216184102122195111160153070044306
203224186078199136065172000805050906
047119220149205218072142004434962906
073165167051199138219190071715287206
058091080232205212235172000804921206
247003110196244022242180092120930917
044026121187237042073099004433014206
079121155110198253204074493860002306
062220054220199208063189000805218806
210018047249202024006003000806511706
197051040215207012138117159575391406
206218205026194042203190405113990617
194187210001202031150232332895353517
076185156123139212118165004433845206
008075075157207012136176004436300306
084127187243073165089210631240044506
070243078214193241062181004434661006
237042076021237042073107207480008006
212143025091116246215156335470904317
047019171166202024016223004435827806
087062241185202024017160004431462106
223239026122199169201046004430944106
218225162157116246215240000000000017
140180095204237042073098004432278806
044085125181205211122071004435970806
047169009129205251205243004433636206
122027138118205125126042100865375806
033228029059194031046123004435579006
149140044166064005155193004434749606
153137125234198247236034004434936406
016043038163116246215220368500008006
201196000045050065216061646670044506
135059208144202024006169004436404906
044054239159205199055167000805021706
044004247143237042073094004434316006
238063125173202024005050004432248606
213179055125199168152226004434297806
062227160207198254091085004434301906
097136114245050065196212015620044506
131128133046199153099253000000000001
047028154020205251202072004433708706
131208004246205125111116614560667217
141203094192139061160077000000000050
223007030181237042073098004435241406
208181035074205212176066004435192206
199156188047205126037147010310000117
141186045158064005155201004435775606
072011250172240223215108000802290006
221091243151215018133166041722826117
196092076195116246215074004433556806
198140003034116246215053515810008006
002102009083193065011034633220338906
158178222001122195111160414840044306
231148130064252248203203004432899306
141236063126135079171106000535180617
030015077047050121086045034783735717
070243079058205236225186000802626106
086233104112205126032066181055067906
044004223178116246215093004433541106
243054237144215018095037000804946106
075063248032202028039051099980342206
243054081023231225123074000532896717
203119154083205251206030316773491417
249127205079116246215084004435563106
044057070128205230095205004436082106
135079185150215162057114433480044306
213175202116215177154219004432666806
152001058225205126032234004430182906
057184217042205184043191001615592906
044210054107215013072176004430781006
213173043245251190081031004433315506
223007030181237042073106004430604006
200175252003199137231134260850103517
206211044229244248166237011945092017
070071027061050065212131146290044506
063174083241205203039104573790005317
213128064002192030057255202243572517
033236249027205236095017000000000001
140169207211116246215087004434435906
109210154149205184067014605250014306
119132120180205250088075004435314406
041147216040212171083065004432769406
101135122197251215148144151806003917
016012080211237042073099000804905806
150243036212202030093060089992823117
047184173096050056082029000804700206
075063248032202029018159099980419206
048167071209139136058114000803589306
047081085032237042073101004430632606
040244221208194115197160515270002206
063172020072116246215081004436001106
044219076087202030017175052234966006
213176048187205139035178052224718106
109053025111202028141036514133732117
135243027120050254094249052223589906
044002105251237042073101004432558006
016195143015231225123090000531084417
223007030181237042073093004434718006
198140109072116246215053622080008006
218225205112064005155231004436417806
044212037193205112188162052233469106
044068082160205218074058004434590006
114242108031199208149027000806499406
148074155148251100099070270201484306
140169207186116246215118338300044306
244052158029205164190034611372612606
073027047107237042073101004432731606
135072013016251215117043395955185506
105129120126199177248248000805402006
041144237072237042073104000805654806
016010006013215019109057000804322706
135187062054199204078172000803801306
114242109002205113202114000805939006
057028123250205239062099123086218417
049153148233138145199245000800204506
070243079058215027223144000803823306
070243079058192029083185004436043106
127000205076192182228081000805168506
105150137209212194146194354503705517
052232225042139105122034044336204417
021120109091207180012223004435197706
141236063136231225123078000536176817
044002072096231225123073000531106517
231148130198199152116052004434950206
062202143243135079171128004431119006
062213037219116246215084004434168406
047048111021199152012217093392652306
140066195199205125077057000804291206
047100158133237042073106004434358206
012058023045116246215086004434409506
062197019074207022029244000804482306
097092246141202028187128004435644306
047169094069237042073104004434968806
253102008178202118054182001235862017
135079178159135079171063160940044306
047124062146205251202012093393845306
047170001253237042073102004433295006
047124252044116246215070004435735706
114075018246215177154201107532687017
120241042125064005155228000000000001
047228223011205126032065000801396406
044063198161050122167218004434943306
238204098038205148093246230004915906
197101220154202024006120004430659006
223007030181237042073094004431775006
153147125151139061080170004455819306
213173027113240223181253052223931206
204124081249220245006055596404328417
197016034242199224099045000805774606
035134199029205218029069115580111617
016012080233237042073100004430732206
213179055110205216060203004434566406
127089142185205164096226004432397706
097133082094231225123081000534962817
027196140130194042198121137655085017
243054081005231225123094000532776417
007237234147205098239108519870148517
062196047072237042073099000802205006
213179051238244248167082052223857206
047037222179199171096205321000492017
044025045054237042073102004432357006
124210154254192030048202004433850506
047038138172205251200174093395187417
237042067025237042073099000805492406
201192158151212030093130235615162917
237042066200237042073248000000000001
044199239228202028233027004433381806
075091209201237042073103000803282606
099137133006244031126205139244696917
070114204038194017239044641980038917
047032028020205249058203004435215806
044002171124237042073099004434240806
062241003118202167131238004435772406
030015085236202024017074004436392806
021098062179064005155203004434294506
015043163110205212176179000802846606
072011211077231225123091000535840617
237042093023237042073104004432455006
101142129153199136084112429826441806
047110160103237042073093004431240206
016215208159237042073097000803278006
135159110072131115104006000000000001
159230215208138152214158005873737306
064089111202244248043249045005632517
033245008098116246215030118913441206
136053123190199138218125101082671217
206163133099199153049041581160312806
212143024179116246215156604130904317
117001202190207180012205496102810406
200183213008193065015046000252503706
063171111078205236255034004435411806
206237034121199152014229004432449506
075091223088237042073106454100008006
040005211020194102244082000805154106
016012080235237042073094004436070806
073138248067215018163219513550341217
243054196154199153097070004435309106
223080064177205203242006004436259806
050075141101050251141190004434061906
136125219096231225123077000534028917
149042101045205167107229092170930917
248199075244215163112217000806080706
223007030181237042073103004431357806
213173043246205164190109052224199406
073167155219138071026125004436186306
016195143024231225123080000532237917
113035178073205184038253456820107117
159230215030220021119250000230459206
100222213237215163006233519006059606
202217215109199153107222000000000001
075067180034205098234044080661033206
044003061025202167003216004433390506
047100067038237042073107004431142406
013157198064215027091118052235651706
044049108196199224148114004435375906
044002162165237042073104004433472406
021120124194199169217096004435676306
223007030181237042073098004431427606
016195143026231225123080000532554617
132205060136073165065090380900044506
143089160213199204097093004431958806
226154176178207022024194000803933006
218225236133116246215092004435460206
052135059050116246215036000804332606
200124200090252248025120268410012317
070110028058131026048080269210044506
103119022121194017228064000226023406
237042071037237042073092000804445806
218225090096116246215086004435737306
047046208054205187184085000802958606
062210203189199168155224000805005806
243054009052231225123079000532340317
086112222028202118039102000805726206
100208217209231225123092000533331117
204097024236199169214054464100111417
007234225066231225123090000536048217
092016010102202118044098011263047917
223007030181237042073103004431305006
235196205154199136086054611371936217
044007049164237042073097004434768406
047168171093237042073107004433507206
213184192002207001186130052224985806
092016226035205098029246204342655917
075010113057193065038164493770044306
054116135070240063113219270690008006
245251114194205167056254004434853906
098083115194073165065008617660044506
002143078233199169196044000234127306
042095051037192182089046060836401117
151198129011205071019168570830190017
213173038232240183033105004434749806
076188230178138056035109634615135917
223208143086194078246006000803541606
119135206222205216164092004432743606
032181132130205113204113069693510017
121155232230202028215081074326281906
099106236017240235109045030743450717
119132120180207001012238000805124906
140169207146116246215085004433718206
062242241029116246215124004434688806
044000190172237042073094004431708006
159090011074244157134150535670002206
008253194054199153110078000805762706
016012080221237042073104004434631206
131134146233199153109013001235012917
249237194139139143018000000000000001
097132101059205166127066000805927806
047049152190050121196170093393989817
044025010021237042073096004430575206
111205213060205249010141566462003517
218225091066231225123078000532917517
044221172237199224155225004435493506
072013072158050123083164004435014906
135207186068135079171157000535041917
253102008178199208154158001230012317
244200013172139072053034000800983106
223007030181237042073097004433922806
113175002229207180015129300410518006
021120101158205211054197004432931206
130150037145231225123094000532552317
135244008101215167248185191325558917
204000198157205166040207320640102717
253102008178244029035070001230012317
082051175095205113243186115683981106
104053132194064005155148004434279006
044093162210244248166237000000000001
044055185218199153103080004433832806
002002132227192031071241004432640106
096212034061251196144199027360038917
116247099244116246215162513530148517
237241146014198241225148004435975806
218225091067231225123075000533112917
044026075184116246215084004433689406
102032196242205032024094355241444317
124101052213135079171152004433178906
084204064222244157135197639470044306
075009217135205249058242004433524506
016215208159237042073095000804543406
231128055195139072048124579860547106
152021034220205251202072004434330606
035146141133199153102059587186315617
215180091211205218029032001105831206
082242143050192029092226000925046106
243054081020231225123091000533746817
008075075210138145213189000803027706
070243078224215161079110000800176006
044062160071205167105182004433793506
213175202241215255118156052225610606
218225159176064005155064000804244906
067000144085244158005051030740307417
218225091066231225123073000533027317
254116215086244089100214400255484506
135243027105215176003251052226229506
127068199076194086004225004435135906
042204053233205218158048070084271117
076177103233244022242180004435923306
016012080220237042073094004432393606
131210218147202029011091004435093606
047110016045199137236027004430131206
204120024188244003007227342176491606
075011030163139212123098482541500106
097132071171064005155210004434828306
197202025100193065009058004435218306
016012080220237042073105004433785606
213176048252244031009033004432713306
131134146233251108156219001235532717
062196119218064005155229004434901606
044006157000237042073107004432058206
041155105116207022024221004436459906
016061140173116246215087004435776406
142154070155139010250152201120005317
047108167236116246215080004434139206
152157244218199171102191000805095506
044039243071205187185093004435226206
113175002229205216067105098000516006
218225159015064005155101004433353806
044068063152237042073107004434135406
148003126058116246215079000806441506
093050028028205249003119158672818017
196092076100116246215092004435496906
044006252250064005155229004433926506
044000007196237042073107004433675006
047084229098237042073103000802783406
044000015180237042073098004433928206
141236059238231225123090000531918717
062196168250251190083003000804991006
047167137093215167192199094434960906
200109040170199137224001000925238206
041144006215237042073101000805128606
044077054057202030188022000804061606
085155192185205249004179586552713117
155132079118231225123077000530326317
048166070169202028028153286224960406
248011149235251224088130330502624306
048180136105252248025120439790012317
044057100042199169004236004435423306
016215208159237042073102000803806606
223007030181237042073106004431791606
096047229126194102244146081965452106
022194030048192022160173081122821806
250041056118237042073098000000000001
016215208159237042073104000805549006
008074003158199204066230004435028006
109204059225212195004146318665423906
083016037154192029095211000800381806
148067220032251100166249000532338817
096189047230207001130247000805203306
135079177080135079171063233560044306
202102120213064005155190000805296206
062209244081215160157195000805759106
044210078071205138232076004433561706
112079048135205230082162396280104717
218225036242116246215071004435717406
013156108158205184066202000805268306
025090150105205125184186433850002306
236147230211116246215223421180008006
247003137108212194185043000805091806
077224011221073165079038578800044506
063162255247205138232132004435080906
210061167003240063017174004434217406
211247075253215163006224303066460406
195042185219050065170032586340044506
133094172249205180066111602402965606
100197230066237042073106204430708006
047170001253237042073102004435189206
140173240070212171081016004432665506
047081091076237042073103000802460806
148019225205135079171207000805590406
075091213027237042073105000804872606
148067222062244158083125000535156117
113140150117193065050114004455673106
062237190028138152125013081142886117
219233188215252248147201004435090406
208181140212135079171158000803921206
044084085219205251206034000803606206
016012080210237042073102004431929806
044084128129199177082106004430257606
249070079098199152015187001233065817
091177248076192182193067053860012317
239213224176205127099027004432822806
197015102164205184077009000805807606
033245039250116246215092004434756406
033242251138016048144168118913479106
087118114037205250088182308370808006
213173038234192166212129052223206506
148104202252199169003177000802636906
044068187143064005155209004434850506
075091212242237042073097004434906806
218225015188202028123042004435168506
044009208074116246215068004434863706
098229117172205249003219000000000001
016147139045050122167218004434960706
047111037100064005155132004433647406
047160184017237042073104004431732806
100153046002050123065225000802903806
224173062147116246215084004435258606
048165186056192182193067024380012317
073024225211237042073103004433589806
058182112223192022167203622794916017
129205011041116246215086004435737006
002141205171240235108140230646216806
141199230203198209180195000804965606
044008005196212197176079004432920006
124202019080205166009106004433329806
224115233227192030020197004432460306
223007030183199169202220000800908906
131092242153199177176098060144953606
146119205144205166210106000805618106
062199040202116246215095000805346906
044023141017198247238140004435325306
002193042066199192037078030740307417
101160237152199204124204374100190017
136053123190205164112021100464810217
030015071078205126037089034782639317
047007060251237042073102004435600806
047084229098237042073104000801581206
149210181180205219056173004434968006
062195108004135079171167000804436606
047062040170138147088064004436151206
074109063084244038061149293575374917
075062215062240235108140004432714506
152238244247205166055032050240038917
047091229173205138232086000805079606
076084207109192182083142001106377806
213176048197138091022066004433436806
213175202200199168152226052224268106
044086031140194207240038122012677306
070222116022050255049114626452760506
016160248194240223012177643276098517
058122038165215027184001456820102517
075220135070116246215092004433919706
077171193144050057213170270421708817
057184217040202024153054001612845806
021119169184116246215095004433917406
123188127041212196235241000806068306
070071044246231225123094000531550717
047170140165237042073105004434781206
213175195122207022044105004430190506
237042118039237042073103000804187406
197155091167248200242013004433623906
213175253203138152152245052222679706
218225090026064005155210004434665306
249070079099199169217069001234789317
204089248224131115160069346604976906
036223184098205251200219327115328106
196052037242244158138158151534915517
044089089190237042073103000000000001
048167030099215161111225080002694817
211038129069215177154201004435279306
047063038136244248042022000803815506
044019216009212230037155004432768506
248199037074202028228042012510012317
057184217037205250013117001615048706
134164178110237042073093278260008006
070243078224138146063253000804687706
249070079099198193181166001230012317
135211169114205239062133004433931906
207119002041016198231087522940044306
135238180092207180053221004436258706
134134130177237042073104004434541006
197043153082237042073102004435052806
149042109042205218157141092170930917
231148133164205148080220004435084606
193253236110116246215053554870008006
208070209179205183125045004436293706
047101246214237042073099004433866006
218225247185116246215107536040044306
141236063201237042073107000536190417
152043228066192135136013000804957806
021120110038205212225023004435449506
075009063140202024166062004436413806
197016034252244127021012004432687206
149042109042199177082113092172721717
083183189241073165065134535740044506
135084107064237042073093000805600206
154196019089202024167114217942270517
202217215109251100098155572750266006
131192122227237042073103004436033606
016242056115231225123077000532360917
197043153107237042073107000800684606
239213054002139143183032052222800206
127168149027202029115039070764925606
213176048091050123202071004434339606
096189177194202118035010388710808006
251103139049116246215075004433568806
075009049218240183147064000222146906
131134146233205203250224001236013517
053038177139205125075023000255272806
237042094172237042073093387380044306
016035195064231225123090000530155817
016012080223237042073101000803007406
223007030181237042073097004431220206
218225090010116246215071000805764806
218225090026116246215093004433776806
119132120180194041037203004435805206
113067043022202030065098263424925917
127107225023231225123091000532704117
044222229155199224104241004430371706
070076154044073165080042567990044506
124101052203135079171205004433274506
200174029202073165034087494550044506
218225236210116246215157605840904317
070195232176199136091115646195340506
042204056091205167104077070065745906
047171060008135079171158004432605206
124037053212064005155189000804166906
034096243125244157132058377640002206
208067058192205125073234000803545906
044021030170240235109045004434789006
109204182209202029169012477910109317
073165167050212197254063071714968506
079121155110198193182166388060002306
129109227208202029140245004435586406
140255108180207001165072004433473806
213187203098199168152226004434274206
047004141191199177248242004431206006
249237195181237042073102000000000001
138023103109205126032236337802065317
047124190046205112188193093395681906
244199180007193065006093000805734906
141208084093199177248214300005173006
223007030181237042073105004433718206
062233136246205035073066081145618506
130150167217205211122024360590148417
044094179017205112188198004432653606
016012080194237042073097000802115606
044010176007138152125149000804641506
016012080234237042073096000805890406
047100144058237042073096004435942606
044001110112237042073100004436538206
148019251178215162050050000805163106
012129009104231225123078000533220917
056021221149205112117183004436085506
062248076154237042073107004432014206
036020242141205055132144569042392706
041166031197252248203203000802898806
245098017050240183051210205804927306
239213054013205251202126004432634106
047100068026237042073105004433583006
047162039197131115160069280702732106
148137206208050056082056004434962106
096205120082202030068154260852382217
141236058236199223125108000533625517
228079218253205218041116004434650806
047184016237215163203216004433148306
245011075204050065249233499240044506
119132120168212064080144000802106606
016012080225237042073096004432700206
044095192191116246215120004435947506
016012080220237042073104004436389206
070243078224215161079110000800178306
091127073211215022038214532704930417
231148130228138152125118004435044706
013157021150192182228186052233304406
007137170022205219152045473841740006
135084107064237042073103000805181806
237042091048237042073097514900008006
076084179115215161077148080025435306
210005099206237042073092004430554606
062242096192212202218212004435155106
210011201074192028050215000000000001
030015068020192167127138004435012106
016098134039251196218162255655715806
148067222062215007246013000536020117
044221195109237042073099004431768406
238063074219192166172036477040002206
231148131033244089238065004435464706
062246054069251196218162004435928106
090051029223252248025120088830012317
119046101194202029073119099984606606
044076000215202024017151001235224117
124037222084116246215060118914551206
228000171215207020031042106454934117
047168171093237042073097004430285806
249237199107249237198146543980017906
097065225039122195111160029000044306
062246018047192029170002041003565717
076084236255205180074163080734557106
213187199254244212230114004435454806
196093217082064005155101498080905006
047011184196237042073105004435085806
058145096010199171108011001233334017
125210243139064005155195004435214406
085054061046192030046115465390279406
047020049214202118088053000805224206
147209211237198032156252004435239706
129186051147116246215087004436188006
047100097008237042073104004430229406
136050227178073165079244166090044506
062248108076199224156157004432759106
103091250083199153107123182610105717
228209167173207001003108004435005306
244014071021199169214025000800708906
096133245188199208051209049920338906
070243078214139105124214000000000001
196093065108231225123091000532842217
050050094135207008190127001236250917
076084179115192030220128080025034206
141204003215215004019003004435328706
072044114013073165080015647460044506
050084201018152098209045111320166006
208067059094192182018216000803524606
147253192077202031052225230885702317
030053055045215019148157439060491117
135187236121240063103191004655125606
119132120165194043098251004434278206
139208084045016229026147537570044306
124050093148205236147252004434921406
243054081005231225123081000533407917
044000015180237042073098004435949406
008075075157194114063138004435229206
141236062023231225123095000533977017
063149111223194038095255000535439717
218225159077064005155192004435920706
091029124200205212180086000803572506
016215104010199208059034004433778806
136053123146205184071228000801427506
223239025152050122105077004430895106
213179055116215006255010004435151006
127133229221205251202072004434040906
072011141008231225123095000535619717
085055061040073165034190491760044506
123188127041192167125023000803416106
113182067044207009053128645341034806
034108101098139218240252556690808006
016012080228237042073107000801815006
016000173246199137238005592450012317
073155112254212196048209004433578606
044218077070202024006016052232885706
238020106254205164125135004435762706
047032104236192022161217004436506306
213179055101240183033104052225134206
116247053109116246215074004434738106
127168149027193224218125070795028506
113174230028073165105218616420044506
147226178214207001175153000800293606
005197005102073165107240560780044506
223007030181237042073098004431425006
249070079098205249062013001230012317
129179251203194102245234004435757617
034108125178199224098189539700312806
047186088244212171082162004432661506
112096067220240063112190650773725106
062236026087138152126109004435090006
223010192228205194221231000805348306
016195143015231225123094000533480717
237241130097212230042093004434394206
062205196134237042073101004434972606
047061028007135079171128004434898206
249070079099205185134071001230012317
049003038033207023230146513944320417
047100056104237042073100004431974806
021091198024116246215070004435227206
202217215109207012132184000000000001
218225009060064005155235004435935106
137113070139073165059156628950044506
104160174088231225123090000535438217
124045222038199223126106177710114017
122016143082202030053228004434119506
197043153093237042073093000802619006
213176048034205217181026004435346206
075091213016237042073107004431743806
197016034086199223116252000805370306
072011141007205071018244000532551417
103236115210205180071130004435199206
047122059144205032251045093392675106
042004248088073165059201586910044506
134164179106237042073096025152697806
134134130180237042073097004436094806
062212205110199136009005004435738206
238118132205016238145171000000000001
048181080144212194185067004435517606
239213054073205139035089000802664406
050239104052205212179110251911676817
047084229098237042073106000802921806
135084107093237042073104000802183206
044000007196237042073092004436119606
208191011103199177082162004434093006
047100068026237042073100004435222206
027157004061016229035043000000000001
083178067034192022167203633594916006
231120120239135079171071004432325906
102034191226244020130000646995650017
077226069197202029159125397864050017
131210253013251215148151000802872006
134194243086202118047253019356232406
016012080211237042073107004434658206
079121155110198193176113510460002306
021084065139116246215058004435608206
218225090099116246215093004434247806
213176048197205218012023052225616806
047018147125202030214226004433427806
200222065013139128098016000801989606
213187203116205139032094004435882806
044003127078237042073106004433238406
196043026097231225123079000535784617
208202054158198241201053099950008006
131090004016199169195222394281401317
237241135078202118093145000000000001
044007004233237042073102004434131206
140169199139064005155229004434376706
047030169070116246215082004436504806
044004189082237042073104004431319606
245200211004050255048254220000230917
116246011049192182133196000805017106
109041151172199169206186203800110817
030210075153219092204046004436178206
135236105220231225123073000533519317
213184219088205180139218052221003106
112081189113205187184126001233680817
016215208159237042073101000806249606
063173207016215006255250000806423506
223007030182244158138016004434538206
076084179115212202046243080642655606
042095217196198243068036514136173317
047168171093237042073102004431592206
062196047072237042073101000804989006
213176048053205187185082004434551206
085107059209202118212029513750143306
076177103238240235109089004435019006
243054009045231225123095000533519217
101147003069202029029203481966317317
195222041194202029138044000805966906
090248187200194102250144000254223606
044085251039219092051174004433963306
223208143086194042038245000800102806
197043153091237042073099000802190406
148083149210202118035093005141976706
016241192064116247217103000000000001
044026121187237042073097004430783206
034218160067139180037129204394214217
005058209055207022031191126950044506
237189134138193241062143000000000001
044026181255237042073101004436312606
152151005099199177255206134950005317
106104124227198240075010046620464506
013217042121244127156120076304040617
104160174088231225123080000535590317
244052004126219092207093503210934317
047122207081244248229132000530668517
127168149027202024167125070794076806
232188051070248200052157004434989206
050084215093199169193242268404957706
062196047072237042073094000802689006
073024141071212227179002004435797206
231128055195139093081035579860548406
096189071183198229110091000805088606
047164099158199208051217004436262606
114229082056050123066144370796324806
016195143026231225123080000534207717
249158180126116246215084004435558006
016036124186064005155193004434472806
249237198024249237198146001794606206
007237234144116246215186363470148417
109040106144231225123081000536385217
036171004094202028218241569120002306
044068063152237042073101004430909806
142073049132205166055032229290038917
149042101045207180012223092172725717
153137125239205126033101004435759106
213179055071244038195045004434989206
030182042096240235108140000802643206
044024176172064005155229004433793006
224115233227202024007121004436454906
112081188215198192214051080684948506
047091102131199168155105093392031117
204096127014205032030183004436046906
062243198239116246215084004434009006
016195143015231225123090000532738517
147181251126192030091114000255692606
114218003035244022197076531950607506
097132071211116246215083004434549606
148064200253215255051044270436376017
097212092006202118022005269393871417
148003126153116246215074000805513506
016202245111138091084040000805170806
047109173158237042073094004432603206
103098020085073165172160557810044506
042094032169199204083254653985515306
016036124186064005155193000803770506
223007030181237042073098004434214006
096189149020251190158157000803789706
047169086024135079171128004434545006
213179055119205164190013052224281206
141236062182138145201253000535049417
213175201171205216060200004434024106
047044110195251073163136004431148606
119132120165199177255115004434937506
218225159162064005155201004434323506
044048051090198254094066004435072106
123188126245205236231077000805419406
062200101139237042073100000804632006
063166040176116246215076000805759406
147202253096192182036056000255958306
223014026255212230228037004434463606
148067222062215007246013000530970317
195222041194202024017036000800615506
083027238246205219172197000536062017
239213224162050120195113004433711706
015007171191207180012223621815422617
044000007196237042073102004431896206
075091222060237042073094455020044306
206216110200194078241192144222472317
062195059067237042073107004431426206
131024048041205166054175000000000001
016003076164194017237222650036082817
097132071213116246215106613190044306
197143138162207001000068004435385006
076177103241205127099149052225804306
044063252102205250092077004432959606
204129102061198243031005597815079317
141183211149202024006158004434763906
002251205062138145199242621655011706
044222121128251100166060004435095506
096018074225205126037195108375533917
135084107064237042073101000802829206
103173175076198193190036000802652206
231148133151199171093187004434971606
123188126105205201185016000806511806
047001158191199171104064004432677206
211253223037205125102216541275601517
044006034063212230063201004436347306
151056192027122195111160563130044306
047122084253205139034077300002626206
202217215109251224006066572750211006
105241084022192029060041495074044406
047186171047199224099045004435676806
119128009024231225123075000536330817
042204053233240202062082060083723017
140065118211064005155245000804893906
062193103056199224159048004436069806
149042109042199137235247092170930917
130004046202192182209040000255475406
050074105080202030071183000806344106
044222068204205139035130004435212706
075062217254205139035089000804942006
044005212238135079171207004436261906
063165027159205211056221004435816906
086246158149244038134057325990808006
239213054087215163115082004434871206
242037250002199224149206407820044306
063175069033064005155229004435124906
203123167245202030105001010666039817
140065118211064005155209004433380806
016215208159237042073100000801449406
135059219180237042073095004435195606
146093033002220245071155222260002306
129023209110050120061117004435179006
149158111009199169200065000805889206
237135129068202031067066000803328906
044090247114212030093185004435245406
044048187036251190082073004434981106
040005211020199153098233000806548706
062196047072237042073092000803677606
047061231156138152152155004436042006
044222018083212064141232004434717006
206163133099194038152127581160312806
223003225009205138232145000803670906
104098198223205218157165568711586017
062238243101138152125013004434796406
074037215234202030056231610265404617
213176048160244001196166004435675206
044001085241199137233146004435059306
211038129006215177154200000802914006
079117177253138091022066052224137706
041144237072237042073092000803217406
137098033226202031070017405120002206
112018245126205212182122068813401917
077014144130205184047255649780002306
237042093032237042073105000804740006
113096158000198193185253000805635006
112157002175207183082162324675034517
042204057159199222137066060084032217
226169198188199177094003004432887206
218225196032116246215086000805124006
063174083241205203039104296070005317
047011043180192167126179004435094006
131175184190212195133137000803924906
140066180134205148025182118913347806
016212238126205112188074004433084906
044001073042244248141253004434243706
103201018038073165105248465870044506
135084107093237042073102000805238406
109206152111215163006231105375030006
047160238065237042073096004432085806
223007030181237042073093004435507406
041150227116199169004182004434757806
062195108004135079171142000801354006
195113059090244212051034172702722417
047122010220199224098173004433826606
036223184079205194212091592210808006
194231155145202030014241601900102417
146119207072199220211076514135529906
066240135201139061080223068823678917
073155112250205195112038004435886406
047091064019244001196133093390263506
223007030179194017229143004433280806
044068047245237042073092004435129806
047008158232192132094025004436346406
047012007131231225123079000530429617
224115233227192030020197004432460606
044198213161202030191180004433890806
218225236115116246215092004435214006
036223184098205251200219096855328106
101163211190205127140226000802922206
202217215109199169002039572753666006
058001109078194031112193004431090506
135084107093237042073097000802656406
131174242045237042073098004432902806
077201228175205180014195499035805606
016215208159237042073100000801167406
213175202248199169014118004433925706
197043153097237042073099000804248806
070243078214205200226119004430181906
105164009159205187184009260852669517
243054081005231225123091000531210317
016253002250199224148158553400905006
224134046157193241061248004435000306
227092105136205113246218004452056906
152148101101194017012044080124928206
193253172247116246215223590900008006
231148133210205166125220004435343906
047123033166139005144168093395139117
044002114207237042073106004433130806
141236059198231225123077000535250017
253102008178244029241022001233725817
033228029059202118049018004434950406
021120101159205151251253004430399806
237042071040237042073104004433761206
231128055195139093084142579860546706
047009070022237042073099080535120806
131184001166231225123074000532223717
110121129000199137227092610646431906
204096127022192022160239004435130006
213173038225192132001170052223764206
016012080218237042073104004433368006
048165186056192182193067504910012317
223007030182207001003108004435627606
197137092031192167239100004433203706
213176055230244031010020004431670806
213175253214244205137126004433855206
119136142039064005155134000804947006
044004247143237042073104004430572606
047111010250205236231188004434115306
148083148055205218024002000530192917
210061102133205251202012004435388506
091000201018198033059147153390936017
141236058054231225123074000532961717
131058204210215162050050085705109706
211247241110064005155107004434154206
116252241249205187184005004432693706
047119220149205218072142004434963006
223043024009192030102221000255325706
119046101194202030160253099984178506
108236216249073165081059276060044506
197222188038240202063242419290708006
050067254114205180122202099875019317
213176048036207000084153004432772906
107091051012073165034212134540044506
044025010021237042073104004433724206
070032085113205250093047588150002206
213179055110205187184146004430160806
223239026122205212176066004431482406
123207182183138030248186278845471006
016049112217116246215071004436161706
096039014184073165034105624110044506
203203183253231225123077000535894117
021068194223215163004047004434930206
149158111124138145213185080062718606
197016034252244127021012004432687306
047177015159205195115195100014169917
041163246109202029043099000806227306
097132071168116246215083004434709506
205054119092205218041111010974152817
109245252127244212229124598232272817
140161227057212195128205004435391006
047037136053205250092216093390481317
058226202247212195128205050563523417
016181123029205164112224000000000001
213176048002199169012057004435112906
097039103027207020027138194230339006
047113148110205216102061004435368306
143170229133244212230125514725037006
062198118118131115160069010032637906
196092076159116246215092004433915806
226154176178205236095117004434867506
096036017179135079171175004432401106
122016151149205126033098004431522306
111001215087251215148150315942569206
157158018073050056156021282031567517
243054196212215013072176000801463006
041146223064215006172212059992849717
213175202226050122167218004434185706
062196047072237042073104000802675406
135084107093237042073102000800772406
156163184098205070211118128820002306
075029136019116246215070094823856606
016196006171064005155037330940905006
047101246214237042073103004432322006
230203206000231225123090000531551317
213187194126139152086154004436304406
066137095032205212178253000254364906
200222024162215013072176000804189606
103221004190192167233224435151013406
044026158093064005155209004435279606
213179055082205187184009052222987406
152145216071231225123081000531083717
126018026242205032028230651315836606
108105198213205251203031334932794317
067248202036138030200133584183799806
044062002102205218014144004434200306
055251104208073165064089564540044506
016049237074116246215058000535314217
102198110064199192037078030740104617
044222122074237042073095000806458006
016012080228237042073103004435434206
111137175190073165079227484050044506
204123019222073165104105390730044506
089156000026199169086053000530596417
044000201196237042073106004432275206
143153102030202028004019000805038906
044203255032205194243042004431512906
044060206092199169001210000804078406
048166188054116246215079000806056306
047011174045237042073098004434542206
044027144165237042073103004436507006
044085129200205112188193004434299606
062196033115237042073103004431258406
136053113125251190082073004435128906
223007030181237042073094004434522006
063149111223194038095255000534222417
217167049004016233092142614480044306
119132120165205184032103004434523506
249070079098139180042211001230012317
093041047086205183043064004654735506
062213047155050122062058004436109906
037174102202205066040002005874813206
131210219147202024007074000800170506
133240130071073165108046518240044506
140065118211064005155209004433379406
149054242171064005155233000804185006
030133034131050065250049595130044506
016147139138205195209075004430593806
223010207032192182091062151520102517
092177098155231225123093000534116817
122028053040135079171145000805614506
213175202211212197085164004434102706
016171189013192182050182005873789806
156240066081199169027093068815492106
041145036038050254095245000805465206
044043191167205195112231200253386406
131174242045237042073094004435861006
139107190037207012138096004435723806
002002132227215167026198004432678506
070213068141073165105053531660044506
073165050062205216164103004455399506
210030025218194038146118000802709206
077187222192073165090106512650044506
223044129146205167204240151530102417
044051123119131115163052004430178406
050075028226193065083233081015881406
062199177086205126037196004435837106
098139057057194039040229004434872106
213173043251244067234184052224490106
099061215022122195111160584390044306
073027146097237042073093004433429006
070032085113205211221177588150002206
101213186181205200226102131330648017
104053132130116246215030004434292406
044011036132116246215092004434226706
016012080219237042073102004435763206
147179133175202031092110010940502206
025135246173240183051067245500460106
116086068189207008084157004434263406
243054081002231225123074000534674417
016215058072199208060162004434737306
044074002091202024017049100012581606
135214201040202030154049000805026906
148083148055205251202025000536381817
044204066086237042073098004431893006
033038140231116246215082004434184306
099159053254050065212197578560044506
111224184077205218158082004433907206
134009113047231225123080000534322617
047188082045138091023118004434644106
202217215109192029211062572751888806
044002105251237042073107004434524606
058122101085215167248138514132060917
247003044181205187184009004435998106
114226221195205236085005407055371906
231148132176205098029141004432673706
237042071020237042073094000804442206
091029124200215027187029000803401806
196115250150116246215071004433761706
243054009038231225123090000531214617
129048012205212230061069092220930917
016193029191116247217234000000000001
041144006215237042073104000803683006
047004141015205071139118004435129306
103229102111231225123091000533033017
141204003215202024007225004432786406
208044254178205239062137630264246206
078141006205202025248190261701226217
030054086185207180015129588620438106
153039112164205113204113199945869406
063173032125205216101084004436223006
213175201183205127096090004435018106
040219165033205251205173017813439317
213173027119212195084096052225408006
075000118029205113243038004435711106
087150067030240063113219529080008006
022212252234198192205066004436458006
195074034235202031004127021840044506
237042094138237042073100000800774606
237047230025122195111160386290044306
062201161090205236232253004913483306
047170001253237042073107004430321406
048167030099050253235241080000102517
016212157248205032022195004432651206
135243069107207022045119004435912106
213173027108215161115004052225334206
021084065146064005155132004435992706
212036004185231225123081000535085517
047100144058237042073107004430528406
213175253200202167001097052222735306
064004255129231225123092000531768017
200035249006138145250155182030002306
002091050195199224156213491982750606
086106033028212230042123089990254006
044026206013237042073103004431093806
056021221107192167239169004432632906
135084107064237042073104000803453806
049046025092073165228025562200044306
237042071042237042073092004433805406
037013231038193065070237000254994506
221197138002231225123081000531282517
048164034239138030199051080000103617
062196001184205219218046004432991106
058001025037244158006093059385566506
204249168156199169195222139541401317
083182120250205180024108260855508106
072011211058231225123094000533657417
140066161014064005155234004433660206
152041050157215167248104000805285206
126170046097116246215093004435768106
047176245120138091022086081020688217
138009177144050252039173000804033806
097133082094231225123076000534829617
073161165181050123200251622185120417
114218000008073165107253555090044506
134134130180237042073102004436243206
030214173103199224155225000806022806
047101059223215007140050004433287906
044025079037237042073096004431952806
212129169215135079171145004436003506
096253233186205113207089510220108006
124210139177192182172025000802671406
253147244120212232186052583940002306
152250248112192030070177000253775206
210011210151202029204023568120008006
088046077102215019149194086174679506
128065022066073165059108510490044506
139169064229116246215092004435470606
124117015038135079171071000802392606
048213019078212195130088080015841706
218225048138016032168029384150008006
075165032150237042073105000800970806
044028070012198254091182004434519606
141236063126135079171158000535050817
047161043039207022024128346080005317
044050166146205183036162004434524906
139130176205116246215010250640008006
002116156090073165069227545950044506
135084107064237042073095000800283206
119136137170205167205215004433855806
251000214232199169220153101681334817
119132120183198209169133000805080606
090218213151198247235157597800338906
021120126064138154105125004436481906
223007030181237042073102004431939806
030222160124199137227017089991043617
218225159169064005155102004434138806
197043152160237042073106228620008006
041059079221205113192240326630152717
101081106107199152082250004432655806
100208217209231225123075000532015217
044048002021116246215120004436443206
195150149230073165228133568240044506
072011211052050062046178000532174017
153184029196131248239241236323835917
198235033015205250095175250834586406
197043152176237042073093000800582406
097133087114231225123093000536389717
044057125090205032251046004433943606
213175202202198231052169004435726906
130150167217064005155123354620148517
231148055069244031072219000805065406
044006155040237042073103004431455806
237042071042237042073096000806051206
063160211191215013072176000800418106
159090048090244003026123245500002206
050027210122199177255188395240000117
104109162104205071020216619472254806
119128013060231225123081000531583717
136053123146202029074106000805990606
002164213021199137227213503850338906
197016034093050253202075004434968706
015073246132198229251244080805065306
098122249077073165073082578400044506
044069043077064005155229004436448906
140075251101205164112224000532252217
044059219228244029212098130214972306
114071234246205218157173519006186717
097209020231205033024079015324960917
044008083215198231053138004430251606
238204164192252248203194040013506017
105129120171199153099086000805752106
101190062238198253172174000534579317
042207245135194078242242068810109317
075062217254194102249085000804058806
044002014134237042073095004432756206
218225091066231225123093000535890417
104081181041139143180197144864365317
134009120193198033105217000530465517
104220091178205239082072547641102206
016012080206237042073105004434881406
034183054135202030094144486304927017
042084135145205239049238095796222217
096161059021202118062080004455390406
197043153105237042073095004432853806
096253233186205113207089568750108006
198140094049116246215053500310008006
218225236252116246215092000805549306
135084107064237042073098000805543206
218225237063116246215092004435841406
223080230116135079171104000000000001
047033066165237042073093004431093006
213179051207251190081029052222208206
016245219142205211122024387690148517
204150201183244089054132135575119117
110101019110244212229038126150156917
025189162138202029236203518123342606
213179055008050254094252004433490806
119132120169194042201136004435081306
124101052192135079171167004433646006
149042109042192022173005092172646117
047044023125198241224089080001924217
044072199058237042073107004436200006
208181150170198243179139000802682606
230082236037135079171128004435142606
244200013172198231051050000804022806
131190122249139143018199004432019606
072076073201202029177157426125860517
148080010116202167207047050720506017
213175201171192132030049052225639406
062211021020205218013139081003771817
063174217017135079171185004432070006
152117132035192182061253000255477806
122139039152212195219025004435156606
244199254192212202046243000803510606
124050093147205219152018004436189606
101003140104205251205243571500133706
100124107234205236086098000803750006
194147120143138145199250456825065606
136053123146202167130052000802650806
062255210240237042073102004431372206
135214201054205139035162004432637606
077007174171202167076195498060590006
047049249052199152010075093393725617
030211072022215163167204263523898606
070213068135205184032208524830683617
104053087111205164190018514130630017
152248192112244029048171001234246717
075095166027202028198205550006399206
134195064116215162059126493410044306
044050058055198231053138004431583206
223010207032192030100228151536093917
218225090096116246215086000803836106
016215208159237042073102000803806806
044004091148205217180050004435018306
041144006215237042073098000803312206
156127033094199153056246376336010717
197070150215199168152210000536062817
044215081197244158083125052234653506
030054086185207180015129588640436306
055233073148237042073248020010200117
062208142246244029212089004432629406
124101052197135079171198004436030306
123188126168205239062137004432177906
223010195121205250094107270196419017
206118038250207183152092068810688117
062214181135207023144002081105860906
044061098208199153103153004434980106
050048099250139180037003004435036906
049089171061198240074071553080046506
149158096184205250088078060934915806
213173038226205218013125004435040206
101205054149205218043250004431820906
109023164247244029048153302745893317
136053123146194086015123000802702306
041234113206192031126139562010102417
044086046251251108156219004435222306
112081189113199168227115001234099317
156183092131215167248082004434347206
124101052207135079171152004433351306
044001146208237042073096004433737206
044076178254199169214025000801496906
008075075233205113204120004433918106
212143024180116246215241643300904217
109014068071116246215069004435182806
013192054012251224032197004435702706
133212214062202031157139089993474117
148067222062205200246029000000000001
016195143020231225123076000536116317
016012183108193065012186004455925306
050050189207212030023088004435164406
081100059058131026048064641710044506
213176048249205127099028052224806606
206220228046205211054118188980814717
237042066203237042073096138340044306
100208217209231225123078000533968517
030214173011244003024022000805053206
037174054251073165108186497680044506
036218200065198255179098266790002206
044019040014199177092130004434300006
200124200090192182193067107840012317
013024134190202028064029000805323206
002206235150205217247056089995529617
135243072074202167130191004433904106
140247021212231225123078000530478817
217148230242116246215095000534442117
047100042173116246215074004435810306
223014026255205212182217004430184306
047105100010202029001007000805458106
016012080234237042073093004431055806
062193226142116246215070004435438006
047170140165237042073101004430725406
047183191119192022173170004434845506
044068128199237042073095004431215206
047026022085139136059141056675940906
016012080224237042073103004433753406
050230053018205218244149431893264017
048163150241244029048171004434712906
047081091076237042073093000802253806
213175202098205070234085052224267506
116039018064244157132105448800312806
047034096136237042073100004432696006
197122065207192167239213004435798406
089179231101050123083134000254720906
124101052205135079171142004433281006
210001156021207001000061000803749606
151188008243215013072176095641655106
050016056160244003240045566943725406
237042071043237042073094004431274606
016012080233237042073097004435823406
134009112239207022024153000533748717
100135109191212230042094100990420217
248199192080205148029021000803833106
112146214211252248027066555294460017
124045100203244205242170377313344417
049079224213139136059144080803772606
044200215004064005155134004433427706
137181043113212064070177000805545906
133111046232207180014074509305981106
103229102047205125084041000805100806
119132120158205055128226004435956406
113202209181198209155108515175585117
112081188215194207240173080685432206
206105047132202031159113261606321817
079121155115198247246089553860002306
062198118118131115160069010032643406
119132120173192030039115004433825106
016012080228237042073097000800466206
097171172220202031026174320984916017
209101028186202031036079251284568206
139169064229116246215069004433979606
042006103124202030070109010253688417
119132120180215106210142004435033606
218225243047116246215240441630904217
047176089083205212227170004435581206
119132120165205184032103004434526606
122013116139205164121198004436029706
044027144165237042073107004431247406
047081091076237042073097000801397606
103119020166194017228064000225555806
148067222062198254094066000535811817
210016036188016229045165471500044306
197042087201215018090044394240104617
002136143006205066245181000806070306
209091183073202030151087080904958306
213173027104205164190018004433087106
016215180018198247225056004430893506
047109074090237042073100004430797006
066139251019194017236076004431072506
070254090247251224088150360820175817
089001025011073165109185582460044506
063166131129116246215087000806484606
249034182021251224035094000000000001
044001073042205066230050000803103906
224115233227202024007149004432974606
197122065205212197032247004435221706
047081219017237042073100004431912606
206240092254194017236076000801072906
100197034183199169214025004431509406
096189177194202118035010471040808006
198056183130205180071013652694924406
047109144143237042073106004432620006
237042065008237042073104518880008006
076084179115192182175130080644995106
231148133054244205008224004435223206
244052064124131115160069456824785606
041145050077194086013167004435814006
049097072145194078248163566960008206
021120125191139180034063004436004206
057184217043202026013040001614008406
107197174021205032028230345355836617
059182105221202028017174184493731617
210011251051139180046029587175966206
213179055026050062034042004434947206
134187038138199153050217461620005306
223080186056198229106142000805254106
016225108123050056130221004430223906
093228044090231225123075000534757917
135214201051205139007193004430351606
002002132232202024007003004433853606
231148133168215255019061004433132106
047012213098205236255194004435029406
213187203098207000086021052223864606
058063192215202031006068481444929117
119132120174199221124124004435860106
116247053068064005155193004434653406
044219079068202024016203052236224206
064004255129231225123080000535739817
044199086127215163175062004435214306
197151001243205148021030507020854506
103218046253135079171207004430386306
237042071042237042073097004434491006
042086152082050065214089558260044506
249158180126116246215076004434916506
146094052144231225123081000534676117
121152145018231225123078000536205817
213128109051116246215223581160008006
137217243108050123082142005873775206
218225162218116246215156390570904317
030015069082198255181085004435070906
030211228031205066060103247105032117
080104109139251100165141141893904817
076188220242205249013119000802664906
217242041076231225123072000532696817
044033025016248200243225004435602006
148067222062207183082230000535623717
033183167035194114055029004431245206
116086068189240183051086004432748306
223007030181237042073092004433551006
033236176074199153048225000803908006
204006030207073165110152561250044506
226154176178244157134157004433307706
136151110093202024017122004435316706
245011076119073165104113554700044506
213179055099205166050206004434999106
135243027105205251205145004435207906
124045100205205218074002377643343517
213176048243192132031221004434248206
044068123008237042073096004433419406
148074155144205250091030270206268206
212143025069116246215082004435904406
127071069056205112188242000255135106
126059026066205166059145000804983906
070114006166073165110162605040044506
130255203025231225123080000535014917
044048037233138091022066000804810406
089007239225205066250057631871241006
128163004220202031169025000536164017
047160006137237042073099004431816606
044003062111237042073106004433642806
108165117176192182121110591382703206
101229009146199168158126000000000001
202217215109205249049061572753888806
148068184013205184033144004433581506
076084179115205071137142080024806106
073027047107237042073095004434404406
204152121117205200173086493736085406
193253141242116246215026498310008006
007153074189202031053205349991500017
037072187079198193179219514630677017
077001210140199169214167189993509306
123188126142212195089174004430176406
091233209225202030122013593701550017
016012080209237042073104004434370806
218225090026116246215093004436273906
112081188215199137227110080681929606
075067180034205250038210080650325906
231148133072199177255223004430304606
034108090032205098239253423840808006
134164179104237042073099025151848806
132041037222199177255167000000000001
226154176178199153042157004435103506
223007030181237042073105004432446406
197043153106237042073105000803379006
083230194045251000115141259400179517
062194210043205139035230004433354106
213175202215198231053138004434585706
047090002186192166212149000803738206
044003245085205219221253004432588606
105035246076050122104190004435027406
070032085113215018245069588150002206
021120109082199152014230004432250206
152001058161199152015182004433086706
141218041217215019012001000802880106
070030182013192182220113582925591706
197109049206215163005030200166003217
048223213170207180048013593304353517
140169207255116246215093004434573206
030015078054202024006041004430349006
070243079033202024007069000801456406
098138179011251190158157270254915706
109194128159240183051070642423032517
044059153197199152010117004432643206
148068184013212171148125004433954006
101135170121192031167177494755710217
141183211149202024007158004432185506
063160068092205138232092004434942606
073024239137135079171198004433698406
044027217046135079171128004432584806
044200254224198240074189004435791006
239197096130199152014231023232079406
044002162165237042073096004432158406
213176048168212195084193004432632706
237042118033237042073093000805978006
129217196180207012131127000805376306
113111143165198033136227000235116406
013192054012251224032197004435036606
231148131223050057213175004436063106
106047168021073165109192534750044506
062245204133237042073100004431008006
135243069076192029082194004432738106
131134146233202029087057001233792817
044084080118240223037058004432865506
062216063126205217248003004435724706
253102008178205239062170001235717617
032212091068202030129156252833154917
128116055195073165054111630700044506
195069050067139212124083000533886617
021120111085244127033022004435013406
100208217209231225123078000532337817
073027099015237042073094004432649606
002002132232050120061099004435945006
094203054013199177255056164560688117
062236167248194207242207081025477906
053190056067073165108221014210044506
237241141018202024007048004435038406
030015068015205218074002004431010006
062249037156212196234101004430258306
016036124160064005155193004434798706
143234087238199137129225000800108806
062211141200212194251014004435226206
135161013065192182214219000804262906
196093065108231225123077000535830617
089216072039199152105011126070002306
047037118172205098234023093394383017
044026121187237042073099004433996806
025132031184198209173218515850102417
044002171124237042073100004431607606
146108240154198193184093000000000017
044001245000237042073102004436390206
087150049116240063114060613530008006
209088224196202029214164443323781817
223007030181237042073092004433004406
008069236093205071137179000802791906
193254126050016233092142501830044306
150017202201219092207093494910933117
196094254139116247217064480320905006
016215208159237042073099000804893806
147250115180244001020026000803717606
119197076209240063112061000253294706
044221149238139128098014004435575606
251103139035064005155066004435737606
042055017114212227179051462186393017
030015071110199177251097004434243606
135079185254135079171063221850044306
047045155105138056032176040175038606
218225090099116246215086004435263506
223007030181237042073096004431145206
075062217254251196145078000802452706
140173240227198192216245004430602706
197143138162192167233222004431514806
195255063056139010250152440630005317
076086009019244003004211004436200506
002154181158050120063005622850102917
049225183142116246215058000536353017
075091223104237042073248020010200117
044057160068116246215120004433441906
197166189217248200252010589982640306
112081189113205098029085001234169017
030214173122199171096213000805244406
131099069079116246215095000805846706
109245145020251224004251286452354706
091177248076252248025120426280012317
148091245171202118024018000801261306
075165032149237042073097000803466606
047011074112237042073096004434316006
099195085018050065234120532290044506
140075251153194207240049000536088017
242134067041212232021005000803086006
013157039173212195128205052230420506
231148131152215161031019004432746606
130118146142231225123095000530261217
044056037156244205136132000804308506
149158116052205180012105000805024706
058182024188205239062137000000000001
249237198061249237198146485530017906
085046109241199204126212462462657217
075091212218237042073093004432021606
044060211007207001170180004434665306
101160237152240235016041459740190017
072011250203215007140213000805361606
213175202255215163005088052225733206
073024250052116246215079004435834306
207196038085199152010018133692778806
047108068093199152001190080805409106
224115019222205139086028000804956406
124037053170116246215049118913866806
244199180007198032158017000805009406
213173027187215255201091004433964406
047101064034237042073102004435269806
022213247185244248204037014334924806
030214172152212194251014004435664906
087121222173212171149168000224768206
064025055024212194146194228722680617
047004134186192022166189004430372706
055243079228073165228158575960044506
141236063126231225123080000531545017
021084067145116246215008004433281406
076177103236215162050050052224817606
021068194221199169214025004430646306
237042080201237042073102004431128606
044000133249237042073101004433977606
084113006229212064144069566025669717
032171105033202030011092099983326306
239197074058244038133045004433600306
223007030181237042073107004436083006
249237198173249237198146439470017906
044003255107199224155162004433243806
062225205231135079171128004432022806
213175201170212195089178052222722506
073027217212237042073105004434001806
075091210254237042073096004430650806
062196033115237042073099004431299406
134134152080199192040148000805186206
140075193213050057215098004435156906
249237198116249237198146001795896906
200175211131050065235010630160044506
044026196217199208050128000803358306
140169199221064005155228004435688706
223007030181237042073105004431949406
243054081014231225123078000536388117
114229082056198255189028364635452506
044068040039237042073097004435124206
062203098157244127157003004434815506
091118077064202029124249272591989017
022195097017194017229245004434628506
243054196210198192126191000803485006
131003246171198243139002004431970906
248199042077205126109169000805366806
138067050145215177154219000000000001
081127137117202030228073244190338906
108232123118199171091134581313988006
137015039173205125187069000805304006
075175032148139010250151016230005317
090054057026205236228042268042566017
108223191064138091022105637775003617
140173240230205126032067004433077106
058020005083202029243118148832025217
062243112112135079171175004434645006
131209141070116246215115646450044306
254213031223050123138105004456451906
021120126074205184044179004430426706
050074105080205239062002004432675006
062204216151116246215071004433746706
213175253222212227179137052225987206
223007030181237042073093004432074606
134164179074237042073097025153427406
097226040112073165228188497240044506
063164129005205239062174000800292006
044032039194205071139021000804233406
016012080204237042073106004432048806
064004255129231225123078000531901117
159120074197199153100052502215140017
044002014134237042073107004430400606
124247185134205251202232052284522706
062201057224207183081107004434967906
030214173057205139034178004434922706
213179055091251190082073052223367706
083027245205192029092226396710808006
076177103215244205138233052223696506
237042071049237042073095004432898006
209088017172050065250046625880044506
223007030181237042073093004431333406
245060126085215255163163163540148917
073024141071244001169249004434814006
062206064030215176003203004434031206
237042076026237042073098514280008006
104093197245198231073101427565341317
078254033176244038134057545850808006
143234086038205216066057004435842006
134014055113205216067013000532076306
244199176102215007246013004432742906
121174230024199137227017491601043617
116155094148116246215079094825311306
093116203119192166172215565631444617
148067222062244158083125000533485017
143238250148202030119145000805116806
063170042025205219222015004432862206
150216182110073165054205579230044506
223239026122251224005137004430292406
047185187116116246215076000805346406
063165027159207022045038004435115006
016036124160064005155193004434979706
113028139150251224119081576720000106
041216229245205180041057005875676406
213176048209131115182082004435795506
044025062064237042073104004430412606
044001110112237042073096004435932606
070039210140073165065232493580044506
152001058190205148030117004435024906
056011017034231225123073000531206817
044007000124237042073102004432823806
021016182033139180038003004435310206
203079186189138152127106103856303617
063174095125215176002096004435928806
073167155193251215115082004434352106
016202245054116247217234000000000001
111024143214244003007245077790899906
211023176044193065007105056472125306
218225090026116246215086000805476606
075062217254050122228221000803999306
047100158133237042073103004433297406
075091213058237042073096004434517206
135211169116212195130212004431003806
140169207211064005155245004435021406
140055195081139136059143000531510717
237241135115202118093145000000000001
100208217209231225123091000532259117
237241130076202029060102034785081217
047111041154237042073098004433115206
076084179115194042200041080024233106
016242056115231225123093000534462117
196085130116244001169249548994916017
105002084219192182190021495175116606
104094187098202118088053000000000050
127107225023231225123073000535828417
072011141013231225123090000531524217
098169027247205249003217004455491906
062197212061199137238179004435263906
044025010021237042073098004431410606
080215173159073165105179072080044506
044026007022205217247235004430386606
062193227239199177083019004435882206
044007103049237042073106004430309206
150135053067198253172174000532911017
196088148028205250089072000800783606
218225196114064005155230004435749906
075000118029244022255245004432923206
197191212221205184032120000000000001
047100179217237042073105004431334206
032033195215198192215036106863693317
113174230028050065143157616240044506
044025010021237042073101004433980006
213173033215207001182082052224766906
197016238205199171089114087180005317
091233142033251100166047004454984206
096189180154194031029181000800816706
033245039128139113197169390626553506
218225159177064005155101004433373506
125144005132116246215086004435179506
047108127139237042073107004434687606
105035118050231225123081000534623217
013005126135202024006157004436351906
047009021090237042073099080024984406
050075159109199137231134084421948206
208191239158215163165215000805135006
130004046201199152107199000255110306
108004152226194043127104000531904917
252171219033202029110220020130143706
108122204094244022111220000000000001
223007030181237042073094004434778006
041144006215237042073107000800227006
125020145082064005155228000806363606
231148131014050062046170004435102106
044004204212207012132197004430257806
049199050155194043113081514131776117
016012080214237042073098004434032406
078026218034073165107142508310044506
047049040211244020135109093393535517
075066153110205033006248000804940806
131174242045237042073093004434027806
127165136187064005155103118913731206
062196113084064005155228004435766206
106046054024192022167203010434916017
075008083018240063017174004434554906
255107248252199169206186025350464506
116246249185244020056039000536122117
041146196180207183082238004436140106
048167178066202024016210000804271306
108232165195073165110233631000044506
158014069117202029021053011193925217
124210139065199204073004004435959006
070038106078244003007227135480795117
201204121053073165069210653630044506
237042077252237042073105000000000001
157161192234205139169073643250808006
218225236216116246215242493870904317
213175253229205185134084004434121806
044073109203192132094150004436431606
223007030181237042073101004431779406
130150037145231225123078000534132417
075066094234135079171071004430504806
150015231133122195111160537780044306
096065012251199169206186089990899917
202217215109192030124130000000000001
197106250176202029149205239521493617
075067180034240183052137080654403306
002002132172192029095215004432969106
030221133024192030073065005875770206
202217215109138030241032572754222006
030058131198193065075082068812766806
047185187116116246215094000805919606
131192122227237042073093004435042006
218225159170064005155233004435049506
047169075075237042073098004436548606
044025010021237042073100004430683606
223007030181237042073102004431344606
063161039000212202218094004432668006
044001110112237042073101004430615806
195173009133194100115016013204464417
047169254074205138232133004435889106
210061102029215177154201004434771817
237042071043237042073100004434911206
218225072142064005155134004434369306
221169237090212195089174068815164506
022213124062215022059020004435309306
131003246189199208060141004433939306
204096127022212030093130004434724906
130004046202244029213168000253569606
202217215109215018162144572754777006
197016034018251224004220004431821806
112042063199212195128205336565126306
021104127250139010250151577110005317
047045253206244089083055000803878806
049148051116073165109046561420044506
119132120164192182175127004434921206
096024074206205185134073000000000001
048213152091231225123094000532678717
150167180122215027091158004433495306
200016024008202024017211004432975906
047170254249237042073100004435942806
223080104012192182151153004654333006
016012080207237042073094004431431806
159090021137199177188102000804980506
100197034181202024017072004435794806
124101052204135079171198004434030606
058008246059193065004117000802459806
253242204159192182056041005874428206
076188166113135079171142000801401806
016147137151139128098174000800551406
237241143113205249063187004430798506
200016042214202024007166004434012006
075249190070064005155195000804322706
135084107064237042073099000800269606
141236063126135079171131000534017617
224008099163205127144218004450566306
027104188166016198225103000000000001
062206128185237042073105084430540606
197143138162198247246148004432699106
044023050144212230061010000804955906
049101124064050065143041642890044506
135238185008199136086126019354321906
213176048107244031010004052225704106
229015111040205126137116010361296717
062193109008116246215073004435907406
073027006102237042073101004436109606
243054009039231225123095000536310217
030214172206207009244213004431898606
044048010240199169005084004435816006
119135206218205216164092004432728706
070231208180237042073096130180008006
213179055119050254095245004433785306
248055173193073165059245539080044506
131051240070207001170180088015009117
049133092076205211043031446724981806
098138179011199220214127170256120006
044201170149207183082178004435617806
062208108038192029208138004432709006
047101041171116246215084004434954106
200124151237231225123095000535195817
219117132054202029158165647264649017
044210239177215163004203081100134317
087125043013240063113219000802659006
205238056233205251202122055713761917
042207112248205180024108520635483906
063175189236064005155229004433761506
044220069154237042073105000800621406
110125098022212230042123493890254906
129253198005192167126179290793598406
152157244218199152015190000803273206
062246068239116246215093000804778806
196177237083207001006089068810102617
062254148251198231050050004435506606
137169077210131026013094647140044506
047110201205135079171079004435909906
153173186042050056146082059386524906
135079173175135079171063538650044306
207117057118244029048153004434463206
139236203028116246215203157750193506
131031158078194017229143004433284506
227110019225205180013085133935078206
097133018055116246215010521860008006
073138248089240063103161000802608106
208070209168205187185169004430155406
044025147240240183033126000803980906
197016034018212196232090004435413706
148067222062212195068050000000000001
016012080235237042073097000803238206
021120111092205071047138004433137306
223007030181237042073094004432766806
197172050026240063114123526716485406
016215208159237042073093000802109606
231148132191202031040152000804440106
115156026224131115049056326380102717
076084179115205216065109080644536206
070243079058205194242093000803340806
113215082180194078241096068895032117
016173094072202024006028004434224406
097234039244050062046165600440466206
197143138162199168238031004434947706
228202120167192029094165004434916906
208070209168205099152150052224239106
082098128103135079171142597990044506
103200115090073165064238634750044506
218225037006116246215087004435930606
197155091173199223116107004435006106
030015068015205218074002004432631506
013158041163050255212237094435407006
129174199011202030109001059384953006
146115089213199169202100524123180917
042204059034205184032017070083099917
070032085113205184043189588150002206
243054196224199169202150004433948506
223007030181237042073099004430415006
227003106225050254103162004435019306
008074003151198255189195004435003006
210008160197205098232212000805615706
057184217041202026187060001615378706
149240091110205199052063004435688006
131210139125231225123080000535494617
244200085022202024006207000800345406
205143124128016198230169389500044306
058001028131194043126007000804962506
223239004172205125077175004435215506
012031126241199168158126000220381606
119132120165205167130002004432702806
197019224113050065170031592760044506
197143138162199169214025004435055706
121152171219064005155229118914771406
223044129146205251205198151532906017
136053110211199136077154000804894806
202217215109194078193098572750166606
135072014070050062046170431524871517
197151001243205148021030507160854506
197043153098237042073107000806293806
021068194223215163004047004434930106
139169064229116246215069004433976606
134052166188116246215080004434210306
137113253074202118024061170542440017
221082247052192182248054004436343906
058249119201205112115227322423948817
103133039088198193176013133862717206
159075154185199169194038523960008006
140169207146116246215068004433870206
213175201166240223023122004435298406
044008227080205149042243004430318306
085247217056205139035089070014958506
124117015038135079171071000802003206
204136073184215027234142463590038917
140075193213207020027134004434534506
041144006215237042073097000803941006
148094035236192022160173000805832006
141245096029202030167023255655148906
047109102246212227179108004431723506
044068040039237042073107004430914806
086051046190231225123074000533836217
058110121147138152126233511634594506
044010042124199177087009004435853406
082029209163122195111160394110044306
111233091230131026013242334910044506
044006044041237042073098004435604406
136047045119073165073039613530044506
218225091064244020056039000533893717
141236063126231225123076000536210417
141183211149202024016252004432786906
124050093149199168155127004431636006
099195112173073165054023600170044506
047123050189252248203203093395783717
148064201169202028155083270176421217
213184219088205164191205004434666506
016195143015231225123094000534510817
044000073176244248141253004433750206
200124200090252248025120502770012317
044095040239139128098203004435567706
206187252013205201092044550510338906
047110181203237042073095004436102006
213176048123050254094253004434676606
040035122116073165110097081620044506
125149139147064005155245004433560906
200162105156207001130247602320688117
197143138162215163006028004435444706
008074003150205125073185004435059106
210061102042205251200120004430574206
150130018170244001169249476404916017
047084229098237042073096000804190006
096189177194202118035010467510808006
133253147223205251200212538962777317
047100158133237042073102004430364206
044024098189116246215070004436123706
070076117242205180041233005875274606
206191203028194102249190412341683917
058001028133199177243229059385638806
033236230127116246215120094823710206
097133082094231225123079000533899017
104141158021202029015072241950115917
209224147139215167114145501065362117
223007030181237042073093004430264406
109118203132192135131152532465048417
134249009026116246215069004435339006
125020145082064005155139000803576106
128087134243192182212022004655340206
195102044180073165110008585730044506
213175201180205066252123052224406106
208181140212135079171198000805692906
062218049217199208062010000803957406
195192156061205212183127004435250306
044222224142064005155150000804900406
204029059244202029061060193862989817
085224246045212227179051000501459906
044037093044199208052141004433821306
135084107093237042073105000805180806
037001106140205167107197316823400417
072011211053231225123079000531217117
047100144058237042073100004432466606
030214173103251190074029080805405006
101152186126192182239148642696018717
199053127042215004019226336623765117
047032110241237042073101004431242806
202217215109139096109193572750777006
213176055236205166055177004434750806
239213054087192132094150004432691806
047108146146240235108140004432786706
096018013087194100115016527014464417
040244221208138145255182480950002206
135243069026205167107197004435422206
058026117122193065070237000255012306
062218077006205139035089004432110706
044049001096205139034077004430228706
044204088184199153058085004435042606
044004098210237042073094004434316606
251108072029231225123078000533069917
008069232035215004019003000806005606
047100097008237042073093004433858406
110124005028251190074029000235660206
050048075214205239062137004434922906
073027211039207012141040004432649606
075010138193205180042148109835139706
044027170124237042073094004434255806
141236063177231225123078000532723117
197155091172215106045108004435289006
141204003019205187184009004430171506
136227068188192166174098434930002206
134164179075237042073100025153076606
125020145082064005155228000803280306
208082203076215007141241421646070817
141183211149202024006029004431734006
016225161041244020056039493520905006
044027179146205126033101004432648406
213179055027212227179066004434044106
149042109042220245006250092174304117
016232130241252248201181004433159106
021068193036205212176066004436368806
228222216151212195128205000000000001
034199148253212195130071298034922106
218252129011205066252109004434986306
208176066172202024006162000804277706
253102008178198193187024001230012317
047025095192212064080144004432103506
196055154076199165045003004430656206
044011094074212227179154000805530106
044068128199237042073095004430288206
213179051175202167002018004434895506
047033147015244020058048004432896806
044051090052202167044253004435867206
044023201075199168152210004432784406
203027033079135079171191496210044506
218225197239116246215095004435241906
111044005215207023230146586334320406
201205038226073165111155581380044506
223007030181237042073104004433491006
079121155110198228176017394740002306
073027217212237042073094004431989806
213179055065199136009251052224914106
228079196097194086007059000806098406
239213054089131114051114004435153006
213179055093138091027037004432238306
140065118211064005155209004435529406
091002134066217010237040001233371317
047034096136237042073104004435985006
135084107093237042073092000803201206
208191034172205138232167004435809406
238063074219192166174012536540002206
100208217209231225123092000535994917
135084107093237042073096000801620606
062194119127205187184009004432673706
193253153254116246215053571980008006
083181131066073165173047638170044506
130004046117192182059009000255726906
044222126179135079171185004435882906
021120124196198192205165004435346506
047123054244205230095058004432873906
219095210037194043181019650782274106
021120108114205212176066004432948706
113118187166073165064227154180044506
140158233002231225123077000535234717
062255042216215177176066004434264506
107107019107073165064078532310044506
152157244218205217085049000800343106
231128055195251224034065579860548906
231148133035202024016161004433824306
044001110112237042073102004435214806
149042101045202167077103092175740917
013192054012251224032197004435036406
016012080235237042073106004435230406
092018188098202031160026010934732417
213173139057207180188225004434476406
047081091076237042073097000801416406
047160077070131115052071040701595017
100208217209231225123080000531825017
127168149027193065005162070795390806
130053071177116247217215000000000001
048166059154202024016107004432967006
015043183027244127067110000000000001
047100144058237042073104004433305606
070230117058205126138097004433075206
055224122058073165064184103180044506
146003111000212194090093000533891017
044222229155198229187212000805859206
244199180007193065101101000805065006
016242056115231225123080000532359017
075066094234135079171175004433704906
196043026097231225123090000534771217
141236062177231225123095000533237017
218225162137219092051205004436281906
093053207184198033113204611190002306
075000118029205200226101004435752306
050075028226193065115157081012495606
223007030181237042073100004435390606
047122078070064005155139004434762106
149158116052205098232174004435111106
220253116081016230108211454800044306
140065118211064005155209004435514006
197043153095237042073094288760008006
021021146010205184040093004435029406
213176048167138091022026004432673106
238063029005205236231226160001287906
066136121174198192203090004436096206
123188126153198229186131004432624406
042066000090198193177010450740002206
005056171003192029094254631730312806
070243078214202028069048000805186306
119132120170207180048001004435166606
047045155105205137108228000805322206
047090224218116246215076004434035806
119137092195116246215071004433556106
087151120208192029094254527880312806
197109216211237042073096000802074806
147250114103244022255205000805943806
073024217069237042073107004434588806
197122065205212197032247004435212806
148072082176199169198250000536369217
149158111009240063017174000805607106
062246018047205126033114040104539717
135084107064237042073101000803781806
210028117038199177093138088885856317
084113196159205098029246406482889417
044025188102215177165018040975364006
075048189110207012139067525242782617
016212159092198247235245004431820906
070243079033202024017011000803019306
201081040054073165107043245020044506
044003062111237042073092004434229406
067002060169192030028106068891895617
218225236112064005155210004435193506
253102008178199168226148001230012317
049230051214073165080059501940044506
196092076108116246215092000805387106
044027170141205213165198100006540517
152148105234205164190005088420206306
102149092046198243031240358333190106
062199077217199224099045004430289906
016242056115231225123074000530767817
016012080204237042073097000800430006
002181181106205217250129000804922906
197043152175237042073106316840008006
114046196183205126037192494575773806
049105203240194017239253325070038917
125228244089194042037133000803184006
084032105065240063114060396460008006
106222176112207001001081068890610617
125144201163116246215046000804811406
072011141161231225123081000530649717
213175253232205251075024004430816306
196043026097231225123090000534485417
044197221177202024005236000804595506
104181243211192029095201572082787517
016012080195237042073102000806493606
156128100133205250094200405015032117
044006155040237042073107004435581806
016012080229237042073100004434439006
148067222062215007246013000532783917
111001249062215106210142056984399906
044035219045215161087138004430855406
249127242209050122184251004433530017
096245129004199224108141500286039617
096195189215202031163035358981866817
197155091172139061080251004435041406
195165100180205219154089142793287417
159090011074244157133076207460002206
214012204223073165089138595220044506
101183195234139093087219172815801306
016038126020116246215068118914664806
196092076126116246215074004434113006
137177134186207180054207000000000001
197155091167205217244057004435473806
122016143082202024006109000801500506
238020104049199137232025004431194506
044001138041199224156213000804713106
016012080217237042073104004430371606
044027253156237042073096004431393206
247003071038212230042160000803012806
158047253118205164112077586270338906
008069239058244127158022004435700106
138112116241193065125226403125932217
206157043065198247228194004434152306
078169078045205125126009274383521217
134134130249237042073104004433019006
075000118031212230042069004435154406
044084123171198192038126000803390606
206031074209205249056112480151238017
210028117157202025255051000805016006
076084179115205126034223080646434706
210061167020215177154198004432662206
042023178117073165110024155700044506
048181080127215177241001068685804906
077151144011050065249075230710044506
156221015073202031163035231161866817
075076205082050254095178068810844517
218225090060116246215071004434673706
110122184002050065214243613050044506
152200233114192182188222004432803006
131190120054139143018199004431801606
156243032180198231235132000803857906
044039226161215006253059004435762706
047032229178205213166234000805003606
148085197151050056159098000806176506
212143024032064005155230004434076306
073146107158198231053187004433387206
213175253235244248042022052225833806
128098122209138030251129000531414017
124142122160192182213243004655796206
062196185181202167002161004430381506
008074003030199136070162004432771206
075095166032251196216074330002746817
092146093211202030242024010246136117
033228141054198254091115004435380506
062206049244199168158191004434251506
085012205210073165073061503010044506
105219151091199137238047404020002306
041241059129199177248199004435278406
047160161102116246215068004434659006
016012080213237042073093004433433006
044025089096205180139069004432843206
129185202003073165109222582250044506
225126186069073165054029597330044506
223208143086202024166041000801386706
248199218087192166172098001232652517
064004255033139072048235000535145517
085058253020073165109055610170044506
231225124184231225123041000000000050
237042118038237042073104000805324406
108247020160205127002211451946074517
196093217236064005155150449760905006
208070209184251108156145004435714906
113035205146073165110016642700044506
016012080233237042073107004431433406
096189177194202118035010360390808006
205130121150199177248242411175579917
075009133023202024166103004433278706
127107225023231225123092000535231017
134134130249237042073104004433017806
223007030181237042073098004431747406
243054081023231225123081000533195417
249070079098139180047223001230012317
213175201171244212229086052222662106
148067222062212196232223000535579217
114076206078207001050173000255332206
134134130178237042073096004435424206
218252012050202030212091180004915906
085185019018139180034162282383327617
141236062240237042073106000531468617
016012080204237042073094000802243806
044222188236194114085066004435020606
103229102111231225123090000533587617
142208122053199169214054000000000001
194054202200251196216180123272165006
247003121223205187184009000803487906
070096183005073165069206589860044506
154017167190199220209006213585032117
202217215109198222246058000000000001
087150048138240063113219483380008006
235235201024244158004138339223195617
243054009034231225123079000531009717
131184001166231225123090000530906517
147054212131205249051081649895080117
223003174028194042037103080742814206
047101246214237042073101004433599606
044039187070198240074189004435789006
062201252168205187185093004435213806
044036128185248200243225110000103106
243054081023231225123078000530201317
206212162083202024005211626052223617
047101064034237042073094004436486806
050084215093205164096189268405909706
062253048005192022167006004435527606
213179055096131115183219004434702506
137027250214116246215242570210904317
030183239007050065214207525720044506
062196047072237042073105000802420606
213176048148205066250174052225742306
091113234080202028099085626060107417
126064150173064005155210118916000206
032012064190205211043031010724981706
218225159162064005155102004435710406
218225159162116246215019000805552806
136110172242244029213035000255170206
113184067034199204078021552825464806
044007004003194114090173004435307606
062244167151215163164237004434697306
148067222062212196235103000532393717
120070145190198209139032139440101006
048181116084192030061204004432668606
044002114207237042073096004431114206
133151155247215177165029556082936617
088094149101116246215242367680904317
075091211153237042073098004435293206
044026121187237042073096004432516206
070243078228194031043171000805055306
047186099120198247255001004435963606
105197029156131115160074171132741317
072011211057231225123093000534594317
044037017006116246215084004434561806
076084179115192030220196080644752006
121152191033207180012223000532029717
124045236217202118042058328333343517
231013199014192029093145000000000001
044039048196205251075018000803151006
064032133053202029027055639450688106
044007208032237042073101004433846606
154005252018138030205127243900110217
070243078228199177085142000805062106
136003225136212230173016223110002306
047001158191199208063189004434559806
044058001219205055135044004432735106
074226063193205164191130491600102917
136053000037192167233052000801461606
237042080225237042073103004430364406
110203090161192182205008093066408017
041225076226205187246050050565568817
058238145050198247236104063993051717
251227177222205251200174004435095906
044039163075244248204037004435041006
211247251130237042073105004432807206
107221028209050056157236423340688117
130150037145231225123076000535213917
076084179115205126046216080645373006
131255054053215177154200000805727806
016012080227237042073100004430412206
044006205182205236239027004435838606
210061112170215177154198004432726706
132003004178199137236168506112698106
134233147119138145213185612330287117
200223137184199169086053000535764217
013025145226202024017207052233485406
044069001234240235109089004435570606
218225193136116246215010532840008006
195077060115205164099093059381283306
119184116098199153100181068890288617
044006155040237042073096004432708206
044024116039237042073095004436492806
047033066165237042073094004431096006
152157244219205113246204000804850106
141236058014231225123092000535771017
226102051193135079171207004436412006
044025190174139096108005000805107206
129103216242202029247060632904975917
076177103229248200252010052222766106
044196061181202031109211004435858506
124085080230194114091018088881743417
044032240052192132030230004430209306
196092076134116246215074000803805106
218225234211064005155133000803422906
044033067200135079171207004434299806
047091000043207000086021093392736217
097200062034073165107033568620044506
135072013192192167239169595964962517
155192209006212194146199127820002206
137175045106205186046038400022661017
151198129011194043104159646850190017
139047234128050254130132015050008006
213176048183205211031170052223973106
063166040176116246215076000805750206
196177088234251196218162004434928306
050075062119202024006068001102700106
128157233237231225123072000534919817
032181132130050121228237069690131717
224115233227202024007118004433781806
106106191112212171138202089990371606
062193109008116246215079004435021706
227180228110199153054042571770103317
016242056115231225123092000533399417
244199137070198241178026004434394006
149140044177064005155231004434038906
253102008178205201186187001232659117
231128055195205249003212579860549106
130004046201205125075253000254927506
197030218109202024007048004436347806
104250123082073165091054613390044506
236025192167231225123075000535147417
016242056115231225123090000534676717
044058231250207183017005004435719906
148068184013205184033144004433582006
202217215109205139007140572750311106
050084215093251108156145138516148606
016173086205116246215092004434462806
044222230211244001196021004435895806
044025006094205066246012004436049206
237042071047237042073098004432206806
110180228055205139035230532920102417
047168063191135079171104000805733206
113107206096199169001218129486121306
070048247197207001052026559802760106
128196143041064005155103000804900006
202217215109050240037081572750699906
226154176178205239062137004433826206
228202120167138071027018004431087806
083182158104131026048175524880044506
116089048173205236255050004433607806
143165237157199220219031000806420206
055233075063237042073093226160008006
073155112250212064082250004435372906
136151110106202030137138000803628206
237241130097202024017042004435518206
113175002229207180015129557720505506
206032190250207020027073068822083317
044039099208205112188162004435839706
111025098253050065188075131370044506
041144006215237042073106000803397606
041216085111192030035050004654427906
153173186040202118034189059384917006
044025063035237042073107004432029406
204163020069202030129046536340688117
079130233214205126137163000533325117
016036190098116246215137625200905006
108248127078199136087171548720114117
150153021010194038091253000224106506
250041056153237042073093000000000001
123188126215212171016138000805282406
030054086185207180015129588870436506
047101041171116246215093004434425406
131190122249139143018199004434493406
218225236112064005155134004433721506
119132120167251215115082004431577506
199109081200193232172057231434971906
148067222062244158083089000535066517
044024255116237042073105004434553406
016012080228237042073093000800813606
127107225023231225123078000532265917
096166002082244003007162646131601017
047081049243244248141210004435723206
075062217254050120061098000804744906
224115233227202024007149004435355806
204101108215205239087212640904925317
103222216056202028203026147313751117
130149213226073165089134624200044506
044002105251237042073094004434834206
044026181255237042073100004433300806
130172173014205055135058274133199817
047024063162205213166229004435762306
200163016149073165110204300900044506
044093202074199153034111093394419006
097138219131073165065175553320044506
047168186061237042073093004436120006
016212159025215177242182004435072506
044060127095205098232200004435277806
197043152170237042073248020010200117
129023133194205250092153059382725306
041144006215237042073098000803294606
129103216194193065059054000000000001
105241036090202031154162595262107017
050065175226215255018089004455504906
016012080224237042073102004430869406
244199180007202030119180000805385606
044000007196237042073104004433376406
047160161102116246215084004435474506
204136037041215004018236646741150117
141236062042231225123092000532774117
237042080227237042073106643280008006
110097203182199224151090004456147506
206110097072215106045108000806060206
236146108017139136059150000224307006
213175202121138091022005052225883006
197043153102237042073106487340008006
097133087114231225123076000534062817
047081189212251190074060123420005317
193125150084016198225118532090044306
040244221208205212224170433250002206
218225037006116246215092004434149506
200164000106192182227178414205032117
070243079058202031160047000805930206
197032086052215167248157000803561806
102163100224215163005113164760102417
047169075075237042073104004433275206
002104167192205211043031499103491417
243054251124231225123077000533725117
047123050189244248043249093391139717
237042064229237042073092038200044306
131192122245237042073104004432925406
134164178103237042073094004431075806
044007041030212230037144004435057306
063146242183237042073094004430641606
135084107064237042073099000801433406
047044023125212034078126000000000001
127168132018202024005100004432849606
048161124144192029094254401580312806
153073142131205199050125082244778317
195206159031192030096009643085285706
096052019071205071137203000000000001
047084229098237042073107000803913006
197043153088237042073099000802874806
032243075234205112115227563690102417
033239237020205126033242004435086406
070243078224215161079110000800172006
056021221111199136085118004435355806
075225035192116246215105567190044306
050074105087231225123093000531495517
119131066056212197177155004435706706
131000232124251108225108080384928806
062199080201135079171185004430388506
104171012158131026013068563350044506
062209121025205212227013004435755206
122157194048240183048030574880005317
016195143024231225123090000534346617
213173033209138091022026004435792606
084211189004199138218125270156345917
044062160071215177242038004431915706
153217060166244212073048156306196517
245209094048215013072176000530408417
152148105234205066247109088560131206
016236075040205236095017000000000001
047100179217237042073099004430881206
141183211149202024007001000803232506
047176224028251224088146004431931806
114242107033205184032121000800525506
016215207025192167127138004434059406
245212074040198033045042601430002306
074231118161192182086012369742273817
243054196192215007237074004434137106
231148133116207001129233004430119806
044200152245199224099045004434944406
044029248225244022242189004432759806
044209181179139005144147000805391406
245209093137193065085197415830338906
044026121187237042073099004433143606
213179055012199168226121004434072906
218225036163116246215068004433924406
231148131127138152140101000805176406
197143138162205032025046004432642806
116069050235199220212132004435372906
242037250107205239086195542510008006
133246196098251000115139577232195417
213176048151205164190034052225302506
047048179244215013083029093394202517
016036190082116246215036501540905006
130004046202205125123199000254887106
114076206078205183043066000254993706
236146108017139136059150000224307106
041144093050212227179182004435131606
044095192191116246215120004434004806
137181043113205200247065000804830406
044048051090240223181066004433484206
002002132227202028162074004435328506
243054081008231225123080000532460617
136053123146202030153002000804695206
016195143031231225123080000532893017
064004255129231225123081000534754817
044001006001199153098099000804897106
013158217040237042073107004434624206
073146065195205055099197061366148117
044027144165237042073092004430226606
080203185195202028168184566184693006
141236058147231225123090000530369817
210001148077215177155149080104678506
044222121003116246215073004434297306
146255148210237042073106000802683806
016036125073205185134097000806174006
016242056115231225123074000535972217
153196172031237042073093000802164806
047038099013205239062025093395666517
152009169171202031142152009955292106
133212255193199137235243577475351406
058249219046194115196254348810002306
049196074180205194244118019352105606
002138251132207012143178433205347217
025202146079073165173057562030044506
127107225023231225123072000534726117
253102008178212064119218001230012317
197016034252192182068179004434003306
070243078127217008039246000801977506
058001029157194031041250059386317406
016215131012205217250133004435163206
141236062019139072051021000534320017
021120102213215018163204004430305406
109053025111199221115099514131877317
097133082094231225123072000536009817
138152152245205249057107224964211117
035014146247116246215157444820904217
237042077121237042073104245640008006
044087123014237042073097004432734006
021091198024116246215070004434801006
135059203251139010250152181720005317
208070209173205127099193004433906906
146119207072205199050057514135867906
084114187114073165228230649010044506
131031156247231225123072000536446517
076177103217205213189176052225461906
097029030091199177255044000000000001
048213113101205236095042080010168506
044006085094205066246012004436048406
210132241146139130004214000234279006
016012080224237042073106004432675406
123188126212212064080144000802105206
047168103175237042073100004433699606
237042124148237042073107213980008006
097176228177199137229239116093650617
044006157000237042073095004430796406
130150039212231225123090000536425217
105086205077215177109150000805024806
067005177240139180033116010525644917
062195028070215005011237000802699606
199214013090199153100181261960288717
021068198045244003005191004434934706
114229082046251108224018000000000001
249158180126116246215076004435112506
149042148147202118031253088880110817
119132120183199224149166000805479706
078182180166138030198136046111930017
204096127004198231053138004432862006
044202066072152098211115004435048506
062195135175194086005199000802624606
116069050194202024017184004435036006
236146063110192030007219000535335117
044049230076205236095042093390219817
048164151123199136086061001235351217
141216184215205166127246004434406806
070243078224215161079110000800176406
044222068160205218013206004435073106
213175202244194114090178004435342906
101097090155199177242058527030002506
122052194060199224146018000534427917
141236062206207020027130000533116717
044000083182237042073097004434965006
109210154012199169218120444880823706
076084179115240235108141080642648106
129095216177116247217215000000000001
122016143082202024007021000803156306
108083102101205250089035595593646406
152218188141231225123081000534239417
200124200090192182193067268410012317
048166143134244089149057000803420506
213179055122212227179009052224024506
048030117048202024016109000801852706
119142160229240063017189004434238306
193253220039116246215053519060008006
099254254163199168152210068816294017
213173014176138091026222052225970106
103240064219135079171185004434028106
223007030181237042073103004430722806
044070213045202024006218000804191306
096192061176215006172189030746531117
049121104075244031072068157706415217
123188126168251100166169004436367406
131134146233202029207215001233704417
062215016236212195089174000805197606
049240059253212230042118073684859817
075225035174064005155231004435356306
103219186158073165080048562400044506
062212114030244158005055004436284506
212143078145207020027178004433689706
249158180126116246215076004434816706
098150101187138152125013405026348706
195112232032215106052199517324988317
008075075222212171245020004435433006
034072181169116247217133000000000001
213179055029244248165126004434483206
239213060021215177155073052223284406
141183211081244212136168004435596206
035052211007199169194038333710008006
088046012042192029094254552970312806
139201198104231225123091000532273817
196043026097231225123072000534854517
105206017052240063115034449720312806
044003061204116246215080004434835906
143090042095207001003111004434994306
252171132210135079171198004430987606
103221004190251224005137490796012406
108236173232050065172116637270044506
044085129200205112188193004433626406
210056048111198220156210004435279406
050084215173205139035089246805791906
150216240227073165080179646140044506
108217029183199221119051180735830417
137169187022251073192047000805082706
149140044164064005155200004434832606
096018091219207180012223342505701017
111010110028205212176243004435078806
073026208006205032019092000802755606
127254177235135079171161000533687517
091070019121194078204113024430002306
075063140018192029208164000806407606
016012080215237042073105004430970806
050075028226202029066111081015511306
044201196116064005155209004436094506
044060234054116246215094000804146406
047111224029199171206037004435273406
062242067066244038133045004432874206
076084179115194031112235080642968006
062194252034135079171128004432644706
075065061035205218032178000805180806
044209078048050251141190004433878006
049193073079192182090041053535123406
196093217236116246215022399180905006
141183211149202024007128004436504806
037045133041073165108058591370044506
059018060132199169193248113951697006
076177102218244038194159004433804206
047024035193237042073093004436512206
101033068048192182190021496695875117
096155066062202030124068228874987617
016012080229237042073096004432846606
147021176011215162115254503660117706
116108002054194100124004004430406706
238174144020215005010002004435672506
223139084032212227211137004434758206
092004020184073165173123202330044506
062194058225237042073099004432974606
133127191087199224099045296422670106
112175204162231225123091000532221317
130004046201198209141021000255365206
223007030181237042073094004433472606
022195047082138152126210081025813406
034120099239231225123091000534830617
096132179249199152002039158640102917
002076161133198255181085389096255217
076084179115244248042030080645789806
157000180100192182018091418020555506
070117040229205138176039167724975106
016212001201205127098002004432770406
044007004233237042073104004433691406
008069232035215004019003000806005906
231128055195199137229132579860548906
231148130057198243031003004432760906
210061159027205113204113004436098417
136053123146139096108248000803947606
097133082094231225123078000532335317
044002149129205199052063004435688206
048166059144215177109138000802642906
016215208159237042073100000806373806
131148087034212195089157000530779217
063147165245135079171145462730167606
062206176135138152152221055132651217
016147136175205218159021004435496906
044094070174205251202002004435005406
047050047223251224088133093393949806
233044074114192166170182387062507306
134164179107237042073097025155067406
016215175115244001198242004436040106
131092200134205167107197000805897706
097070182121205217245020010263053617
044068100254237042073098004434872206
196054240167198229031196004435194606
242074089125138030201040596915907917
093220143003073165069201579620044506
223239026122205167204248004432723806
058019148015231225123081000532549717
131099069079064005155183000804584606
128087134179205125073189004656047906
078233043011202029075133093050930517
062243246205205236255194004435189706
247003110196207180012223092170930917
210028117152198033052085000805098706
033239237031205184073173004435134406
096036045095205199050028004432885206
030015094049199152010018034783055717
159090011074244157133205146200002206
030193143156244020058218399250171506
131170083102231225123076000535481617
210005057050212230228186004434267206
236146136233192182133104000801242406
064004255129231225123072000534424517
123188126234193241060232004434932206
113181013188199169202100301352102517
016242056115231225123094000530497917
096064072152202024016087503211873917
091029124200205239056024000805117506
076177103209205216101211004434923406
059030227025199169193248629721697006
222081081172205239071216514230002206
106116220184205217180050617656186106
087114250095199153099243367370044306
007234108178202024005004004433605106
021068194220240183051082004434986506
237042080194237042073107577640008006
047169209171237042073099004431817406
136182216009240183051066000804922406
075091212239237042073094000804019806
208191013017240235109082004432759006
044058185225202167002161004432633806
078078003219199223126076654870102817
213175253200205251204051004433686506
047170254249237042073105004430365206
197249130238202030162131345431034017
063160196212138152126186004432715906
062208142246050254103162004430417206
047171133226199168226091000803893006
044039070211244158005050004435963206
064030115185116246215019618720905006
097132228080231225123095000535103617
070243079033202024007006000805007606
152055119022139010250151235460005317
044201028016205202142071004434982506
086100119105192133080133080005188017
134165164051202030188188004436194306
149042109042212196221146092170930917
132242183018251224228010241975266117
016003076044198209159121654045848717
153175001091139136059148000535655717
044003073115199168153191004430460406
103031050164207180054207000220498306
193253252158116246215223365130008006
073165027079193065085197004455366406
064031253132064005155175004435143606
044019036194205213162078004435864206
062245204133237042073100004435624606
079044076134202029101215591831924406
062206164043064005155190004436210206
147117191074131026013107230730044506
096177018239050065234212154230044506
109099103189199153107083093060115317
047099129132198241200204559870044306
044008083215198231053138004430251806
053064017232192182087200000000000001
047091149163205203003077004435411406
124101052201135079171198004430219006
062217175045116246215092004434073906
129119035082139218240154283055449917
124029251100192182151112004655783706
007232248191116247217234000000000001
136128124208198033105216000532968817
047160182058199153046134004435040206
119049252215205199052063004435689406
071011076234207180048013000222987306
016181154159231225123095000531755017
131000237118202030118021000806534906
100124027018205185135041000000000001
116247099228116246215162599190148417
062247008115244001198242040604409217
047173091017116246215070004434148806
062194073195064005155229004433448706
074227113085073165081176059760044506
016012158204202118035093004455376206
124101052213135079171132004432295406
213175202215205195122012052225816006
124117015055135079171079004435074806
196092076159116246215092004433880006
237241146012202030003106004434205806
090045107053215162059075569170044306
047039048218205099159202093390158306
109030090059215177154201571822687017
050075043044192031161251080802635306
044220085218116246215079004434995506
077182186255205249042076370285429606
141236062123231225123077000531025017
250015243142215027186072230555814417
109237120218198247255148527092713006
243054081014231225123081000532663417
044039244061215160157251004436255706
022195144208205032030112081082777317
085247226187207180048125004434992306
123188126106244001196166004435006606
073155112248138030195020004435965606
247003207029202024016007000803134906
044009050109199168235187000805387606
135079164032135079171145004432265006
086038182214205180067216100376423617
047032016048237042073106004431766206
237042093049237042073099004430537806
242254061245205211005185314030450017
059252155150192182215006001234883617
140173240249205166050116004434854406
239213054012192029212048004433750706
047119206115116246215068004433926306
075055191092202029083144004435991306
135238182035138152126165000800195806
223007030181237042073095004436340606
249070079099212195084193001230002017
021120125180139093090045004431202106
245098098186212171081235494784780806
074226116092244248042022321155835317
249070079099199152014118001230012317
036159084035116247217133000000000001
218225090010116246215077004433629006
231128055195199177082040579860549006
033038140231116246215071004434499306
147247135147073165111095542080044506
248199037074202118055032173850012317
062193169169199177255236019352717306
114229082056212202161204364635340606
218225205098116246215073000803623906
237042094138237042073095004432707206
102175233018205236085028382404180517
044068078155116246215093004435027606
133212152210194039040082498383568117
223007030181237042073100004431879806
203203182002231225123092000535971317
122028053057135079171142000801359606
057184217043139093081112001612495506
140065118193064005155209004436357206
242238087255251224032197596346069417
047011184196237042073098004430344806
122139039247198254094250004434903006
134134130249237042073097004434444606
044051151013215163103161004435438706
101148085180073165080142021030044506
213173027187212196235244052224508806
008072209240207008188174004432711806
047108127139237042073102004434503406
237042071041237042073099004434411806
042054217175244248213082315220538906
197086015014192029255010522701121117
140169207164116246215084004435843206
085034000120050065196212653440044506
070243079058192030023065000803129706
099035122033215163007138069060121606
047186253131199137229234004434752206
206240092254064005155149000804966206
201072135153207008086217000533919817
007234225066231225123075000536416717
251217043237138030243251177000002306
110126121212199168236166389922823206
047050147202207001003181093390189406
197209039077198192207255308780909006
197016034018198241224168004435652206
113111245195207001129237410795629217
104160174088231225123094000536298817
111025038118251073189007395275523206
044094077212205216062130004435646806
137091234062138152125118555004956217
218225155162064005155133004434542606
223007030181237042073106004435738406
196093167107194017228043439510148517
021068194222198229020117004433588406
047084229098237042073098000806326206
213175202127212195089178004435393806
213176048053192132094126004432629406
131000232124244029241125080326074106
047091115084205239062002004435344206
202217215109050240037053572750311006
047110201205135079171104004432309906
044000007196237042073103004431857006
114078188208202118026061586730960006
064004255033231225123080000532740417
021068193037207022029227004436371506
044026091054135079171142004432830206
133064112105251196216067288396485617
157003251020251190074029370185809706
016012080209237042073106004431500206
016012080233237042073100004430267006
218225196123116246215094000805704706
044003159019237042073097004434287006
044027081128237042073095004434650206
086128194026073165089059628660044506
070234128210251108156178639153491417
034120099238231225123078000534034417
223007030181237042073107004430594006
075065173221192182090041250925123417
085070113009202118240254104922862817
114242108220207180012013000804917706
104156085096192182045051004655708606
196115231136064005155203004435855706
030015068060205200242088004434534506
087105244084198033239179373610338906
070048059033212030198179000801370406
044026181255237042073098004432540806
151243192237251196218143406872568617
213173038245205251205218052223297606
128116202071073165069183582580044506
202217215109240063038126000000000001
140076018202194043126007004435211106
119039226250205250088122004432717606
075022168122135079171185004432488706
221191093051192182140199093060930617
213173033193205139032247004434209806
213175253202199168155125004433414006
135084107064237042073092000803261606
047050001111205219223041093394288406
064004255033199221118083000535130817
086106119001073165069228536390044506
100217062131192182172195000804980706
223007030181237042073093004435945806
080202032246192030018051000000000001
124050093149207001012071004435174506
090054028143205218158082000000000001
044008077238215176003242000805662506
016012080211237042073103000802496806
047033146254237042073104004435050006
127242036067064005155132004435789206
047056007114205184035225000804997106
131003246189199208060141004433945706
064004255129231225123075000534839817
127168149027139212103162070761269106
057184217042205249054154001613559506
148074155146212195128205270200353406
047019171166202024007019004433796306
206117133050205212176066062533401117
195066189049198193178204654652668106
131134146233202030150007001235930817
119132120165138091064084004433306606
073155112248205180042138004434691806
223044129146192182066100151514915417
030155150087073165079031322430044506
242029031008237042073104000803539206
133150025028192022164213589505085817
047168103175237042073104004434469406
110154017074199171102231528661773206
147243236040050121228237048612186417
127168149027202028062139070765893206
063146240189244248229132000533152017
047050253241205200149026093393945606
151198129011139001140200464540190017
213175201189251100143082052225767406
123188126106215007244216004432298806
134236118205244158005052004430158306
131210219147194114091141004434303206
117017113104215167248157110052603617
016242056115231225123077000533244017
044026181255237042073104004433228606
063175106254116246215085004433896106
223007030181237042073103004432782006
213175253228205218013247052223458606
072011211078231225123094000532334717
063171239097139096109012040913516617
139049126004205250089229004435728606
062196047072237042073095000801377006
097160054084205239062133036584982817
124001137161192029085105536960002306
013216161037205187184126004435561106
076177103232244248167050052222685606
195160254217207183018018548532166617
109077150198073165034198548930044506
213179055100240063017174004434821306
193235172022016198224000152620044306
016012080215237042073098004431201006
044027081128237042073093004435827006
210004121213231225123080000534260417
146011227178215007140237004434398506
213175202121207022045055052224976006
131003246171199223122141004435246306
079121155110198247250034396770002306
079058079165139212113089516941332617
147250115180205184077111000805898206
127254177082240063103082000535401917
122064115180215027046107082400115006
140243002193192135130182000805957506
062200062195205164190013004430503906
222081183139073165228197557860044506
044207103184198231051050004434507206
047124068215212171082222004434831906
098010064140199169206186342160110617
008069239084064005155149000803596806
016012080233237042073092004431154006
016012080228237042073094000804225006
076084207107244212230125000803438006
016032025242215177139184004433862106
079121155110198231050111554710002306
136227068188192166170123577600002206
239213060003205251205218052220299806
097086070165215004019210033895587806
066150100113199153103042004434200606
063175153012205217251242240401930117
105089197025205236095112340463622106
030214175186215106045108004435032906
210001152013251196216151004434977706
070225231205073165079032512160044506
062196119218064005155209004435064706
133246036069199169214089619225884517
203123039080202030106155000000000001
058107231180212195029213615724709217
047044023125199177093043087655859317
204040108052205251207214195070103517
044027253156237042073097004435638206
087062241185202024016034004433004606
112188166192199169220065081610688106
021091199204116246215077004435049406
050075093021244212229162045003444717
044025190174139219142162000805705506
034111130111240183050076000801409806
237042093040237042073106004431763006
094182028202199169205093330412223617
205143242040016229027041470800044306
098253145160199223127018599600114717
204023110000251196216067502306485617
044069006114237042073099004433286806
033228141050198220158099004433679706
239213234139199168152226052220609406
085024161138139180033116472965644917
239213054092207023228126052226026206
136227068188192166169157602370002206
075067180034199169192096080501273706
101160237152212171170072046350190017
062199080201135079171198004434475406
097117121028135079171185004436298606
223003051092131115056192591170812906
044068128199237042073094004435228806
116086068191205212182066004431029106
070243079058205167205198000805916306
013192054038212196232090004433922806
205128026174244020058009235136303917
197222188038219092126137419740338906
047122249033205071135158093395977906
218225196114116246215074004433653906
047034184031237042073097004433317406
047062092105207020022076004435334706
047160019129237042073107004435512406
044036102239205216060010004435752206
063161108000205166042020004434797206
016195143015231225123094000533224417
047022188242215019014000004433398306
148152013147205218157098004430817806
047034096136237042073094004430945606
047084229098237042073098000806329006
016012080223237042073104004435034806
016049112144116246215071004433829606
050067132116202029085153019504966206
070110199080205032022208000000000001
077003063034205070220062463926020117
033171121239116246215071094824167606
223007030181237042073104004434504006
101223118245202031037138405005032117
137169187029251073189029000801418506
127242060234205212176066004435507506
047124062146205164097081093393603606
152069187160240063103185009935148706
101082186151073165054198638990044506
073027099015237042073094004434163006
213173033203244001196166004432691506
129066131083192182009211005874816906
086106156127212195069119000803950806
157010006055199153102059121286348906
035071075249198255179165132004916306
016012080204237042073101004434736206
047111131230237042073103004430337606
137175047234215007172130297521851717
113165184100199137227109454733190717
202217215109244089081088572752666006
082137076245073165073248044110044506
123188126253215007228045000804191506
220145171171205250090022149712684817
131175084198231225123080000532458117
049003077070138154105125105323401617
202217215109205211047234572754555506
148083148055202024166210000531090317
008069236093202024017178000806149906
238063074219192166172051550200002206
044042138236205219223045004434980206
021120126071199152010024004432963106
139043128189251196216224330664569717
044202201016205187184085004434343906
016012080222237042073095004435979006
141236063219231225123074000532274117
044222189199205217181250004434691006
062247091202205126037152040204387017
200000013073202024017157004430457306
196093065108231225123080000535620417
044022093045116246215079004436171006
109168249235194017012242415181645417
103212063036205249015193000000000001
041144160173207022026070004435201006
119132120164199138218125004434127206
016253001004116246215220505890008006
213187199252244248167178052222753906
089249156025202028186171166955963017
007237234147194017228042519870148517
213184192020198231053189000805117706
124117015124135079171167004430926506
044043010081138152125118081062689806
237042080193237042073096586940008006
044084085165199171104084000805795306
044004063177064005155229004433334306
044095249250205219056141004431348706
075249190070064005155195000804615006
088102023177231225123077000530350917
154048224036205250094132068902763606
140066190103192029060064001232681917
112081189113205213189182001233315617
013217123174199208048027241703832617
236213206120122195111160158460044306
129195111113205212230076553090002206
140169207146116246215085004433719406
109010193090194042196130335610002306
243054009040231225123094000533520817
002002132172050252210202004435262006
214200043094122195111160412860044306
047081207099199137227062495640288306
218225247185116246215107501760044306
200017032114205213161004597230143306
072059166226198255179165004433506706
062195108004135079171142000801353006
202217215109192182191001572751222206
123188126162212195128204004435909506
007234225066231225123076000531307517
242029219079135079171128004434482706
016036124186064005155193000803779706
048030093031199169197123089890700017
195222040238202024004135000800229506
136146032006205125070215404320002306
218225091067231225123092000534253817
131192122227237042073097004435437606
016012094080237042073100044442652006
249237198057249237198146305980017906
082087147135205239062002276356533817
124247190128240063017189052282641606
062195108004135079171198000806036906
058231247169194102242253194342241617
063160038051138152212101004434479506
096189050093199171111084000805164206
221147056190202030091242000804978006
066139251019199224151106004434932406
193253244029116246215055607550044306
231148130151207183137225000805180406
016228206047064005155150000805586206
076084179115202028158134080025034906
197043153095237042073101000800956606
108123122021219092009137477832168417
044004199049237042073107004433066806
237042071044237042073094004433043806
044002162165237042073098004435477606
202217215109205211057067572754222206
041144006215237042073093000801038406
084127183064050065216009517440044506
213184219088244158083229004434660806
202217215109251100097096000000000001
135079160057135079171142004433736106
047169075075237042073095004430770606
073167154222050122123037004435018806
218225091111231225123081000531316417
104220091134205249051092549195002206
063163013066244212229038004434960606
148019225205135079171207000805521906
249237198127249237198146001795050906
075091210211237042073106000801773406
033239237031251108150013004435522206
221197096168199177248057004435760206
047108127139237042073101004434542206
077079068111139093083251498190338906
137166199037202030210253524660002306
077189118204199137227109315653190717
139241158187116246215234000000000001
016012080218237042073099004435757006
044068041184237042073094004432904006
110123190157215255201248000234911506
062245204133237042073093004433110006
047100042173116246215074004435195606
044001245000237042073103004431518406
047091148178244003240044093390384806
075062217254192029095210004434677806
072011141161231225123076000533265717
148083149210202118035093005141971406
133239156193205055128226015790921717
112081188215205202228030080684952306
070213070160202030253242356811250917
195121128160244038057045428710002306
047100056104237042073094004433535406
250193187003231225123081000530259217
243075130167199224098189510500312806
203122039073202030116179050600102417
195004076134205151251253130005619017
044068082160215167114145004435096106
130004046202192182061111000254805506
193254126050016233092142501880044306
030214172246199137227017000802590006
237042070085237042073106275580008006
153172170021198192207169541590909006
125228248212192030020121100864887506
135243069093202024007127004435390806
124101052203135079171146004434083106
047028128176199171109184004436051506
148067222062244029048153000530212617
213187199228199169003052052223866406
063165076061198193176013090015692206
064031255154205211122023000000000001
239213054073215177242185004434972806
204016199221251190074029068815388506
243054081023231225123080000533917717
213175202231205166055177052224017106
097133082094231225123073000533720117
147003207148202030189015009936299406
140169199136064005155247004436402906
135207186068205139032210000000000001
198140111071116246215063571670008006
152148105234199222139061000805359506
091233087082199135035184544600044506
131190122249139143018199004431957806
075067117097205071139022377872189606
153158186166202024007076000802606906
075011030163139212123098482831500106
049192025028205166059108430970102517
044004098210237042073099004434437406
062196047072237042073106000805232206
070243078230202118037189040085649906
136148192046244038204093000533574717
044203060171212194052040004433604606
097132071192116246215075004435769806
116183186107202031041036514135245506
033239237031139218243210004434090206
140065118211064005155245004435374706
218225090099116246215093004434224206
044206000003050254103162000805312106
106082231196050062032209514132420017
044006051123237042073101004430401806
135238165203138145199242004434943106
203150190130138146060186498792703206
016012080230237042073105004433704006
097118125242212195130141652274163317
103207067115138145203016488040044306
146086155068205139035106004433405506
047011074112237042073103004431180206
070090198040205180018173443020808806
021120110036205035005045004433519206
203147130043205055101247266800002306
223007030181237042073103004431358806
197060163098198063097014000805487206
047108167236116246215093004434329506
197180023248207001014198412765576206
119132120165199153056069004436281606
048167178054205139035254000805113106
110184250123205249010089537806385317
131134146233207001003109001234482617
213175202248215177179242004436087406
204073052119199169001210090965651806
030025174210050122228221239015695317
100124021229244158005055004435630706
148091246152139010250152540400005317
206157043065212227179051004433329506
037001244016212171168138129884571217
130150037145231225123081000532741417
075091210216237042073092004431540406
064004255193198222245178000534389817
057120030226122195111160567960044306
231148133064202028199156000805328506
140066159086116246215051458020008006
108232142135073165069110578920044506
249070079098215027090088001230012317
102094238052199208159184523551586217
223007030181237042073092004436295206
050084215098205219153058093484419306
125020145094064005155228000806215206
206240165028050121229033059386276706
016227204246205125182226004436502506
073146116152207000067246004432979106
238063074219192166170231414900002206
015043183027205126032106000000000001
193253220039116246215053516720008006
091234198076073165172040341720044506
136053123146202030207172000805376006
062197081041207001174041000803162106
131255055096192022160173004430293106
196115057066064005155183004433379006
238204203175205184078170000806377506
210030029151199224155162004434337006
131174242045237042073098004432898206
209154205077244031008028000801771206
050084215093251108224232268405094206
237042065008237042073098372420044306
013158073119215018095037004434549006
058037236118192132030139415302819606
202217215109244248204230572750133306
195112129090205138176039606835652706
218225196178193232170176000806189206
032207132098194207242207565406260906
047124203226207001048132004432679606
131210253054251224034235004436296506
200222015059139136059148000531015117
223239026122207020027130004432808306
047187205090205219223045004430163806
096099218252194031038216347652655817
073155112254205212231213004434652506
218252026231205216103144004434939706
044026234095237042073098004435016606
075091159074202024016176354943343417
047160161102116246215084004436482806
148091247183205216067058080815542106
089179115224205194212091543740808006
131190122252139143018199004433228606
016215208159237042073096000804945406
129063002074205148029114000255741806
209198085021192029092226000895333106
047028052146244248213093004434938706
041144006215237042073100000800789806
119136140115240063017189004436443806
122199007067251196218162004435497906
135238162118212196221147095932873406
044206000003215007140218004432552606
213176048254205139034152004434931606
055233075062237042073098455260008006
049089171061198240074178627710046506
002136178183193232172081000804995806
223239025152199169194196004430111206
090054069058073165034088168130044506
047038208044215177109138093392744317
155038086108050057215122000803844306
135236070172205249051081096223912806
097133087114231225123080000530943717
099035121241199171090167069006408606
073155112250192029060195004432667606
062195108004135079171158000803965106
033228141057215167248146004432718306
201137195203050062034042000000000001
237042093041237042073096623820008006
016195143026231225123090000532776117
021120102220207022028249004434998106
140066180204116246215068094826234606
070065137199205216101084090016125906
137203039063244067232090000805316506
114242104196212171082166004434915706
205046065097199177248203261700246317
047048195024205127097082093392659406
110187100200244029048170646265042517
085134001095050065138090546960044506
063175189236064005155209004434812806
218225090096116246215086004433844006
042204059170194102254175060064927206
197215188010205249003219343132636206
213175253227207001186130052222755106
044026206013237042073107004433559206
070071045185205217086147000805399106
044085150013199208053073000802624406
016012080230237042073105004433711606
096189181153138152125118004455521206
047050203175244001199058093394666117
070032085113205032250224588150002206
135084107064237042073095000800327606
070243079058202024016221000805984906
030054086185207180015129588740435806
244199180007202029008091000804309206
233119237026192167232142351521339306
044033067200135079171207004435209906
062206164043064005155190004436177006
044054241182205251206020004430851506
044055096046207001002249004436007106
047111122036237042073101004430512406
013156092125215106052138052235246606
153039112251244020056051199910202106
213179055083205164190013052223933606
047048074236212227179141093395332217
197043153099237042073096000803443806
125084123197192167123061000253465606
044025010021237042073092004433853406
127168149027202024166210070791725906
053221245122199152014224633736437917
064240201170131115160069261304961706
047090197037207183082180004435036206
047041051025199224149005004432671006
047012007131194043191104000534058417
098138179011251215113173370251799306
238041127161205180036021080815027206
098151022244205211052025539774293217
218225091066231225123079000530968817
047034190173237042073095004432018606
239213054090244031010026004435306106
047081091076237042073106000801637606
044007049164237042073106004431518806
202217215109215027047021572754111106
228079225065202118095109000803291806
044009187123212227179009004431596206
206027070026073165228202554770044506
140169207158116246215069004435902106
245103243190122195111160376220044306
137124030045073165111108653670044506
053221254214199137227109425133190717
210063197068202167002161050565189317
099164014178194017012242198531645417
223239025072205199054032004434942406
067016177023202030191226068856220117
197041093027199169198037000536165517
213187199244215176003167052221953806
123188126243244029214077004435022806
152157253169194031117095000000000001
070049107165131115160077000800156606
044022069105205239087212000804087806
133039099106202029111184643840899917
084237133034198243031045620042116006
233088091060194039061194049205807217
131134146233205098029141001232858317
101081106065205219219125080802684106
196093217226064005155107360740905006
044071163026194038153037004435704806
131003246171202031054148004434864806
140066159086116246215051457880008006
159090048090244067208146235120002206
096231009177199169214136593990484517
005085194095202029111184342760899906
062199151055199171104081004435250106
211247139085202024006151000804234106
131151065185244067135010000531230117
202217215109050249223111572754333306
097202101174199137227109537931865206
113182122052194102249026348461803917
047160019129237042073100004436216606
218225090060116246215070004436335206
083025185105192167168239520860143306
129090126096215162112216106665125806
075249190067116246215092000804717606
152045085017212227179009004435488906
134164178088237042073098004433827006
096133245188205126037093016740338906
098135098011202118035010514910808006
103210118219205126137098587174915906
047101096034064005155139004433371606
097133087114231225123091000532936117
016061052108244157135234000000000001
133212250254205126032234293495441017
239213060013244001198242052222654506
047100122012237042073095004432819806
072011018145212030198220000803886106
129048013178198032158163000804295406
119132120170199224155225004435143206
117246140101199208148178216570038917
223044129146244157132146151522712317
016175038146050254095245050562813817
062199166044212227179073004433073906
193253149154016238145171633060044306
047186253131205217250227004434082806
062196129091116246215073004434953506
044004098210237042073105004431536206
233070057042122195111160441430044306
197091195201205251202232004433822706
197016034000192182238173004432706706
070071046246205251205016004435074606
016003076144199137234097655155190317
062242075111116246215083004435164706
093041018059192182057063005873374606
140039109095064005155195004436154806
047124096231205251202105093394432117
044222020047199224147080004432659606
239213054006205200149026052223664706
218225196178205070214031000802762406
044222002000215177177109000805067306
016012080219237042073248020010200117
143232086152198247253047050574719517
124045236217194114011077328333343517
027136164009193065094229011195293106
200127104211139218240252000805642506
044048038061244248141175004434197606
119132123093205164096216004430709406
021120124193205211057003004435244906
083088000110192029094254000804070406
223010192239207001000069000804933106
047090229227212230042067004432638506
208191034172205138232165004436099006
108022152234116247217119472300002006
218252045132202024006110004430923906
210016008072199137224253000805465806
238204232120215106210138000805100006
248199104002212196048209000805259406
002002132227193065094082004435953206
047008157061205066158143004435040106
030015068020205035078226004435473606
099141005084116246215077094825562206
218225205094064005155230000804889306
253102008178207020019084001230012317
047170254249237042073093004434006806
146083121011194102253241004435356306
213176048053139143181081052225664706
196115231136064005155203004436433306
249237198226249237198146500430017906
149042084212198241202211354320008006
002247040147205251205181346785472506
057184217041193065119008001611290906
047161047055212197209088000804772206
133126082012202029044062113376381617
201081175186073165089134568040044506
083182019051073165079031568300044506
141236062120231225123092000534546317
127168149027202024005148070794744706
041147041232205184040035004435934606
239213224181138152152083004434947806
223007030181237042073106004431083806
021120126076192135131109004435354206
129109227208202029140245004435586306
062207074055138091022066004435451906
233044002119202118133033320300002306
131134146233192182027130001234723117
137113233050073165105067183420044506
044218093119202031029233004433780706
013024109104205032027249000804485806
206111251194231225123074000534573017
047002121236205098239114451506466417
136053123146215167114022000806304506
148094169014202028228020004436324606
047168186061237042073097004432829406
206132117026073165069127624300044506
044026241102237042073104004431933606
197190098123205216101193213560338906
111071205238198254094066624905411406
112115172010205199050125164275963906
044002014223205138232162004435025206
153119126045248200034126000000000001
127029204202192029095218004435526306
193235172022016198224000152650044306
131020167111202024006174154464949006
021098062053064005155132004436469606
041144006215237042073104000803686406
073027006102237042073092004432669206
044000015180237042073103004432497606
044211175180205250244146004434362606
131092200134205167107197000805766506
044000007196237042073097004432032806
201166095121202024007031004431803506
140065118193064005155219004434086806
119132120167212171245084004436118706
194238161061193065097194574036417217
218225091018205113252248000805719006
153173169042205236227162004433111406
122028053239135079171175004431446506
044027081128237042073096004434057806
203022103120199220220016000000000001
128101120148199220213043000000000001
149042109042198255185139092170930917
047190236002251224035070000804943806
248199227104212227179154000805444206
025066246234199171102231516861773217
223044129146205216065254151530409717
091127167234073165104075604740044506
213184192000205251205198052225455006
063150146075064005155209004435773006
202217215109138056077187572750877006
044061188100244001196166004432661006
132200100181215163166105525382461717
048166074155193065086210250003296206
197055240105198193188156528220002306
197202025113202024004083080804007806
218225236219116246215157470620904317
050094106084138056079018000000000001
197082049037116246215070004435043006
047011196101215163167234004435957606
120070145190205126037018400820222206
049101200035205249180088000804929306
062243112112135079171185004431619406
132222120117212230228014240315089417
141236063224231225123092000530528117
213175253228215177242173052222715506
218225081072205236095017000000000001
070032085113207022026213588150002206
213175201179244212229180004433792006
092016091181192030029134000000000001
063166031235205066159063000806171906
096189079173193065061188004435556206
203132058010205070220088180222623917
135159110072205098029179000531678117
122013118052192166236058004434816306
016048150183116246215246391510148517
044040108163139010250151145730005317
103119081087205184032170000000000001
116047046239205183117060069640002506
223044129146192030124119151534915517
122016143082202030053228004434119206
075062217254205032029047000805431306
203203183102139218240237000535695417
125144005165116246215082004434535406
213173033201240235108141004432701506
204171005158202028247192425905899406
243054009052231225123075000530785517
044054239159205199055167000805021806
223045061163199137234079082904592406
233101233063138075186081004650410206
113174230028050065235223517430044506
157134095152202030124041203855921217
047187049073205112188162004432671606
223007030181237042073104004432737206
134164179105237042073097025154694406
131143133229231225123076000535857817
223007030181237042073102004433547606
141198057156205218157165004434540006
141186045184194100119083004435352106
044068041184237042073103004433743206
112081189113194031030180001233677717
030049135198073165105094568090044506
035182092215199170237185297131468017
091114128167139212126037444821013817
243054009047205126137163000535852717
021120109093205151251253004434929706
016150087052205032016189587670005317
131210218147244089149090000801215706
150190244041205219220080004432644506
047091148178244029084150093391646606
137172080189073165228217563990044506
075067047064202118045149004435105506
196093065108231225123081000531935217
124210138246205218074002004433030506
077069116104205127141078032602344406
135246243180050065216217554160044506
047186099120198247255001004436019906
100197034181202024007117004432663806
033182062241064005155231004433853306
047032170027205149042243004430337606
103207017040073165090245139880044506
112086120224192022173005052225569906
139169064229116246215092004435485606
218252003176202030168168004434606306
132012101156138152125013503852835506
214230051196205249006065068823720317
223010197051205071016026043796514117
213173043241205218010188052224670706
112086120224199137226209004435579606
044023211135064005155235004435763806
137113238054073165173029383850044506
075066212249199220223085000000000001
077188253254198243188105202271991217
131134146233251000115136001231819017
223007030181237042073106004432406206
112081188215199169014143080685644206
127217088195199169086029222225682906
124101052209135079171187004433077706
223007030181237042073096004434110806
044039187070198240074189004435790906
243054081020231225123076000534245717
109162043033199204101063080850232306
047049082194198254088233093392884006
016215169159205066251179004432798906
131210253013215167140198000806096006
136053113125251190082073004435129306
156233098093205217251232068810105117
092025227085202028003235417185833406
103119023005194017228064000223678806
135079191083135079171063273120044306
041149159087202030147050099984204306
113175002229207180015129566890514106
205053064222205126033101423195619006
041167138161199223125061004435495306
047108242213240235109034000804989006
146017019058231225123090000534098417
212143078145207020027178004433692906
113179166219219092051184301590714717
055233058034194017230106531475861217
062193227239199208061152004434358206
049132088163251224116046625295397306
078026223186073165054038274650044506
091233126045050254094253594725452506
013217242148199152011094055012679217
047100158133237042073095004436487606
206204150161131026048177516980044506
007234225066231225123094000530801417
141236063128231225123092000534190817
058107166151205032024094334711444317
237042071048237042073095004432274206
127107225024244020056039000534116217
082074103119205071033121052223744606
003144073184199177082125004435041606
105035246084131114012187004435095106
016012080227237042073100004430230606
049203122028202167046207239070688117
034209214108202031158198612410044506
044200036077244158083125004430643006
119132120171205203250119004435137906
141236058245231225123079000532590517
213175253213240235108141004432702506
054062046189192029090229052224886406
008075075233207012139142004434943406
134134130180237042073102004433876606
210011254147244029049006609646175106
044063045206205187185082004433543806
042075110128198032097144267480190017
249158180126116246215080004434999906
237042080193237042073099004433768606
044018077204205055128226016265099006
101177044205207001003108119244019517
044087034147215006253059004432654106
100197034179202024017014004434387906
086046168141215004160101286220104506
075227179128064005155139381830148517
044059128057199152005019004432662006
047186253131199137231133004433354806
110045075191205194245135068813083406
079011211023194017229141000805462006
053014161214192167232114591712427717
091177248076192182193067332350012317
139185148133205125074025005875933806
062205028045139128098015004431803706
027136159179202030146002037245182406
062246154137205098239114450046468217
148067222062215007246013000532960217
047094131171205230090218000804028206
105160216056205250243185127772727317
196092076159116246215092000805046506
119137092196116246215071004433975606
151091189148207000065173000804308706
213176048168205251200098004432918206
096039014057073165069254051550044506
047048194001207001001018093394013906
226025000192198193190154080005243806
044022205025215007140142004430263906
218225162184116246215157647020904217
213187203116198231050179052225119306
107046231137050122137148101780002306
016012080233237042073107000804165806
129105069053073165105053638380044506
073027146097237042073100004431282206
197043153094237042073102004436059406
044222123115116246215076004434577906
122028053239135079171175004430908306
082242143025194041046019000846044806
047026130210138071026249470345050006
096043193078212230172062204065264006
103213227073073165073031506690044506
110122230102215177050012122462710617
102027147179244031075061105872912906
103240064219135079171145004431592706
087240091217202030021250328110002306
047112113240194043189090080003322017
062194058225237042073093004435129206
057106106211138030201111514130102417
146001219226215004019210033895597006
196085144067202028028145348854049417
254116215086050056158167403305030206
131210218147198255189227004435160606
207231226091199177240157280035778906
233051037248207001121150499351420606
008075075143205217087120004435356906
044200190057215177176101004435436506
096189129032212227179009004432627006
047045155105050122229067040174992806
052135059082207001165065000806127006
106110170150073165110085571050008006
223007030181237042073099004434685806
101145127128199177093218000800280706
213184192026205195123178004435380306
081052245014073165091019602860044506
044051109056199153043108004434961406
044039253148212195089174004432773206
076177103217205213189190004435494906
110238033119192182190021579445127706
072044232220073165073200119810044506
047037118172205236254234093395757217
048181084044205166058135000805419906
213175201181240235108141052223882806
141236062182231225123073000530960417
050050071136205126033124004434947306
044084100078139218243192004432990306
032241194091205219175168004434663806
104067059174064005155183000805657206
134187045247199153050217601480005306
062236167248205167104077081046454006
044003153154135079171142004430641506
099035121241205212182066069006288706
021112097091251224005087004436482906
149247038031205098234031004433927306
226154176178199169214218004436310106
223007030181237042073094004434830806
134134130180237042073096004432488206
044208070252251190011114000804767006
047109177040237042073098004434881606
044203001195251224228062004436378706
070255067158205098030028558334815706
083208064147073165081177032230044506
122028053122135079171207004435577006
223007030181237042073102004430786606
084125140111050065250007537760044506
047001045231244248167022004432643206
044205014163199169007017000804023906
140242147094116246215092094826283406
016227205096139105112086004433941506
063175202202199224099045004434941506
141181112240202028153040009935251406
062239181255205066249189004432683306
016012080235237042073104000804229006
062194058225237042073094004430349406
217006055045251215115082002573575606
196012008117135079171145004434620206
050084201042240183035172061083738806
197135177238205199057251000805053006
124101052213135079171132004434800806
237042093021237042073106000803772606
133007134213202030209044604864648217
123188126105205184076174004434926706
044068100254237042073094004431839406
070222038037050065249223298040044506
044068050068237042073097004431062606
116086068189192022160239004432672206
044000237141207001174138000806274306
129093196170135079171198000804690606
200126252075198243031045501972116006
127152047038244003004137588123685417
134142254063116246215077004433375706
213173033200240223029005004433316706
119132120167212171245084004436121706
044026241102237042073096004435026206
131134146233202029059057001233432417
073165246181202118062080004456215106
118185054238205249051081491710645717
200016024008205218074002004432637406
245255254091073165054009540120044506
153145016218194114011227004455805606
047169079216237042073094004436528806
047111037100116246215122004434934606
124050093147194042039083004430983606
196052037242198209153020151534915417
044056044069192029170002004435399506
082051144210073165111166511740044506
016012080209237042073106004433494006
008069239084064005155183000804358806
247003114212205184032168000801121106
044198159141231225123091000535590117
062200101139237042073107000802870206
047169094069237042073107004430622206
047100019241199137227028030741533217
194137048022202024005121581861344617
130150037145231225123076000531904717
131174242045237042073104004435552806
238204126227016229042242356910044306
096066222118202029111184216470899917
005056171003192029094254497580312806
002102009075202118034226000000000001
075091211162237042073100368160044306
077142058092202030099057038474473017
085134038096073165089040621630044506
047091150075205139035190004434746606
242072015194244157132105611000312806
153035188049231225123091000534668217
072011211058231225123094000535601017
209101054088244248204034558225744406
044004213176237042073105004432641006
070235053001198254091122078280899917
047109181248212030093130004433785606
088051003213192135131115639472692817
114242107029199192043081000805099606
197061129192240183051070092120930917
037045233178050065170076495220044506
047187107211199224159166004432727206
080074139101205098239253000805903506
044068123008237042073098004431663406
149158111009199152071028000805515806
072011141002199223125104000533661317
123188126234205219172218000804973606
237042067017237042073098004435023406
195255243122139212098010544720338906
102216058217199223124253468530104317
044000083182237042073093004432733606
089141193038202030141146280791688106
062245030200212227179154093393887506
047168103175237042073101004430631406
110187215227244248141253611374161206
047090172033231225123072000533327417
116047046239205183117060069650002506
204049074101199224221141127210603417
075246093217064005155247337580905006
044020059171138091018165000803914806
223007030183192030062002004434035306
213175201188198231053138004433665206
075091212215237042073094004431285206
032210176179205251207120000804952106
237042084195237042073095148220044306
047188108033240183033222000804900806
141236059044207023144230000531337317
098161121119207020253204004430168906
135084107064237042073106000804455406
112035232070207180012205312223070517
213175202228215255119030004433401806
116155094188064005155230094823694306
200124200090192182193067145990012317
013192054118251224032197004435054406
202217215109199224102123572750633306
149158111009139180033182000805642106
063161004001205139035089090012754706
070243078224212030198085000800448606
243054009047231225123093000531451717
090051040137199177255221004435547706
202217215109205213166053000000000001
109204240010215163006231522360102417
127101008018244205138029572242687517
079121155110244038192019484570002306
231148130073192029095205004436543006
022246087050205239062133090050158106
047111041154237042073105004430930806
076177099139215177242182004434756306
027218113178075202188178000000000001
127058076176064005155239427461164017
109197032160205187184009580164704917
057184217040202167128223001614883506
079121155115198252046029455140002306
149158116052205032026175004435149206
243054081023231225123094000532251817
239197244051244038132196080005478206
135211169121205216101226004435426806
079121155110198247233225431800002306
197015102164207180012223000805878206
197143138162199137229252004434048606
047027233164205236239026093396044817
047009070022237042073092080023958406
130131221088073165228025053830044306
130149123057064005155158000804403006
044027253156237042073095004432016006
218225090060116246215071004434033006
223044129146192182028012151524915517
119132120165199221124124004435345006
044007049164237042073100004433152406
047101025201237042073095004432886606
030214172138205213166207080804466806
042090135235199204086144294456422317
195185218089205032024094423082733417
101217126154202029158165525554649006
088046011222240063114060520210008006
239213054093050062034042004434893606
073027217212237042073103004433332406
197243251072205125121130568006051906
044039080215205250088199101455107906
075236161207207001172194004435008506
087105127246205187188127051413866417
223007030181237042073098004433379606
135243069107212202099029004434455606
047170001253237042073098004435142406
248138141038192029095210001235767017
103113246165194017228064000225254806
213175202109240235108139004435249306
070032085113205166121153588150002206
134009113047231225123072000530722217
016012080229237042073105000800957406
077175212199215163006231345950102417
047061105114138071026181000805197706
007213074038205251202071000000000001
033245039250116246215092004434281106
111014027151205180215003349192732617
218225236113116246215087004435520806
016049112144064005155245004434999206
213173038254215176003152004436099006
135157217004237042073105000804148206
244199180007202028190186000805089006
124029100251231225123072000531052417
097133082094231225123091000533900817
195121207143205167059046259970002206
238041139183194115200056393780002206
136151110106202024006093000803791206
253102008178202029100115001235208217
076177103249050254095210052226078106
097075223201244127067110463985688817
016012080228237042073094004431262606
077180108082215177176058001105998006
083180059079050065138118528470044506
044014219099237042073095004435560806
226025203251231225123077000532015417
218225196096116246215093004436377506
223014026255215018163133000800321706
196085110087202031021214485773919317
231232160167199221119051598455830417
091195034077073165059225620810044506
007220250175212195128205443343558217
135079185143215162057079272890044306
041163246109202029043099000806227606
021120125180199224149249004435565306
237042091035237042073103566900008006
053009052032199221119051220445830417
158005045024205249003219438105226806
075066097014207020026157004435047206
073027151207237042073098004430396806
153173169042193065012186004436035706
150190244208207183143063004433745706
087062241185202024006084004435050606
070243078107202028213145000803667606
141236058236231225123081000536519617
016049112217116246215071004433752706
208070209162050057213169004435279906
111092218133251196145111505660899906
202217215109207012133201572753111106
063175069033064005155209004436083806
044002162165237042073099004431785606
197061131164198193176013092100910017
075091212215237042073102130320008006
237042093025237042073099004430771806
044003205117116246215084004434462406
237042080192237042073098000805654006
193253219241116246215063275000008006
237042080195237042073104000800900606
016012090104237042073093457860008006
088046086162215006068120086330179706
047022188242215167112218004432623506
213187199252205251200212052224742406
124101052201135079171198004436066106
042204059170198247225208060081674617
041150227116205113202245004433942606
062209016255050252039173093394308117
151198129011205199053185570830190017
070243078228198247255219000804928206
119132120180205199052063004435687406
200175066028073165107086516000044506
131000247058198255179165505010412706
243054196150199224110034000805591006
103199228023050251141051588550002506
044206043232244248213082004434364906
126052120165192028053002320052645906
042204056168198193188205070083351417
140065118193064005155219004433990406
040241215213215161042028484490808017
044060179198199177255247004434703506
007068087098212195128205165831573117
101160237152205201186237456130190017
049208126211205251205243000536025017
131092252198231225123074000534368217
129023253169205249063025004433979006
116247053099116246215074004434695206
131134146233194078209086001231363317
225021054208199152108151514486150217
195074034008073165109235331560008006
044196127155050123052178000804072106
206168034013202029001096274662953617
044025168013237042073107004434129206
210030029151212195128205004435860006
047123100055139096108158093395813706
138038188045207012129086611131737517
047187210066248200034098004435149606
044090228110199171109162004433291406
203248162050192022161012133140002306
033189171119244157135234000000000001
130004046201192182213103000253846206
076177103213050122167031052224403606
112081188215212197255086080682465906
149158111124205125081033088975552206
044008002107207001131073004435186506
016012080208237042073100004434232006
143165233006205126171058048135336817
201013121082016032170222141643931117
199110122247139212118057289336353117
047119177027116246215082004433602506
122198090099205187184044000535396417
016188010164064005155107000804368806
135243027104212227179051052225653106
195222041194202118045005000800145806
216038007091202024005143004432020706
113164251010244003007227263406021106
075091213029237042073103004435237806
084251235125205236095198499420044306
210028117153198033052085000806187206
013216222059205187185240004430177906
021068179035207020027239021955502006
248062241188207183132053375316237017
044027244149205138232162040004459717
104160174088231225123076000530514117
105097101142215163164214524235984606
033236230068116246215073094825974106
044001146208237042073105004436069406
047084231039212030093150004431228406
044094077212244001199098004434851206
105216191026139219139109497623064617
140065118211064005155245004435040306
047186253131205213165247004432741006
080215252197073165105002324580044506
053196197175199224151098010453088017
075009205015205217086025000805110606
016012080216237042073094000802491806
235228026118244248165189000000000001
088232059231205218030093267980808006
244199180007202029202198000805574406
213176048130240063017174004433644106
002120212067240183051073000805293306
237241128204205126032236034782659217
016012080209237042073101000804581006
242037250103016233083247392180008006
131190120054139143018199004431639406
044036255118215019149194004436537606
196085037153198253201166233480002306
044026241102237042073102004434631606
109060008221244212051164514132900017
224115233227240183048204004433533706
131134146233205249013131001233815817
197143138162207001000068004435385506
047004158195205249052064004431492106
221197103046231225123072000532091817
103119004169199224154086000805017706
016206189052212230061007000000000001
134194243086193065079005019355314606
073155112248192167234008004430504106
050075023081050121196015004435034406
252171219033193065003146020134928806
204003051007231225123073000536036817
034254000098192030106200068892602217
116247054078064005155107000806437006
210027052077231225123079000535133017
206157034038205066245181000806091506
197061131164193065103105092100910017
075095164219202029176228100080365917
044020221114212202218156004435506206
106166251152194038091109004436064906
141183211149215167114013004432280006
084113082224073165080238566000044506
213179055064199169003177004432646106
050029193086205070222205526322266917
099113214135073165228025418570044306
044030181210215006174108004432714306
044068226171237042073098004433651006
197129021136215018095077010252681617
070243078216212194184200000000000001
088133069164198255187050000803968506
110126190155251108224044377753889717
036222005225199137224001647240312706
130081189221202029115088004436100906
238204064136202024166135004433531806
155192209060198229148197651580002206
101090213062050123083170004654284106
044004189082237042073105004435706606
016249228149199153061043535300148517
231148133151199171093187004434971906
119132120180205125077176004435264106
086039131076244022029166597680002306
125020145082064005155139000804167706
149042148153139212098006000530205417
157130192030205194212091461520808006
041150227110215161084116052223790806
195222041194202024007171000803191006
069142040212202029062001512070930517
058095058053205187184126541104305306
044026121187237042073095004432043406
197202027123207000065169080805809506
121158048131202024016088000805103506
239197005046244127032097255654961806
156248237240231225123073000530128917
016012080225237042073105004433290406
131134146233202028180056001233289217
194054139250199177245230589292910506
044060211007205236227163004433564106
223010192255244205153172000805171806
070122052171050254094253649055507817
044002217229237042073106004433601006
247003110196199208051034092120930917
016012080216237042073102000806544006
062208195127192029185101004431242106
016242056115231225123076000533409117
075062217254215163100175000805500606
213179055072212227179058004434309806
244014071021244001019238004430306006
062196047072237042073098000802014006
102106135199212171043203068815694706
044021118016199152012215004432382706
197136151091050062046170004436443606
217227176220205071038122000805254406
218225081072207001132215000000000001
044003061204116246215080004435707706
223007030181237042073099004433870406
016040071242116246215082004435386106
073171192226215004032058004435821806
059175097076205098232130633681643917
047177038119199168153191004435116906
044062160071199168152106004434527106
253102008178202028125237001233782117
086106077047244127022114495110143306
047119081048116246215068004433972106
218225236133116246215087004436335306
239213054008050056130221004432713606
131092223097240063113193000801687606
075009214061050123054018000223445206
096018091219205249001036342505472217
008254242188231225123091000530114217
016012080206237042073093004431512206
047028006027199177255110004436402806
044077125204202024016166000800321206
223007030181237042073098004431747606
044002237020237042073103004430708406
131134146233202030143047001235030217
131190067121139143018214103214543806
220017108156202024166138004450280406
105198032014231225123091000535423217
077023208110215013072176199932849406
070094157044205127141078524082344406
223007030181237042073099004431897406
070032085113207012135039588150002206
079179252080215255063180142875327517
114052184240205212182122480054950706
049038172130215161111253246315575906
249237198211249237198146001794218906
213179055069251108156239052224205806
211247135085212202150023070750213817
131003120059199137236115004435455306
057184217043202024242218001616378906
032065047039202030157146497666010917
073165036168199208061247004455589106
209154038159207023230045402260106917
148068184009212232226111004433985306
136227068188192166174062490090002206
218225091178116246215032000803811606
206169072222198247248208568854091317
140065118193064005155209004436350606
074226120038240183048189030745413117
200039080163198033206224338090002306
107103001089207009053128514131264817
237241146012198193189172004433607106
237241146014193065055022004435288606
137031085009193065070237000254996206
140075193213207020027134004434553706
044027144165237042073100004432488006
223080101102205251202064000805010206
047086061112199152012216004432390406
254216107121244089149057150444845817
063164183106205218127053004435003706
112176210117207001000048050565950717
016012080205237042073102000804718006
218225048048116246215079004434440506
249127205079116246215084004435487206
075009027036199220211146004435884506
044023166209205251200174081065479906
133212188061240235108140175713015417
119132120164205113195247004434789706
129214018179193065101251004434997806
153173191109193065117086059386524306
109095087110205212179044390140002306
196092182181116246215241576240904217
126052088215199224155162000804513806
076084085018205164112018092123401417
218225090060116246215070004435472006
042204060035205200226102060086411017
122027138115199169214215100863947406
073161166002139072053034563185177417
124101052192135079171146004432211406
047090020115116246215083004433611606
131092246045194017013017005875686006
197043153081237042073248020010200117
044086147131205071135158004435006506
197043153079237042073093000801751806
044014219099237042073101004431113206
251156166047199170237189586852183517
021091196016116246215070004435270806
109021010220198243188105494572750417
135207186068198253220165000531537717
030015071107199169218091004432957906
016012080218237042073103000801498606
148067222061199153099165000530577317
062245048165199171104071004432622706
119132120180199223117005004434973306
047045013136205251202119093393590217
050074119144231225123092000533541817
135079184236135079171006305220445506
044085208106199168159141000802478706
152148099157205218024101000805045606
149210181171205167107197004433594806
213176048252240202184166052221089806
073155112250192182040109004436095406
042090144166202029101215010535783417
134130250203193065028142000802626406
073024239137135079171175004435029906
136053101161202024007069000806250106
016193029158116246215084004435985806
021116017229205212176232004435627006
124247190164205164096216004431892106
136126045134073165054110289590044506
073155112250215018092105004435373906
002002132232215007140142004430166306
016212191031237042073094004436096606
047190025056202030175185050563989117
104162030011215007140194004434996506
153172170021198192207066499590909006
007161105116050065188015587900044506
196092076104116246215074000804770106
214019075180205167204207011082117017
008075075157198243031003004435791206
119131098031215163167018004432744306
062213146162237042073098000800627006
135059218223050252039173004432661106
130121094160231225123081000532917817
016012080219237042073106004434942406
042204057159205202141188060065627006
224255190058050057213170312491708817
134012045040202029098107394771910417
016201021243251215115082000801573906
030214173123244157121226080804923706
063164157161237042073105004433550606
130218156189231225123092000531902117
062243022177212034078061004434610906
230123000233205239083074449705341317
044039070211139219143227004432834306
117079156254207009053128603600102517
016236075040205148025190000000000001
119132120170205180052031004435427806
141236063126135079171146000531272417
119132120174251196144061004435353606
044204066086116246215079004434197306
016049112172064005155210004435339706
228079014116240063112094363983725106
238063074219192166172008510620002206
070199105009139105124216075790044506
226154176178205236089077004432949906
044204175083135079171128004434825206
113168173189199224156157529426287906
044026075184116246215084004433488106
016012080194237042073100000805532806
148083149147194039037049005140866206
050074105080205217086017004434916106
044000190172237042073094004431174606
213179055007138091023141052222260806
016010006058198247232101000805626106
210001152013205250089229004432751006
044090247097199208049150004436387306
123188126160198253203037000804532606
047050148206205194208062093396205606
199013124035240183054036165971458917
143234087238198192214082004431239806
021120109057205212182066004434958406
057184217037202026247115001614449306
048162040029240063113219561830008006
242037250053199221114212446670044306
135211169116205166055169004434389206
113141201032205251202058504760002506
041216095178212195130140000805329106
196093065108231225123072000536016317
080072190193207183092239312540002306
131092242153138075188017060145031706
234121249076198209152184270672785617
243054059077231225123072000530666517
237042076024237042073092601140008006
044008139092116246215076004433820206
047119173016050248123252004432650806
119132120174198255185139000803869906
021120124167215177155132004435061906
251000214230016198230169586330044306
213173142219135079171185004432123506
140169199219116246215092004435208006
058226202253199177245245051562789717
062199082095116246215073004435836806
062196033115237042073107004430418806
044037081167116246215071004433837206
047048049253205166059032004435356406
016012080230237042073100004432050606
075065173194050122167218000000000001
044006045006240235109053000804087806
047108127139237042073104004430436606
022213224091237042073093004431642206
231148132104193241061248004430771906
103245144052192029095218153522687517
197143138162251100166039004435222706
044051104168244248213082004433700806
223010195121199137233223270195203717
148068184013205184033144004433582206
048167124018215177154201200841287106
047168079013116246215076004434016606
044004098210237042073097004433209206
243054081008199224100173000534124917
206185081134073165034230496540044506
100208217209231225123081000535383317
016012094105237042073107044445264206
147159253170116246215082004435464706
016215196018212230173215004433344306
213187199241199169023140052225278206
244199180007202030088166000804992606
062241215150135079171175004432762906
037013175244205236085005301005371117
073027110110237042073096004431523206
197016034086192030099080000805435406
047109193091199152013254000802764306
044023067255212030157157004434992606
044017097219240183051085004430766006
047043131000198255185126004434859406
044029250168207001164181004433823106
211245217106205071138052321095905517
100197036137202024006028004436032906
140065118211064005155209004433680806
218225159168116246215079004434442706
135238162119252248027077096645949706
033228149152212197179250004435721406
021091198024116246215070004434223606
030210075153219092204046004436176506
063166231157212195089174004436393506
062245058127116246215084004433710106
103162183136202029194046590531152717
194081183029205126037089122880193917
070243079058138056077082000804322606
016242056115231225123092000530113917
223003196115198255177173000804963006
140055195081139136059143000534904917
075091212220237042073095000805597206
202217215109198209146156572755444406
196052037242207180048013151510409717
218225090112116246215070004433328906
253102008178199208157057001230012317
132242246115207001129237422076272006
041144205055050254095245004434083506
196040118093064005155028589380905006
127107225023231225123091000534505717
047001157156198247249100004434502406
112081188215199137229234080684992906
137163200218202028198214600695054906
127168149027202029198011070794940906
044016212026205184034150004435229606
075095166010205251205173550005760106
015113109044138145199253651000688106
204206083077050255049114621280206317
149042109042244003240044092170250917
075225035185116246215122004434870606
239213054005244248165117052223962606
063171018010215163004023561482838006
223007030181237042073107004431300406
030048214219215007140194640030808017
112233190219240223014061505005361806
253102008178202028171190001234028817
140169207166116246215092004435606306
136053110204212064070177000805546006
073155112250050253156072004435241417
104053115061244158083033558530929717
106096110037199169206128058700038917
218225196096116246215086004436509106
047045239215205236225183093390760817
091232099007139218240154654305449917
013192054010251224032205000802800506
030015071079193065002246004434685706
084125140111050065250006538910044506
124045222037205066158143177711010417
139185140196202024007188000806300306
223239024084244038133045004431761106
098144081115122195111160020550044306
078085221203207180015202000235077706
062205145019116246215070004435300506
070048059038244089100193000805540006
073027146097237042073098004432458006
080215018103122195111160145140044306
044085150117205219216058000802681106
213173014179202167003181052220153306
044002237020237042073103004433955606
231148131172199171104068004435049806
044221037002064005155174004436453306
050050026075251215148150055000304806
016012080204237042073248020010200117
044006157000237042073092004434194406
210042114213116246215044577680008006
073167155202251215115082004431427306
124043012101192028108218000804697806
047100028131207022045042000802535306
073027151207237042073094004434240006
044209091165205149043220081185814817
114075042247205249003219174480031617
044026127111199169004236000805316106
141199229081192182019042000803681406
044011105069231225123077000532701517
237042071024237042073107004435572006
124055108178116246215084004434054106
136052251223138145205244048300044506
218192220238251224032194004435342306
062200253054116246215095004435011706
044018077204199177087044016265129406
100153109005199220215254000804262406
218225037016116246215092000805822806
063147052086135079171104004434136206
205129031122199152010018121112772206
218225090096064005155210004435235506
016242056115231225123072000531523117
049079135189244248167058004434931206
237241128204205139035254034785603017
044093174236199137227208004434943906
062193014192237042073101004432447806
016012080219237042073098000804915406
149042101045207001175121092123147217
238063074219192166174019549920002206
130004046202192030073064005874977006
210016034131240063113219600120008006
218225091066231225123093000530528217
129048032197205251200174000804148306
131130025235202024007169004436485406
044048010240199169015090004433522006
124247185107050253169020009935007006
070243078224244022063037000805019706
044094082055212064068195004434397906
084113197156202030242024540255667917
141236063061231225123076000530957917
238020106039194038153037004433473606
231059146130212171082154536963940817
158079171252050065172151207460044506
062254125250251190083237004430950806
122016143082202024016198000802171106
124101052201135079171142004430557306
223007030178202024007212004431045506
223007030181237042073097004434729806
149042148152202030115023000530102717
077028057191138145199250273602878617
062202167239135079171002484580044306
206157040178198241227125004434327706
223007030181237042073103004431627406
197015102164205184077012000805083306
041245062072192182080250004435430906
047170248188237042073100004431214006
007137170022205219152045473842636406
044027171229205216101226004435046806
218225090096116246215093004433485406
131000162028202030022032004434958606
041166031197252248203203000802859606
112081188215205070215213080685092306
131230099005131026013184525520044506
243054009034205032251037000534560717
044036200172205199057191004430156706
044004098210237042073094004435280606
016043034198116246215221446481164017
063169239190192166212251004432676306
244199180007202028052012000805210706
213179055074212230182138004434527606
099156161172207012138117194096460617
016215208159237042073097000803579606
072011141002231225123079000532791217
244200042100205218153015004456405606
002002132172215167026198004432678606
044000024175237042073101004432752006
149042101045219092213047092174619817
047004135050199168152226004436200106
086064037236199169206186068890110217
070087058169202024166239000804487206
237042064232237042073104000805653606
047109144143237042073107004430589406
223014026253199169201028000805674106
146086155068205139035106004435182806
044060235247199224099128004434270706
213173043237205164191169004435430006
253143164021193065033053144353689117
197016034086192030099080000805435606
213175253235248200252010004434999206
048165186056192182193067199490012317
141183211081202030187164004434993006
106215144153205180041164009933482806
137117133213192030004237026010005317
231148130141199136087202004436261006
072011211056231225123074000533159217
231225163103199153097060004434440806
047123167052215167112218004433266706
101089233063231225123081000535209417
103245145100219092009137619982168417
076084179115199152012215080642167406
047169068024244212230246004434757606
218225236252116246215087004435252806
058249233028252248201191505551058617
030015068018205218074010004434280906
131252072135207001015251559185609606
251000215190192029215053529340254417
223007030181237042073099004435456206
070032085113205066143064588150002206
062203068179205195120239004430427206
238225106131073165081159496960044506
047190083086202030009000004436083006
044068078155116246215068004435886606
063160105065205236086098004435369206
027136167061244003025168201024607617
214135095031135079171156639880044506
141236063231231225123078000530745817
139130177162116246215053511890008006
062202180185135079171158004433001506
106077046001194017014202341715343206
253102008178202030067188001235482517
080109254184192167239170080002648217
208070209165244205136222052223983806
240153212180064005155134000533498817
195222041194202024006008000806281606
070243079122202024006190000803481006
112081189113205139035230001233471917
111007005202199177255031295840688117
131003246171212195133138004435682306
047084229098237042073104000801587206
132142200221202029111184405000899917
044222130071205139035178004435855406
049059041151192182090041413955123417
231148132146202167077120004435862506
063165027159199208055025004434718606
047185054075138091023085004435677206
243054004053198255165188004430184806
016012080208237042073099000800731606
135084107064237042073106000805242406
253102008178207008087057001230012317
062244014101198192209173004433724906
197143138162244038133045004434851206
148067220032205200147091000532818517
044020186082199224156101384981005006
248138141038199177241169001235016317
136053123146193065075082000804350506
149042109042205071138205092172646117
135243069107194078254101004434093606
102154248002205249010089587923387706
209101044236193232166218330691359006
062246107255207001004101612585593806
148019225205135079171207000802332306
135084107064237042073106000801923206
036107185091192135141077535840143306
075236250117139113197197581300050006
100250091173138056078236070252976817
047160147231050123203053000801206206
147173103169205055142087431275573106
057184217037202027196185001613309306
119132120168207001003102000804967606
216077030113205219172197000535734617
016175205227138056079018004451186906
114218000029073165059251654300044506
042204059034205071025061070085087617
044072096045116246215084004435565506
149158096184199152013232071022036206
073024217069237042073107004432398606
044037240210205239062103004434531106
109237120218199153036045565602713006
206127146026199153097038000805160806
208178018019205249041170004435151006
077186146044202030125124309315094817
073171192226205112119107000805578606
062198058130064005155229004434143406
248041250148231225123076000533892717
047003243099215019149245004434927006
124247185134205251200120052285216506
037013072054202024006063300016484906
152001058143199204085190004432735106
136227068188192166168123541550002206
016241017219205211122024004434143406
112086120099192029092205000804979106
016098134039212195128205255650285806
076084087177244067234160655005192917
147202253096050123081017000255815906
062196033115237042073106004432218606
044005173058207012140113000804230506
213187202242205127096090004434933706
248199105000215176003251000805295006
218225091067231225123073000533467117
103105010219205200031217533094831517
062227155184215163112205004430191506
130150167239064005155175455380148517
040244221208207012141008499890002206
047004171121199153102080004436038906
047028094086240235109102004432719106
070243078228198231235058000802828506
044068040242237042073097004432687406
237042084192237042073106103020008006
135255251109050122231125000804966106
213187199245207183082125004434442806
192044165083050253169183588661275717
047101246214237042073098004431032806
196092076105116246215074004434420006
213179055127205187246207052224754906
070243078228138030195199000805196406
013158073119215018095037004434323006
151235035153202029239131590440002306
044073132087205126032236000802743306
134164179071237042073103015144914406
213176048239205216060231052226404906
119132120169215176008157004433391806
021120109093139093084029004435190906
030214172222205216060217004434816506
127058076164064005155239465421164017
157012250192050252037094454500002306
044009242033138152125118000806261206
030221108222231225123073000532695117
192044165083050253169183622421277017
016012080233237042073097000801958006
253143068214202024167133539942538706
127113036154199153061038000000000001
141236058098135079171170000534042717
231148131098212202075082004436296606
047081231144237042073095004435271006
213184192020050123202125004434129406
073024239137135079171167004430942906
237042080200237042073100346760008006
047100067038237042073100004436432006
125101146185205164099243004435403706
016036124160064005155193004435046506
149158111009199169200065000805889306
047170140165237042073099004436005606
213173038252194043180011004432947706
047188004183198229189150000802671106
141183211149202118054182004434948406
062195108004135079171185000805237106
044001245000237042073103004435081206
022211141037212195069188004433197706
151036128216199221126188010322014317
075234163123215163112213000805217806
002000046057050122231189129416284117
016212208183205219216058004432943806
053040214188199204090162583255920317
224115233227192182019014004432651506
016012080229237042073093004432135606
195143231040139212124082000535477917
044009213179244158005053000805068606
047048009096215255061253093394029317
196093065108231225123091000532195017
134215142005205113198211000530205117
136053123146202028058203000804218806
044068198003237042073092004433797806
047168103175237042073107004436362006
044094001110205216103180004434139006
206038171198205180085094093070016117
070243078216199224099214000000000001
077069193121205251202114164345284506
225197118025116246215050000803901406
050084201090199137231134310106106006
148068184013244038204221000804924306
044025190174240223180061000805359106
140169207172116246215079004435410306
223007030181237042073105004432447006
002185183250199153100146548835639117
125020145094064005155228000805959306
016012080214237042073099004432521406
047110017199205194243007000804969806
213173043247212195084205004435536506
016012080207237042073098000804664006
223239026122207001008033004435565406
135090232012205239087221000800961306
119132120165205212182178004434928306
016237093174116246215074004436291906
044057202141215160157113004430777506
213175202240207183082205004430128906
062196113201244001169249004435758006
130004046117192182039023000255600006
016049112144116246215079004436377306
230123000233138071026045378805341317
200017032114205099159159505390143306
073027110110237042073107004431282206
196043026097231225123094000531229417
153173179010215022059081059386014706
153096194253205071021003241274489617
073138248089192135131189000805254106
135079191093135079171063270720044306
196012129012205239062149099985085406
237042124146237042073105122320008006
231148130065212195133124000805785206
236022020126199169205015270670688117
113181056181194043181019361750109417
136053123146212227179009000804378006
213175195107199168155238052220533606
062245208195244248041216004433674806
016012080208237042073104000801656006
223047225084205251202002004430113706
206130192214202024016248068890859517
217242163115205249052134551166228206
102104013107198209170027270326175606
047062092035212197084235000805331706
103113107074193065104178004430171206
075205198026064005155229000805948606
197049080125199204069164575110808006
231148130004199170235154004436504206
021120111095207022024194004434982406
079121155110198247241217447250002306
213186016042207183092056004433505206
204073124067251100210117004432775506
197190098108199169001161556820338906
106096110037199169198062405650038917
047170023050194114087021004436357106
237042093039237042073096004430345206
063166040176116246215094000804920206
063164130220199208057054004433983406
116069050254202024004104004431299506
062254051145192166213079004432664006
114242104185244038204221000804915906
013157052208205238230214240704941617
106215144157205183043017000254409306
062251230129205164190029052220179306
044003245085050254095245004432650306
104044114204073165065042632190044506
141183211189202029184165004434837606
044007138236205216101226000804494206
044020164167194102244093000804952306
049097072145198229185079566960008206
047006148224199137224033004434948506
070248214251138146063036331810008006
062245204133237042073099004432375006
146075041170202118049161400520312806
075062217198205218158090004436135306
083158182207073165104034615100044506
048181106054016230168186564310008006
129115119046050065212159557300044506
141236063078231225123093000532235917
044000006186205236237054000805482906
210061102219205251200174004434958506
104089068238194042193179000530106217
139068020044231225123094000531298517
069231010106050123083077000253423206
107088124150116246215220514320008006
078077119253073165108118525650044506
081052249068050065250019266410044506
041135078226205164099210394352233017
129048037255202028157200092120930917
085012216114050065234067049060044506
197249130233202031023194514136293706
210030029151215013113167000805652606
063147010240205211030092081060103517
042059100020199169214136400482557117
128001135201116247217215000000000001
209090061077205213189166112142800717
016012080225237042073100004433304806
210028117156199208056234000805072506
223003018222138152147089085200225806
044068123008237042073097004431141206
107033183185198222247178399654915506
226102051054135079171063583010044306
021120124167215022058047004436119606
200183069084202024007132009935239706
070032087025205249054044654140002206
218225236115116246215092004435796206
114042142136139130006164437515527817
041144170080116246215079004434009106
103173168176205125077046000805866806
223007030181237042073098004434521606
253102008178202028164040001233909017
044001009033237042073104004431344206
148067217107231225123040000000000050
080200012140199208054020490033145717
077170200246050057213170114681708817
044006045006198253203037000803908906
135238162118198247252207093024919506
141183211149202024016223000803784706
243054009038231225123074000535631717
104103207151215162057070341170008106
121155241197192030038157517475736106
127107225023231225123093000533078017
047028128176205139034077004435541706
147116178162131026013238570470044506
124112052226212195128204606095838206
050075136190205219220129000803157606
016012080224237042073104000802531206
097132228080231225123090000530772317
210178016215199137227028030741532917
114079163102237042073113475610333606
099141029022016045106040000000000001
047101041171116246215093004435527806
119128008123193065028162004435037106
218225091066231225123073000533449217
148083149210199153056069005142215706
131210253054205212176051004430421206
062246203121212195125024040800192717
047012122044244212229045004435675306
104099138086244127157196560612566817
021120110036199168153253004436316706
236024082006138152126109000254192006
243054009046231225123081000533131417
047101025201237042073099004432827006
142215082130138154105125004430496706
058001003067205230059145059385219506
124145194033116246215023118913955606
147237040035212171245109337822633306
195022042090215027187202305852645417
047090172033231225123079000534062117
073027040006237042073094004435665406
218225196155116246215029000534013517
044006157000237042073093004430944006
102222160039050122062061068813206306
016012080212237042073092004431602206
127018021234199170236189004432673106
119132120173198254089139004435127706
058001028210207180052208059383059906
070231208183237042073093383540044306
063147236084199153046182004430623006
152207091038139010250137463730002506
075091211160237042073105020840008006
210022224118139180043128110000110506
101132028072198241224200000000000001
030015072227138147088060004434282506
027151145133215163164237256094335217
128050171124199137237189443190200206
047108167236116246215080004433651606
211253220150205218159165569044747717
076084179115244212051210080025915406
047123197065199152010117004432625606
075091209196237042073103004433956206
073155112250215162114145004432624806
044095159078251196145022004433962606
047170248188237042073106004432887406
197070150212199169214054000533627817
104098163100205200149026068810688117
204096127022207001133117004435945306
044200154183205239062013004433279206
126039177067231225123041000000000050
047001222250199171102158004434263606
135183136185205199055017030564837506
044007250141205239053137004433641506
209101028178199168233000645064740417
195126156147202029177162649236177517
131142018055194038088109004434353206
055233073159237042073101000805502406
091102065129073165104030648780044506
135084107064237042073092000800239406
070053048234073165034249610120044506
149054242169064005155230000806469506
063171212119116246215094004433946906
090051040240244020057209004431750206
070071046255193065002189080115671106
044025250041237042073098004432246606
149042109042199153035084092170930917
123188126243205218043017004435325606
044020069143116246215070004435222906
021091199204116246215070004435672806
044222069233064005155189004435931606
096036045179199223125150004433839806
047028049126205236237054004434846606
007234225066231225123081000530817817
016228206062116246215076004434551406
025083206068205164123023492440104417
016238049134139219138011004435565006
044021233114205167107197000804945606
109132164002212064070171378520328317
141236063126237042073106000530969617
002075189247131115160074068825134706
112081188215205126032123080685361306
047101246214237042073105004434876606
102167052178205236085005309430204817
077075233130073165081137496400044506
237042071029237042073105004436066006
073165050062205216164103004455397106
197222188038240202063252419290708006
141236059144231225123095000533745317
237042080198237042073105004435011606
123198126222219092207093089991750006
237042071039237042073094004431343606
131134146233139212126010001234627517
093228044090231225123072000531229617
219247248105205166040055521320191106
073024131056231225123090000532808017
119132120169205125184224004435357406
103119023165194017228064000224524206
140169207169116246215108411280008006
047034214121237042073107004430465606
104224117177073165228025178320044306
041150227104198223189069004433567506
035000227041205219220086345812688606
027159021210198192215047633850553117
002002130255205239060097004435823006
044030243060207023229155004434456006
196040118083199153061043525540905006
127058076177064005155220411681164017
149042101045205071139021092170930917
124101052197135079171187004433646106
021120125253205032020130004430234906
062255210240237042073095004432334206
205054110250199152015188527371821017
212143024172116246215243544110904217
202217215109244038207160000000000001
100222083035205250094226004432153306
080202161003202029111184237300899917
070032085113205211221224588150002206
244199223155244248213082080225614406
073155112254212194090034004434453506
008075075157050120063004004434963906
047028202175192167126179004433065206
050075183002202118028053000805064806
016198086058064005155245480600905006
223014026255205211122070004435674406
044025079037237042073095004431497806
021091196016116246215077004435910706
016012080230237042073103000806206206
125020145082064005155228000804466606
197137092180064005155235099015634006
210030029115215163007086004432768806
077066033255205127072074639620044506
042206249175198255185138122102301917
109174099213205251205218574341451817
135084107064237042073097000805365006
218225246210064005155149000803379006
136053123146244067209242000802256506
062200101139237042073104000805973406
125017211066064005155134094823869406
140076018194205251205145004435478106
047006035201205098225216004434036006
044214128042215007143187081160102417
130004046202192182215242000254558506
059028038085016229019084641740044506
016012080210237042073096000805073206
055233073150237042073106004434199406
087062241185202024017095004432682106
223010192209202030140176270195489706
231148130198205066158143004435360306
027239121013016233088189000000000001
073027217212237042073101004432196006
016012080232237042073093004431413406
251000212117215177139130548144084806
148067222062244158083115000530452717
096014154220212227183232004435911106
075067180034205071045208080654986006
251116212167202030150253004435008906
016012080208237042073107000801217606
103119187235194017228064000225211806
232241239087244020056225356591433917
075091212227237042073094000801700206
044068100254237042073094004431959206
070196154053205138176039534115651217
223007030181237042073097004430724806
196085001142202030099010482584323317
218225162180116246215243570690904217
137131082130202030101053584234177506
088094110175202029016118594430688117
044027253156237042073104004431518806
116247054079064005155107000804622606
206157219020205166210210388730102417
249070079099198193183082001230012317
016012080230237042073094000805772206
044087123014237042073104004430245206
042055165238073165172107504140044506
044222017099237042073101004432034806
149221140062199177245245051562788817
124101052209135079171132004432773806
197076007014240063113219600180008006
146112173021073165228025588640044306
030146047082199152013194587442688906
021120125255205212176066004432949706
033239237020205250088122004432714106
232188068251199137229225000803288906
195069101015139180035106004434678406
100208217209231225123073000534137617
103143197066215163006231371350899917
016012080224237042073106004431977406
127043090014207001164203000000000001
149042101045205138232175092170930917
131099069245139180035240004435188706
237241146012202024006247004432767906
101081106112192182002013080804660606
125149139007064005155245004433951106
044222133165237042073096000804814006
101160237152194039043140374100190017
070032085113205199053013588150002206
127242060189199204069125004435917106
002002132227202024005237004430132106
140242147110139113197184118915273406
089034058153199177248201447293741906
086142103151202030210119423010002306
044025210023212230042080004432694106
251103139024064005155135004434533806
075255020081116246215122004434814306
064004255129231225123091000530751017
062249011070199171103252000805037306
196043026097231225123080000530879417
113175002229207180015129617460514906
110136060242050120062215623480103917
237042090149237042073093229600008006
044048051090198254094066004435072006
131134146233205071026207001234168917
047111122036237042073101004434773006
016012080229237042073096000800296406
134134130178237042073098004432735806
070234163045192182166184000805144606
155037133244205071021003606234489606
202217215109205183045002572755333006
253234109156064005155245004435486506
047113148110205216102061004435368406
117204015115244003007245408370899906
202217215109192166170110572754444006
197016034018205032030029004432656406
223007030181237042073097004431494006
002131020163215177139175068810117817
062242075111116246215083004434688306
124101052197135079171198004432655506
204098015087212195089178004435235506
047185187116116246215094000805830406
041058008202199153053006331190163917
049089171061198240073031522880046506
075091212225237042073098000000000001
211253200219198193186216625272721117
141236059200231225123081000530138917
224241172217050065249215548660044506
058001025042194207242215059385453106
103240064219135079171185004434023306
073155112254251224005137004434375006
121155241197192030038157517475736006
044002067090207183081231004435036206
044200006019116246215093004435064906
213186016042212195084201004435687206
044219228090215163165171000842684406
147075193231205251200098000805362706
044084086034199221123042004434113706
213173033196050056130221004430304406
110149199064192132094173604844975306
234168209145064005155235004434520106
007234225066231225123092000534290517
129105069053073165172248625340044506
016012090107237042073101415020008006
084114078246050065172081609650044506
048165186056252248025120134370012317
064009069229202118219012561330143306
244200118234131115160240004431459306
218225090026116246215086004434892206
213175253254240235109109004435510006
070214202141202030209173626641338217
044220061241202029152107004433616206
196043026097231225123076000536358217
062213242242205066156125093392358117
062229053223199169005104004436293706
148083149245139072053114005140393406
063165022136205211054213004434679006
131192122227237042073099004436181006
015254252226231225123080000534391817
231194168227205184037242270196200417
016198086044064005155052587090905006
219122038110231225123081000534263017
121155232029199170234221529005188217
136053047022205164112021114244792417
096039014103199177095162495530044506
047101246214237042073102004435573206
237042071044237042073094004436130006
070243078216205218157141000000000001
135240062190205211058093004433763406
062241098025135079171142004434382306
016012080219237042073099004435452806
197043152172237042073103004433955206
237042071031237042073095004433214206
124247185127205164099216193025258517
073027199013237042073097004434027606
140075251082231225123093000536138717
197222188038198252045044405130338906
044003105161215167112202004430211906
130245028202231225123092000534731317
131190122249139143018199004435127606
054146028196205251202126040304960717
049073064104199204095207004435951706
213176048254207183082238052225022906
062196205067205098232212400024091906
076084179115215022006250080023670206
200000013066202024007041004431486606
147015004072244029048170551971989317
124044067217050123066177189601039517
008074003151205180056222000805052606
133032141247199169214218267673006706
101216085042207022024194437000409806
048167245043205035001136211006496606
047124228005205149041073081024100417
055226219229248200033031000000000001
080187009165194042203201029693730017
153014058240244031010013384282652417
088192159010231225123093000530377317
027019024141202118027066583902609917
002002132232205166124232004434563406
016212055242199208059030004436448606
196043026097231225123076000535715417
195175211244212230042118068815640817
106090233003050123066195574752788106
243054009052231225123080000533182917
044039013037199169023182004435215906
070032085113205212228225588150002206
101138091059138030201040292256170617
062240254177244158083075004433663306
073155112248199204069115004433821906
204222221151199222141078456825285206
196090162189215018160251000000000001
032096208050193065101077004455352506
135084107083237042073095000802278206
192113164166205250093233433144856817
050075028226193065082178081015862706
131208002246205251205198614565300417
153175002170139136059148000535339417
202217215109139061184103572750599906
016237092238116246215082004436353606
044198159141231225123091000536319917
036046111051205167107181100000808117
021068197202131115010046004435751206
152098016204116246215092004435580306
054093240243205236095190146910044306
044001179238135079171198004433428506
047033066165237042073092004434289006
206240167118202118023235059384933406
249237199102249237198146001796548106
047045155105205166057034040175001506
223007030181237042073099004433518806
047124197231244001169249004433515306
119132120165199153056069004436281706
135084107093237042073096000802566806
206157034038205066245181000806077306
206157043069205239062149004432736506
197038148067205164097069051280506017
124210142120212227134213004435017006
148090126242116246215073000804456506
092016233200205236254234314322157617
097133082094231225123076000535221717
206111204175212194054110084434971006
033171012149064005155106000803482406
149210180175205164190013004434915906
047048015047050056157047093395094306
044068123008237042073107004431139606
044199180076205180062105004435723906
202217215109251108009000000000000001
213173038244212227179141004435995806
062200101139237042073107000802865006
047038149193207183082162093393841406
047084229098237042073095000806078806
092019103091205183043136000255573906
204027111083244031125098383326518006
050238180037050065143040654220044506
070243078228207001007164000805346706
062242075111116246215077004433693706
108040102240199136086081139110345217
044001009033237042073100004435890206
042204059034205218158162060080135317
158053234209138145212226000805927606
044063198161207012129189004432702806
202217215109207000086053572750133306
075225217035050056130221000803602106
205054071232205211052084324234300717
088133069164198033050068000803791306
079121155110198247250062427410002306
016247100157139136058073000000000001
016012080212237042073102004433516806
238063116234194043184168320050109406
044011122042212171083145004433798706
124045100206198193183033377753344417
104200248113251100165185445622628817
213179055070205195125014004435962406
196154045118205199063157600565041206
139107190037207012138096004435724206
127237105233199224153178090002760717
213107184216202030130242593906234817
097085193109244158137091177716224917
085050192115192182248235490295185717
044023023224205218013216004433803406
141183211149215167114013004432312406
063166141017244205131220004434282106
127168149027139212096158070795149906
044011114112251190074029081045601306
197243251075207183128105099993317906
136053112096050254095210080802622706
044055024150116246215073004435735806
044002171124237042073106004433775806
044036197095215007141090004432727006
100242179119050062046170391916024506
073155112248205180098172004433941306
034090140042199153057202523480143306
131176096166194038146093052283631906
222081081172192029255117436030002206
134211152003205218158094009995020306
247003207048202024006182000801663606
141183211081202118020194004435967706
070243078228202167077091000806092506
036140246123122195111160425480044306
070243078224215161079110000800171806
151198129011194031026055646850190017
206240167115244157134194059384919906
109074208192212197255200270320102517
195011042126050065214078538480044506
223010197051212196220179270186156117
109019153020215007143187068890102417
223007030181237042073104004431052406
127168149027202031125228070795930606
135084107093237042073092000806097006
044069043077064005155209004435447806
109110148172207022027126650636386717
016012080216237042073092004435398206
062245204133237042073105004431140006
072011211059231225123080000535908017
044048039206205239062137004435534506
231225163101199153097060004433886506
251103139018064005155229004434943506
075063140022138056079079000804937906
197051074066202167077104001230172217
082074103119192029095211052224563906
063165010244138152125061004434167606
044004017161199153100144004435558406
008075075222212171149214004435430206
146175042211205203243239555644488117
213173043247212195089178052224102206
208181140212135079171145000805257206
021119169184116246215095004433910406
047168186061237042073106004430396406
044077072043202030213022000806005006
132022093220202118018154011473734317
136053123146215255218008000804671506
030055254098202028074062342014568217
073155112248199152127248004435743406
047160238065237042073107004436523206
119132120174205164096223000805242006
133007254161198247228194068815786206
093116166130202031189115407775165717
141204003055202024017193000804346306
213175202229244212229038004435737306
249158180126116246215076004435110706
207229202121205239087212000000000001
086048197077050065143039014430044506
070228249001193065013138000223243106
007162178216244029048153205955346306
044004199049237042073099004431224006
016225186042116246215071407610148417
223007030181237042073096004432044206
044001159232237042073101004434551806
132026225202205180139014625320044506
125003118151244127141165089992898217
067028120242205184038253089995029906
244229037179050056082029574402725817
044008095092212171082222000805213506
134014050209231225123094000532423817
100124022052212227153111000804530006
047169094069237042073093004430442206
013217229131138152125118004435135906
129107151058192182174026254612705806
213179055020207022045053052222321406
007217044158207180051185205700808017
150155109031202026189231435990002306
044008071056237042073100004434917806
153173191110205216164125059386476006
070032085113205239111063588150002206
076084085018215167149193092124551317
147218142082073165172237652750044506
044006226094237042073098004433783206
244199004095205113197094000805225206
206111141071212202149109000800239406
116152239232193065061188000805068406
044210168236244248043249004435286806
218225009060064005155235004435872706
114028180211192167123221599614141606
032010048137215007246013649321656117
080215014031073165109253219360044506
231120103013135079171157004432053306
231148133168215255019061004433132206
037003001200073165069169639120044506
198140109072116246215223625110008006
195000102192212194147232000000000001
088052218186251224034206099816170006
152145011021198253220164000533712417
057184217041202029126050001610085206
016030106133139212123098355280543206
113181216052205217249052574140107717
064004255129231225123078000533061117
032076208108192030094063000805042706
044026009006237042073096004433265806
070235066135205066253097388601974017
141236063029231225123072000532118417
218225091178198192035230000805739606
016012080212237042073102004431613606
123188126168199169008196004435741506
153071177194050062046165004435379906
206185143024248200033031000000000001
136062206220194017236066323684595817
146011196043199208148229004431151406
119132120169194041040250004436015506
049231200161050123083013348155701517
230123000233215022057169449785341317
062245211073205250089102055125716717
044048021083205236085009004435843606
136053123146202118117085000805399706
047124042010207012136096093395127617
134164179107237042073099025153807006
202019036052192182179229571282786317
057184217039202026128212001613470206
034163217152202029111184089990899917
201084218219193232166117597954775717
054146029115251000115139040205080517
223044129146199224110070151532699417
044084128178205055128081004435293306
092017015229194043104169638980002306
047049062201194038094202004431093106
044023141017194102243069004435325406
041245062075192182172248004433843706
248199067106198231050179000800278706
130024005130212194187157000000000001
248138141038205126032234001232696017
223007030181237042073095004430929006
044050160186251224088133004435581406
044055062072199152013238040703175817
113101217061244001019238489335236517
044025062064237042073093004432461606
072167036013122195111160528830044306
084077102064205032028230279505836606
063175069033064005155209004435891406
107219149151205251202071543645569117
037075091186122195111160595430044306
030015071079193065002246004434990906
078174060018207001131073000000000001
218225037006116246215092004434616006
210206026081194017239253037590038917
044049138144207183082178000804173006
134194243115202118042242019353416606
016012080221237042073094004435818806
047012253025199171103079004434895806
204098229026205139034180000803908506
153039112164199220215002199945003006
047081116200237042073103004435511806
196093065108231225123091000533148017
033245221221116246215050000805862006
195199083021202028027112543305012606
044000015180237042073099004434399806
027041193112016230166109000000000001
047169079216237042073100004436328406
030203253141194042204205077040555506
140169207210116246215094004433404806
073155096003205250243187004435068206
247003215024193065063109004435042606
044025079037237042073102004431760806
008072209240212230228037004433864106
070243079058251224228033000804816306
244200097154202024016162000802044206
151043106232240063113219000800743306
103221004190198255170194490425759606
197043152161237042073099000802407606
148068184013050122105077004434248306
044222187076199224147080004432658506
197086015014199177249104352181121117
044061036078050253169143004435020106
050075028226202028128139081014980306
021120109057215163007007004435363906
047168096043192022160239095990209806
044068128199237042073097004434507006
008075075174205216065186000805160906
016041201151116246215111386080044306
226235153187073165110194576450044506
148067222062251100165141000531846317
093062085230205251202111080802633406
131210253013215167140198000806095906
007238181055116246215156508170904317
016190096096207183132149004433883706
073155112248212030198179004435215106
141236058236231225123073000534292317
047169075075237042073105004435677206
047045212235207001131121093395826317
243054196129205148029021000803801906
032171105033202030129003099983517206
034108090061205098239253235570808006
215167200011198247224113190480106817
135079127178199177255039507244984017
030214172152212194251014004435664706
248199041148202028069224000804542406
044000201196237042073099004435751406
119132120166192182184030004435740606
135084107064237042073095000801975006
037102030167205217247056069695201606
073131024108215167248205088864990706
070051169242194078209091348012268706
047100067038237042073097004435691206
047171019198244157168176004434798006
236216158119215013113167000000000001
100208217209231225123077000533373617
128087134178192182019174004655966606
228079231241215163203172001821381806
034040179224064005155190004435774306
057184217042215162051045001614408506
253102008178199208152095001230012317
050029012141205098232184000806511206
201082233113202028029229448890899906
237042064227237042073095364180008006
195222041230202028195216000806068506
213175253207192132028029052220177006
047169079216237042073102004430337606
047161005038205066244158000805868706
197043153102237042073103000802616206
223007030179212202075077004432660706
213179058177244031010009052223867706
002002132232198229190065004432652806
213179055100205217180050004435920606
202217215109138152140171000000000001
134155178223192135136013004436306706
247003110196207008083203092170930917
075009253247244212229171045005033417
213175202124215163041078004434520106
218225159157116246215079004434826806
100153043247199224110070077003341206
237045186103122195111160570130044306
070243079058205187185082000802691706
130228006047139212124060000801319106
210049037245016045106040000000000001
076084179115244089100209080025709106
044027081128237042073105004433750606
013157057228192182226135240701475117
044037017006116246215068004434868106
044010056200138152126194090015952506
016212159092205164096223000805250506
049240129186131026048036534530044506
251252157191199168152226338363704717
076084085018215167149212092122671317
098122249077073165173199578170044506
153158083150231225123074000536136317
016195143024231225123090000531894817
075110136223202024016071000802954406
086038172232192182253049269471965317
135243069225205219172237004435666606
036242084225139093092174406860002206
218225090112116246215071004434067406
075091209196237042073095039140044306
101221193233198033104132124720005317
139169064229116246215092004435482406
226025148061215022058166020954438706
084119162038073165109006553720044506
016012080213237042073095004434523206
076084107056244127067110270163463117
250041056178237042073096000000000001
218225237129116246215024000804443006
069038087097192167233132000000000001
047109173158237042073094004432680806
073027028034205066246150004434503806
047172205006207001003109004435402506
044022200151205139168189004435576006
063165153218199177083095090012660406
213173038253215163007097004435939406
074250094235215019187104011845991517
044000007086215177242038004435223406
231148130244212196220236000800281206
047101039189237042073102004433326006
047160184017237042073100004430810206
062205196134237042073098004435111206
237042077093237042073103476500008006
238225142149194102244146081965452706
193253141242116246215026499300008006
204096127014199153103121004436090306
249158180126116246215084004433682106
131148087034251190010037000531168717
213173014179205216060224004434907206
141236062130194038152203000532020017
064031253136064005155175004435277406
021068196217207001013094004435963706
062248127090116246215068004435809606
063165027159205211056221004435816706
112113177023198209153030185161931017
064030115027064005155103630480905006
147189011090050065249073649240044506
197143138162194038088109004434961206
100124185199205066157208004435302606
047016238226194114063038240700044306
092019103091207183146031000253585306
112086120100205251203012000805490706
016012080212237042073095004431900606
062209001001202167002161088903164906
114227079117202028203202126674050017
099234076179202028225081290894050017
143234087238199136091115004435358306
130004046201192182009122000254242406
195109120150205251205243266032654917
203101009197192167124025000254344306
131099187012237042073106004432924606
062200101139237042073095000801433006
213179055104205187184126052223700006
047011184196237042073106004432936406
140065118211064005155209004434151406
047108243000215163115082004433890106
202217215229205236244030539510402106
057184217041202025178202001612073206
041146089206205187247101004435418206
114071229128205219222076519001063117
016012080212237042073103004436354006
058201167075073165105122638230044506
195192020153202029015097504510143306
058001024230240063113226000803286206
136248084231205217165050159646436206
218225234185116246215021118915493106
237042064234237042073102000805740806
044062031026050253156214004433489206
119132120165194041040201004436135706
025067015243205212176221026633721817
204028145058073165073107506310044506
138213129137205180044207004655544606
140200069254064005155174004434248906
075174181234205164098194004434974706
013159210096139096098160004432622706
044060228076244248213085004435810506
063166040176116246215094000805303406
044068041184237042073102004432301606
097132228080231225123073000530137317
062241149010050248122166004435090406
141236062204231225123077000535199517
107050159229207183132053586026237017
231128055195050251219210579860546606
218225237169116246215033000806275706
200160098020050065235190500420044506
047084229098237042073097000802979406
056036141118064005155183118915997006
197155091173212230183160000805508406
073167154195251215115082004433763706
081170019183192182139124571173138606
044004063177064005155209004435049706
084125096049050065235147521730044506
044003052230194038092125004436323606
075063140170207009048135000806196206
086172226219205251202012489790410606
049006038152215161031064514133490917
063166040176116246215094000804446406
112081239164215162050166004435267706
112018245126205212182122000000000017
210030029212244020059226004432642206
130004046201192182150003000255374206
042204057159215161114124070064299006
008072209240207001165182004435054206
197135179116212232142166019353844506
056061204237231225123092000533322717
016173174148199169193005004430343106
140169207210116246215094004435685906
223011121080231225123081000530746317
223007030181237042073103004431302606
044025045054237042073103004431667006
016043038163116246215051510730008006
134164178107237042073105000802533006
047124224170205164097081093393392117
030021131196202024006069000805427106
117147214112198247248224270325576106
076084179115207180051016080645070206
035164063243215106045108089995450606
047123220218205112188193093395513006
228079014116205183043138371093725106
105035246029205112112225004436460806
062194073195064005155229004434995006
044056109098207183081249004435068406
063175140090207001170186241701819617
076179087063135079171104004432063306
113053104000205239062103025533869606
237042093047237042073248020010200117
134005166149116246215054075840008006
136053123146202030151226000803838006
135084107093237042073107000801361606
070243078230202030212084040086149406
100208217209231225123093000532378917
236146136239212195071118004435364206
075062217254205212176051000800243806
072011211058231225123092000531057017
218225236115116246215087004435891006
076084085018192132030178092120930917
080201167024202029144113070801748417
098124184197215177242138442272672506
204180047052202028016032270453789117
231128055195194031041113579860549006
213179055073205187184146004434445506
200162099055205125066088068811259117
067026193061050123200251068814307217
239213060012205216101068004435204806
139169064229116246215069004433978606
088089085089244038134057495610808006
047168173059064005155211004434936106
243054196139205219172218000800352406
030169052167212171170184409415854806
090049087087193232161156367510002306
100208217209231225123073000530779617
213173043238205187185093004435330606
130004046202244029213060000254134906
087062241185202024006196004434527306
213175202106139219137221004434229606
016036124160064005155193000804612406
202217215109205211122174572750733006
239197006092199153100187255655395706
243054196135205238171249000801416906
206212141078050065234057607410044506
072011141000231225123090000530521317
062205196134237042073104004432081006
076177103205205164190018004432754606
002130136195202028198214424645054917
075009211168198241179018004436030006
111002174088199137235112000805337706
141183211189199169214025004431682306
226154176178215027187207004433455606
193253159041116246215026580520008006
148067222062205167107181000531018617
140053222051237042073098030155446406
228202120167139061080155004435666106
141183211149202028117061004436175106
049041214191244127156184621660102717
153039114213240183051070092170930917
153154109121073165108136612290044506
048166059144215007246013000804957306
218225159023064005155101004434894706
202217215109215022057098572750966006
197136100163240063113226000803225006
121130154148244003240047170930293406
108119062237212195128205514134937306
075091211160237042073105288080044306
124045169145135079171104000803099706
027157004068016229023203000000000001
002223100093192022173005514134580017
092004116167073165107174070310044506
213175202232215161084093004433754606
132216169229205137109080527131698317
047001195005205218074002004434674706
123188126157192029208103004435154006
044085251243219092051174004433972806
044068041155237042073106004434271806
100208217209231225123091000534231317
119142134228139010250152522830005317
047080031158116246215082004433491206
100208217209231225123077000532195717
233101231047212034079092004650257806
044004247143237042073106004432972806
016242056115207020029041000534841917
092019103091207183146193005874205506
134164073080207001009042004434702606
116115090060199153051057000804232006
238063074219192166170164551660002206
152224134121050253202161358402461017
148003126058116246215074000804539206
044026241102237042073106004434230006
104089068239194042193179000530106217
044068187143064005155229004434004706
021112097091050123065227004431114006
044003192226198247244070004434982506
140075251111139072051021000530159617
100208217209231225123075000532324617
086039233118207180012223503215765917
249237199120249237198146411790017906
131092198167205125122221004654428006
116152239232202028146143000805789206
206110097072215106045108004436063406
025196055160205166126205568804996317
105085049006202031041036623484885717
213179055103199169012057004434129506
105035187128205113202081601340103117
121201029229205066245181141492635606
254044002127215018162009000000000001
122016143106202024006157000800897306
122024234185116246215079094825689006
063161076215192029185092004430494606
044036051141198222245040068265526306
245212242147194038095255000535367917
239213224185205066246107004430599706
123188126104212227179182004435639706
128045211037199153096085068815032117
047100097008237042073106004431657206
135084107064237042073094000803553206
075091213027237042073096214600044306
044006122120237042073093004433155606
247003110196212202160199092120930917
044206005019138071024130004434977506
147237192039244067133125017924652717
230203220038205239062099045005359917
096116245151050065138188652670044506
119132120189205211061243004436053706
245059058008215019109062065114015706
102006146166205212179110378440805617
047100106244244031009060004430172106
070243079122202024016041000804684306
197027032251192133085180000000000001
124101052212135079171152004432011406
044207186172199168238079004434129306
133240140097199153044089609161043306
112091247245073165228071569020044506
021120126073205212176066004432767706
129253162185194017231111529890138906
047169132095215007237178004435517706
124101052205135079171132004431387106
044005135083212227179141004430126406
197135179116215167248070000805650606
086172226219194207242012489790412506
111234250192205250088225004434698706
222216109252205032251204631400590006
158070251000202031035016050715114217
210011251060205126032071000000000001
016211079229192182067052572663756517
016043038163116246215220369080008006
048213118196198254091182080014576506
231148133164205185136200004434965506
196093065108231225123094000534188717
047190123116207001049017004434998306
143081229198215177154200004433373006
218225237063116246215092004436251806
047100144058237042073106004434044606
042095024160194102244093016395492617
016173086204116246215092004436505506
196052037060193241061091131094169317
097133082094231225123081000531690917
042093164090139180034162437533327617
047168150085205164190109004434701106
050084201029251196218162309802663506
210030029220215176182118000804039506
105204000136202118024009526560926317
218225091111231225123091000535366317
062214020112198231053138004432301406
073027047107237042073101004433988006
044004213176237042073103004433896406
223007030181237042073094004434801206
197007082055202024007002000806117806
237042071027237042073106004432586206
041147025056215163166096004432630506
053155224173205249051081145590645717
147250126054198228051000000806202406
253102008178202030250175001234858217
048181106054016230168186071360008006
213173027170244212229038052225568806
158047253118205164123119586040338906
057184217039215162038155001614869906
227003145126202024007194005546331306
150134047074202031094154122165259906
123188126253212197255238004435369706
119132120164194100124129000805790106
123188126250205217165050004433148906
213173033205199168153049004431504006
007166214248073165080063629590044506
002141184124207001005078000234748306
062241108081198247251255385580554406
047021126133207020024015004434614506
127168149027202118023053070790247606
030015069109202118093145000000000001
044059219228139096108228130212671706
141236063126135079171066000534642817
073169061106199169214220048770431106
129048012205244020056176092120930917
044026053145205239062025004432681106
044095140166139096108005004435409506
063160061073205032030064004435481006
048213113101205236089133080015423306
016193066192116247217234000000000001
104053050035192182234137000253612906
053007169182073165090029494900044506
237042093047237042073098004434243006
134134130181237042073101004434208006
116118134065240063103142004436389106
114218012136073165108193608440044506
243054081014231225123095000531483017
072011211056231225123092000535072817
206163133099205139033122581160312806
238204206120205184037204000256034517
099207081071215162059075136440044306
237042094136237042073092090340008006
131134146233215162113159001233656917
047050101188207001009042093395500206
149080162001207020156001000000000001
047108127139237042073098004430828606
002198212003202024005121068811681117
226154176178207022024194052226079106
247003110196212230037170092120930917
141183211149202030110247004435858806
057000060211192029171192593340002106
239213054085205139034177004430288906
204096127004244248041147004433511206
208181140212135079171167000805575506
044068041155237042073093004434942006
015048137033073165054168505660044506
075067053019205186046038000804963006
047170248188237042073104004433397006
016195143026231225123094000533281717
231148132091215255019061004435507406
063171123245199153054006320051014106
213176048243205164190034052222684906
197016034086050122184148000803214106
132222118245207180015209275792521317
231128055195205211040077579860547606
146017019058231225123080000532887717
056021221148199136087202004436260506
237042091040237042073095216860044306
122064117157205238230153491520008006
239213054022205139035237004435653106
110187045053194114010089260853613617
131134146233199223124089001235752817
194136117243199208059064533881048106
131128003106215019187067537316443006
244052251126207020027073194594819306
134134130179237042073092004433619206
213176048119240235109082004431250706
044085249132192031165210004430179306
048181106054016230168186368600008006
077150108191202167077048434162756106
141236059100231225123074000533937217
047084229098237042073107000803930406
044026014181192167124242000805130906
087072225030252248201143000000000001
141236059229237042073106000534348717
107221128182192166238235170143542217
148067222062205236095042000532024817
112055174050050062046165623660732017
131192111051212194052037000805068806
158051020235202030014153068810688117
135081244194205236095017000000000001
063171212119116246215094004435936406
044214001248212195125024000800183006
237042118034237042073093079200044306
097245236137240235108141563036257917
007239235076116246215070004436067906
077060151152192167122007005874102606
075055188132050062046165070202795206
196092076108116246215092000805306506
158065215000202028050158653330102417
201143200037202024016155004435269006
047100122012237042073103004435728806
005254145226073165228059428030044506
016030238215251190074150004456503306
086037178076202031143030000000000001
102113238120198254091123586610222417
105044181117050123082172004653791606
218225090016116246215087004436157006
127068194240202031005118004435409906
079121155110215161106079513320002306
200175253087207008189236464144760517
044068063152237042073095004435165406
047186191017207001173101081812754406
044008001145116246215068004435253006
088041010134202028164009285613127906
025171116209202029120033327044050017
203168237135194031028084491786004417
128087134178205125121040004653927006
047092105091205149042248093392938706
072011211062231225123079000533420517
084125039195207020027073514132083317
213175202104212227179137004434950806
195255195129199177255000477831469917
021068194218205212182125004432812906
104228029231194039040083208155032117
197015102164207180012223000805981406
210061166226215177155252004434149117
137122052157073165089141545210044506
213173033203207022045085052225329906
127168149027202029095100070765002406
047109177040237042073102004434181806
159090011074244157134202143370002206
070028005198193065050066492790002206
231128055195198247228176579860547006
049097072145215027220111566960008206
153137125239207012134222004433960806
210030029151207012141040004432648506
055233073168237042073099348940008006
030054086185207180015129587740458806
098089133017192166238235106335727717
062246203121215022057063041104165617
238063138190215161045102019354928306
198140059235016229023074384720044306
016012080234237042073097000802657006
079043237060215163102135494490002306
048166070169202030144024286223786606
213187199249131115182235052223904606
206032046104199137227107068842975906
092019103091205180108066005875260706
047176224028215167112218004431338306
243054196128212227132091004434659106
102209009244202027065216052830002306
102050251000215255201121569610103717
062243112112135079171158004431971506
112081189113192132003013001230206717
108216072213199169195222365351401317
114242107248192166169190004435814406
200164176069215019235114362541680417
047037115024205066251229004435763506
085107059209202118210091513750143306
062245208195244248041216004433674906
112148005168244205242173543120002306
136132047053231225123090000535608017
203203182002231225123092000534753717
073137228190207001052006005875390706
231148131178215006074244004432698406
076084189038244205078224270152700517
242029219079135079171185004432872006
062195108004135079171198000806037706
044025190174205166055234000000000001
044068146178135079171142000806318506
110039037211207009241083068812683317
016242056115231225123076000530174917
223007030182205239058202004434095506
075091222086237042073096155320008006
154244120148199169194038649550008006
127242036066064005155231004434227506
117130148231205184032218405760618817
124101052211135079171142004430258906
140242145219064005155245094824951706
236203133040205125065044228586144806
063160061073251215113218004431286206
016012080223237042073098000806449206
044054034073207001012082004435045406
231148130018205148090060004435133806
202217215109192029209033572751111006
135084107093237042073104000805314606
135214201045202029248203000805058606
126207128103064005155136004434955006
092019128150073165108253646000044506
057150230153202030022235054510899917
130129219214198241224174004455494306
135084107064237042073101000805858806
127058076177116246215125567681164017
087125239164215167248138233335166806
087220123165207008085104491590002306
057150230089192022173233079700117817
148113051214205203026143000805038606
063147245081237042073105004435596806
101225236138244031126174260854599917
044039138017207012134223000802712806
016059195118205249181211004434085906
044025188102212195071082350405691306
223014026255205236095114004433878706
201199177025240235108140516653249506
218225009199116246215120004436208206
140169199221064005155235004433556706
047110186237205236239027018831405106
213175253218205113206033004435366406
223044129146194031029043151535513517
047032061113199169002199300004931306
073146064249199153047011087005173806
050094051071202024017133000800869006
237042071036237042073103004433509806
198140042047116246215223544070008006
050074105080212197086059004436410606
104104172195215007246013158615482217
146074221204207183093215548844915406
042089059020192029095203528531672406
231120120239135079171142004433589206
073171090160192182184053000803593306
142007068091205203249056514135697506
086236232161116246215079004436258506
062245204133237042073097004433217406
016195143031231225123080000531852617
213176048255205070234130004430361706
231148133011240235109085004436182206
243054196196193241061248000803927506
223007030181237042073105004433459006
213176048215138091018165004433686706
105198240036244127157143129760136917
047010062028131115160074004434196406
070035045098050065196208614900044506
027136158057199137229235037245133106
044007138236199137231135000806076806
067031038129212195069012415910715206
196091100221199169086053000000000001
131010243126192182046075005874140706
016195143026231225123076000532813917
047032110241237042073103004435149406
136053123146199169214033000803714906
202217215109194115205255572750344006
149158116052192182237023004434883306
231148055069205217249202000800498506
044006226094237042073104004430698406
002168147071202029226145264702444417
223007030181237042073094004434897006
139044150245231225123074000532260717
103230070097073165079206551370044506
245208181004207001001252004435790106
041145022211212195089178000805236606
205166142096205199050125000000000001
062204109093215162050050055132638017
062217198025212227209100090013410706
021120110037251215115082004435340006
047081091076237042073103000802445206
022212130245207001001127004435366906
027053085212199153035103177182856217
248199234041135079171128000800481506
044026241102237042073093004430539406
044068153190215177179141004433427706
146175046090192022167005567464134306
016036124160116246215122000805239606
047034214121237042073096004431765406
078133022019198243031131204790002306
062194058225237042073101004431460406
073027099015237042073093004432899406
081205115076199169214136197092242917
213176048235205137109080052224254406
041241100147152098208239004433796706
125001025024205249004194163931639317
016025053211193065012186004456131306
196093065108231225123095000531337117
132222122106198231235089334580107917
077189084057205071020216315062254817
062200101139237042073096000800965206
198140042047116246215053543860008006
058001025037215255017077059385005306
044020035179212227183127004434470406
047062069159207001007141004435082406
155038086105215176008218000803978006
224115019222205139086028000804956206
151198129011194031027161646850190017
138222234222138030195035649590104317
091231199059193065121102004436275206
034040179194064005155190004433635906
110122037173073165228244505280044506
196092076192116246215082004434174006
134164179178237042073103019101471406
212143025069116246215082004435916006
210061102067215177154219004430168617
141236059085231225123092000533733917
149030079067139093082076004431204206
213173033203205066246018004435797506
249158180126116246215076004434824706
250015177059244067209150514134719906
034064248020205250088182548230808006
213175253232215163115082004432650606
073155112250205184077018004432610206
096054244112194078242129524614319617
048181106054016230168186527820008006
136053101162202024007096000803321006
044001245000237042073092004434366006
070243079058205066060234000805290906
249237198153249237198146001795466906
047090161218199177082069004441684106
044060210126244157168176004435144706
130004046202192030101165000254775006
050019252054199224159048004455695006
153037036193199153100146155285639117
131134146233199169214054001235513017
044061151161244031010011004431771706
197043152173237042073102351900044306
032181035146199153102214059384917806
016043034198116246215223446481164017
044004189082237042073103004430571806
070231208183237042073098000803390206
149140044175064005155231004433392306
064004255129231225123078000535655917
158079248008202029230034162784354917
016012080195237042073103000806462406
075217119028251215115082004433648606
044093090000192132028099093392638006
044002068163199224149004000804200906
213179055085205139034077052223912006
075115009040139180034162456823327617
251103156042116246215218019354569606
218225236112064005155134004433710306
047123125227199224156165000805313406
044002014134237042073093004433222206
044203245181116246215079004436400406
002137049211193065059054000000000001
084049176031139180039136389533949117
134187091098199224151141000000000001
076084179115192182210221080643490406
213173014179198231048061052224050206
220205092150131115181013418492783817
205134025170199152005234319200103017
044026181255237042073104004431563006
206089110239199168152210231590688117
248138141038240063017146001230208817
131192122245237042073094004433939406
206240147255205219058142611270002306
131003246189202029086234004433677806
048180136105192182193067533990012317
223044129146215106052176151523068117
092177118125139128099253513610143306
036218193187240183048028262800002206
044003000035244038132252004435002406
073155112248192182059155004434390206
062199084153199224110254004434135306
097085125133251224088150066672691206
062206176135205236237226055133889517
197016034086244020058042000802776906
047161043039199224100157357460005317
044051198005199169025052004432782706
156018014019199153102059222130115317
153173169042202118030186000801256306
083178251102131026048177641580044506
131134146233205035073195001235179117
047176089083205212227170004435581106
148068185187192029095217000805438906
129137239093192029093153327610044306
196093065108231225123077000535462717
087253150235192254112248000000000001
044084086242207180188225000800817706
021068198044199152004024004435632506
075091213059237042073104004432451206
223007030181237042073095004436389706
237042083117237042073248000000000001
005050238083205071031185259450143306
208178018019205249041170004435150806
049196070034016198229170000220008006
100117058168202024167207152014971117
200172032187199224223195419510002306
044220054213237042073097000802092806
223007030181237042073100004434112406
224134100108205055128253004434228006
243054081004231225123078000530805017
148091245182198033051197080816502706
140065118211064005155245000804800106
016173086204116246215092004433311506
044000133249237042073101004433922206
044009220127205218074002004435905506
016098134039212195130012255655529406
044001146208237042073106004434002406
044002114207237042073099004435615406
243054081014231225123091000532710017
062248225118205219223045000800337606
062202173206064005155182004433331206
067024085226202030006105068816116506
033236176074220021119250000804318106
047084229098237042073096000804170006
200175194142202029174229000000000001
129048012205192133086252092220930917
127101008061212064145050617026341217
226154176178139061080115004435677606
079248002029215019148157110055113917
047100068026237042073098004431129206
044073090134205251205243004434624606
008248160002199153096158000802688306
044058225090244205128050004433979906
091029124200205126037118000802168406
106116014189212171168138361292054317
090150090155073165173252639980044506
083248250007199152013243060340002306
073155112248205212179110004431722306
062254246053251108156219040305199517
016012080204237042073100000805312606
047110160103237042073106004431319406
218225159168064005155201004433326806
047003243099215019149245004434926906
015074021050073165105053605320044506
098137032083215007236014490011426617
042054114241073165110090120410044506
116086068191205164099197004435633806
016012080207237042073096000801131206
124089241131192030096022090100910017
058010108219202030253210037245011406
213176048025205187188015052222702306
088197096152244022028153537190012317
062202147249251215115082004433767506
158214183133202030022235580180899917
112035201170050123053194437745976317
054109117233207020027073135432083317
016215131012199224155162004430361006
044197221177202024016098000803301506
253102008178212196232090001235563217
044011105069231225123078000534577117
207221159202205250089136549112708417
086252210054194042204020200155023517
200223240249192166168006551652632006
213173027115205071135105004435116406
041150227104205203002031004435090206
097133087114231225123094000532022517
148137011104064005155202004435870106
119132120168205125113081000803442606
044218105190050062034037000804888406
203123168228073165228016603010044506
137031085009193065070237000255003106
213175202106198231050179052222965606
223044129146192182091052151514915517
213173027120205166059239004435783306
135183138078192030028233030565775906
134013227048231225123095000530551517
025189158164202029230171548552631517
070243079058202031134077000803636306
140066162047205219153122004432155106
232188068255198255185126000804636306
148068184013240183048145200004478506
044037142050205211050076004434993906
134164178087237042073103299260008006
092034162138244038134057261510808006
201001221182139010250151606270005317
044035013142215163040213004434468806
223239026122198247244030004435041406
016012080234237042073092004432960406
204212014121212195127085308113040217
036218200065199224099155512050002206
096164133002199192032111546030409806
047107000071116246215071004433940806
079001209102073165089054574010044506
062196047072237042073104000802696806
007234225066231225123092000533704717
050051127229251073189007080800375706
213173027106215161087107004435800906
040124113167215167248068617801362306
092240024140240063114060000855742706
044068041155237042073097004434165006
044221102113207012140113004435164506
109194144248199169220096508532722706
104160174088231225123080000533766617
202217215109199153036248572755666606
062206049244199152014235004433279406
044020238013244031010239004430462206
064004253062244020056039000535698317
196054217253231225123076000535092517
016242056115231225123073000532387317
047100158133237042073099004436549806
131130025235202031163055004433777406
097133087114231225123081000532985817
219150005251116246215075000805902906
008074003030215176008218004432788506
051218108125193065001034000255202306
100208217209231225123075000535877917
148070164244116246215029000535549817
218192201032199224149004004435796306
075091213021237042073099584380044306
218252106253016229020034513900044306
129066131083199222139126005873590506
041149159087202030147050099983769206
141236180164139105122040000805021206
200018106122202030022235214360899917
196055172072215007246013080000699617
007232075044199224148155000000000001
152148099157244127158038000800198806
213175202253207001186130004435535306
135079185206215162059097437230044306
075067180034205250038237080660472706
021137021052116246215036004434803206
128087134178192182212132004655760406
104098231062199153035181317805832306
139169064229116246215069004433970406
041150227104205139035069052223634206
062242048064199224155162004435406706
073024217069237042073102004433536406
048181084137205236089095004432953206
210004148212215162059127551540044306
097036119028215004018236617913586506
016212255141237042073093000801422206
231148130195205113201135004436267106
139130165147016233090186544080044306
048160131178199169194038342720008006
054120255241192135131152533605048417
080207033146131026048042591960044506
062192133148215177241001000805809006
008253121006192030038029000805454106
089029176123240063114060619270008006
063146051199135079171071004431067506
016242056115231225123072000535825517
044085248041194017237222004430874506
136125212109212194090030000802684006
073024250052116246215070004433418006
202217215109215006172247572750488806
146251104051139212098189059382710906
237042071050237042073102004435012606
044040144063207009240152004434986106
047185187116116246215076000805367206
123188126106244001196166004435007206
148094169014202028243232004435221506
044027081128237042073099004434281206
223007030181237042073100004431888206
243054009038231225123091000532500917
036039127054199224098189000895066606
044007004233237042073099004434760406
008075075222212171245020004435433306
030214173118205217245117000800611806
016012080225237042073099004433496606
245098031172202024017092000805694906
135084107064237042073098000806053806
127242060189199137238179004435287206
070243078228199169201017000806220806
044060112092138152126178004434423506
076084179115205112174007080645637306
047049082119215013072176093390416006
131184042150240183051070001230045517
047022188242050249220000004434389306
195005217082251224088130068892754106
041144093050199224155162004436481006
030214172167207001175125004434996606
119132120180251224034235004436297406
013192054008198243029005000805063306
153039113251215106052203055001315406
044006226094237042073099004431683406
213176048139240235109034052220678406
141183211166202028038069004435896606
202217215109251100097096572750977006
197076222254244212229038531010148217
101221032173073165107047642060044506
016012080220237042073100004433127406
141183211149240235109166004434229006
044211172143207008080087052233546606
044060187047050254095178004433748106
033038140231116246215071004434153306
130192017161073165173050562790044506
243054009044231225123081000532059417
113113055194244003007162288311601017
223010198035205217086212000806382106
097133082094231225123094000534048117
140243001057215019148157004432668106
016228093085198247250052004433301006
072131203092122195111160549150044306
077238183221205126037089628571990717
044048014140199177248057004433355606
195042018148199153100146581665639106
016012080213237042073105004431802406
044095168059199224108011000800242406
104220091116192022164049000000000001
218225036242116246215085004433950306
149246106206207000084153190003377717
213175202220240235109089052223916606
074107231155205239049229172502053417
047020097034207020020197000802642506
101136191012192029095211540275718617
213179055064138091023141052225691706
127242100076064005155218094825307806
243054009038231225123092000533805217
075164198094240063113077004434118106
231148130006194031113170004435087006
047171042224199137226100004432697506
149042101045205195125183092120930917
137187010012205113211012651840002306
089001025011073165109185583430044506
047100144058237042073094004434928606
050094170170205251205198019500250106
044002114207237042073095004433454206
122013118052205126032234004433601306
218225091066231225123079000533482117
007205071069050065250163293560044506
082247173204205217162149051260555506
131210218147215161029063004436138306
253102008178192031069169001230012317
047124228005212227211191081105767606
213175202210215177242138004432627606
044027170124237042073092004432431006
063150163216205251206093004435671306
193253252150116246215053517950008006
044026241102237042073100004430459006
196052037242248200052157151510179617
133221182236194078242090089992040917
152200233234199223116082004432782606
064004255129231225123094000530642717
237241130077205071047223004434597806
055233075055237042073106165160008006
048163150241212196220232000804408606
096189201107215161031003004434685606
148068184013205184033144004433581806
085034124055050065250108545090044506
047033146254237042073106004435513606
142039248210194038153213219741528417
027123006185215255019213451384372517
152157244219207001005069000802992106
108229112031192135131152620285048417
088046044129198254091149086095196506
125020145082064005155139000804603406
231148130220202024006080000801993506
044207059255205185134074004435792506
044060114153240223181066004435214806
213173033196199169001210052224300906
016059194097205200244076000803846806
041147004012212230042069004430173606
140075251105251190010037000534729117
213176048160139219138032052224788606
213173033195215163100068004434893606
104048213088205251202108273070814617
148074155147205184041126270195706817
122013122213202167044253004433756906
075214014140064005155066004436051806
016195143024231225123094000532428417
131003120059199137236115004435455706
130004046202192182010248000255084506
047119073140205195208144004431207706
049152029167215007230250000535746317
044068100254237042073095004431489206
140255108200116246215120000803425906
049235023110251196147123351635088506
245098099099207180184064527450044306
223044129146205251207136151524915517
089027107234205211034018531560808006
062242136113205194209051004435955306
135084107093237042073100000805274806
057104127189194017239044533770038917
047111122036237042073107004435864806
047101064034237042073096004432906406
073155112250212232224034004432726106
035126158156215255200002577045942217
218225036163116246215068004434103806
239197000178199177245245004432659706
213179055109240223180061052221843406
151163045068122195111160552060044306
025000060218244031075145068225462606
062244202169207183082178004434727906
064004255129231225123074000530873517
021120096177199169214218004433916606
133065170249207180048013000221695606
042204053233205185136196070082644417
044200121221237042073097004431628406
124003041057205166055169004434511106
080210228162202028218195357234050017
244200132028207001170180004435202006
223239004168199204064058004434933806
195160080138199221113244211602732506
200094057196050065235111646690044506
237042071025237042073094004434766806
141236063126135079171140000535910317
157001027110138075188233543980338906
200113022216244038134057000815580706
157063059161199153100130270325809206
041149159087202029242054099983742906
238063219209202029054221000804160806
201204121053073165173030653640044506
062241226061237042073092004436404406
108105080167205236254234317302166917
113132021077212195128205602922107606
097087190166205184045123276660222206
127254177245135079171141000530702317
213173038227215177154200052223498906
148067222062244029048153000530223717
016253002250205236095024421800905006
044050166146050254129231004436035806
231148132106198209168142004432719506
016012080217237042073107004435433806
016012080216237042073095000802711206
134172193176135079171148000536027517
100086201196199153036045000250408306
146163012177199223127128435315346906
047122098119199171104068093394454306
105129120109131115160074000805418606
106215144152205180041074004654647706
044049244088116246215095004436354206
062245204133237042073099004435921806
058092026237050120061111000805145906
100208217209231225123081000534597617
196115231137064005155246004435396106
136227068188192166170086463560002206
096189180167202028017096000804795306
159104085179215162057047647590044306
203118176111122195111160108230044306
047169252119205126037147000805115906
140066161130116246215120004434289406
135243072086205148028106000803854206
140075193213244158004040004435048906
239213054089207009080248004434430806
102163046254199136084119140804457517
100217062131205148030117000804678306
062199082095116246215079004434409806
122013121166212064082072004435993906
030214173014192182003204004432676106
146005172175202024006027053000132817
085023248185192135136226504980044506
047045155105205236095042040175614206
044073023188050255049114040501128117
198140016028116246215223625680008006
195207096046199138218255357960102617
047062092060205199050201004435213406
047062012210205164097081004436240106
047123136232198231233160004433374006
153049087000231225123072000533636017
089237039201050122231189093056306217
062196185181198192209090004434789406
135207186068205138232117000533155517
140169207158064005155201004434134806
088088022056192029095044000534709617
123188126106194042194251004435875406
044005076192237042073101004430538006
244199254192212202046243000803510006
044004063177064005155209004435655506
044019040014199168153104004435961706
197155091164205066138150004435304806
099129057233215167248157166112703217
062199163217205194212110000804049006
075067180034251224004061080420183706
237241130097202024017198004434215406
213179055076205139034077052220222206
196088223173116246215156440030904217
044048005216205251202112004434815606
002140070015192254115188010901998817
100080144071194043185104004432632606
153039112164205211056244199945952606
032083196083202024016106466335311617
149158111124205251205198088856086806
062233070031138071020237536150005317
044031063214131114013047004434067106
127168149027193065033074070815047506
111212091127205071137174405652799617
042094193044194102255126068815470006
056014186119251196144106004434997706
044025045054237042073093004430835606
047022175182237042073100080513794406
062238186074240223029005052236141406
122027118143207001186130000805008606
062238168075139005155189052235581506
073155112248205032018184004433489406
016012080220237042073098004434334606
135083152077251100097023652055542017
047160036219192022173005004433733306
048166074067192167127138102504023017
140065118193064005155209004434182006
227003145126202024006101073855806917
140065118193064005155209004434202206
016012080215237042073103004432308606
197027032227205211030077000800165706
070243079058193065104178000806012606
101216085042199153039178408700414506
002169057008198247250197575882713006
106087160163207020019203231512007317
153071177194205066063155004430402506
140065118211064005155245000804887906
042038151094207001014065000000000001
114079163102016229047140475610335506
127168149027202030011252070764928006
075009203237202024004084000801281906
062240033054139005155133004434971806
044039034027131115183013004433287406
016212184000199152010019004432352306
016036124160064005155193004434986706
159111133128202028024044591761263317
193253244029116246215055608030044306
016012080213237042073098000804837406
075062217254199137143005004432696906
131208004246205180091065614565842417
035146249046202028024044621511263306
070197207215212195071118267692531006
131175184159212195130134004434916306
058001028214199136084222059381225206
143232077173205184034148004434918906
231120120239135079171175004432320106
195126045031205098234044117923121817
079117003249202030000232000000000001
047169120245205185134077004432636506
048213019078244158004076080014789106
048164138087205211180097634940808006
140169199213064005155139004436268006
044025002118205164191110004434958206
113175002229205216067105344220519606
239213054021199168152226052225864306
082010234103138030206021578636020617
044031171089244001196005081142209817
140075193255199136085118000802724306
136053123190217010249027101662625617
047124203179205251204051093394539617
063167135071212227179106004434898806
008069236093202024007015000802848906
047042215182050123066161004430795406
030214172187192182226100000805863806
080210232042202118022150011252380317
052135059168116246215105554180044306
030135009005251196145100079362092517
070226254149050065138142492270044506
200223137179199135042021000530824017
131134146233199223117085001233878517
213173139057207180189166004435442806
223007030179205218042153004430134106
237241146056198241225029004435503606
138119236075202028181188281990103017
218225159022064005155101004436008606
053095144114198192229244102440103817
223007030181237042073100004433449806
016253001004116246215220506010008006
047123172000199153038013093394747617
042088026197192182191137010472406617
237097251011050254092220500455814317
047170254249237042073092004435467806
044002105251237042073100004430292606
047001130171244212230246004434945706
044021217089205185134074004435399706
124045100156194078209013386893343517
073155112248192182061238004433535306
100124201018202029024013553540590006
237241135152202118093145000000000001
079048117188212232224072369976259017
133213052209199224098173374720488717
124029100251231225123094000531061317
133089212150240183051070532133032517
119132120173050121116158004435538906
044000201196237042073104004430487006
141137156144138091093139004436506117
092019103091198209138205000254572906
082171120079198255178226611355151017
237042077127237042073099407460008006
047111039119212171135081004434936306
044208121001138152125118004434956606
210030029151205250012082004435250306
228209238232135079171128000805515306
005211142013073165172140506390044506
047032110241237042073107004430658206
047011074112237042073092004431239206
042204060035215027220171060081770617
197033011189207001175253000805466006
137109059159198033105217000533525617
007234225066231225123095000532782517
044002161222237042073104004431456606
016012080216237042073105004431915806
048181116084192030061204004432668806
246219028185205211054221037245680606
044022147173251224228035000805783006
196052037242131115059074151512085617
073165031050193065011180004456303806
070243078127205219218207000805122206
140075193255205125077176004435263506
027019001062202029168026267951875217
140065118211064005155245004435192906
149158116057194100120038004432966806
110137093015131026013107513270044506
218225159168064005155201004433326606
098089074176050056145002349125458106
075165032093064005155247004433800806
044061091159199208061188004435179506
112096067220207001052105536191763706
223007030179207183147172004435558306
049136244193205032028230466285836606
062241215150205239087221004430795206
085247217040205212176147070003822606
214014104100073165105048578020044506
036223184209244127141129013350808006
047027063042207000066076093393764317
197143138162194038088109004436278406
201143052202050065143083653170044506
141183211149202024006052004430485906
129149241005131026013065514770044506
196093065108231225123094000531417117
238063215174202118023129352590812906
141236062060231225123092000535241717
016012080211237042073095000806370006
041150231028212227176167081385024906
244199180007202029150166000805197606
223007030181237042073107004434604206
137046071087205185134079000805413706
134164178115237042073106365660008006
136053123146207020027046000804012506
124044122166064005155229004436264506
113177083059251190011234605156217617
114178005028122195111160504890044306
213175202202205139035237004433765306
210030029151205249004133004435996806
057184217037202025228205001616525906
048167016080202030158001102505506217
044222227076116246215070004433555606
197155091172205071138202004434938506
130228033170199136088173000534945417
149210152067212195133124498193292717
136047045119073165111159613130044506
044002105251237042073099004435137406
030015068010205218074002004435067006
044068040242237042073093004432514006
224115233227251108009037004430188306
073006026127205216065199594545514217
084077183197139180046029068824587217
062224062012207001008217004435239906
081100031005202029231130456825544617
047100056104237042073102004434175006
149042101045192132029133092172671317
008074003131207020022175004435358206
200164128040050065170003641320044506
140169207157116246215085004435308406
044007162191237042073093004433178806
248106119105194078198074589035290206
021120110033205184032056004436336206
075067053019205113205031004435807106
139107190037207012138096004435724606
044004022014205239062137004433687406
252171219033193065011122020135110906
223007030181237042073093004435354606
050075043044192031161251080802634506
044039051199116246215094004435638306
207121147067192182010030299990102606
222237067123199221126164280190002306
113111066021194078242090089992271317
213187199231215177242185004436491306
044222227113212227179006004433604106
040249101182205199054017614585720206
141236059057231225123090000534627417
041197105155199224107225068820303506
044003127078237042073102004435019206
223007030181237042073107004436126606
121193102159139180033116010385644917
016204111195251215113218004435008406
218225196123116246215094004434404606
126047092169205213167038082005217117
106017047109205194245060409810307106
044000013139199224149108004434989506
197222188038219092126220255660338906
062206164043064005155149004434481006
226154184204212195071109004434600806
097068038005199153107138068810102417
085120088159202024006234000801092406
127168149027139212124060070790135106
016030106133139212123098354960543206
239213224187205099154132004432640906
213175201183205139035230004435734406
070097226194199171097239327170002206
070243078214205055128226000000000001
200223240217215007246013450464917606
075091211156237042073102000801523206
203172057003138146061102109191518917
208060061061193065103166400871153817
097133087172192166212029000535061317
063175018224116246215094004435265006
086160158105205127141078258282344417
103240064219135079171128004434308606
141236062193231225123078000532904117
077190023251205113250126389861943117
250015223011202024007111567625906406
047028171069212195084205004433949606
148113051214205203026143000805038306
213173033209205216103183052223928806
033239237031251100166060004435317206
250025126186231225123080000533577617
057184217039202025116014001611722406
252171057022215163007011000804398806
063166132156237042073106004432860606
247190151076116246215076004433466606
223208143086199171104177000806049106
062193169169202167044253019350247106
126047086179199223125061082006352917
213176048120205071139022052222887106
002002132227199177082167004432641406
195161045000198033136227000233660106
135244027178207001054098082644998806
124072070223198255165231000255788606
021068196220205218074045004435097306
044057246144205236227163004433379406
070243079033202024007246000802041006
143157135068139130007075004435650506
135084107064237042073092000805568806
213173038226207001129237052223700806
213187199251139219136111004432664906
122028053057135079171142000803426406
223007030181237042073103004433057606
218225091066231225123093000532461517
124101052205135079171152004432848106
044060196116205194245026004434159806
050094101168202030069122000224337106
210063240045205251205198000805059906
159090011074244157133074397680002206
033236249027205211122023000000000001
196093065108231225123090000533183317
048166059184205148028106004433979206
074043012228050065188164601480044506
202217215109212230180078572750955506
047100038064237042073093004431995806
135243027120139143183009052223659106
108105146251199168238105606415434117
002019228028205167205197118880126017
044005053006131115180170000805109906
136227068188192166168107524370002206
107076149061207020027127064016407217
047012213098205166055177004435376006
146220068009205203032203511280281006
243054081004199223125108000531911717
044050157177198254094250004433853206
047160006137237042073101004434046206
076084179115198209181113080644929006
002169129200205249058131356735233517
076084179115244205242078080023061606
247003110196205195113106092171033317
007234225066231225123072000535690417
098128179047194043119095069181002106
084079212225212197210228477134276017
044060239248205250089202000803878206
025205101162205125073194419030002306
140075193191215027088142004435028706
108114063109215018244002313644427206
070027059242073165228005641470044506
202217215109139152086023572750988006
237042064209237042073093000802181006
075225035185064005155230000805976106
223007030181237042073103004432432806
044068041155237042073107004433980606
016242056115231225123092000532223117
195222041194202118045005000800145506
025066125014199220211237573310002306
213128108236116246215043527280008006
150066066032050065172218632900044506
062242067066244038133045004436144006
218225236131116246215243533030904217
063165236074199137229237081114111406
202217215109212196223025572750155506
113072134233202030083194613672314417
218225159022064005155202004433378506
050050178184212194041215000000000001
070243079122240223181253000805781306
119132120167199153098077000805474806
047100144058237042073094004434924006
119132120173205218159198004432818206
044004189082237042073103004430666606
075091213020237042073098004435587406
131003105167205098227069093394194706
112175204162231225123074000534528917
047080124018194114125249004431186006
044037036114205250088138004432298706
059106189017193065062210584214007917
237042064228237042073094077680008006
197109216211237042073096000800860406
016242056115231225123080000530844517
206168117167202030081069617786146417
111010110028199224156173004434934806
109192025174198255185126644025240817
126052127119215027214180004436529306
141183211149199170237173000805422806
196115231137064005155203000804645606
213179055006131115180166000804530006
112144014091199222137179452410002306
106162017096244038133045388614357506
127242060191199169214025004431278706
204118068205192030029244004456064406
133215186153199169214029514136206317
073171192114198243031003004432761906
096043202014202028225081644374050017
047169209171237042073099004435619206
130004046202207001051187000253863406
016195143015231225123090000534380217
062248100142237042073104000803769206
090093113019215007140194068830600117
126039175118231225123041000000000050
093064247180205126032070586915534517
213179055119205213189180004436051406
251000214230016198230169586340044306
135187065149202030112113001436436106
122048066207135079171079000806084206
062213120083131115009005093395903517
141236059053231225123076000536223817
122028054253135079171142000802063906
196092076109116246215074004433627906
044084157030198192208155004432872506
073026229183205180139218004432638406
073155112250205219153077004435378806
236146136233215163164223004435150106
218225237063116246215092004436426806
218225236133116246215092004435087606
213184192027244001196133004435021406
087228159155244029240027172162034117
062215214210199208052105090014475406
016003249097215162050050004432632106
047039038233215177242173093393922506
113115113028199137227109105763187217
101160237152240235016039046350190017
100118250004205126033101443416145317
044024116039237042073106004435842806
213176048030205203039077052224218906
218225197230116246215076004436347006
127165132136064005155190000804035906
077023208110207012131131199920418506
044084085059205164190005000805789006
002082234046194207240002118050935517
129023133212199152001174059383643106
109204046239202028003235607545846206
155216242121212171015075654900002206
233051004172199204085034184225758917
101172028223251000115139583960864317
213175202251192132030116052222907006
033228029059198220148050004435496306
213187199246244248166237052223290206
148067222062251100165141000535471517
200223240249198193182157606422622906
200167253220212030145089018864560406
102006114236050121119139253692806106
047039030252205238169002093390181206
086039116077205112112215503210512906
044000073176199153056069004435406306
047186200003116246215069004435332406
223003024131205212176228004431082406
135072013018192029095215432333330506
123188123208131115183021004435484106
021084065145064005155201004436097406
131134146233193065055022001235571317
213173043247212195084193052225147606
044051059212215255062105004433686906
047048049048199177240157004434001406
044085251243205219217105000805572206
152236190236244158005050000533821617
062236026087138152126109004435089706
100208039065139136058073000000000001
021091196016116246215070004435040606
141236063108139072051021000535247417
148104202252205218156066004433487406
062226058212215106045108004433912806
044038044130116246215073004434408806
197043153087237042073098004430827206
041146021198212227179154004431007906
044033117094198254091182004434038906
238118068094205187247077059384916306
223007030181237042073105004432516606
223007030181237042073104004434478406
062205196134237042073101004435040606
063170024217205138232140004434137706
127058076179064005155220634351164017
047111037100064005155136004435802206
152151005099205250089009062390005317
036153083188207020027073450382083317
079121155115198243141162569430002306
237042071042237042073105004434977806
083027245212244038134057407080808006
152148062241207020020255009932624206
047011147048237042073092004433781606
109216063189192030123043200402753817
223007030181237042073101004434829806
044084086203199208052078000804925706
196043026097231225123091000533452117
097132228080231225123072000532568817
091064192246202024117050490420002306
070243078216192182059237000000000001
007234225066231225123077000532064117
047111176042205185131010573530005317
124101052200135079171142004430266406
152105163186050248123101000800158006
202217215109194039043106000000000001
016195143015231225123076000531052917
131130025235193065007173004434914106
044086002207205138232174004435815706
002002132227193065087085004434626706
044006155040237042073101004431908006
152041050157244029024093004435330606
072011141004231225123078000534281817
062209009231244248042018093394400417
016012080228237042073107004435111406
204096127014205166041094004435857706
197146173045202031065137179862150117
016237093238116246215074004434629906
044198159141231225123076000535628917
235237133153193241061248139843373417
213173043248207023228215052224323306
070243078214199221116070000000000001
079121155110192133027218597730002306
196093065108231225123095000531612817
243054081006231225123072000533566917
077023045114073165079179498920044506
044024098189116246215073004436527106
059199114212202030150176396965461517
075067211162205187245074000805715306
197209039077198192207020288170909006
143089160213244038035146004433593606
106208204072202024005069000803420606
016098134090205250092042255655205806
206105139234073165110102581970044506
044022237179116246215120004434769206
218252151123139212124060004433784606
108119239214199169202100212203139306
062200101139237042073095000801438606
080210029115131095179114437753040317
062196047072237042073104000802679006
127092234185135079171079000800850306
103102112239237042073103000805201206
152154252115231225123073000530244317
075055185007202031067034099994564806
062205196134237042073106004434331206
244199180007202024005155000806016706
131148087034199169198037000535762517
153039112251199153108046199904924006
124101052211135079171167004433235406
254063167034135079171158004433467506
239213060025205187186108004432641706
076177103214244022242180052224136806
135214115124205125077089004432751006
044068078155116246215084004433783006
231148133013215022056248004433731606
131184001166231225123090000531731617
047048195171205166055177093393317417
231148131128205236092073004432647906
050236039027073165111087037070044506
146255148210237042073101000805391806
249158180126116246215084004435271606
197043153083237042073102004434073606
158209041217199170070136058160002306
197041165199199204099076000801682506
253102008178244067135010001233944717
101081106109199152082250004432652306
044222121179205194244214004436365206
197210006237205217247190580594012106
127168149027202029139237070794930906
213176048185244248167237052225502506
070243079058240223037058000806004106
088194177039199152004074485330143306
050074105080205199061061004435193606
135079185143215162057079351870044306
124117015038135079171128000803461606
196092076192116246215074004434304906
196043026097231225123078000530787417
044009084245205071047143000800932706
134134130177237042073105004430311406
194131212187194102249026000000000017
206240092254064005155175000803822406
044060208002212227179051004436451106
156183092131199220223226004433094706
124247190129205251202002004435679717
211254186132135079171189589380044506
123188126153244158005055004435639106
055233073150237042073095000805072406
080211098121205138232131168816180106
049089010003205218245029011774320317
135168151104064005155137094826305306
213179055065212227179066004435905606
044025250041237042073094004435621206
002002132227202031067125004435526406
141236058033231225123091000533142717
070243079058138030196134000803583206
048167180044215106045108004432734106
124101052211135079171142004435656206
130004046201192182032185000255593806
237241146056199169218091004432048906
042204059170205251200174060063647306
076084179115205211030084080640906806
127242060237199153047019004436105406
032191132057244212230125004432027906
077124141081205212176228609852096306
252171219033202028150079020134936706
075029050251199153048038000804270906
131134146233202024004098001233174617
217227176060244157132105381300312806
158159146155202024167133144463199206
243054196143205066142117000803921106
202217215109244205242084572750166606
218225091067231225123075000536122017
073024225211237042073092004431476806
073027151207237042073095004435476206
044019048138138152126194004435067606
126052107132194042201093087104603006
250089215230212195130182089995655906
130004046202205183043086000255681406
016012080233237042073107004431454606
021068194220240183051082004434986306
015240132174122195111160415310044306
047016048097205183112203562160008006
211206095192207001010054068810291917
129094086045050065196146629530044506
128229133239205180043025000254577006
211247090171205218244149004435855706
087017048186202028161072068815032117
016195143026231225123080000534992717
002094201148192182063130000254583706
197016034242212195068050000802626406
047185210157199171100223004434937406
087129105016202029129109516340002306
075095166023202028131010550005564206
237042065010237042073100497700008006
047091251019050122231189004436159506
044203215203205032029047000805469406
210030025218205125109068000801650406
034108101082199171206242085250808006
245098042036205216060009000805060506
204002086017199153054042105590103017
253102008178215167025163001230012317
007234225066231225123080000532005017
130012119178231225123076000532592717
063147165245135079171071577680167606
204129102061198243031005597816509017
075057225014205251202002004430116206
134164179105237042073103025155902406
128187122056135079171198004431739806
062244236246237042073095000806520806
088210098229202028167160151583329617
223007030181237042073106004434393006
075011027135212064144077004434717806
042204052222215027223171070086208817
044085227200131115009211004433616506
206157043064212030170141004435327306
213176048093215163112217004430781806
130255203053231225123078000536056417
097133087114231225123074000531288717
074106076143050056082029393866000506
137100081159205166063097242835477617
147202253096192182061149000255574706
044024179228199153110048041725000217
047050159204138152126210093393646917
044006122120237042073092004435788006
037011117207205250093133000800762006
099035066151205071020076004435593106
150176136160116246215214000534489917
007234225066231225123094000534317017
131003120059199137236115004435454906
206039002178073165173127564100044506
097108229084205203026070560015095317
098176144255215177138239647600102817
110132074051207001174149503214716217
127242036049064005155200004433667106
058240130093212195130001582430102417
044024098189116246215070004434597106
044000024175237042073096004432624006
062205122252192167124242000804576006
099210103000192030029134551744050006
021120096244050062034042004435293406
124117015124135079171207000806345506
218225090026116246215086000804756506
044018077204199137231135016265101606
103069201045199168152210068816294017
021091199204116246215070004435668606
016012080211237042073094004436126006
044024100210064005155229004434567506
148092183114193065033173027034516606
096189177194202118035010549040808006
249070079099199153108248001233936617
122013121173251215148149000803733306
047081116200237042073101004431054406
049090152052198228051224471200700106
033239237031244031072226004435439306
030131023142251215113163134690339006
021068197207205071047227004431298706
231148130009205142148147000805187406
047186180086116246215083004435607106
223010197078205166209050000800735706
197243251075192182212125099994622906
027054238065016045106040000000000001
131143133229231225123091000532555617
148094170020231225123073000536281817
044222126179135079171185004435883106
092200189234138030250134554820143306
044222228028064005155182000805275806
044085251206199153108235004436547206
080206016174202029232092496432140006
044057100042205211056086004435039406
034051023085116247217133000000000001
131003246171202024166255004435607706
044050013121244001020125004435671006
135079191095135079171063073640044306
047110137078215162120185000806211706
156231110168192030071030000253449106
203027122177202029176249392315742217
223007030182244067135010004435036006
218225196178205070214031000802762206
077224018246073165064077604360044506
096253201197202030196175000806225206
203242046153205238239200083414428817
206051184081139218240252464920808006
131143133229231225123080000535067117
141204003035244212229158004434986806
109246205060050065189127640780044506
237241146012202024007231004430622506
141236059156231225123073000530545817
197015102164207180053046000802649906
044005076192237042073094004435305606
224115233227192182090197004435277206
047168171093237042073096004431273006
214230175130073165173199201570044506
213176048080212227183127004434506406
075091213052237042073095000802829206
210005041010116246215082004436098606
044039013037199169023182004435217606
070049107165050255049114000804954306
223007030181237042073101004430351806
136053112115192029095210004434239406
206157043065205199055016004433533806
070243079122202024006127000802999806
073024217069237042073099004434533206
134164179074237042073092025156438606
044210213082199153105244004430371006
126047073125138145199242082005292117
137215032181073165065156568780044506
008069239058212171104212004434440706
085134038064073165089039622750044506
231148131108205070212216004435125706
097219019048205239062103631490008006
073155112248050121228194004435491406
057154144035202028029229272710899906
044060191146050121196235004434679806
136053123146202030052190000805180806
223007030181237042073106004432142006
150217055103194086007116558352644117
195038117097194078255228643855724306
210061167105205251200120004433495717
135084107093237042073100000804390006
201170102235192182049241188000102417
063187108068205098232243110002480806
103240064219135079171158004431614306
218225236225116246215070004433360106
058158230032215027045049575843925106
